employee_id,course_id,training_date,completion_status,location,cost,duration_days
2,6,2026-01-21,Incomplete,Training Center,477.92,2
2,6,2026-04-13,Completed,Online,408.11,1
2,1,2025-10-31,Completed,Training Center,308.73,5
4,6,2025-08-18,Completed,Online,446.41,2
4,1,2025-06-09,Completed,Head Office,456.13,2
4,1,2025-12-02,Completed,Training Center,556.68,2
5,1,2026-01-25,Incomplete,Online,504.64,5
5,1,2026-04-04,Completed,Online,372.46,2
5,1,2026-03-09,Completed,Head Office,712.74,5
7,1,2026-07-05,Completed,Online,327.11,2
7,1,2025-12-08,Completed,Online,692.42,5
7,6,2026-03-20,Completed,Head Office,271.18,1
8,6,2026-08-07,Completed,Online,265.61,2
8,6,2026-06-06,Completed,Online,462.45,1
10,1,2026-08-08,Completed,Head Office,655.07,4
10,1,2026-02-27,Incomplete,Online,967.99,3
10,1,2025-11-15,Incomplete,Head Office,689.78,4
11,6,2025-12-08,Completed,Head Office,303.75,2
11,1,2026-08-12,Completed,Training Center,981.88,4
12,3,2025-10-06,Incomplete,Head Office,555.09,2
12,3,2026-03-19,Completed,Online,917.21,3
13,4,2026-04-05,Completed,Head Office,357.95,3
13,5,2026-08-11,Completed,Online,429.42,3
13,5,2025-11-13,Completed,Online,216.04,1
14,6,2025-10-19,Completed,Head Office,447.6,1
14,1,2026-08-06,Completed,Training Center,407.93,3
14,1,2026-05-31,Completed,Training Center,947.0,3
14,6,2026-07-22,Completed,Head Office,236.77,2
14,1,2025-11-20,Completed,Online,525.64,3
15,6,2025-09-28,Completed,Head Office,164.15,1
15,1,2025-11-02,Completed,Head Office,775.35,4
15,1,2026-06-29,Completed,Training Center,691.47,4
16,1,2025-10-06,Incomplete,Training Center,847.6,3
18,4,2026-09-03,Completed,Training Center,325.57,3
18,6,2026-01-31,Completed,Training Center,412.96,1
19,6,2025-11-10,Completed,Online,488.37,1
19,1,2025-07-27,Completed,Online,586.65,3
19,1,2025-08-14,Completed,Online,952.48,5
19,6,2025-05-08,Completed,Online,443.41,2
20,3,2026-04-19,Completed,Training Center,873.07,4
21,1,2026-05-09,Completed,Online,301.73,5
21,6,2026-08-04,Completed,Online,400.97,2
21,6,2026-01-28,Completed,Online,294.91,2
21,1,2026-04-22,Completed,Head Office,696.98,4
21,1,2026-03-01,Completed,Head Office,494.65,4
22,6,2026-09-11,Incomplete,Training Center,471.62,2
22,6,2026-08-26,Completed,Online,340.17,2
23,3,2026-07-02,Completed,Head Office,690.47,2
23,3,2026-09-22,Completed,Online,576.76,3
23,3,2026-07-28,Completed,Head Office,736.74,2
24,1,2026-05-13,Completed,Head Office,459.81,4
24,1,2026-04-30,Completed,Online,680.87,5
24,2,2026-03-08,Completed,Training Center,682.57,3
26,2,2026-03-20,Completed,Training Center,918.21,4
26,3,2026-01-06,Completed,Online,646.23,2
26,6,2026-07-14,Incomplete,Online,330.01,2
26,3,2026-05-04,Incomplete,Online,592.22,3
26,3,2026-09-16,Completed,Training Center,918.6,3
27,5,2025-06-14,Completed,Head Office,253.53,3
27,5,2025-09-19,Completed,Training Center,228.34,3
27,4,2025-06-05,Completed,Training Center,496.01,2
27,4,2025-09-03,Incomplete,Head Office,295.22,3
28,3,2026-06-25,Completed,Head Office,901.94,2
28,2,2026-01-23,Completed,Training Center,998.61,2
28,1,2026-06-24,Incomplete,Head Office,606.82,4
28,3,2026-01-08,Completed,Head Office,967.78,2
30,1,2026-05-18,Completed,Training Center,439.27,3
30,6,2026-03-07,Completed,Online,461.59,2
30,6,2026-06-06,Completed,Head Office,205.91,2
30,2,2026-03-31,Completed,Training Center,670.55,2
30,2,2026-04-22,Completed,Head Office,931.1,2
30,6,2026-07-02,Completed,Training Center,487.8,1
31,6,2026-01-20,Completed,Online,171.63,2
31,1,2026-02-07,Completed,Online,493.6,4
32,3,2025-11-06,Completed,Head Office,525.9,4
32,3,2026-06-28,Completed,Training Center,929.59,2
32,3,2026-09-05,Completed,Training Center,601.57,5
33,1,2025-03-09,Completed,Head Office,915.63,3
33,1,2025-02-02,Incomplete,Training Center,923.01,2
33,1,2025-07-19,Completed,Online,390.01,2
33,1,2024-12-23,Completed,Online,727.58,4
33,1,2025-03-02,Completed,Head Office,525.42,5
35,4,2026-01-12,Completed,Training Center,468.93,1
35,5,2025-11-27,Completed,Training Center,147.28,1
36,5,2026-02-08,Completed,Head Office,290.71,3
36,6,2025-10-10,Completed,Head Office,413.18,2
36,5,2026-01-07,Completed,Training Center,112.39,1
36,4,2026-03-01,Completed,Online,442.15,2
38,3,2025-10-25,Completed,Training Center,835.05,5
38,2,2026-03-05,Completed,Training Center,995.35,4
39,6,2026-08-16,Completed,Head Office,405.59,1
39,4,2026-07-15,Completed,Training Center,357.47,2
39,4,2025-11-19,Completed,Online,499.68,3
40,5,2026-09-12,Completed,Training Center,568.14,3
40,4,2026-03-08,Completed,Online,183.65,3
40,5,2026-09-16,Completed,Head Office,320.61,3
40,5,2026-03-14,Completed,Training Center,355.38,1
40,6,2025-10-28,Completed,Head Office,258.35,2
41,1,2026-08-05,Completed,Training Center,615.52,2
41,1,2026-06-27,Completed,Online,494.7,3
41,4,2025-12-21,Incomplete,Training Center,263.46,2
41,1,2025-10-28,Completed,Online,658.79,5
41,1,2025-12-16,Completed,Online,957.91,3
42,4,2026-07-28,Completed,Online,345.65,3
42,4,2026-03-25,Completed,Training Center,580.92,2
42,4,2025-09-12,Incomplete,Online,362.41,1
42,4,2025-10-22,Completed,Head Office,274.5,2
42,5,2026-04-23,Completed,Training Center,176.76,1
42,5,2025-09-24,Completed,Online,489.18,2
45,1,2025-06-10,Completed,Training Center,518.67,2
45,1,2025-04-19,Completed,Training Center,766.27,5
46,2,2026-05-13,Completed,Head Office,482.53,3
46,6,2025-12-15,Completed,Training Center,286.59,2
46,1,2026-03-01,Completed,Head Office,837.96,5
47,5,2025-08-11,Completed,Online,461.47,2
47,5,2026-01-17,Completed,Head Office,412.18,3
49,5,2026-02-27,Completed,Online,335.09,1
49,5,2026-01-09,Completed,Head Office,497.51,1
49,5,2026-02-03,Completed,Head Office,426.31,1
51,2,2026-05-05,Completed,Online,823.27,4
51,1,2025-10-22,Completed,Training Center,494.39,5
51,1,2026-02-06,Completed,Training Center,863.0,2
52,5,2026-05-29,Completed,Head Office,334.98,3
52,4,2025-10-06,Completed,Training Center,262.06,3
52,4,2025-09-27,Completed,Training Center,333.52,1
53,1,2026-02-08,Completed,Head Office,999.33,2
53,1,2025-12-10,Incomplete,Training Center,313.99,5
53,6,2026-02-25,Incomplete,Online,312.27,2
54,4,2025-12-17,Incomplete,Training Center,524.7,3
54,1,2026-08-31,Completed,Head Office,661.1,4
54,1,2026-07-29,Completed,Head Office,517.74,2
54,1,2026-02-19,Completed,Online,867.2,2
54,6,2025-12-20,Completed,Online,383.97,1
54,4,2026-07-19,Completed,Head Office,355.65,3
55,1,2026-06-01,Completed,Head Office,577.14,2
55,1,2025-11-28,Completed,Online,601.35,4
57,1,2026-08-07,Completed,Head Office,946.06,2
57,6,2025-12-10,Completed,Head Office,198.6,2
60,2,2026-05-22,Completed,Online,706.1,4
60,5,2025-10-09,Completed,Online,424.55,2
61,1,2026-07-14,Completed,Training Center,429.96,5
62,4,2025-12-04,Completed,Training Center,204.88,3
62,5,2026-08-08,Completed,Head Office,312.71,2
62,2,2026-09-11,Completed,Training Center,756.0,2
62,2,2025-11-13,Completed,Head Office,637.58,3
63,1,2026-01-19,Completed,Head Office,541.41,3
63,1,2026-02-27,Completed,Online,602.46,2
64,4,2024-11-25,Completed,Head Office,198.49,2
64,1,2025-05-20,Completed,Training Center,397.58,4
65,6,2025-06-25,Completed,Online,353.44,1
65,1,2024-12-30,Completed,Online,454.09,2
65,4,2025-06-15,Incomplete,Head Office,311.54,3
68,5,2026-07-29,Completed,Training Center,107.06,3
68,5,2025-10-30,Completed,Training Center,458.05,1
70,5,2026-09-05,Completed,Head Office,369.2,2
70,5,2025-12-02,Completed,Online,406.11,1
70,5,2026-09-24,Incomplete,Training Center,121.5,2
72,4,2026-04-20,Completed,Head Office,143.87,2
72,4,2026-08-18,Completed,Training Center,257.44,2
73,2,2026-08-21,Incomplete,Online,797.75,3
74,5,2026-05-20,Completed,Head Office,277.53,3
74,4,2026-05-17,Completed,Training Center,256.66,2
74,2,2026-04-08,Completed,Online,665.43,3
75,1,2026-06-28,Incomplete,Head Office,481.86,3
75,1,2026-01-28,Completed,Training Center,802.26,3
75,6,2026-09-07,Completed,Online,439.87,1
76,4,2025-12-02,Incomplete,Training Center,297.56,2
76,4,2026-07-15,Completed,Head Office,393.07,1
76,1,2025-11-14,Completed,Head Office,786.65,5
77,6,2026-08-24,Completed,Online,296.88,2
77,6,2025-10-31,Completed,Training Center,377.22,1
78,6,2026-04-23,Completed,Training Center,245.97,1
78,3,2025-11-03,Completed,Training Center,961.61,3
78,3,2026-04-10,Completed,Head Office,550.48,2
79,6,2026-04-23,Completed,Head Office,226.75,1
79,6,2026-01-21,Completed,Online,466.82,2
80,3,2026-04-29,Completed,Online,652.92,3
80,3,2026-08-23,Completed,Training Center,957.66,4
81,5,2026-01-18,Completed,Training Center,485.41,2
81,4,2026-03-27,Completed,Head Office,532.59,2
81,5,2026-04-04,Incomplete,Online,499.11,2
83,5,2026-08-15,Incomplete,Online,359.39,1
83,5,2026-04-18,Incomplete,Head Office,465.57,3
84,3,2026-05-12,Completed,Training Center,510.18,4
84,3,2025-10-24,Completed,Head Office,897.85,4
85,6,2026-02-15,Completed,Training Center,316.05,1
85,6,2025-10-17,Completed,Training Center,302.28,1
85,6,2026-02-24,Completed,Training Center,315.89,1
86,6,2025-10-15,Incomplete,Training Center,174.88,2
86,1,2026-03-09,Completed,Online,902.0,3
88,1,2025-11-24,Completed,Online,313.58,5
88,1,2026-02-20,Completed,Head Office,794.79,5
91,2,2025-12-27,Completed,Training Center,733.34,3
91,2,2026-05-07,Completed,Head Office,835.45,4
94,1,2026-08-13,Completed,Head Office,943.16,5
94,1,2026-07-17,Completed,Training Center,645.27,2
94,1,2026-02-23,Completed,Head Office,885.12,5
95,1,2026-01-06,Completed,Training Center,422.5,5
95,1,2026-06-02,Completed,Training Center,374.07,2
95,6,2026-05-08,Completed,Training Center,171.57,1
95,1,2026-06-24,Completed,Training Center,549.68,2
96,1,2026-03-09,Completed,Training Center,775.29,2
96,1,2025-12-04,Completed,Head Office,427.21,3
96,1,2025-10-01,Completed,Head Office,910.93,2
97,6,2026-08-16,Completed,Training Center,239.52,2
97,1,2026-09-17,Completed,Online,347.01,5
97,1,2026-03-22,Completed,Online,675.9,4
98,3,2026-05-23,Completed,Training Center,754.4,3
98,3,2026-02-26,Completed,Training Center,510.39,5
100,4,2025-12-06,Completed,Training Center,193.38,1
100,5,2025-10-01,Completed,Head Office,115.24,2
101,1,2026-08-14,Completed,Online,921.38,5
101,3,2026-08-17,Completed,Head Office,755.91,3
101,2,2026-08-10,Completed,Training Center,998.95,4
102,3,2025-11-11,Completed,Head Office,605.8,5
102,3,2025-10-11,Completed,Head Office,850.01,3
102,3,2026-09-17,Completed,Online,564.88,2
103,4,2026-08-19,Incomplete,Head Office,597.14,1
103,6,2025-12-06,Completed,Training Center,176.22,2
104,6,2026-04-29,Completed,Training Center,356.25,1
105,1,2026-01-13,Completed,Head Office,799.7,2
105,1,2026-09-25,Completed,Training Center,687.46,2
105,1,2026-07-04,Completed,Head Office,664.25,5
106,5,2026-07-14,Completed,Training Center,409.84,1
106,2,2026-07-19,Completed,Head Office,638.17,3
106,4,2026-07-23,Completed,Head Office,200.78,1
106,4,2026-01-21,Completed,Training Center,520.03,1
107,1,2026-08-27,Incomplete,Training Center,631.84,2
107,2,2026-05-31,Completed,Training Center,414.97,4
107,6,2026-03-31,Completed,Training Center,348.99,1
110,6,2026-04-10,Incomplete,Head Office,418.11,1
110,6,2026-08-12,Completed,Online,173.92,1
112,3,2026-04-27,Incomplete,Training Center,845.78,5
112,6,2026-09-08,Completed,Online,234.97,2
112,6,2026-08-31,Incomplete,Online,410.65,2
113,5,2026-01-01,Completed,Online,315.98,1
113,5,2026-08-20,Completed,Training Center,182.82,3
113,5,2026-05-24,Completed,Head Office,548.14,1
116,1,2026-09-10,Completed,Online,457.55,2
116,4,2026-03-17,Incomplete,Online,177.12,1
116,6,2025-11-18,Completed,Online,416.1,1
116,6,2026-04-03,Completed,Online,213.12,1
117,6,2026-01-25,Completed,Training Center,429.3,2
117,5,2026-06-25,Completed,Head Office,397.77,2
117,4,2026-03-18,Completed,Online,181.71,2
118,5,2025-05-18,Completed,Training Center,228.51,1
118,4,2025-12-17,Completed,Online,101.12,3
118,5,2025-07-08,Completed,Online,214.22,2
119,6,2025-12-27,Completed,Online,198.34,1
119,5,2025-12-21,Completed,Head Office,515.68,3
119,5,2026-06-25,Completed,Online,514.37,2
120,5,2025-12-21,Completed,Online,257.34,1
120,2,2026-05-30,Completed,Head Office,674.84,4
121,5,2026-02-12,Completed,Head Office,521.12,1
121,2,2026-05-04,Completed,Online,716.79,2
121,5,2026-01-26,Completed,Training Center,512.25,1
121,5,2026-05-22,Completed,Online,584.68,2
124,5,2025-11-28,Completed,Online,595.95,2
124,5,2025-10-30,Completed,Head Office,423.95,1
124,5,2025-10-10,Completed,Online,218.92,2
124,4,2026-02-27,Completed,Head Office,417.96,3
124,5,2026-07-11,Completed,Online,487.92,1
126,3,2026-07-02,Completed,Training Center,762.46,5
126,1,2026-08-02,Completed,Training Center,550.32,3
126,3,2025-10-04,Completed,Online,885.28,3
126,3,2025-10-02,Completed,Head Office,565.32,3
126,3,2026-07-12,Completed,Online,878.15,2
128,4,2026-01-21,Completed,Head Office,161.01,3
128,5,2025-12-18,Completed,Training Center,249.27,2
129,5,2026-07-01,Completed,Online,486.69,2
129,2,2026-02-22,Completed,Head Office,834.52,4
129,5,2026-06-01,Completed,Head Office,258.56,3
131,4,2026-08-04,Completed,Online,145.03,1
132,4,2026-05-27,Completed,Training Center,124.33,2
132,1,2026-02-23,Completed,Head Office,548.86,4
132,4,2026-01-04,Completed,Training Center,241.88,3
133,4,2025-06-01,Completed,Head Office,437.87,2
133,6,2025-03-11,Completed,Online,158.57,2
133,6,2025-08-03,Completed,Head Office,245.98,2
134,1,2026-07-19,Completed,Head Office,326.01,5
134,6,2026-08-28,Completed,Online,456.72,2
137,1,2025-05-13,Completed,Head Office,874.96,2
137,1,2026-01-13,Completed,Online,774.53,4
137,4,2025-12-28,Incomplete,Head Office,484.53,3
137,1,2025-08-17,Completed,Head Office,918.49,5
137,1,2025-06-08,Completed,Training Center,447.94,2
138,2,2026-08-09,Completed,Online,598.88,2
138,6,2026-02-18,Incomplete,Online,378.09,2
138,6,2026-06-25,Completed,Training Center,226.23,2
139,4,2025-11-03,Completed,Online,437.59,1
139,5,2026-07-18,Completed,Training Center,168.01,2
140,3,2026-04-14,Completed,Training Center,969.31,2
140,2,2026-08-28,Completed,Head Office,773.71,2
140,3,2026-08-02,Completed,Training Center,636.47,3
141,3,2026-05-11,Completed,Training Center,824.26,5
142,5,2025-08-17,Completed,Training Center,210.46,1
143,1,2025-11-10,Completed,Training Center,327.27,3
143,2,2026-01-03,Incomplete,Training Center,586.0,2
144,1,2026-01-06,Completed,Head Office,388.37,4
144,1,2025-12-12,Completed,Online,375.16,5
144,6,2026-03-29,Completed,Training Center,470.75,1
144,1,2026-03-31,Completed,Training Center,867.63,3
144,1,2026-03-10,Completed,Head Office,410.26,3
145,5,2026-01-15,Completed,Training Center,171.14,2
147,1,2025-04-19,Completed,Training Center,912.24,4
147,1,2025-10-31,Completed,Online,997.84,4
147,1,2024-11-29,Completed,Training Center,899.6,5
148,3,2026-06-18,Completed,Online,927.26,4
148,3,2026-02-12,Completed,Head Office,739.25,2
148,2,2026-04-05,Incomplete,Head Office,605.39,3
150,1,2025-12-29,Completed,Training Center,360.51,4
150,1,2026-03-01,Completed,Online,472.15,5
151,6,2026-03-04,Completed,Head Office,217.83,2
151,6,2026-01-29,Completed,Online,306.38,1
151,1,2026-06-25,Completed,Training Center,349.11,5
152,4,2026-01-26,Completed,Training Center,305.01,2
152,5,2026-02-20,Completed,Head Office,218.34,3
152,4,2026-08-23,Completed,Training Center,165.6,1
153,2,2026-04-28,Completed,Training Center,867.48,3
153,3,2026-01-08,Completed,Online,808.56,3
153,4,2026-08-27,Completed,Training Center,364.9,1
153,3,2026-02-05,Incomplete,Training Center,707.56,4
153,4,2026-02-20,Incomplete,Training Center,350.83,3
153,4,2026-03-28,Completed,Training Center,236.24,2
154,4,2025-10-27,Completed,Online,454.71,1
154,5,2026-05-19,Completed,Training Center,103.03,2
154,5,2026-03-23,Completed,Online,237.83,3
154,5,2026-05-23,Incomplete,Head Office,392.65,3
154,2,2026-09-07,Completed,Head Office,849.76,3
154,4,2025-11-14,Completed,Head Office,237.11,1
155,4,2026-03-28,Completed,Training Center,193.77,2
155,4,2026-03-19,Completed,Online,204.36,2
158,3,2026-01-19,Completed,Online,864.84,2
158,2,2026-02-22,Completed,Online,710.5,3
158,2,2026-08-07,Incomplete,Online,656.82,2
159,1,2025-10-01,Completed,Head Office,686.67,4
159,6,2026-03-09,Completed,Training Center,396.41,2
160,5,2026-02-23,Completed,Head Office,493.41,2
160,2,2025-12-02,Completed,Online,809.37,3
161,1,2026-01-01,Completed,Head Office,307.53,2
161,1,2026-01-31,Completed,Training Center,597.49,4
162,3,2026-01-04,Completed,Training Center,568.95,3
162,2,2026-03-01,Completed,Training Center,521.01,3
162,2,2026-06-19,Completed,Head Office,969.74,2
162,3,2026-06-03,Completed,Online,639.36,5
162,1,2026-03-29,Completed,Head Office,763.55,5
163,5,2025-10-24,Completed,Training Center,321.26,3
163,5,2025-11-06,Completed,Online,392.24,3
163,5,2025-07-04,Completed,Online,440.22,1
164,1,2026-02-14,Completed,Head Office,721.87,4
164,1,2026-06-08,Completed,Head Office,376.34,2
164,1,2026-06-06,Incomplete,Training Center,496.37,2
165,5,2025-11-10,Completed,Training Center,340.45,1
165,5,2025-07-23,Incomplete,Head Office,349.41,3
165,5,2026-03-25,Completed,Training Center,455.08,3
167,4,2026-06-22,Completed,Training Center,208.36,3
167,5,2026-06-09,Completed,Online,570.59,3
169,6,2026-01-22,Completed,Training Center,472.14,2
169,1,2026-09-22,Completed,Online,493.03,4
170,6,2026-08-13,Completed,Head Office,319.74,1
170,3,2026-02-05,Completed,Training Center,814.89,4
171,1,2026-07-10,Completed,Online,554.66,2
171,6,2026-09-19,Completed,Online,450.42,1
174,4,2025-10-15,Incomplete,Head Office,500.34,2
174,4,2026-03-18,Completed,Head Office,445.57,2
174,4,2025-12-18,Completed,Head Office,213.89,3
175,5,2025-03-27,Completed,Head Office,280.45,3
175,5,2025-07-08,Completed,Training Center,221.85,2
176,5,2026-01-29,Completed,Training Center,259.13,2
176,4,2025-10-07,Completed,Head Office,258.52,1
177,3,2026-08-27,Completed,Online,732.55,4
177,6,2025-12-11,Incomplete,Training Center,228.38,2
177,4,2026-07-14,Completed,Training Center,266.4,2
179,6,2025-07-30,Incomplete,Training Center,152.41,1
179,2,2025-03-18,Completed,Head Office,757.3,2
182,5,2025-12-16,Completed,Head Office,407.62,2
183,5,2026-04-03,Completed,Online,183.32,3
183,5,2025-10-12,Completed,Head Office,450.94,2
183,5,2025-12-09,Completed,Training Center,202.18,3
184,4,2026-06-18,Completed,Head Office,343.35,2
184,6,2026-09-11,Incomplete,Online,443.98,2
190,6,2025-12-15,Completed,Training Center,302.21,2
190,1,2025-10-22,Completed,Online,305.22,5
192,1,2026-08-02,Completed,Training Center,438.72,4
192,2,2026-07-03,Incomplete,Training Center,857.79,2
193,1,2025-12-22,Completed,Online,472.05,3
193,2,2026-05-02,Completed,Training Center,495.47,3
194,1,2026-09-18,Completed,Online,384.2,4
194,6,2026-04-14,Completed,Training Center,342.37,2
194,1,2026-05-03,Completed,Head Office,511.44,2
194,1,2025-12-11,Completed,Head Office,736.5,2
195,5,2026-02-03,Completed,Online,271.82,1
195,5,2026-09-04,Incomplete,Online,211.66,2
197,1,2026-03-23,Completed,Head Office,422.12,4
197,6,2026-03-03,Completed,Online,476.58,1
197,6,2026-02-23,Completed,Head Office,251.66,2
198,1,2025-10-02,Completed,Head Office,555.05,2
198,6,2026-09-24,Completed,Head Office,439.77,2
198,4,2025-12-19,Completed,Online,111.4,3
199,4,2026-05-08,Completed,Head Office,244.04,1
199,3,2026-06-03,Completed,Head Office,806.07,5
200,4,2026-06-27,Completed,Training Center,400.73,3
200,6,2026-09-07,Completed,Training Center,367.92,2
201,1,2026-01-15,Completed,Head Office,329.3,4
201,1,2025-11-10,Incomplete,Training Center,983.61,2
201,1,2026-01-13,Completed,Training Center,912.15,3
202,1,2026-04-05,Completed,Training Center,459.17,3
202,6,2026-07-30,Completed,Online,475.3,1
204,5,2026-01-21,Incomplete,Head Office,341.67,2
204,5,2026-08-18,Completed,Training Center,336.97,1
204,5,2025-11-02,Completed,Training Center,262.38,2
205,5,2026-04-29,Completed,Head Office,569.76,3
205,5,2026-08-08,Completed,Online,466.75,2
205,4,2026-02-06,Completed,Head Office,458.22,1
206,6,2026-06-11,Completed,Head Office,211.04,2
206,1,2025-10-13,Completed,Training Center,669.82,4
207,4,2026-04-15,Completed,Online,436.95,2
207,2,2025-10-15,Completed,Head Office,936.95,3
208,3,2026-06-24,Completed,Online,561.2,2
211,2,2026-05-30,Incomplete,Head Office,606.7,3
211,3,2025-12-11,Completed,Online,586.08,5
214,1,2025-11-27,Completed,Online,336.46,2
214,2,2025-11-21,Completed,Training Center,670.71,4
214,2,2025-12-24,Incomplete,Training Center,669.24,3
215,5,2026-05-06,Completed,Training Center,161.34,2
215,4,2025-11-02,Completed,Online,340.26,1
216,5,2026-09-02,Completed,Training Center,196.49,1
216,4,2025-12-21,Incomplete,Training Center,302.51,2
216,4,2026-04-30,Completed,Online,153.84,3
217,6,2026-03-04,Completed,Head Office,257.08,1
217,1,2026-09-21,Completed,Online,656.57,3
217,1,2025-12-08,Completed,Training Center,343.5,3
217,1,2025-10-10,Completed,Head Office,913.07,5
217,1,2026-05-03,Completed,Online,755.56,2
217,6,2026-02-19,Incomplete,Training Center,278.96,1
218,1,2025-10-14,Completed,Training Center,643.28,5
221,2,2026-05-23,Completed,Head Office,915.83,3
221,6,2026-02-12,Completed,Head Office,212.23,2
223,6,2026-06-30,Completed,Head Office,495.16,1
223,5,2026-02-11,Completed,Training Center,377.41,3
224,1,2026-03-28,Completed,Online,613.85,4
224,6,2026-08-06,Completed,Head Office,496.99,2
226,3,2026-01-19,Completed,Training Center,777.01,2
226,2,2026-05-07,Completed,Training Center,779.34,2
226,4,2026-04-27,Completed,Training Center,240.88,2
226,3,2026-02-28,Completed,Training Center,672.51,4
226,3,2026-04-11,Incomplete,Training Center,703.44,5
227,1,2026-01-23,Completed,Head Office,328.81,5
227,1,2026-04-08,Completed,Training Center,944.86,5
228,5,2026-03-04,Completed,Training Center,223.38,3
228,5,2026-02-20,Completed,Online,447.53,3
230,2,2026-05-27,Completed,Head Office,425.4,3
230,2,2026-06-11,Completed,Online,441.65,4
231,6,2026-06-17,Completed,Head Office,469.63,1
231,6,2026-04-07,Completed,Online,466.53,1
233,6,2026-08-30,Completed,Online,436.68,1
233,6,2025-10-07,Completed,Training Center,465.07,1
233,2,2026-08-14,Completed,Online,896.94,4
235,5,2025-12-19,Incomplete,Training Center,115.11,2
235,5,2025-12-19,Completed,Training Center,460.79,1
235,5,2025-12-16,Completed,Head Office,448.35,3
235,5,2026-02-15,Completed,Training Center,143.0,3
235,5,2025-10-20,Incomplete,Online,380.94,2
238,4,2026-02-14,Completed,Training Center,305.82,2
238,1,2026-01-13,Completed,Training Center,328.58,4
238,1,2026-06-01,Completed,Head Office,686.93,2
239,6,2026-03-29,Completed,Online,229.28,2
239,1,2026-07-21,Completed,Head Office,432.11,3
239,6,2026-01-13,Completed,Online,485.98,1
239,1,2025-11-18,Completed,Head Office,849.81,3
240,5,2026-08-28,Completed,Head Office,575.32,1
240,2,2026-07-21,Completed,Training Center,665.75,3
240,4,2026-01-19,Completed,Online,145.92,2
241,1,2026-07-25,Incomplete,Head Office,390.41,2
241,6,2025-11-23,Completed,Head Office,486.19,1
241,2,2026-01-02,Completed,Head Office,667.36,3
242,1,2025-10-10,Completed,Online,422.19,5
242,1,2026-09-01,Completed,Training Center,434.35,4
243,1,2025-07-18,Completed,Head Office,374.35,5
243,1,2025-08-24,Completed,Training Center,398.98,5
243,1,2025-07-30,Completed,Training Center,344.05,4
244,5,2026-09-05,Completed,Training Center,204.8,1
244,5,2026-04-05,Incomplete,Online,112.96,1
245,1,2025-09-26,Completed,Training Center,938.81,5
245,4,2026-07-22,Completed,Training Center,472.94,2
245,6,2026-01-18,Completed,Head Office,451.15,1
247,1,2026-08-26,Completed,Head Office,316.47,4
247,1,2025-12-28,Completed,Online,738.23,2
247,2,2026-04-07,Completed,Online,640.01,4
248,5,2025-12-15,Completed,Online,334.04,2
248,5,2025-07-12,Incomplete,Training Center,188.02,2
248,5,2025-05-13,Completed,Online,224.78,2
248,5,2025-08-15,Completed,Head Office,557.62,3
248,5,2025-06-23,Incomplete,Head Office,271.57,3
249,4,2026-07-20,Completed,Online,519.81,2
249,1,2026-06-27,Completed,Online,300.74,3
250,2,2026-05-26,Completed,Online,759.93,2
250,6,2026-04-14,Incomplete,Head Office,384.82,2
250,6,2026-08-16,Completed,Training Center,272.58,2
252,6,2025-11-29,Completed,Head Office,266.51,1
252,6,2026-01-10,Incomplete,Training Center,277.35,2
252,1,2025-11-01,Incomplete,Head Office,763.59,2
252,1,2026-06-21,Completed,Training Center,403.62,5
252,1,2025-10-02,Completed,Head Office,389.71,3
253,4,2026-05-01,Completed,Head Office,476.07,2
253,3,2026-06-07,Completed,Head Office,858.36,4
254,1,2025-12-10,Completed,Online,642.67,5
254,3,2026-05-08,Completed,Training Center,504.72,4
254,2,2025-12-23,Incomplete,Online,648.23,2
256,6,2026-04-23,Completed,Online,464.05,1
256,2,2026-04-08,Completed,Online,434.53,3
258,5,2026-05-02,Completed,Online,455.44,1
258,5,2026-08-29,Completed,Online,213.42,1
258,4,2026-03-05,Completed,Head Office,321.45,1
258,5,2026-04-12,Completed,Online,105.2,3
258,6,2026-05-05,Completed,Training Center,256.28,1
258,5,2026-06-17,Completed,Training Center,135.56,3
259,2,2025-11-06,Completed,Training Center,428.87,4
259,2,2025-11-26,Completed,Online,870.37,2
259,2,2026-02-10,Completed,Head Office,448.76,3
259,3,2026-01-06,Incomplete,Training Center,722.45,4
259,3,2026-04-29,Completed,Head Office,955.94,2
260,6,2025-11-22,Completed,Training Center,296.49,2
260,1,2025-10-01,Completed,Training Center,787.23,2
261,6,2025-11-13,Completed,Head Office,441.3,2
262,2,2026-05-08,Completed,Online,709.53,3
262,2,2026-04-25,Completed,Training Center,852.66,3
262,2,2026-02-08,Completed,Head Office,750.43,2
264,3,2026-07-26,Completed,Training Center,597.64,5
267,2,2026-07-03,Completed,Training Center,720.65,2
267,2,2025-11-25,Completed,Head Office,474.33,3
267,2,2026-08-20,Completed,Online,458.33,4
269,1,2026-09-11,Completed,Head Office,590.18,5
269,4,2026-08-21,Completed,Online,486.13,2
269,6,2026-01-20,Completed,Head Office,186.45,1
269,4,2025-12-07,Incomplete,Training Center,150.16,1
269,6,2026-01-24,Completed,Training Center,461.09,2
270,2,2026-07-15,Completed,Head Office,943.79,2
270,6,2025-11-20,Incomplete,Training Center,388.29,2
270,6,2026-08-18,Incomplete,Head Office,383.81,2
270,2,2025-11-26,Completed,Online,784.2,4
270,2,2026-07-10,Completed,Online,509.88,2
271,2,2026-02-22,Incomplete,Head Office,422.08,4
271,3,2026-02-12,Completed,Training Center,804.74,2
271,6,2026-06-26,Completed,Online,168.61,2
273,2,2025-10-25,Completed,Online,681.99,4
273,6,2026-09-05,Completed,Online,273.05,2
273,3,2026-06-25,Completed,Head Office,763.51,2
274,6,2026-02-06,Completed,Training Center,342.14,1
277,1,2026-06-17,Incomplete,Head Office,625.5,5
277,2,2026-04-03,Completed,Training Center,927.54,4
277,6,2026-07-20,Completed,Head Office,391.75,2
277,1,2025-11-27,Completed,Training Center,737.82,4
281,4,2026-04-03,Completed,Online,306.97,2
281,6,2026-06-03,Completed,Head Office,328.07,1
282,6,2025-12-27,Completed,Online,414.23,1
282,5,2026-01-15,Completed,Training Center,458.27,2
283,4,2026-01-01,Completed,Online,275.37,1
283,5,2025-12-25,Completed,Head Office,460.46,1
283,5,2025-08-26,Completed,Online,224.09,3
284,1,2026-04-03,Completed,Head Office,508.86,5
284,6,2026-01-25,Completed,Training Center,455.9,1
286,1,2026-08-14,Completed,Online,563.9,5
286,1,2026-01-25,Completed,Training Center,922.44,3
287,4,2026-08-11,Completed,Training Center,492.67,3
287,4,2026-09-24,Completed,Head Office,121.67,1
287,4,2026-07-30,Completed,Online,377.22,3
287,6,2025-12-27,Completed,Training Center,407.05,2
287,6,2026-04-25,Completed,Training Center,400.44,1
288,5,2025-11-11,Completed,Online,159.72,1
288,5,2025-10-24,Completed,Training Center,403.69,2
288,6,2025-11-29,Completed,Training Center,228.22,1
291,4,2026-04-26,Completed,Head Office,121.02,2
291,5,2025-11-13,Completed,Head Office,583.24,1
292,3,2026-01-21,Completed,Online,513.77,4
292,6,2026-07-06,Completed,Online,171.4,2
293,2,2026-04-11,Completed,Training Center,878.69,4
293,2,2026-03-14,Completed,Training Center,575.34,3
296,3,2026-06-15,Completed,Head Office,764.51,4
296,3,2026-01-03,Completed,Online,888.59,5
296,1,2025-12-23,Completed,Training Center,306.53,2
296,3,2026-06-25,Completed,Online,909.7,2
296,2,2026-05-18,Completed,Head Office,995.48,3
297,1,2025-05-30,Completed,Training Center,686.86,3
297,1,2025-09-24,Completed,Online,885.22,2
297,6,2025-11-08,Completed,Online,163.05,2
297,1,2025-05-01,Completed,Training Center,557.86,5
297,1,2025-10-24,Completed,Online,331.91,3
298,3,2025-12-11,Completed,Online,537.64,3
298,3,2026-05-27,Completed,Training Center,748.78,2
298,3,2026-09-14,Completed,Head Office,886.4,2
299,4,2025-02-16,Completed,Training Center,123.4,2
299,5,2025-04-26,Incomplete,Head Office,210.51,3
299,5,2025-08-06,Completed,Training Center,350.43,2
299,5,2025-02-03,Completed,Head Office,433.55,3
299,5,2025-03-17,Completed,Online,341.63,3
300,1,2026-02-12,Incomplete,Head Office,935.56,5
302,5,2026-04-22,Completed,Head Office,530.62,3
302,2,2026-03-30,Completed,Online,741.5,3
303,5,2025-11-22,Completed,Online,527.07,2
303,4,2025-10-30,Completed,Head Office,451.62,3
303,4,2025-09-29,Completed,Head Office,178.21,1
303,2,2026-04-01,Incomplete,Head Office,987.39,3
304,1,2026-08-18,Completed,Training Center,909.76,5
304,1,2026-06-18,Incomplete,Training Center,421.68,3
304,1,2026-02-07,Completed,Training Center,995.86,2
305,2,2026-03-13,Completed,Head Office,532.06,4
305,1,2026-02-28,Completed,Head Office,997.67,5
305,1,2026-03-15,Completed,Online,367.25,3
306,3,2026-01-01,Completed,Training Center,924.53,4
307,5,2025-12-31,Completed,Training Center,167.08,2
307,4,2026-04-22,Incomplete,Head Office,301.57,2
307,5,2026-08-29,Completed,Online,535.01,1
307,5,2026-03-22,Completed,Online,559.29,1
307,5,2026-02-27,Completed,Training Center,505.44,1
307,4,2026-04-05,Completed,Head Office,528.08,1
308,6,2025-11-28,Completed,Training Center,179.15,2
308,3,2025-10-30,Completed,Training Center,674.31,2
309,6,2026-06-02,Completed,Training Center,365.69,1
309,2,2026-05-05,Completed,Online,722.52,2
309,6,2026-02-12,Completed,Training Center,219.22,2
309,2,2026-07-31,Completed,Head Office,987.86,4
309,1,2025-10-11,Completed,Online,359.39,4
309,1,2026-02-12,Incomplete,Online,833.87,3
311,5,2026-05-27,Completed,Training Center,100.21,1
311,5,2025-10-16,Completed,Training Center,133.16,2
312,5,2026-03-30,Completed,Training Center,367.4,1
312,5,2025-11-07,Completed,Training Center,231.73,3
312,5,2026-07-28,Incomplete,Training Center,195.26,3
312,5,2025-12-01,Completed,Head Office,147.94,1
312,4,2025-12-31,Completed,Online,486.65,3
314,2,2026-01-23,Completed,Head Office,832.58,4
314,5,2026-09-02,Completed,Training Center,148.52,2
314,5,2026-03-09,Completed,Training Center,444.67,3
315,6,2025-10-16,Completed,Online,462.05,2
315,6,2025-07-10,Completed,Head Office,394.49,1
315,2,2025-04-07,Completed,Online,656.87,4
316,4,2026-02-28,Completed,Online,285.75,2
316,1,2025-10-04,Completed,Training Center,867.97,4
316,1,2026-05-25,Completed,Training Center,483.78,4
319,2,2026-07-08,Completed,Online,481.64,4
319,3,2025-12-06,Completed,Training Center,894.11,3
319,3,2026-09-18,Incomplete,Online,752.96,3
321,6,2026-03-26,Completed,Training Center,387.07,1
321,4,2025-10-24,Completed,Training Center,523.03,2
323,2,2025-10-07,Completed,Online,548.61,3
323,3,2026-05-26,Completed,Online,597.75,4
323,3,2026-03-04,Completed,Training Center,572.97,4
325,1,2025-07-21,Completed,Training Center,518.12,2
325,1,2025-05-09,Incomplete,Head Office,872.95,3
327,3,2026-03-05,Completed,Online,710.37,5
327,4,2026-05-28,Completed,Head Office,188.63,2
327,3,2025-11-26,Completed,Head Office,545.58,3
328,4,2026-05-14,Completed,Training Center,516.62,2
328,1,2025-11-22,Completed,Online,938.89,4
328,6,2026-05-07,Completed,Head Office,235.86,1
329,4,2026-03-09,Completed,Training Center,452.21,3
329,4,2026-03-10,Completed,Training Center,118.67,3
330,5,2026-07-20,Completed,Online,396.86,3
330,5,2025-10-05,Completed,Online,428.21,1
330,4,2026-02-27,Completed,Training Center,234.21,3
330,5,2026-02-15,Completed,Training Center,352.33,2
330,4,2026-01-02,Incomplete,Online,459.84,3
331,4,2026-01-06,Incomplete,Online,498.01,1
331,6,2026-01-09,Completed,Online,487.8,2
332,1,2025-12-09,Completed,Online,805.77,2
333,5,2025-10-24,Completed,Head Office,274.7,1
333,5,2026-06-11,Completed,Training Center,176.35,3
334,6,2025-09-29,Completed,Online,397.27,2
334,6,2026-03-23,Completed,Training Center,452.83,1
335,1,2026-05-06,Completed,Online,892.58,4
335,1,2026-04-25,Completed,Online,970.33,3
335,1,2026-03-14,Completed,Online,565.33,3
336,3,2026-03-01,Completed,Online,936.52,4
336,4,2025-10-29,Completed,Head Office,242.03,3
337,1,2026-05-16,Completed,Online,782.17,3
337,2,2026-05-11,Completed,Head Office,659.91,4
337,3,2026-01-03,Completed,Online,753.98,5
338,1,2026-04-20,Completed,Online,664.04,3
338,2,2025-11-12,Completed,Online,523.4,3
339,3,2025-11-09,Incomplete,Head Office,525.8,3
339,3,2026-09-16,Completed,Online,648.04,2
339,2,2025-12-27,Completed,Training Center,823.44,2
340,6,2026-08-10,Completed,Online,457.09,1
340,1,2025-11-17,Incomplete,Training Center,441.15,3
341,3,2025-11-14,Completed,Training Center,800.56,2
342,3,2025-12-30,Completed,Head Office,778.43,4
342,6,2026-05-08,Completed,Training Center,333.62,1
342,6,2025-08-28,Incomplete,Head Office,223.06,1
342,6,2026-03-09,Completed,Online,301.9,2
342,2,2026-01-21,Completed,Online,669.86,2
343,4,2025-12-09,Completed,Training Center,363.91,2
346,6,2026-02-23,Completed,Head Office,157.88,1
347,1,2025-11-06,Completed,Head Office,587.81,2
349,5,2026-01-19,Incomplete,Training Center,399.57,2
349,5,2026-02-14,Completed,Head Office,387.51,3
350,6,2026-06-08,Completed,Head Office,434.48,2
350,6,2025-12-17,Completed,Online,389.3,1
350,3,2025-11-06,Completed,Training Center,745.42,3
351,6,2026-01-03,Completed,Head Office,403.33,1
351,1,2025-10-29,Completed,Head Office,817.19,3
351,1,2026-06-14,Completed,Online,474.67,5
351,6,2026-05-09,Completed,Head Office,290.53,1
352,1,2026-05-05,Completed,Online,331.8,2
352,2,2025-12-29,Completed,Online,608.6,4
352,3,2026-06-29,Completed,Head Office,987.01,4
352,1,2026-08-23,Completed,Training Center,314.38,3
352,3,2026-09-22,Completed,Training Center,580.23,5
355,4,2025-01-20,Completed,Training Center,336.02,1
355,6,2025-05-04,Incomplete,Training Center,352.74,1
359,4,2026-08-27,Completed,Head Office,571.4,1
359,6,2025-10-13,Completed,Head Office,201.96,2
359,1,2025-12-10,Completed,Head Office,628.61,4
362,6,2026-06-20,Completed,Online,489.14,1
362,1,2026-02-03,Completed,Training Center,539.7,2
362,1,2026-09-25,Completed,Training Center,358.52,4
362,1,2026-02-27,Completed,Head Office,335.47,4
362,1,2026-03-08,Completed,Head Office,653.96,4
363,2,2026-01-03,Completed,Head Office,953.8,4
363,3,2026-04-03,Completed,Head Office,779.75,2
364,6,2025-12-28,Completed,Training Center,234.1,1
364,1,2025-12-05,Completed,Training Center,897.84,3
364,1,2025-10-11,Completed,Head Office,616.76,3
364,1,2025-08-22,Incomplete,Online,783.23,3
364,6,2025-11-19,Completed,Online,464.42,1
366,5,2026-06-22,Completed,Training Center,316.56,2
366,4,2026-01-14,Completed,Online,584.46,1
367,4,2026-09-11,Completed,Online,189.02,3
367,5,2026-06-24,Completed,Training Center,583.37,3
369,5,2026-08-07,Completed,Head Office,317.4,3
369,6,2026-09-21,Completed,Head Office,235.54,2
372,5,2026-01-01,Completed,Online,157.2,1
372,5,2026-02-11,Completed,Training Center,152.8,2
373,1,2026-08-08,Completed,Training Center,800.64,2
373,1,2026-02-27,Completed,Online,989.71,4
373,1,2025-11-10,Completed,Head Office,486.88,2
373,6,2026-01-27,Completed,Training Center,299.77,2
374,4,2025-09-30,Completed,Online,200.79,2
374,2,2026-05-25,Completed,Head Office,928.51,3
376,2,2025-12-07,Completed,Online,821.47,2
376,2,2025-05-29,Completed,Online,890.95,3
377,1,2025-12-10,Completed,Training Center,350.4,2
377,1,2026-09-03,Completed,Head Office,762.46,4
377,6,2026-09-22,Completed,Training Center,281.92,2
378,4,2026-07-09,Completed,Head Office,312.11,2
378,2,2026-01-25,Completed,Head Office,553.05,4
378,4,2026-07-11,Completed,Head Office,196.14,3
378,5,2026-07-31,Completed,Online,317.54,2
378,4,2025-10-11,Completed,Training Center,545.85,2
379,1,2025-10-09,Completed,Training Center,715.65,5
379,2,2026-04-12,Completed,Training Center,965.28,4
379,6,2026-08-15,Completed,Online,170.58,1
379,2,2026-08-14,Completed,Head Office,567.66,4
380,3,2026-01-29,Completed,Online,617.05,4
380,2,2026-03-20,Completed,Head Office,675.09,4
381,3,2026-03-25,Completed,Online,578.67,4
381,3,2026-05-09,Completed,Head Office,815.17,2
381,4,2026-05-12,Completed,Online,412.61,3
381,3,2026-07-29,Completed,Online,709.2,2
381,3,2025-11-12,Completed,Training Center,637.57,2
381,2,2025-10-22,Completed,Online,725.61,4
382,4,2026-08-03,Completed,Online,107.37,3
382,4,2025-12-14,Completed,Head Office,399.28,1
382,5,2026-02-05,Completed,Head Office,149.2,1
384,3,2025-10-27,Completed,Online,845.96,2
384,6,2025-10-02,Completed,Online,303.42,2
384,6,2026-02-05,Incomplete,Head Office,294.78,2
384,6,2025-12-23,Completed,Online,387.26,2
384,6,2026-07-17,Completed,Online,316.54,1
384,6,2026-07-22,Completed,Training Center,312.64,2
385,1,2025-10-15,Completed,Online,576.45,2
385,3,2026-04-13,Completed,Training Center,692.07,3
385,2,2026-01-11,Completed,Training Center,702.98,2
385,2,2026-03-10,Completed,Training Center,624.88,4
386,3,2025-10-23,Completed,Head Office,815.9,2
386,2,2026-04-16,Completed,Training Center,494.86,3
386,3,2026-01-20,Completed,Online,689.8,2
386,2,2026-08-15,Completed,Training Center,654.62,4
386,2,2026-06-30,Completed,Training Center,602.85,2
387,5,2025-11-03,Completed,Head Office,195.05,2
387,5,2025-10-05,Completed,Head Office,568.23,1
387,5,2026-03-23,Completed,Online,107.49,2
388,2,2026-06-18,Completed,Online,696.35,3
388,5,2026-05-09,Incomplete,Training Center,181.16,2
388,5,2025-12-20,Incomplete,Online,547.9,3
389,4,2026-06-09,Completed,Training Center,400.61,2
389,1,2026-05-03,Completed,Training Center,441.27,3
389,4,2026-09-09,Completed,Online,303.89,3
389,1,2025-10-05,Completed,Online,529.65,4
390,5,2025-12-13,Completed,Head Office,142.61,3
390,5,2026-03-14,Completed,Online,358.8,3
390,6,2025-10-11,Completed,Online,348.54,2
391,1,2025-11-10,Completed,Online,650.05,5
391,1,2025-10-05,Completed,Head Office,344.02,2
391,6,2026-03-20,Completed,Online,478.06,2
393,5,2026-09-10,Completed,Head Office,414.1,2
393,6,2026-03-18,Completed,Training Center,223.5,1
394,1,2024-12-01,Incomplete,Online,721.3,2
394,4,2025-03-04,Completed,Online,447.89,3
395,1,2026-01-19,Completed,Training Center,865.91,4
395,2,2026-05-25,Completed,Online,761.67,3
395,6,2026-05-27,Completed,Head Office,272.26,2
396,2,2025-10-28,Completed,Training Center,850.71,2
396,3,2026-07-11,Completed,Online,584.52,3
396,3,2026-04-02,Completed,Head Office,987.38,4
396,2,2025-12-23,Completed,Training Center,786.37,4
397,6,2025-10-03,Completed,Head Office,173.75,2
397,6,2026-01-02,Completed,Online,358.8,2
399,5,2026-07-05,Completed,Head Office,457.15,3
399,4,2026-06-14,Completed,Head Office,159.6,3
399,5,2026-03-01,Completed,Head Office,244.1,3
399,5,2026-04-14,Incomplete,Training Center,187.85,2
399,5,2026-03-04,Completed,Online,382.42,1
403,1,2026-04-10,Completed,Head Office,841.53,4
403,1,2026-06-09,Incomplete,Training Center,692.85,5
403,2,2025-10-05,Completed,Head Office,823.1,4
404,2,2025-10-11,Completed,Head Office,859.87,4
404,4,2026-01-19,Completed,Head Office,102.59,1
405,1,2025-10-26,Completed,Training Center,934.87,3
405,6,2025-09-17,Completed,Head Office,286.98,2
406,2,2026-04-03,Completed,Head Office,940.94,3
406,5,2026-05-02,Incomplete,Head Office,505.79,2
406,5,2025-12-27,Completed,Training Center,136.81,3
407,1,2026-09-17,Completed,Head Office,977.29,2
407,1,2026-04-06,Completed,Training Center,687.36,4
408,2,2026-09-21,Completed,Head Office,460.27,3
408,6,2026-01-03,Completed,Online,364.24,2
408,6,2026-08-20,Completed,Training Center,193.36,1
410,3,2026-03-27,Completed,Online,869.27,3
410,4,2026-08-15,Completed,Training Center,142.65,1
411,5,2026-04-18,Incomplete,Head Office,290.96,1
411,5,2026-05-28,Completed,Head Office,210.61,3
412,5,2026-09-21,Completed,Online,291.41,1
412,5,2026-08-04,Completed,Training Center,185.27,2
416,5,2025-10-21,Completed,Training Center,288.38,1
416,4,2026-07-18,Incomplete,Online,453.9,2
416,4,2026-07-08,Completed,Training Center,364.91,1
417,5,2026-07-13,Completed,Online,157.79,3
417,4,2026-06-30,Completed,Head Office,497.46,3
417,6,2025-12-10,Completed,Training Center,245.05,2
417,5,2026-09-18,Completed,Training Center,386.89,2
417,6,2026-07-28,Completed,Training Center,317.61,1
419,1,2025-10-24,Completed,Training Center,537.62,5
419,6,2025-12-28,Completed,Head Office,165.67,1
419,6,2026-09-19,Completed,Online,201.57,2
420,4,2026-09-10,Completed,Training Center,503.27,2
420,2,2026-04-27,Completed,Online,537.93,2
420,5,2026-05-21,Completed,Training Center,534.22,3
421,3,2026-09-16,Completed,Head Office,729.42,5
421,3,2026-08-02,Completed,Online,565.23,4
422,5,2025-10-05,Completed,Training Center,167.98,2
422,6,2025-12-19,Completed,Online,399.51,1
423,6,2026-02-19,Completed,Training Center,403.39,1
423,6,2026-01-27,Completed,Training Center,345.47,2
423,6,2025-10-06,Completed,Head Office,433.05,1
423,2,2026-06-24,Incomplete,Online,499.28,2
424,6,2026-02-01,Completed,Online,429.31,1
425,1,2026-09-01,Completed,Online,674.19,2
425,1,2025-11-30,Completed,Online,814.81,2
426,1,2026-05-21,Completed,Online,981.14,2
426,2,2026-04-28,Completed,Training Center,661.85,3
428,3,2026-06-04,Completed,Training Center,630.29,3
428,3,2026-01-14,Completed,Training Center,763.32,3
429,2,2026-01-02,Completed,Online,973.59,4
429,3,2026-02-20,Completed,Head Office,846.28,2
429,3,2026-02-09,Completed,Online,803.25,5
430,1,2026-05-07,Completed,Online,421.56,3
430,1,2026-05-11,Completed,Head Office,721.0,4
430,6,2026-08-09,Completed,Training Center,400.46,2
430,1,2026-01-04,Completed,Online,666.65,2
430,1,2026-03-31,Completed,Online,318.82,2
431,5,2026-01-20,Incomplete,Head Office,211.03,1
431,5,2026-05-19,Completed,Online,490.97,3
433,6,2025-05-30,Completed,Online,349.16,2
433,1,2025-07-04,Completed,Head Office,625.81,4
433,2,2026-01-12,Completed,Head Office,760.57,4
434,1,2026-03-31,Completed,Online,727.61,4
434,1,2026-04-10,Completed,Online,798.22,5
436,5,2026-06-28,Completed,Head Office,373.34,1
436,4,2025-10-04,Completed,Head Office,414.45,1
437,2,2026-06-01,Completed,Online,951.02,3
437,5,2025-10-03,Completed,Training Center,296.21,3
437,4,2026-04-09,Completed,Online,459.33,1
438,5,2025-10-27,Completed,Training Center,556.77,3
438,4,2026-09-03,Completed,Training Center,193.62,1
438,5,2026-02-07,Completed,Head Office,423.09,1
440,2,2025-08-03,Completed,Head Office,944.71,3
440,1,2025-08-03,Completed,Training Center,633.99,5
440,1,2025-09-30,Completed,Online,850.95,5
440,1,2025-01-27,Completed,Online,581.75,3
441,6,2026-01-21,Completed,Training Center,454.28,1
441,1,2026-09-15,Completed,Training Center,325.8,2
442,6,2026-09-14,Completed,Head Office,272.24,1
442,6,2026-09-14,Completed,Online,224.04,1
444,4,2026-03-02,Completed,Online,294.52,3
444,2,2026-08-21,Completed,Training Center,941.15,2
445,4,2025-06-18,Completed,Training Center,127.22,2
445,5,2025-04-12,Completed,Head Office,232.16,2
445,5,2025-01-17,Completed,Training Center,576.47,3
446,5,2026-04-24,Completed,Head Office,170.63,3
446,5,2026-01-25,Completed,Online,485.05,3
446,2,2026-08-19,Completed,Training Center,501.66,2
446,4,2026-03-05,Incomplete,Head Office,249.11,1
446,5,2026-07-29,Completed,Training Center,172.95,2
446,5,2026-09-11,Completed,Head Office,275.26,2
447,3,2026-02-03,Incomplete,Training Center,559.53,2
447,2,2026-02-25,Completed,Online,420.68,3
448,1,2025-12-16,Completed,Training Center,816.82,2
448,4,2026-09-10,Completed,Head Office,259.71,2
448,6,2026-09-25,Completed,Online,262.46,1
450,1,2025-12-15,Completed,Online,971.58,4
450,6,2026-04-24,Completed,Head Office,408.04,2
450,1,2025-11-23,Completed,Online,884.9,3
450,2,2025-12-10,Completed,Training Center,463.37,2
451,5,2025-11-11,Completed,Training Center,474.38,2
452,2,2025-12-03,Completed,Training Center,957.36,3
452,2,2026-04-23,Completed,Online,480.52,4
452,1,2025-09-29,Completed,Online,456.62,3
453,2,2026-02-14,Completed,Head Office,828.37,4
453,5,2025-11-21,Completed,Head Office,284.71,2
454,1,2025-11-06,Completed,Online,519.92,3
454,6,2025-12-04,Incomplete,Training Center,405.91,2
454,6,2026-05-11,Completed,Training Center,318.74,1
454,1,2026-01-29,Incomplete,Online,302.44,5
455,1,2025-09-29,Completed,Training Center,718.66,3
455,6,2025-11-29,Completed,Head Office,285.56,1
456,5,2025-10-10,Completed,Online,312.28,2
456,5,2026-08-23,Incomplete,Training Center,484.41,2
458,5,2025-10-17,Completed,Head Office,109.77,2
458,5,2025-11-23,Incomplete,Online,481.12,3
458,5,2025-10-01,Completed,Head Office,266.12,3
460,3,2026-03-28,Completed,Training Center,866.2,4
460,6,2026-02-06,Completed,Online,407.45,1
461,1,2026-09-13,Completed,Training Center,722.23,4
461,3,2026-01-16,Completed,Training Center,858.17,5
461,1,2026-04-01,Completed,Head Office,313.79,3
462,6,2026-04-11,Completed,Online,208.4,1
462,6,2025-12-04,Completed,Head Office,284.03,2
463,5,2026-06-08,Completed,Training Center,295.64,3
463,5,2025-10-12,Incomplete,Online,511.32,2
464,6,2025-12-08,Incomplete,Training Center,284.24,1
464,2,2026-05-20,Completed,Head Office,719.17,2
464,6,2026-01-07,Completed,Training Center,459.47,2
464,6,2026-05-29,Completed,Online,471.84,2
464,6,2026-04-13,Completed,Training Center,462.68,2
465,1,2026-08-25,Completed,Training Center,507.04,3
465,2,2026-09-03,Completed,Training Center,943.71,3
466,3,2026-09-17,Incomplete,Online,679.64,2
466,6,2026-08-29,Incomplete,Head Office,159.82,2
466,6,2025-10-02,Completed,Head Office,206.17,2
467,4,2026-07-09,Completed,Online,172.86,2
467,5,2026-09-25,Completed,Training Center,552.86,2
467,4,2026-05-18,Completed,Head Office,543.98,2
468,2,2026-01-13,Completed,Online,998.89,3
468,1,2025-10-08,Completed,Online,928.13,2
469,4,2026-09-20,Completed,Online,548.28,1
469,4,2025-10-17,Completed,Head Office,307.63,1
469,4,2026-02-20,Completed,Online,463.1,3
470,3,2026-04-14,Completed,Training Center,553.24,4
470,4,2025-11-15,Completed,Training Center,550.95,3
470,4,2026-02-11,Completed,Head Office,450.98,3
470,6,2026-08-15,Completed,Head Office,323.92,1
470,3,2026-04-15,Completed,Online,515.46,4
471,1,2026-08-25,Completed,Head Office,477.72,4
471,1,2026-01-29,Completed,Online,790.18,4
471,1,2026-07-22,Completed,Head Office,449.98,2
471,6,2025-12-08,Completed,Head Office,199.84,1
473,3,2026-05-23,Incomplete,Head Office,967.6,4
473,3,2026-06-08,Completed,Online,683.93,3
473,3,2026-06-15,Incomplete,Training Center,967.67,2
474,1,2026-01-31,Completed,Online,485.76,4
474,2,2026-09-12,Incomplete,Online,801.88,4
475,5,2026-04-05,Completed,Head Office,517.2,3
475,4,2026-03-26,Completed,Online,115.86,2
476,5,2026-03-31,Completed,Online,223.66,1
476,5,2026-04-27,Completed,Training Center,388.82,1
476,5,2025-10-11,Completed,Online,421.15,1
477,5,2026-03-01,Completed,Online,286.52,2
477,6,2025-09-28,Completed,Online,299.1,1
477,5,2025-12-21,Completed,Training Center,515.44,2
477,6,2026-03-11,Completed,Online,452.22,1
477,5,2025-10-16,Completed,Head Office,158.94,2
477,5,2026-08-28,Completed,Online,427.47,3
478,5,2025-10-13,Completed,Training Center,298.34,3
478,4,2025-05-07,Completed,Online,320.25,2
478,5,2025-11-08,Completed,Online,493.39,3
479,4,2025-09-27,Completed,Online,243.92,2
479,2,2026-07-19,Completed,Training Center,909.24,4
479,5,2025-10-12,Completed,Head Office,113.99,1
479,4,2026-01-30,Completed,Head Office,227.36,3
479,5,2026-03-19,Completed,Online,463.78,1
479,2,2026-02-10,Completed,Online,455.58,2
481,5,2026-05-31,Completed,Head Office,313.8,2
481,2,2025-12-08,Completed,Online,857.99,4
482,5,2026-02-24,Completed,Online,289.46,3
482,6,2026-09-13,Completed,Head Office,233.66,2
483,6,2025-10-03,Completed,Online,294.35,2
483,6,2026-05-15,Completed,Head Office,282.84,2
483,1,2026-09-14,Completed,Training Center,547.92,4
484,5,2026-03-21,Completed,Online,269.71,3
484,4,2026-09-15,Completed,Training Center,394.39,3
484,5,2026-06-09,Completed,Online,377.04,1
485,5,2025-08-12,Completed,Head Office,424.11,2
485,5,2025-10-28,Completed,Online,203.43,3
486,6,2026-03-05,Completed,Training Center,215.0,1
486,6,2026-09-14,Completed,Online,361.27,2
486,1,2025-12-28,Completed,Training Center,818.95,3
487,2,2026-01-23,Completed,Head Office,759.92,2
487,6,2025-09-27,Completed,Training Center,250.23,1
488,4,2025-06-07,Completed,Head Office,390.62,3
488,5,2025-04-04,Completed,Training Center,198.44,1
488,2,2025-06-17,Completed,Head Office,423.35,3
488,5,2026-02-11,Completed,Online,332.05,1
488,5,2025-03-27,Completed,Head Office,116.71,3
491,5,2026-09-25,Completed,Training Center,370.97,3
491,6,2025-11-10,Completed,Training Center,481.94,2
492,5,2026-02-09,Completed,Training Center,454.24,1
492,5,2025-09-17,Completed,Online,453.07,1
492,4,2025-09-24,Incomplete,Online,151.57,3
492,5,2025-10-20,Completed,Online,137.02,2
492,2,2026-07-07,Completed,Training Center,774.18,4
492,4,2026-08-06,Incomplete,Online,409.4,1
493,2,2025-10-02,Completed,Online,990.86,2
493,1,2025-11-16,Completed,Head Office,986.27,5
493,2,2026-04-11,Incomplete,Training Center,656.9,3
493,1,2026-05-21,Completed,Head Office,891.88,4
493,1,2026-01-08,Completed,Training Center,303.33,2
495,1,2026-06-05,Completed,Head Office,419.45,2
495,6,2025-10-14,Completed,Training Center,230.1,1
495,6,2025-12-13,Completed,Head Office,390.76,1
495,1,2026-03-30,Completed,Online,952.9,2
496,5,2026-02-24,Incomplete,Head Office,406.97,2
496,4,2025-10-08,Completed,Training Center,438.93,2
496,5,2026-02-04,Completed,Training Center,170.96,3
496,5,2026-01-06,Completed,Head Office,180.38,1
496,5,2026-07-20,Completed,Head Office,121.41,1
497,6,2025-12-11,Completed,Training Center,154.94,1
497,4,2026-07-07,Completed,Online,551.55,3
498,5,2026-06-03,Incomplete,Online,563.47,2
499,6,2026-09-16,Completed,Head Office,481.5,2
499,6,2026-03-19,Completed,Head Office,480.44,1
500,2,2025-10-30,Completed,Training Center,481.2,3
500,5,2025-12-07,Incomplete,Training Center,379.66,1
501,1,2026-08-19,Completed,Head Office,791.66,5
501,6,2025-12-14,Completed,Head Office,355.77,1
501,6,2026-09-13,Completed,Training Center,150.79,1
502,5,2026-01-22,Completed,Head Office,265.51,2
502,5,2026-03-04,Completed,Training Center,306.59,3
502,5,2026-05-01,Completed,Online,464.76,1
505,2,2026-09-12,Completed,Head Office,738.78,3
505,3,2026-03-11,Completed,Training Center,714.72,2
507,5,2026-03-24,Completed,Online,305.31,1
507,2,2026-08-14,Incomplete,Online,525.59,4
508,4,2026-06-14,Completed,Online,296.61,3
508,4,2026-09-08,Completed,Head Office,567.96,1
508,5,2026-04-28,Completed,Head Office,540.98,3
510,6,2025-02-20,Completed,Training Center,414.58,1
510,1,2025-12-02,Completed,Online,387.93,3
511,2,2025-10-06,Completed,Online,536.25,3
513,2,2026-03-08,Completed,Head Office,545.52,2
513,2,2026-05-15,Completed,Head Office,769.16,2
514,6,2025-02-12,Completed,Online,478.85,2
514,1,2025-08-13,Completed,Online,537.4,4
514,1,2025-02-07,Incomplete,Online,901.28,2
514,1,2025-11-15,Completed,Online,952.09,5
515,1,2025-12-07,Completed,Training Center,789.43,4
515,1,2026-07-01,Completed,Training Center,720.6,3
516,5,2026-05-03,Completed,Head Office,463.88,3
516,5,2026-06-22,Completed,Head Office,266.68,1
516,4,2026-02-17,Completed,Head Office,455.25,2
516,5,2026-09-03,Completed,Head Office,309.69,3
516,4,2026-06-07,Completed,Head Office,551.41,2
517,6,2025-12-04,Completed,Head Office,296.79,1
517,1,2026-04-16,Completed,Training Center,497.82,3
517,1,2026-01-29,Completed,Training Center,723.38,4
517,1,2026-04-27,Completed,Training Center,364.91,5
517,1,2025-12-15,Completed,Online,919.96,2
518,2,2026-05-11,Completed,Online,544.71,2
518,6,2026-06-01,Completed,Online,231.38,1
520,3,2025-12-16,Completed,Head Office,988.06,4
520,3,2025-11-23,Incomplete,Online,845.0,2
520,3,2026-04-30,Completed,Head Office,812.75,5
521,6,2026-06-26,Completed,Online,239.13,2
521,1,2026-06-28,Completed,Online,950.02,3
521,1,2026-05-27,Completed,Online,861.17,2
522,1,2026-05-27,Completed,Online,932.75,5
522,3,2026-06-17,Completed,Online,723.97,5
522,3,2025-12-08,Incomplete,Head Office,796.55,3
522,3,2026-09-23,Completed,Online,667.52,5
523,2,2026-05-16,Completed,Training Center,800.68,4
523,4,2025-12-19,Completed,Training Center,525.97,1
523,5,2026-04-23,Completed,Head Office,491.81,1
524,6,2025-11-04,Completed,Head Office,198.14,2
524,6,2026-06-07,Incomplete,Online,230.8,2
524,6,2026-05-07,Completed,Head Office,462.81,1
524,2,2025-11-05,Completed,Online,623.73,4
524,6,2025-10-07,Incomplete,Head Office,277.59,1
525,1,2026-09-05,Completed,Head Office,573.89,2
526,5,2026-04-03,Completed,Online,465.26,2
526,6,2026-07-27,Completed,Online,237.33,2
526,6,2025-09-29,Completed,Online,179.22,2
527,2,2026-07-25,Completed,Online,960.47,4
527,5,2026-05-25,Completed,Head Office,343.76,2
527,2,2025-11-22,Completed,Head Office,622.88,2
529,1,2026-08-04,Incomplete,Head Office,525.01,4
529,6,2026-03-17,Completed,Training Center,187.0,2
530,1,2025-11-17,Incomplete,Online,544.55,4
530,6,2025-12-26,Incomplete,Training Center,153.01,1
530,6,2026-07-12,Completed,Online,247.2,2
531,3,2025-09-26,Completed,Training Center,609.59,3
531,3,2026-06-30,Completed,Head Office,845.88,3
531,3,2026-05-27,Incomplete,Head Office,658.08,5
533,5,2025-11-26,Completed,Training Center,373.63,2
533,2,2026-08-27,Completed,Head Office,421.93,3
533,5,2026-08-31,Incomplete,Training Center,533.47,3
533,4,2025-12-13,Completed,Online,337.83,3
533,5,2025-10-28,Completed,Online,392.29,1
533,4,2025-12-12,Completed,Online,300.13,1
534,4,2026-03-19,Completed,Training Center,435.92,3
534,2,2026-02-02,Completed,Training Center,484.52,3
536,1,2025-09-30,Incomplete,Training Center,917.85,4
536,1,2026-07-17,Completed,Online,772.27,5
538,1,2025-03-23,Completed,Head Office,420.26,4
538,1,2025-09-16,Completed,Online,986.98,4
538,1,2025-02-11,Completed,Head Office,381.93,3
538,6,2025-03-26,Completed,Head Office,372.49,1
538,6,2025-01-11,Completed,Head Office,293.2,1
543,6,2026-02-27,Completed,Training Center,259.42,1
543,6,2026-01-27,Incomplete,Online,353.96,2
543,3,2026-03-01,Completed,Training Center,723.85,3
543,3,2026-02-25,Completed,Training Center,773.66,4
544,2,2026-06-29,Completed,Online,501.67,3
544,6,2026-04-03,Incomplete,Head Office,438.86,1
544,6,2025-12-03,Incomplete,Head Office,390.01,2
546,3,2026-02-03,Completed,Online,544.41,3
546,4,2026-07-25,Completed,Training Center,146.77,2
547,1,2025-10-01,Completed,Head Office,976.69,2
547,6,2026-01-29,Completed,Online,487.43,1
547,6,2025-11-29,Completed,Training Center,458.78,1
548,3,2026-05-19,Completed,Training Center,899.31,3
548,2,2025-12-03,Completed,Training Center,584.68,2
549,3,2026-01-21,Completed,Head Office,716.96,2
549,2,2026-01-12,Completed,Training Center,965.14,3
549,3,2025-10-29,Incomplete,Online,539.47,2
549,4,2026-01-12,Completed,Head Office,375.72,1
549,2,2026-08-27,Completed,Online,791.95,4
550,6,2025-10-04,Completed,Online,332.87,2
550,6,2026-02-04,Completed,Head Office,158.95,1
550,6,2026-02-14,Completed,Training Center,307.25,1
550,3,2026-01-06,Completed,Head Office,913.48,2
550,3,2026-02-10,Completed,Head Office,970.98,5
551,6,2025-10-19,Completed,Online,476.1,1
551,5,2025-09-27,Completed,Head Office,363.37,1
551,4,2025-11-23,Completed,Online,109.14,1
551,6,2026-07-12,Completed,Training Center,388.38,1
554,5,2025-04-04,Completed,Training Center,530.09,3
554,5,2025-04-06,Completed,Online,580.01,2
554,5,2025-05-16,Incomplete,Training Center,375.24,1
554,5,2025-06-15,Completed,Online,583.82,2
555,5,2025-10-04,Completed,Training Center,447.43,3
555,4,2026-01-27,Completed,Training Center,119.01,3
555,4,2025-07-16,Completed,Online,155.69,1
556,4,2026-06-24,Completed,Training Center,191.32,2
556,1,2025-09-28,Incomplete,Head Office,653.01,3
556,6,2026-08-22,Completed,Online,381.57,1
558,2,2026-05-06,Completed,Online,875.06,4
558,3,2026-01-31,Completed,Head Office,649.98,5
560,1,2026-08-11,Completed,Head Office,472.91,5
560,1,2026-03-12,Incomplete,Online,618.67,5
560,6,2026-06-06,Completed,Head Office,430.88,2
562,1,2026-03-06,Completed,Head Office,315.8,4
562,6,2025-12-29,Completed,Online,276.56,2
562,1,2026-01-13,Completed,Training Center,553.35,3
564,3,2025-11-16,Completed,Head Office,762.28,4
564,3,2026-02-13,Completed,Head Office,538.49,3
565,6,2025-07-16,Completed,Online,293.67,1
565,1,2025-07-12,Completed,Training Center,991.53,3
566,4,2025-12-17,Completed,Training Center,230.15,3
566,4,2025-07-20,Completed,Training Center,421.41,3
566,4,2025-05-15,Completed,Head Office,443.0,2
567,5,2026-08-10,Incomplete,Head Office,400.53,1
567,4,2025-12-06,Completed,Head Office,251.17,1
567,2,2025-12-28,Completed,Online,705.2,2
568,3,2026-04-02,Completed,Online,739.37,2
568,3,2026-06-24,Completed,Online,507.23,2
568,4,2026-01-07,Completed,Training Center,260.71,1
569,3,2026-05-15,Completed,Head Office,730.13,2
569,3,2026-05-19,Incomplete,Head Office,559.84,5
571,1,2026-01-13,Completed,Training Center,643.69,2
571,1,2026-04-19,Completed,Online,994.49,3
573,2,2026-08-03,Completed,Training Center,674.13,3
573,4,2026-06-04,Incomplete,Training Center,274.8,1
573,2,2026-03-10,Completed,Training Center,837.38,2
573,4,2026-07-06,Completed,Head Office,167.89,3
573,4,2026-05-09,Completed,Head Office,223.12,3
574,3,2025-11-11,Completed,Training Center,912.61,2
574,6,2026-04-22,Completed,Training Center,162.36,1
575,3,2026-07-12,Completed,Online,582.65,3
575,3,2026-02-27,Completed,Training Center,605.0,4
577,1,2026-01-29,Completed,Online,327.21,2
577,1,2025-11-28,Completed,Online,391.88,3
578,6,2026-07-10,Completed,Head Office,218.26,1
578,1,2025-10-29,Completed,Online,861.85,3
578,6,2026-03-24,Completed,Head Office,473.88,2
579,2,2026-05-30,Completed,Online,617.94,2
579,1,2025-12-16,Completed,Head Office,834.23,3
579,1,2026-06-28,Completed,Online,849.47,5
580,5,2026-05-17,Completed,Head Office,462.24,1
580,4,2026-06-20,Completed,Online,528.3,1
580,5,2026-07-07,Completed,Online,494.51,2
581,2,2026-01-23,Completed,Training Center,561.99,3
581,6,2025-11-25,Completed,Head Office,185.57,2
581,6,2025-11-20,Completed,Online,297.51,1
581,2,2026-07-14,Completed,Online,461.74,2
581,2,2026-04-16,Completed,Head Office,805.46,2
581,6,2025-11-30,Completed,Training Center,233.07,2
582,2,2025-10-13,Incomplete,Training Center,551.32,3
582,3,2026-02-09,Completed,Training Center,664.21,4
584,4,2025-08-18,Completed,Head Office,265.4,2
584,6,2025-07-27,Completed,Online,360.09,1
585,5,2026-01-13,Completed,Online,240.05,3
585,5,2025-11-11,Completed,Training Center,111.82,2
585,4,2025-12-30,Incomplete,Head Office,511.51,2
586,6,2026-09-23,Incomplete,Online,259.63,2
586,4,2026-04-14,Completed,Head Office,548.14,1
587,5,2025-09-21,Completed,Head Office,539.87,3
587,4,2025-05-21,Incomplete,Head Office,189.31,3
590,4,2026-07-28,Completed,Online,384.0,1
590,4,2025-12-20,Completed,Training Center,465.6,3
591,6,2025-11-28,Completed,Online,201.58,1
591,6,2026-01-24,Completed,Head Office,433.27,1
591,6,2026-04-29,Incomplete,Training Center,202.48,1
591,1,2026-06-20,Completed,Online,428.96,3
592,2,2026-08-13,Completed,Training Center,528.35,2
592,5,2026-09-14,Completed,Head Office,133.78,2
592,5,2026-03-17,Completed,Online,424.18,2
593,6,2025-05-30,Completed,Head Office,420.9,1
593,1,2025-04-08,Completed,Training Center,420.4,4
593,1,2025-05-23,Incomplete,Head Office,744.02,2
595,5,2025-10-05,Completed,Head Office,399.26,1
595,4,2026-04-08,Completed,Training Center,453.19,3
597,3,2026-06-27,Completed,Online,619.45,2
597,3,2026-09-09,Completed,Training Center,594.36,3
599,4,2026-08-21,Completed,Online,219.46,3
599,5,2025-10-25,Completed,Head Office,217.31,3
599,5,2026-02-07,Completed,Head Office,315.65,2
600,5,2026-06-10,Completed,Online,533.76,3
600,5,2026-06-25,Completed,Training Center,272.24,1
601,6,2026-05-09,Completed,Online,486.98,2
601,6,2026-02-11,Completed,Head Office,199.47,1
601,2,2026-05-12,Incomplete,Head Office,530.7,4
602,1,2025-10-02,Incomplete,Online,382.03,2
602,1,2025-12-31,Completed,Head Office,786.76,5
602,6,2025-10-15,Completed,Online,253.29,1
604,5,2026-03-18,Incomplete,Training Center,337.37,3
604,4,2026-02-08,Completed,Online,409.24,1
605,6,2026-09-18,Completed,Online,345.09,2
605,6,2026-02-07,Completed,Online,469.52,1
605,6,2026-03-18,Completed,Head Office,439.6,2
605,6,2025-10-16,Completed,Training Center,471.6,1
605,3,2026-01-10,Completed,Online,784.78,3
606,2,2026-05-17,Completed,Head Office,568.59,4
606,2,2025-10-21,Completed,Training Center,929.23,4
606,5,2025-11-30,Completed,Training Center,566.7,2
608,3,2025-03-23,Incomplete,Online,821.14,4
608,4,2025-10-20,Completed,Online,104.44,1
611,3,2026-07-20,Completed,Training Center,848.0,4
611,6,2025-10-07,Completed,Training Center,254.73,2
612,1,2025-11-20,Completed,Head Office,574.35,4
612,2,2026-06-12,Completed,Training Center,945.17,4
613,3,2026-07-24,Completed,Head Office,880.47,2
613,3,2026-07-24,Completed,Online,958.81,3
613,3,2025-10-29,Completed,Head Office,644.43,4
614,5,2026-07-04,Completed,Training Center,155.47,1
614,5,2026-06-28,Completed,Online,253.8,1
614,5,2026-06-09,Completed,Online,296.49,3
615,5,2026-02-14,Incomplete,Online,493.35,1
615,2,2026-07-28,Completed,Training Center,419.97,4
616,4,2026-08-28,Incomplete,Head Office,339.08,1
616,5,2026-07-10,Completed,Training Center,398.09,2
616,6,2025-11-16,Completed,Online,262.59,2
618,4,2026-07-22,Completed,Online,509.26,1
618,4,2026-08-07,Completed,Training Center,333.36,2
618,5,2026-05-24,Completed,Head Office,146.54,1
618,5,2026-07-09,Completed,Head Office,312.25,3
618,5,2026-07-22,Completed,Head Office,211.26,1
620,4,2026-07-22,Completed,Online,378.32,1
620,5,2026-09-15,Completed,Training Center,458.32,2
620,4,2026-09-04,Completed,Head Office,324.55,1
621,5,2026-07-19,Incomplete,Training Center,348.83,2
621,5,2025-10-19,Completed,Online,177.64,1
621,4,2026-04-21,Completed,Online,580.01,2
622,4,2026-03-27,Completed,Online,579.24,3
622,6,2025-07-04,Completed,Training Center,182.77,2
622,6,2025-04-12,Completed,Online,159.05,1
623,6,2026-06-06,Completed,Head Office,201.04,1
623,6,2025-10-07,Completed,Head Office,386.54,2
623,3,2025-10-14,Completed,Training Center,683.88,3
624,5,2025-11-10,Completed,Online,361.05,1
624,5,2026-09-15,Incomplete,Head Office,153.77,2
624,5,2025-12-11,Completed,Online,532.91,1
625,2,2026-05-31,Completed,Training Center,767.32,3
625,3,2026-08-22,Completed,Training Center,585.59,3
626,5,2026-05-31,Completed,Online,598.77,3
626,5,2025-10-12,Completed,Online,118.09,2
626,5,2026-02-28,Completed,Head Office,476.82,3
626,2,2026-03-20,Completed,Head Office,852.53,3
626,5,2026-05-24,Completed,Head Office,229.25,2
626,5,2025-12-14,Completed,Training Center,222.64,1
630,1,2026-01-11,Completed,Online,612.86,5
630,1,2025-10-05,Completed,Training Center,738.08,5
630,1,2026-02-24,Completed,Training Center,566.57,5
631,5,2026-01-01,Completed,Training Center,471.98,3
631,2,2026-07-21,Completed,Head Office,986.63,2
632,5,2025-10-23,Completed,Online,124.52,3
632,4,2026-07-24,Completed,Head Office,295.16,3
632,5,2026-05-17,Completed,Head Office,554.67,3
634,5,2025-11-07,Completed,Training Center,493.87,3
634,4,2025-09-28,Completed,Training Center,114.48,3
634,5,2025-12-27,Completed,Online,282.24,2
634,6,2025-11-27,Completed,Head Office,270.01,2
635,3,2026-06-10,Completed,Training Center,769.63,2
635,2,2026-01-02,Completed,Online,990.89,3
638,2,2025-11-06,Completed,Online,828.67,2
638,3,2026-06-20,Incomplete,Head Office,936.24,3
638,2,2025-10-19,Incomplete,Training Center,760.53,3
638,3,2026-05-28,Completed,Head Office,656.75,5
638,1,2026-08-29,Incomplete,Online,424.2,3
639,1,2025-12-04,Completed,Training Center,692.38,5
639,1,2026-02-20,Completed,Training Center,792.38,5
639,1,2025-12-14,Completed,Training Center,370.96,4
641,4,2026-09-01,Completed,Training Center,284.2,3
641,5,2026-07-30,Completed,Online,332.7,2
641,2,2026-07-30,Completed,Head Office,536.09,3
641,4,2025-11-03,Completed,Training Center,185.86,1
641,2,2026-09-04,Completed,Head Office,457.3,4
643,6,2025-11-17,Completed,Training Center,387.37,2
643,1,2026-03-16,Completed,Head Office,335.97,2
644,2,2025-10-13,Completed,Online,627.06,2
644,2,2026-05-07,Completed,Online,728.95,3
645,5,2026-05-19,Completed,Training Center,102.11,2
647,1,2025-11-15,Completed,Training Center,579.74,4
647,4,2026-01-05,Completed,Head Office,488.35,2
647,1,2025-07-18,Completed,Training Center,517.41,4
647,4,2025-02-06,Completed,Online,134.94,3
648,5,2025-07-08,Completed,Online,481.52,2
648,5,2025-08-20,Completed,Head Office,482.52,1
649,2,2026-07-04,Completed,Training Center,981.21,4
649,6,2026-08-06,Incomplete,Training Center,211.14,1
649,1,2026-01-26,Completed,Online,643.87,3
650,2,2025-06-01,Completed,Online,932.01,3
650,5,2026-03-13,Completed,Online,522.42,2
652,6,2025-11-10,Completed,Training Center,384.34,1
652,4,2026-04-20,Completed,Head Office,432.38,3
652,6,2026-03-01,Completed,Online,398.36,1
653,5,2026-05-06,Completed,Online,423.0,3
653,5,2026-06-08,Completed,Online,580.96,2
653,4,2026-08-05,Completed,Online,363.86,3
653,2,2025-10-19,Completed,Training Center,741.17,3
655,6,2025-12-09,Completed,Online,304.21,1
655,6,2026-02-06,Completed,Head Office,222.15,2
655,1,2026-04-27,Completed,Training Center,495.6,4
655,6,2026-01-03,Completed,Online,347.08,1
655,6,2026-09-07,Completed,Online,248.91,2
656,5,2026-06-01,Completed,Online,273.94,1
656,5,2026-09-04,Completed,Online,366.31,3
656,5,2026-04-30,Completed,Training Center,393.4,2
659,4,2026-09-16,Completed,Training Center,178.63,1
659,4,2025-12-08,Completed,Training Center,410.44,3
659,5,2026-04-17,Completed,Head Office,109.68,1
659,5,2026-08-26,Incomplete,Online,373.62,3
661,3,2026-06-28,Completed,Head Office,678.88,5
661,1,2025-11-09,Completed,Online,476.52,5
661,3,2026-05-18,Incomplete,Head Office,698.34,5
662,2,2026-09-01,Completed,Head Office,449.27,2
662,1,2026-09-01,Completed,Head Office,448.52,5
662,6,2026-09-18,Completed,Online,222.35,2
663,6,2026-04-25,Completed,Head Office,403.07,1
663,1,2025-11-23,Completed,Online,475.2,2
663,1,2026-07-17,Incomplete,Head Office,552.41,5
664,3,2026-08-27,Incomplete,Training Center,813.77,5
664,3,2025-10-07,Completed,Head Office,754.48,4
664,3,2026-04-08,Completed,Head Office,770.74,2
665,3,2026-05-17,Completed,Training Center,677.43,5
666,4,2026-01-11,Completed,Training Center,144.31,1
666,4,2026-09-20,Completed,Online,398.89,2
666,5,2026-01-10,Completed,Head Office,362.54,2
667,4,2025-08-16,Completed,Training Center,151.54,2
667,5,2025-07-19,Completed,Training Center,419.79,1
667,4,2025-12-31,Completed,Training Center,128.67,1
669,5,2026-07-22,Completed,Online,222.88,3
669,5,2026-07-18,Completed,Online,427.22,1
671,3,2025-12-30,Completed,Head Office,777.54,4
671,2,2025-11-17,Completed,Online,827.87,2
675,1,2026-09-11,Completed,Training Center,866.78,3
675,1,2026-08-03,Completed,Head Office,395.89,5
675,6,2026-03-11,Incomplete,Training Center,373.06,2
677,5,2026-03-25,Completed,Head Office,463.56,2
677,5,2025-11-30,Completed,Online,445.18,3
677,5,2026-02-16,Incomplete,Online,364.02,2
679,2,2025-12-08,Incomplete,Online,816.96,4
679,1,2026-05-15,Completed,Training Center,307.12,3
680,1,2025-11-16,Completed,Online,417.56,4
680,2,2026-06-20,Completed,Head Office,820.43,4
682,5,2025-10-01,Incomplete,Online,430.61,3
682,2,2026-07-10,Completed,Head Office,786.88,2
683,1,2026-09-25,Completed,Online,727.31,5
683,6,2026-01-11,Completed,Head Office,185.32,2
683,2,2026-07-03,Completed,Online,700.4,2
683,1,2025-12-08,Completed,Head Office,414.13,5
684,4,2025-03-04,Completed,Head Office,312.82,2
684,2,2025-03-14,Completed,Online,855.71,3
684,5,2025-07-23,Completed,Head Office,470.36,1
684,2,2026-02-12,Incomplete,Head Office,567.33,4
686,4,2026-03-28,Completed,Head Office,301.04,2
686,6,2025-11-04,Completed,Online,292.11,1
689,3,2026-01-02,Incomplete,Training Center,644.95,4
689,6,2025-11-16,Completed,Head Office,183.36,2
690,5,2025-10-17,Completed,Online,467.91,3
690,4,2025-10-17,Completed,Head Office,312.38,2
690,5,2026-01-18,Completed,Training Center,157.64,1
690,5,2026-09-17,Completed,Training Center,477.58,1
690,2,2026-06-08,Completed,Head Office,887.94,3
691,2,2026-02-20,Completed,Head Office,692.68,2
691,1,2026-05-16,Completed,Training Center,305.56,2
691,2,2026-06-19,Completed,Training Center,763.5,3
692,6,2025-10-19,Completed,Training Center,362.51,2
692,5,2026-09-04,Completed,Head Office,188.11,3
698,4,2026-05-16,Completed,Online,190.22,2
699,3,2026-05-11,Completed,Online,788.1,3
699,3,2026-06-25,Completed,Head Office,832.4,5
701,2,2025-12-11,Completed,Training Center,935.05,4
701,1,2025-11-09,Completed,Training Center,606.89,5
701,1,2025-10-19,Completed,Head Office,917.77,2
701,1,2025-01-26,Completed,Head Office,616.85,2
701,1,2025-07-31,Completed,Online,359.54,4
702,1,2025-05-10,Completed,Head Office,681.22,3
702,1,2025-07-26,Completed,Training Center,785.33,4
702,6,2025-03-13,Completed,Training Center,381.29,2
704,1,2025-12-16,Completed,Online,562.89,2
704,1,2026-05-30,Completed,Head Office,384.58,3
704,1,2025-10-08,Completed,Training Center,312.35,4
705,1,2026-09-05,Completed,Training Center,334.0,4
705,6,2026-05-05,Completed,Training Center,453.98,1
705,6,2025-12-09,Completed,Training Center,418.71,2
707,5,2026-01-17,Completed,Online,583.47,1
707,5,2025-12-07,Completed,Training Center,299.78,1
707,2,2026-08-14,Incomplete,Head Office,669.25,3
707,5,2026-03-15,Incomplete,Training Center,348.09,3
709,5,2026-03-11,Completed,Training Center,454.95,1
709,4,2025-10-05,Completed,Head Office,185.2,2
710,2,2026-03-16,Incomplete,Online,527.28,3
710,1,2026-09-24,Completed,Online,687.16,5
710,1,2026-07-27,Completed,Training Center,477.86,2
710,6,2026-05-05,Completed,Online,187.02,2
710,6,2025-10-30,Completed,Online,325.11,2
712,5,2026-04-27,Completed,Online,562.93,3
712,5,2025-10-17,Completed,Training Center,183.09,3
712,2,2026-07-19,Completed,Training Center,793.98,2
714,5,2025-12-26,Completed,Training Center,530.98,3
714,5,2026-01-06,Completed,Online,161.32,3
714,5,2026-05-19,Completed,Online,474.16,3
715,6,2026-07-03,Incomplete,Training Center,351.16,2
715,1,2026-03-28,Incomplete,Online,877.61,4
716,6,2026-09-11,Completed,Head Office,472.34,1
716,1,2025-12-17,Completed,Head Office,719.41,4
716,6,2025-10-04,Completed,Online,261.6,2
717,5,2026-08-05,Completed,Head Office,226.35,3
717,5,2026-03-12,Completed,Training Center,306.44,2
717,4,2025-11-04,Completed,Online,397.4,2
720,5,2025-05-17,Incomplete,Training Center,432.26,3
720,4,2025-04-23,Completed,Head Office,440.38,1
720,5,2025-05-08,Completed,Training Center,245.69,1
721,5,2026-01-07,Completed,Online,551.57,3
721,5,2026-04-28,Completed,Head Office,254.34,1
721,4,2025-10-08,Completed,Training Center,374.43,2
721,5,2026-04-24,Completed,Head Office,343.24,1
722,5,2026-06-01,Completed,Training Center,323.18,1
722,5,2025-12-23,Completed,Online,171.55,1
723,5,2026-07-08,Completed,Training Center,410.19,2
723,5,2025-09-24,Completed,Online,147.03,3
723,5,2026-07-11,Completed,Head Office,454.74,1
723,2,2025-08-09,Completed,Training Center,568.63,4
724,4,2025-09-30,Completed,Head Office,579.48,2
724,4,2026-03-30,Completed,Head Office,267.43,2
724,5,2026-01-10,Completed,Online,277.97,1
724,5,2025-10-03,Completed,Training Center,286.71,2
725,3,2026-03-20,Completed,Online,518.33,2
725,6,2026-02-12,Completed,Training Center,492.77,1
725,6,2025-12-01,Completed,Training Center,165.37,2
727,3,2026-01-31,Completed,Head Office,817.55,4
727,3,2026-07-12,Completed,Head Office,642.38,2
727,3,2025-10-19,Completed,Head Office,564.6,2
727,3,2026-08-29,Completed,Training Center,788.43,4
727,2,2026-08-13,Completed,Head Office,999.68,3
727,1,2026-09-04,Completed,Head Office,675.4,4
728,5,2025-12-09,Completed,Online,429.35,1
728,5,2026-01-25,Completed,Training Center,581.07,2
729,4,2026-03-24,Completed,Training Center,445.15,3
729,2,2026-02-23,Completed,Online,632.85,2
730,2,2026-03-17,Incomplete,Head Office,690.44,4
730,3,2026-07-19,Completed,Online,698.19,5
730,1,2025-11-25,Completed,Training Center,667.33,4
731,3,2026-08-23,Completed,Online,872.79,2
731,2,2026-04-19,Completed,Training Center,828.25,3
732,5,2026-04-02,Completed,Training Center,427.91,3
733,3,2026-04-13,Completed,Head Office,581.25,2
733,3,2026-03-26,Completed,Training Center,816.99,2
733,2,2026-01-14,Completed,Online,982.26,4
733,6,2025-11-15,Incomplete,Head Office,477.8,2
734,2,2026-07-20,Completed,Online,596.13,2
734,4,2026-09-06,Completed,Online,248.85,2
734,3,2026-03-06,Completed,Head Office,718.03,4
738,5,2026-09-05,Completed,Online,136.96,1
738,5,2026-01-23,Completed,Training Center,181.76,1
741,1,2025-03-13,Incomplete,Head Office,568.2,2
741,2,2025-08-31,Completed,Training Center,906.87,2
741,1,2025-06-14,Completed,Online,553.53,4
741,1,2025-10-16,Completed,Training Center,525.09,5
742,3,2025-11-15,Incomplete,Head Office,528.07,2
742,3,2026-06-17,Completed,Head Office,948.77,3
743,6,2025-10-12,Completed,Training Center,320.69,1
743,3,2026-02-25,Completed,Training Center,573.23,2
743,6,2026-04-18,Completed,Training Center,483.71,1
743,2,2026-03-14,Incomplete,Head Office,488.01,3
744,1,2026-03-28,Incomplete,Head Office,453.96,2
744,6,2026-02-21,Completed,Training Center,243.84,2
744,4,2026-05-25,Completed,Head Office,124.58,1
744,1,2026-06-25,Completed,Training Center,543.75,3
744,1,2025-12-23,Incomplete,Head Office,513.37,2
746,5,2026-07-10,Incomplete,Training Center,149.55,2
746,4,2026-06-02,Completed,Head Office,484.69,2
747,5,2026-03-30,Completed,Online,384.21,1
747,5,2026-03-31,Completed,Training Center,104.64,2
749,5,2026-08-08,Completed,Training Center,452.01,1
749,4,2026-04-19,Completed,Training Center,449.23,1
749,4,2025-12-29,Completed,Head Office,453.69,3
749,4,2026-06-22,Completed,Online,131.64,1
749,5,2026-03-14,Completed,Online,267.35,3
749,4,2026-01-04,Completed,Online,188.57,3
752,1,2025-10-19,Completed,Online,302.35,2
752,1,2025-04-28,Completed,Online,333.16,5
754,5,2026-07-18,Incomplete,Training Center,495.1,1
754,2,2026-09-19,Completed,Online,583.93,4
754,2,2025-12-25,Completed,Online,948.44,3
754,2,2026-07-28,Completed,Training Center,580.51,2
754,5,2025-11-02,Completed,Online,495.23,2
757,6,2025-12-16,Completed,Head Office,273.96,2
757,5,2026-01-15,Completed,Training Center,334.57,2
758,4,2025-10-12,Completed,Training Center,319.09,3
758,4,2026-05-04,Completed,Training Center,545.17,1
760,4,2026-08-17,Completed,Training Center,477.08,1
760,3,2026-08-07,Completed,Online,832.86,3
760,4,2026-06-22,Completed,Head Office,222.5,3
762,6,2026-02-19,Completed,Online,454.2,1
763,1,2026-05-04,Completed,Training Center,392.48,4
763,1,2026-03-03,Completed,Online,999.34,2
764,4,2026-06-12,Completed,Training Center,587.13,2
764,5,2026-08-20,Completed,Head Office,211.98,3
766,5,2026-04-25,Completed,Head Office,196.57,1
766,5,2025-12-03,Completed,Head Office,522.59,3
769,1,2026-04-16,Completed,Online,722.92,5
769,4,2025-10-09,Completed,Training Center,486.01,2
769,1,2026-09-17,Incomplete,Training Center,886.59,3
769,1,2025-10-06,Completed,Online,879.93,3
771,5,2025-12-31,Completed,Head Office,335.82,3
771,6,2026-06-29,Completed,Online,385.95,2
772,4,2026-06-11,Completed,Head Office,439.82,1
772,1,2026-07-02,Completed,Training Center,604.55,2
775,2,2026-07-12,Completed,Head Office,466.82,2
775,6,2026-06-11,Completed,Head Office,347.92,1
775,6,2026-06-05,Completed,Online,365.0,2
776,3,2026-08-22,Completed,Head Office,654.11,2
776,2,2026-05-15,Completed,Head Office,809.92,2
776,4,2026-05-02,Completed,Online,423.34,2
780,1,2025-06-18,Completed,Online,863.46,5
780,2,2025-12-17,Completed,Training Center,750.84,2
781,5,2025-12-11,Completed,Online,423.59,3
781,5,2026-06-28,Completed,Online,164.97,3
781,5,2026-04-03,Incomplete,Head Office,141.78,2
781,5,2026-01-28,Completed,Head Office,193.91,1
781,5,2026-02-27,Completed,Online,155.73,2
783,4,2026-02-26,Completed,Online,101.97,3
783,5,2026-05-12,Completed,Head Office,598.13,1
783,5,2025-12-21,Incomplete,Head Office,310.5,1
784,1,2026-01-14,Incomplete,Training Center,681.35,4
784,1,2026-06-07,Completed,Head Office,332.88,5
784,1,2026-01-04,Incomplete,Training Center,438.34,5
785,5,2026-02-28,Completed,Head Office,187.25,3
785,4,2025-12-30,Incomplete,Head Office,108.1,2
786,4,2026-06-25,Completed,Training Center,291.94,3
786,5,2025-12-07,Completed,Head Office,386.63,1
786,4,2026-05-28,Completed,Head Office,133.4,2
786,5,2026-03-21,Completed,Head Office,587.07,3
786,5,2026-02-18,Completed,Head Office,230.72,3
787,3,2026-01-11,Completed,Training Center,818.18,5
787,3,2026-02-03,Incomplete,Online,719.36,5
789,2,2026-08-20,Completed,Training Center,796.3,4
791,6,2025-12-01,Completed,Online,209.86,2
791,6,2026-05-09,Completed,Online,179.67,2
791,1,2026-04-09,Completed,Head Office,847.9,2
792,1,2025-11-24,Incomplete,Online,343.07,2
792,6,2025-12-27,Incomplete,Online,467.26,2
793,5,2026-06-26,Completed,Training Center,316.83,3
793,4,2026-08-20,Completed,Online,354.64,1
793,5,2026-06-06,Completed,Online,178.54,3
796,5,2025-02-15,Completed,Head Office,359.26,2
796,2,2025-11-30,Completed,Head Office,863.76,2
797,1,2026-07-21,Completed,Head Office,575.87,2
797,1,2026-04-17,Incomplete,Training Center,949.71,2
799,6,2025-11-23,Incomplete,Head Office,287.92,2
799,3,2025-10-22,Completed,Online,759.3,3
799,3,2026-06-14,Completed,Training Center,715.32,5
799,2,2025-11-28,Completed,Training Center,741.36,4
800,5,2026-05-11,Completed,Online,508.98,2
800,4,2026-05-31,Completed,Training Center,143.43,1
800,4,2026-08-10,Completed,Online,334.67,1
802,6,2026-03-02,Completed,Training Center,198.62,2
802,6,2026-05-05,Completed,Training Center,365.71,2
802,6,2026-03-01,Completed,Head Office,315.38,1
803,6,2025-12-26,Completed,Head Office,416.11,1
803,3,2026-08-11,Completed,Head Office,686.68,2
804,2,2026-07-08,Completed,Head Office,522.66,4
804,2,2025-12-05,Completed,Online,626.95,3
804,1,2025-12-01,Incomplete,Head Office,844.34,5
805,5,2026-03-22,Incomplete,Online,348.32,2
806,6,2026-06-05,Completed,Training Center,449.29,2
806,1,2026-05-05,Completed,Head Office,744.1,5
807,6,2026-03-05,Incomplete,Training Center,462.47,2
807,5,2026-04-13,Completed,Online,493.06,3
808,2,2026-04-16,Completed,Online,698.76,3
809,3,2026-07-20,Completed,Online,722.21,4
809,2,2026-04-05,Completed,Training Center,560.86,4
809,2,2026-06-07,Completed,Training Center,479.22,3
809,2,2026-04-15,Completed,Head Office,533.87,4
811,1,2025-11-06,Completed,Training Center,371.82,2
811,1,2025-11-08,Completed,Head Office,829.93,3
812,6,2026-09-07,Completed,Training Center,183.98,2
812,1,2026-05-29,Completed,Online,869.95,5
812,6,2026-08-01,Completed,Training Center,455.65,2
812,1,2026-01-11,Completed,Head Office,657.33,2
813,1,2025-10-21,Completed,Online,628.86,2
813,6,2026-02-17,Completed,Head Office,417.5,2
813,1,2026-02-21,Completed,Head Office,692.92,2
815,1,2026-06-30,Completed,Online,774.3,2
815,3,2026-07-26,Completed,Head Office,807.34,2
815,3,2025-11-07,Completed,Online,508.78,3
816,1,2025-11-03,Completed,Head Office,418.62,2
817,1,2026-05-25,Completed,Head Office,728.3,3
817,1,2026-07-06,Completed,Online,796.58,2
817,1,2026-04-09,Completed,Training Center,552.89,5
819,4,2025-04-24,Completed,Online,494.83,3
819,5,2025-06-07,Completed,Head Office,358.25,1
819,2,2025-06-02,Completed,Online,587.74,2
820,3,2026-09-25,Completed,Head Office,822.39,4
820,4,2026-03-15,Completed,Head Office,550.23,3
820,3,2026-09-13,Completed,Head Office,911.65,2
823,6,2026-05-16,Completed,Online,430.25,1
823,3,2025-12-16,Completed,Training Center,711.43,5
824,1,2026-04-27,Completed,Head Office,633.58,5
824,6,2025-12-10,Completed,Online,367.67,2
824,1,2025-12-29,Incomplete,Online,816.43,5
825,3,2024-12-15,Completed,Training Center,968.87,3
825,3,2025-09-13,Incomplete,Training Center,779.58,2
827,6,2025-12-05,Incomplete,Training Center,453.9,1
827,6,2025-11-02,Completed,Training Center,342.53,1
827,3,2025-10-04,Completed,Training Center,614.54,4
827,6,2026-09-02,Completed,Head Office,395.93,1
828,1,2025-12-12,Completed,Training Center,808.67,2
828,1,2025-08-02,Incomplete,Head Office,428.2,2
828,1,2026-01-25,Completed,Training Center,783.42,3
829,6,2026-04-06,Completed,Training Center,164.73,2
829,4,2025-12-04,Completed,Head Office,139.27,3
830,3,2026-01-29,Completed,Head Office,887.73,4
830,3,2025-11-11,Completed,Training Center,607.22,4
830,3,2026-08-22,Completed,Head Office,753.22,5
832,1,2025-12-23,Completed,Online,807.2,4
832,1,2026-08-19,Completed,Training Center,772.36,4
832,1,2026-04-08,Completed,Online,510.01,3
832,6,2025-12-10,Completed,Training Center,168.05,1
832,6,2026-07-05,Completed,Head Office,201.47,2
832,1,2026-07-21,Incomplete,Training Center,462.84,4
833,6,2026-01-27,Completed,Online,187.04,1
833,3,2026-08-13,Completed,Online,614.89,5
833,6,2026-07-15,Completed,Head Office,171.14,2
833,6,2026-02-24,Completed,Training Center,389.24,1
834,2,2026-02-02,Completed,Training Center,413.66,4
834,1,2025-11-03,Completed,Head Office,633.91,3
834,1,2025-12-15,Completed,Training Center,316.56,5
836,2,2026-07-18,Completed,Online,794.21,3
836,3,2026-08-28,Incomplete,Head Office,713.36,4
836,3,2026-05-09,Completed,Training Center,826.44,4
837,6,2026-03-15,Completed,Online,213.75,1
837,4,2026-04-17,Incomplete,Head Office,228.93,2
837,6,2026-05-07,Completed,Head Office,286.16,2
838,6,2025-11-10,Completed,Head Office,471.58,1
838,6,2026-01-01,Completed,Head Office,309.12,1
838,2,2026-09-03,Incomplete,Online,677.44,4
840,5,2024-11-13,Incomplete,Online,281.78,2
840,2,2025-08-03,Incomplete,Training Center,733.03,4
840,5,2025-03-12,Completed,Head Office,193.77,3
842,4,2026-05-19,Completed,Head Office,356.62,1
842,2,2026-03-30,Completed,Online,730.66,2
842,2,2026-04-21,Completed,Online,567.52,3
843,3,2026-09-04,Completed,Training Center,789.12,2
843,3,2026-01-27,Completed,Head Office,855.73,2
843,3,2026-01-25,Incomplete,Training Center,629.96,3
844,2,2026-08-19,Completed,Online,508.49,3
844,1,2025-10-10,Completed,Head Office,834.7,2
844,1,2026-04-12,Completed,Online,915.49,2
845,2,2026-07-14,Completed,Head Office,884.43,3
845,6,2026-05-20,Incomplete,Online,448.52,2
845,3,2026-07-08,Incomplete,Training Center,785.5,4
846,5,2026-04-02,Completed,Head Office,315.4,3
846,2,2026-06-01,Completed,Head Office,545.5,3
847,4,2026-06-14,Completed,Online,568.37,2
848,1,2025-11-22,Incomplete,Training Center,671.47,2
848,2,2026-04-30,Completed,Online,731.73,3
850,2,2026-04-12,Completed,Head Office,843.18,2
850,6,2026-02-10,Completed,Head Office,307.05,2
850,1,2026-06-24,Completed,Training Center,555.44,2
850,1,2026-08-16,Completed,Head Office,450.91,4
850,1,2026-06-08,Completed,Head Office,590.24,3
850,1,2026-05-14,Completed,Online,541.63,2
851,4,2026-08-17,Completed,Online,293.29,3
851,3,2026-09-12,Completed,Online,978.26,3
852,5,2026-08-06,Completed,Training Center,213.93,3
852,6,2026-06-27,Completed,Head Office,398.02,1
854,1,2026-08-14,Completed,Head Office,713.29,4
854,6,2026-08-08,Completed,Head Office,387.34,1
854,1,2026-03-19,Completed,Training Center,336.31,4
855,5,2026-05-29,Completed,Head Office,147.21,3
855,4,2026-08-18,Completed,Online,186.37,1
855,5,2026-07-14,Completed,Training Center,292.79,2
855,5,2026-05-30,Completed,Training Center,425.99,1
855,5,2026-03-26,Completed,Training Center,434.44,2
856,2,2025-10-26,Completed,Online,446.31,2
856,1,2026-09-09,Completed,Training Center,359.27,2
856,6,2026-09-04,Completed,Training Center,213.63,1
857,4,2026-09-16,Incomplete,Head Office,553.15,3
859,5,2025-10-18,Completed,Training Center,246.23,2
859,5,2026-06-14,Completed,Online,161.72,3
859,5,2025-12-19,Completed,Training Center,169.66,2
861,1,2025-11-18,Completed,Head Office,324.76,2
861,2,2025-12-12,Completed,Head Office,559.21,4
861,6,2025-12-03,Completed,Head Office,439.67,2
862,4,2026-07-25,Incomplete,Training Center,463.88,2
862,5,2026-07-10,Completed,Head Office,578.32,3
862,4,2026-01-26,Completed,Online,450.64,1
864,4,2026-08-28,Completed,Head Office,409.56,1
864,2,2026-04-04,Completed,Training Center,964.03,3
865,1,2026-03-28,Completed,Training Center,382.1,3
865,6,2026-01-17,Completed,Online,363.78,1
865,1,2025-10-02,Completed,Training Center,814.83,2
867,6,2026-08-02,Completed,Head Office,191.41,1
867,6,2025-11-24,Completed,Head Office,195.0,2
867,3,2026-07-22,Completed,Head Office,539.86,3
868,5,2025-11-21,Incomplete,Head Office,361.67,2
868,4,2026-04-05,Completed,Online,138.34,3
869,4,2026-03-20,Completed,Training Center,458.79,1
869,6,2026-03-09,Completed,Head Office,497.87,2
869,3,2025-10-15,Completed,Training Center,719.43,4
869,6,2026-06-19,Completed,Head Office,427.42,2
869,4,2025-10-24,Completed,Head Office,331.56,3
869,4,2026-08-03,Completed,Online,364.36,2
872,3,2026-03-13,Completed,Head Office,737.09,2
872,6,2026-07-05,Completed,Training Center,320.67,1
874,6,2026-01-02,Completed,Online,250.39,2
874,1,2026-02-04,Completed,Training Center,778.6,2
875,1,2025-10-14,Completed,Head Office,970.88,3
875,1,2026-01-30,Completed,Training Center,394.11,4
878,4,2025-11-11,Completed,Head Office,402.15,1
878,4,2026-05-31,Completed,Training Center,242.36,2
878,3,2026-09-11,Completed,Training Center,917.43,2
879,5,2026-08-02,Completed,Training Center,344.7,2
879,4,2026-08-02,Completed,Head Office,421.09,3
879,5,2026-03-07,Incomplete,Head Office,524.43,1
880,3,2026-07-05,Completed,Head Office,505.41,5
880,6,2026-09-15,Completed,Online,346.31,1
881,1,2025-03-20,Completed,Training Center,309.84,3
881,6,2025-11-08,Completed,Training Center,267.22,2
881,2,2025-07-20,Completed,Training Center,815.22,3
882,1,2026-02-19,Incomplete,Head Office,725.35,5
882,1,2026-09-10,Completed,Training Center,324.81,2
885,5,2026-04-07,Completed,Online,208.79,2
887,1,2026-05-07,Completed,Training Center,787.66,2
887,1,2025-10-20,Completed,Head Office,597.75,3
888,1,2026-09-13,Completed,Head Office,402.66,2
888,1,2026-06-21,Completed,Training Center,945.91,3
889,5,2025-12-08,Completed,Head Office,541.31,2
889,5,2026-03-17,Incomplete,Online,185.85,1
889,4,2026-07-15,Completed,Training Center,317.04,1
893,5,2026-01-03,Completed,Head Office,132.74,1
893,5,2026-08-19,Completed,Training Center,424.38,1
893,5,2026-03-14,Completed,Online,266.82,3
894,1,2025-12-26,Completed,Head Office,504.49,2
895,1,2026-02-24,Completed,Online,599.56,5
895,6,2026-08-09,Completed,Training Center,202.02,2
896,4,2026-01-15,Completed,Head Office,182.62,1
896,5,2025-04-04,Completed,Online,286.21,3
896,5,2025-02-27,Completed,Training Center,137.82,1
897,4,2026-07-22,Incomplete,Training Center,484.38,3
897,5,2026-07-04,Incomplete,Head Office,460.87,3
897,4,2025-11-03,Completed,Head Office,446.45,1
899,2,2026-08-31,Completed,Training Center,931.91,3
899,6,2025-11-13,Completed,Training Center,330.07,2
900,5,2026-03-19,Completed,Online,477.62,3
900,5,2026-08-01,Completed,Online,125.3,1
900,5,2026-03-25,Completed,Training Center,227.96,2
902,5,2026-06-04,Completed,Online,283.65,3
902,5,2026-05-11,Completed,Head Office,211.48,2
903,2,2025-10-15,Completed,Training Center,654.4,3
903,4,2026-05-08,Completed,Training Center,467.17,3
904,5,2026-03-02,Completed,Training Center,299.5,3
904,5,2026-07-17,Completed,Training Center,126.96,2
905,3,2025-10-04,Completed,Head Office,922.79,5
905,2,2026-03-16,Completed,Online,819.38,4
905,3,2026-01-06,Incomplete,Head Office,616.6,5
909,6,2026-08-17,Completed,Training Center,159.86,2
909,6,2025-11-27,Completed,Head Office,495.81,1
910,4,2026-03-07,Completed,Online,359.99,3
910,6,2026-03-16,Incomplete,Training Center,320.44,1
910,4,2026-08-18,Completed,Head Office,235.65,1
910,6,2026-09-25,Completed,Head Office,273.63,1
911,4,2026-02-25,Completed,Online,384.87,1
911,1,2025-12-18,Completed,Online,928.94,2
912,6,2026-07-29,Completed,Training Center,419.83,2
912,6,2026-05-03,Completed,Training Center,404.55,1
912,1,2025-12-31,Completed,Training Center,414.91,4
912,6,2026-07-11,Completed,Online,299.76,1
912,4,2026-05-17,Completed,Online,394.62,2
916,5,2026-01-30,Completed,Online,530.06,1
916,4,2026-08-22,Completed,Training Center,315.56,3
916,2,2025-12-09,Completed,Head Office,909.32,3
918,1,2025-01-03,Completed,Online,407.37,4
918,1,2025-04-29,Completed,Training Center,715.21,3
918,4,2025-02-03,Completed,Head Office,550.98,2
920,6,2026-07-17,Completed,Head Office,382.53,1
920,3,2025-12-31,Completed,Online,666.65,5
922,4,2025-11-19,Incomplete,Online,208.54,3
922,5,2026-04-24,Completed,Training Center,218.35,1
922,4,2026-05-27,Completed,Head Office,290.33,1
923,1,2025-09-02,Completed,Head Office,894.18,5
923,1,2025-01-18,Incomplete,Online,370.8,2
923,6,2024-12-27,Completed,Online,151.31,2
924,5,2025-10-24,Completed,Head Office,528.75,3
924,5,2026-08-22,Completed,Online,243.35,2
925,4,2025-12-22,Completed,Online,436.95,2
925,4,2025-12-05,Completed,Training Center,589.23,1
925,4,2026-01-20,Completed,Training Center,214.22,2
926,6,2025-09-20,Completed,Online,420.68,1
926,2,2026-05-26,Incomplete,Online,445.91,4
926,6,2025-11-18,Completed,Online,213.51,1
927,1,2025-07-06,Completed,Online,595.35,5
930,1,2026-09-07,Completed,Online,449.19,2
930,1,2026-05-02,Completed,Online,995.88,2
932,6,2024-12-17,Completed,Online,285.73,1
932,6,2025-08-29,Completed,Online,309.7,2
933,6,2026-03-18,Completed,Online,316.19,1
933,1,2026-07-06,Completed,Online,961.78,3
934,1,2026-07-25,Completed,Online,616.28,2
934,4,2026-08-08,Completed,Online,199.51,3
934,1,2026-01-15,Completed,Online,441.89,2
936,5,2026-06-25,Completed,Training Center,523.0,1
936,4,2026-08-20,Completed,Online,506.46,3
936,4,2026-02-15,Completed,Head Office,159.12,2
936,5,2025-11-04,Completed,Online,331.31,3
936,4,2026-05-21,Completed,Head Office,275.68,1
936,2,2026-08-02,Completed,Head Office,831.34,2
939,2,2026-04-24,Completed,Training Center,755.52,3
940,5,2026-02-25,Completed,Training Center,326.81,3
940,6,2026-06-05,Completed,Online,282.01,2
940,4,2026-04-20,Completed,Training Center,554.17,1
941,4,2026-07-23,Completed,Training Center,389.67,3
941,5,2026-07-24,Completed,Head Office,306.57,1
942,5,2026-08-21,Completed,Online,479.66,1
942,4,2025-10-06,Completed,Training Center,383.64,2
944,6,2026-05-28,Incomplete,Training Center,254.92,1
944,6,2026-06-18,Completed,Online,174.25,2
944,4,2025-11-19,Completed,Online,477.29,2
945,1,2026-07-30,Completed,Training Center,654.77,3
945,6,2026-06-18,Completed,Online,150.55,1
947,5,2026-06-15,Incomplete,Online,122.39,1
947,4,2026-04-07,Completed,Online,104.07,2
949,6,2026-05-15,Completed,Training Center,215.93,1
949,6,2026-06-14,Completed,Head Office,384.21,1
949,6,2026-01-29,Completed,Online,208.29,1
949,6,2026-01-09,Completed,Head Office,409.03,2
949,6,2026-01-19,Completed,Head Office,331.45,2
949,2,2025-12-07,Incomplete,Head Office,959.94,3
950,1,2025-09-27,Completed,Online,750.65,2
950,3,2025-12-21,Completed,Training Center,662.57,5
950,2,2026-02-17,Completed,Online,571.44,4
951,1,2026-03-16,Completed,Online,388.74,2
951,1,2026-08-13,Completed,Online,486.86,4
951,1,2026-08-06,Incomplete,Training Center,311.05,4
952,4,2025-03-19,Completed,Head Office,367.39,2
952,5,2025-05-26,Completed,Online,188.01,2
954,5,2026-08-03,Completed,Training Center,283.87,3
954,5,2026-08-17,Completed,Head Office,372.87,1
956,4,2026-07-14,Incomplete,Online,597.69,1
956,4,2026-07-28,Completed,Head Office,275.74,2
957,6,2026-07-27,Completed,Training Center,163.54,1
957,6,2026-05-06,Completed,Online,281.91,2
957,6,2025-12-01,Completed,Training Center,367.07,1
958,4,2026-04-29,Completed,Online,257.19,3
958,1,2026-06-29,Completed,Head Office,857.13,2
958,1,2025-09-30,Completed,Online,858.72,4
958,1,2026-06-04,Completed,Training Center,479.06,5
958,4,2026-02-12,Completed,Head Office,328.55,2
958,1,2026-09-22,Completed,Training Center,732.49,5
959,5,2025-11-13,Completed,Training Center,525.66,3
959,4,2025-04-03,Incomplete,Training Center,508.19,2
959,4,2025-11-07,Incomplete,Online,470.77,2
960,6,2026-03-13,Completed,Head Office,216.76,2
960,1,2025-08-04,Completed,Online,883.36,4
961,6,2026-01-08,Completed,Online,372.41,2
961,6,2026-08-15,Incomplete,Head Office,275.72,2
964,6,2025-12-12,Completed,Online,233.95,1
964,1,2025-12-24,Completed,Online,601.97,2
966,6,2026-03-29,Completed,Online,305.11,1
966,2,2025-10-26,Completed,Head Office,853.79,3
967,5,2025-03-19,Completed,Head Office,344.49,2
967,4,2025-03-12,Completed,Online,154.61,1
967,4,2025-12-01,Completed,Training Center,266.12,3
967,5,2025-10-16,Incomplete,Training Center,151.93,1
967,5,2025-03-13,Completed,Training Center,225.13,2
967,5,2025-11-26,Completed,Online,198.0,2
969,5,2026-04-16,Completed,Training Center,194.32,2
969,6,2026-09-03,Incomplete,Head Office,449.95,1
969,5,2025-11-26,Completed,Training Center,129.83,3
970,2,2025-10-31,Completed,Head Office,612.18,3
970,5,2025-09-14,Completed,Head Office,227.65,2
972,4,2025-12-21,Completed,Training Center,577.71,2
972,1,2026-06-27,Completed,Head Office,573.79,3
972,4,2025-10-15,Incomplete,Online,208.92,2
972,1,2026-01-31,Completed,Online,314.92,4
972,6,2026-05-23,Incomplete,Training Center,270.65,1
974,5,2026-04-30,Completed,Training Center,485.02,1
974,5,2025-11-21,Completed,Online,365.92,2
974,4,2026-09-14,Completed,Online,501.98,2
974,5,2026-08-28,Completed,Training Center,402.24,3
974,5,2026-05-07,Completed,Online,352.24,2
975,5,2025-11-16,Completed,Head Office,378.89,3
975,5,2026-07-02,Completed,Head Office,354.57,1
975,4,2025-11-07,Completed,Online,262.6,3
976,3,2026-04-19,Incomplete,Training Center,543.04,5
976,2,2026-05-20,Completed,Online,425.88,3
977,6,2025-11-30,Completed,Head Office,496.5,1
977,1,2025-01-26,Incomplete,Training Center,526.51,5
977,6,2025-10-20,Completed,Head Office,369.97,2
977,1,2025-02-04,Completed,Training Center,466.63,4
981,3,2025-12-30,Completed,Online,695.13,4
981,3,2026-02-14,Completed,Online,573.05,4
981,3,2026-08-16,Completed,Online,804.43,5
982,4,2026-05-19,Completed,Training Center,108.67,1
982,5,2025-12-07,Completed,Online,183.56,3
983,5,2026-05-14,Completed,Training Center,135.77,3
984,5,2026-05-08,Completed,Online,199.61,3
984,2,2026-09-06,Completed,Head Office,798.32,2
985,5,2026-05-17,Completed,Head Office,188.22,2
985,4,2026-01-23,Completed,Training Center,340.16,2
985,4,2025-09-30,Completed,Head Office,292.21,2
986,2,2025-10-20,Completed,Head Office,433.97,3
986,5,2025-11-16,Completed,Head Office,370.94,2
987,2,2025-10-09,Completed,Online,823.47,3
987,6,2026-01-11,Completed,Head Office,191.99,1
987,6,2026-09-18,Completed,Head Office,401.74,1
990,5,2026-03-23,Completed,Training Center,597.0,2
990,4,2026-01-04,Completed,Head Office,244.29,3
990,4,2025-12-02,Completed,Head Office,319.7,1
992,3,2026-08-16,Completed,Training Center,904.77,3
992,4,2025-09-28,Completed,Online,295.0,1
994,1,2025-05-12,Completed,Training Center,757.83,2
994,1,2025-11-04,Completed,Training Center,474.32,3
994,1,2025-06-23,Completed,Online,830.67,4
994,2,2025-07-29,Completed,Head Office,944.57,2
994,6,2025-10-18,Completed,Training Center,266.1,1
995,1,2026-06-13,Completed,Head Office,772.28,5
995,1,2026-08-07,Completed,Head Office,540.26,3
995,2,2026-07-20,Completed,Head Office,709.5,2
995,6,2026-06-11,Completed,Online,154.54,1
996,1,2026-02-05,Completed,Head Office,650.15,4
996,1,2026-08-29,Completed,Training Center,931.95,5
997,2,2026-06-08,Incomplete,Training Center,859.21,3
998,5,2026-05-29,Completed,Head Office,530.13,3
998,6,2026-01-22,Completed,Online,334.89,2
999,3,2026-02-25,Completed,Head Office,512.33,5
999,3,2026-02-25,Completed,Head Office,502.11,5
1001,6,2026-01-17,Completed,Online,310.58,1
1001,1,2026-02-14,Completed,Head Office,655.08,4
1002,1,2025-11-27,Completed,Head Office,423.3,5
1002,1,2025-11-21,Completed,Training Center,611.81,3
1004,6,2026-02-03,Completed,Head Office,164.15,2
1004,2,2025-10-25,Completed,Head Office,776.98,2
1005,3,2025-12-08,Completed,Training Center,669.61,5
1005,3,2025-10-28,Completed,Head Office,814.52,2
1007,3,2026-05-23,Incomplete,Head Office,601.15,2
1007,6,2026-04-09,Completed,Training Center,457.49,2
1007,3,2026-03-08,Completed,Head Office,917.12,3
1009,3,2026-05-15,Incomplete,Online,749.26,3
1009,6,2025-12-03,Completed,Head Office,445.32,1
1009,6,2025-10-10,Completed,Online,312.02,1
1009,6,2026-02-24,Completed,Head Office,213.22,1
1009,3,2026-07-15,Completed,Training Center,780.55,4
1009,3,2026-01-02,Completed,Training Center,543.69,3
1010,1,2025-10-20,Completed,Training Center,808.35,2
1010,1,2026-04-12,Incomplete,Online,916.0,2
1011,3,2026-04-09,Completed,Online,577.93,4
1012,1,2026-09-01,Completed,Head Office,623.21,4
1012,6,2026-03-17,Completed,Training Center,478.47,1
1013,2,2025-12-21,Incomplete,Training Center,718.83,2
1013,6,2026-07-11,Incomplete,Online,463.91,1
1014,5,2026-08-29,Completed,Online,549.71,1
1014,5,2026-06-17,Completed,Training Center,190.97,1
1014,5,2025-12-04,Completed,Training Center,227.24,3
1015,2,2025-10-04,Completed,Online,593.8,2
1015,3,2026-04-20,Completed,Training Center,875.42,4
1015,2,2026-04-30,Completed,Online,858.27,2
1015,3,2025-10-15,Completed,Training Center,687.32,2
1016,1,2026-04-12,Completed,Online,854.29,3
1016,1,2026-03-18,Incomplete,Head Office,669.38,4
1017,1,2026-05-31,Completed,Online,778.33,2
1017,4,2026-03-29,Incomplete,Training Center,582.98,2
1017,4,2026-05-04,Completed,Training Center,189.23,3
1018,6,2026-01-11,Completed,Training Center,232.53,1
1018,6,2026-08-19,Incomplete,Online,499.23,2
1019,1,2026-03-08,Completed,Training Center,981.97,2
1019,6,2025-10-22,Completed,Online,156.37,2
1019,1,2026-04-12,Completed,Training Center,602.33,4
1024,5,2025-11-08,Completed,Online,433.51,2
1024,6,2026-05-05,Completed,Online,442.74,1
1024,6,2026-02-25,Completed,Head Office,456.59,1
1025,6,2025-12-18,Completed,Online,432.84,1
1025,6,2026-08-06,Completed,Training Center,445.06,2
1025,6,2026-07-07,Completed,Training Center,224.55,1
1025,3,2026-04-10,Completed,Training Center,516.13,4
1025,3,2026-05-01,Completed,Training Center,983.04,4
1025,6,2026-03-18,Completed,Head Office,179.46,2
1026,3,2026-07-18,Completed,Head Office,718.75,2
1026,2,2026-07-31,Completed,Training Center,554.51,3
1026,2,2026-03-22,Completed,Training Center,673.34,4
1027,6,2026-09-17,Completed,Training Center,407.64,1
1027,6,2025-10-25,Incomplete,Training Center,166.31,2
1028,6,2026-09-11,Completed,Online,388.85,2
1028,1,2025-09-27,Completed,Training Center,656.52,4
1028,6,2026-09-13,Completed,Online,186.28,1
1028,1,2025-12-08,Completed,Online,467.8,5
1029,2,2025-09-26,Completed,Training Center,406.8,4
1029,3,2026-05-23,Completed,Online,687.71,4
1029,3,2026-05-31,Incomplete,Training Center,645.33,2
1030,4,2026-04-11,Completed,Training Center,376.22,1
1030,1,2026-03-28,Completed,Online,830.55,3
1030,1,2026-08-01,Completed,Head Office,673.91,3
1030,1,2026-09-15,Completed,Online,955.64,5
1030,1,2026-02-22,Completed,Head Office,479.22,4
1032,6,2026-03-26,Completed,Online,479.05,2
1032,6,2026-01-31,Completed,Head Office,496.51,1
1032,6,2025-10-12,Incomplete,Head Office,370.17,1
1032,3,2025-12-26,Completed,Head Office,989.66,3
1033,5,2025-08-27,Completed,Online,189.27,1
1033,6,2026-03-10,Completed,Training Center,170.87,1
1034,5,2026-02-20,Completed,Online,420.14,3
1034,6,2026-08-10,Completed,Head Office,411.55,2
1034,4,2026-08-04,Completed,Online,296.33,1
1035,1,2026-06-22,Incomplete,Head Office,442.87,2
1035,2,2026-04-23,Incomplete,Online,588.28,2
1035,2,2026-08-01,Completed,Head Office,821.63,2
1036,5,2026-09-11,Completed,Head Office,338.43,2
1037,2,2025-07-19,Completed,Head Office,861.23,4
1037,4,2025-07-29,Completed,Head Office,360.02,3
1037,5,2025-07-18,Completed,Head Office,464.36,2
1037,2,2026-02-15,Completed,Online,799.93,4
1037,4,2025-04-13,Completed,Training Center,384.72,2
1037,5,2025-10-28,Completed,Training Center,307.65,3
1038,3,2025-12-12,Completed,Training Center,713.57,2
1038,3,2025-09-14,Completed,Head Office,832.63,2
1038,3,2025-04-27,Completed,Training Center,974.14,4
1039,5,2025-12-09,Completed,Head Office,378.92,1
1039,5,2026-06-09,Completed,Training Center,448.53,1
1040,5,2026-01-29,Completed,Head Office,561.8,2
1040,4,2025-11-16,Completed,Training Center,146.97,1
1040,4,2026-07-23,Completed,Training Center,589.71,3
1042,1,2025-05-20,Completed,Training Center,624.3,2
1043,3,2025-10-01,Completed,Training Center,820.38,2
1043,3,2026-01-13,Incomplete,Training Center,756.25,3
1044,4,2025-12-18,Completed,Head Office,486.28,3
1044,5,2026-04-11,Completed,Training Center,435.03,3
1045,3,2025-12-13,Completed,Head Office,577.87,5
1045,3,2026-01-29,Completed,Online,828.24,2
1045,3,2026-05-23,Completed,Training Center,760.86,5
1045,3,2026-06-20,Completed,Head Office,547.56,3
1046,1,2026-07-16,Completed,Head Office,387.42,3
1046,6,2026-08-09,Completed,Head Office,477.24,2
1047,5,2026-02-16,Completed,Training Center,490.32,3
1047,5,2026-09-23,Incomplete,Online,457.55,2
1048,4,2026-08-12,Completed,Training Center,390.48,3
1049,4,2026-07-30,Completed,Head Office,303.11,2
1049,4,2025-12-26,Completed,Head Office,387.14,2
1049,3,2025-11-19,Completed,Training Center,648.89,2
1050,5,2026-05-08,Completed,Online,382.27,3
1050,4,2026-03-01,Completed,Online,153.74,1
1052,1,2025-07-13,Completed,Online,685.09,2
1052,6,2025-07-06,Completed,Training Center,168.29,1
1052,1,2025-08-02,Completed,Training Center,836.91,4
1053,6,2024-12-21,Completed,Online,359.82,2
1053,1,2025-05-12,Completed,Head Office,844.76,2
1055,5,2026-01-02,Completed,Training Center,101.31,2
1055,5,2026-01-02,Completed,Online,124.51,2
1056,5,2026-04-17,Incomplete,Training Center,151.52,2
1056,5,2026-04-10,Completed,Online,564.15,1
1056,4,2026-08-28,Completed,Online,431.51,3
1056,5,2026-08-08,Completed,Training Center,285.4,3
1056,4,2026-09-08,Completed,Head Office,196.13,2
1060,1,2026-05-22,Completed,Training Center,759.84,5
1060,2,2026-07-29,Completed,Online,480.82,4
1061,3,2026-06-22,Completed,Online,578.38,5
1061,3,2026-01-02,Incomplete,Online,750.59,3
1062,4,2026-09-03,Completed,Online,564.9,3
1062,5,2025-12-16,Completed,Online,498.49,2
1062,5,2026-06-23,Completed,Online,585.96,3
1066,5,2025-11-18,Incomplete,Training Center,119.02,2
1066,5,2026-08-01,Completed,Head Office,382.71,3
1066,5,2026-08-13,Completed,Training Center,541.21,2
1068,1,2026-06-18,Completed,Head Office,420.34,4
1068,1,2026-08-21,Completed,Head Office,553.76,5
1068,1,2026-07-29,Completed,Head Office,755.23,4
1068,1,2026-01-18,Completed,Training Center,906.62,3
1068,2,2025-10-18,Completed,Head Office,541.95,4
1070,5,2026-08-17,Completed,Online,238.84,3
1070,5,2025-12-07,Completed,Online,235.1,1
1070,4,2026-04-27,Completed,Training Center,462.5,1
1070,4,2026-04-20,Completed,Head Office,544.63,1
1071,6,2026-07-02,Completed,Online,327.64,1
1071,1,2026-09-19,Incomplete,Training Center,407.08,2
1071,1,2026-09-01,Completed,Head Office,743.74,3
1071,6,2025-11-09,Completed,Head Office,221.6,2
1073,6,2026-09-07,Completed,Online,176.95,1
1073,3,2026-04-01,Completed,Online,736.83,4
1074,4,2026-06-23,Completed,Online,261.52,1
1074,2,2026-07-25,Completed,Online,667.53,2
1074,4,2026-05-05,Completed,Online,233.49,2
1076,5,2025-12-13,Completed,Training Center,294.43,2
1076,5,2025-11-12,Completed,Training Center,250.28,3
1076,5,2026-02-10,Incomplete,Online,522.61,1
1076,4,2025-11-19,Completed,Training Center,344.42,3
1076,4,2026-08-13,Completed,Online,128.03,3
1077,5,2025-07-09,Completed,Training Center,522.15,3
1077,5,2026-01-06,Completed,Training Center,350.0,1
1077,4,2025-04-20,Completed,Training Center,474.75,1
1079,6,2026-08-13,Completed,Online,468.98,2
1079,6,2025-08-27,Completed,Head Office,298.39,1
1079,1,2025-10-11,Completed,Training Center,565.66,5
1079,1,2026-07-04,Completed,Head Office,569.94,4
1079,6,2026-07-16,Completed,Head Office,298.9,2
1079,6,2026-03-13,Completed,Training Center,289.9,2
1080,1,2026-09-08,Incomplete,Online,482.48,5
1080,1,2025-12-19,Completed,Online,572.02,3
1081,1,2025-02-12,Completed,Head Office,725.39,4
1081,1,2025-01-27,Completed,Online,631.02,3
1082,5,2026-01-12,Completed,Online,275.54,3
1082,5,2025-04-06,Completed,Head Office,565.64,3
1083,6,2026-07-29,Incomplete,Training Center,491.45,2
1083,1,2026-03-15,Completed,Online,845.09,5
1084,3,2025-10-09,Incomplete,Online,536.56,2
1085,2,2025-11-19,Completed,Training Center,568.9,3
1085,1,2026-07-15,Completed,Training Center,580.87,2
1085,1,2026-04-15,Incomplete,Training Center,972.84,4
1088,5,2025-10-05,Completed,Training Center,513.69,1
1088,6,2025-10-17,Completed,Head Office,343.38,1
1088,5,2025-12-17,Completed,Training Center,345.85,3
1088,6,2026-07-08,Incomplete,Head Office,299.64,1
1092,5,2026-06-27,Completed,Online,464.38,2
1092,5,2026-02-03,Completed,Training Center,275.5,3
1092,6,2026-08-23,Completed,Online,286.55,1
1092,5,2026-04-09,Completed,Online,290.78,3
1092,5,2026-06-28,Completed,Training Center,458.96,1
1092,6,2026-02-05,Completed,Online,430.13,1
1094,1,2026-06-26,Completed,Online,336.77,5
1094,1,2025-10-19,Completed,Online,963.17,4
1094,1,2026-08-19,Completed,Online,678.41,2
1094,4,2026-02-13,Incomplete,Head Office,410.07,1
1096,3,2025-11-10,Completed,Online,827.01,3
1096,6,2026-07-14,Completed,Training Center,475.74,1
1096,6,2026-02-09,Completed,Training Center,439.03,1
1096,6,2026-06-08,Completed,Head Office,291.34,2
1097,1,2026-03-08,Completed,Head Office,657.33,3
1097,6,2025-12-25,Completed,Online,380.46,1
1097,2,2026-02-22,Completed,Head Office,664.89,3
1097,1,2026-08-15,Completed,Head Office,879.34,2
1098,4,2025-03-01,Completed,Training Center,192.12,2
1099,5,2026-01-14,Completed,Head Office,181.72,3
1099,4,2025-11-16,Completed,Online,159.24,1
1100,5,2025-08-26,Completed,Head Office,331.69,3
1100,2,2025-02-25,Completed,Training Center,757.62,2
1101,1,2025-06-07,Completed,Online,827.22,2
1101,1,2025-05-26,Completed,Head Office,548.11,4
1101,1,2025-07-15,Completed,Online,306.97,5
1101,1,2026-02-20,Completed,Head Office,673.55,4
1102,1,2025-12-29,Completed,Head Office,924.37,3
1102,1,2026-06-11,Completed,Head Office,545.78,4
1102,1,2026-03-25,Completed,Training Center,955.49,2
1102,6,2026-02-04,Completed,Online,344.07,2
1102,6,2026-05-27,Completed,Head Office,274.12,2
1103,6,2026-08-09,Completed,Online,407.16,2
1105,4,2026-03-11,Completed,Online,474.46,2
1105,5,2026-05-27,Completed,Training Center,217.99,2
1105,5,2025-11-06,Completed,Head Office,178.63,3
1105,5,2026-05-19,Incomplete,Head Office,214.42,2
1105,5,2026-08-13,Completed,Online,303.31,1
1106,1,2026-07-18,Completed,Head Office,625.43,3
1106,1,2026-04-22,Incomplete,Training Center,415.69,3
1106,1,2026-02-21,Completed,Online,657.41,5
1109,3,2026-05-15,Completed,Head Office,650.51,5
1109,2,2026-05-22,Completed,Head Office,771.94,4
1109,3,2026-09-07,Incomplete,Training Center,782.15,3
1111,1,2025-06-05,Incomplete,Training Center,468.04,3
1111,6,2026-05-18,Incomplete,Training Center,348.74,2
1113,2,2025-12-13,Completed,Head Office,792.97,2
1113,5,2025-10-18,Completed,Head Office,214.03,2
1113,5,2025-11-24,Completed,Online,546.88,3
1113,2,2026-02-07,Completed,Online,966.07,2
1114,5,2026-05-03,Completed,Training Center,386.8,2
1114,5,2026-06-01,Completed,Online,248.24,1
1114,5,2026-09-09,Completed,Training Center,120.47,1
1115,1,2026-03-22,Completed,Online,761.68,5
1115,6,2026-03-01,Completed,Head Office,173.26,2
1116,3,2026-03-31,Completed,Online,659.42,3
1116,3,2026-03-18,Completed,Online,933.36,2
1116,3,2026-06-08,Completed,Training Center,530.87,2
1117,5,2026-06-30,Completed,Training Center,514.12,1
1117,4,2026-07-08,Completed,Training Center,544.66,3
1118,6,2026-07-09,Completed,Head Office,344.72,1
1118,5,2025-12-12,Completed,Online,184.65,1
1118,5,2025-10-16,Incomplete,Training Center,289.47,3
1118,5,2025-12-22,Completed,Training Center,417.23,3
1119,5,2026-08-12,Completed,Online,438.68,2
1119,2,2026-09-02,Completed,Head Office,875.84,4
1120,2,2025-11-28,Completed,Training Center,532.9,4
1121,3,2025-10-04,Completed,Online,923.55,2
1121,6,2026-01-29,Completed,Head Office,454.22,2
1121,6,2026-07-05,Completed,Online,198.37,2
1124,3,2025-11-02,Completed,Online,612.64,2
1124,3,2026-03-15,Completed,Online,744.38,2
1124,3,2026-01-22,Completed,Online,598.82,5
1125,5,2026-07-16,Completed,Head Office,217.51,1
1125,5,2025-10-31,Completed,Head Office,221.88,1
1126,6,2026-04-09,Completed,Training Center,334.3,2
1127,5,2025-10-17,Incomplete,Online,341.64,1
1127,4,2025-11-04,Incomplete,Head Office,274.09,2
1127,6,2026-04-04,Completed,Head Office,265.78,2
1127,5,2025-12-20,Completed,Training Center,152.48,3
1128,3,2025-10-08,Completed,Head Office,647.38,2
1128,3,2026-09-07,Incomplete,Online,706.76,2
1131,6,2025-11-20,Completed,Online,221.4,2
1131,1,2026-04-21,Completed,Head Office,637.35,4
1131,1,2025-11-16,Completed,Online,485.97,3
1131,1,2026-05-31,Completed,Training Center,403.06,4
1131,1,2026-05-30,Completed,Online,336.04,5
1131,1,2025-11-11,Completed,Training Center,752.95,3
1132,6,2025-11-25,Completed,Head Office,207.09,2
1132,1,2025-12-31,Completed,Online,542.94,5
1135,5,2025-11-02,Incomplete,Online,194.09,1
1135,4,2026-07-06,Completed,Training Center,316.19,2
1135,5,2026-04-04,Completed,Online,453.48,3
1135,5,2026-07-25,Completed,Head Office,163.73,1
1136,6,2025-11-18,Completed,Training Center,245.11,1
1136,1,2026-07-21,Completed,Online,657.19,5
1137,5,2025-11-11,Completed,Head Office,151.39,1
1137,4,2026-02-24,Completed,Head Office,370.7,3
1137,5,2026-09-16,Completed,Training Center,467.96,2
1138,4,2025-11-03,Completed,Training Center,137.31,3
1138,5,2026-09-21,Completed,Head Office,328.85,1
1138,2,2026-06-25,Completed,Head Office,465.22,4
1140,2,2026-03-23,Completed,Training Center,457.96,3
1140,2,2026-07-16,Completed,Training Center,567.39,2
1140,6,2026-01-19,Completed,Head Office,488.72,2
1143,1,2026-08-30,Completed,Training Center,896.83,5
1143,6,2025-11-03,Completed,Training Center,427.91,1
1148,6,2026-02-10,Completed,Online,200.18,1
1148,1,2026-09-22,Completed,Head Office,343.85,3
1148,6,2026-09-11,Completed,Head Office,293.91,2
1150,2,2026-09-23,Completed,Head Office,622.63,3
1150,3,2026-01-04,Completed,Head Office,982.92,4
1152,4,2025-12-14,Completed,Head Office,359.09,3
1152,6,2025-10-11,Completed,Head Office,428.57,1
1154,1,2026-09-25,Completed,Training Center,540.36,4
1154,6,2026-05-10,Completed,Head Office,227.97,1
1157,5,2026-01-20,Completed,Online,584.54,3
1157,5,2025-09-02,Incomplete,Training Center,407.16,2
1157,4,2026-04-04,Completed,Head Office,140.83,2
1158,1,2026-09-23,Completed,Training Center,686.79,4
1158,6,2025-12-29,Completed,Head Office,365.09,2
1158,1,2026-06-14,Incomplete,Online,415.13,3
1158,4,2026-01-07,Completed,Head Office,475.84,2
1160,1,2024-12-19,Completed,Training Center,398.83,5
1160,1,2025-01-24,Completed,Head Office,403.94,2
1160,6,2024-12-24,Completed,Head Office,184.22,2
1160,1,2025-04-18,Completed,Head Office,418.43,2
1160,1,2025-02-18,Completed,Online,638.17,5
1161,6,2026-02-18,Completed,Training Center,344.36,2
1161,5,2026-09-01,Completed,Online,389.47,1
1163,2,2026-02-10,Completed,Online,925.59,2
1163,5,2026-08-29,Completed,Training Center,597.76,2
1163,5,2026-05-07,Completed,Training Center,132.2,1
1164,4,2025-11-29,Completed,Online,262.74,3
1164,4,2026-09-21,Completed,Online,296.51,1
1165,5,2025-10-21,Completed,Training Center,209.57,1
1165,5,2025-08-14,Completed,Training Center,273.48,2
1165,5,2025-09-24,Completed,Training Center,147.64,1
1166,3,2026-07-11,Completed,Training Center,530.79,4
1166,1,2026-03-14,Completed,Head Office,720.33,2
1166,1,2026-04-01,Completed,Online,406.62,2
1167,5,2026-01-26,Completed,Training Center,362.48,1
1167,5,2025-08-17,Completed,Head Office,524.07,1
1171,5,2026-09-23,Completed,Head Office,552.54,1
1171,4,2026-01-18,Completed,Online,479.0,2
1171,4,2026-07-27,Completed,Online,572.77,2
1172,6,2026-09-22,Completed,Online,370.45,2
1172,6,2026-06-13,Completed,Training Center,304.79,2
1173,1,2026-06-07,Completed,Online,666.37,4
1173,1,2026-08-17,Completed,Training Center,957.59,5
1175,1,2026-01-29,Completed,Training Center,619.32,2
1175,1,2025-10-27,Completed,Training Center,735.26,4
1175,6,2025-05-29,Completed,Online,273.04,2
1175,1,2026-04-03,Completed,Head Office,913.36,4
1177,1,2025-12-26,Completed,Online,412.67,3
1177,1,2026-04-30,Incomplete,Online,307.39,4
1179,2,2026-03-31,Completed,Head Office,541.68,2
1179,4,2025-11-19,Completed,Online,231.19,3
1179,4,2026-01-09,Completed,Training Center,124.17,3
1180,1,2026-02-15,Completed,Training Center,840.07,3
1180,1,2025-10-05,Completed,Online,315.47,2
1180,1,2025-10-09,Completed,Online,363.55,5
1182,3,2026-08-31,Completed,Head Office,758.07,5
1182,6,2026-09-13,Completed,Head Office,432.21,1
1184,4,2025-10-09,Completed,Head Office,523.08,1
1184,6,2025-10-30,Completed,Online,294.29,2
1184,5,2026-09-14,Completed,Training Center,313.63,3
1185,6,2026-07-29,Completed,Head Office,280.18,2
1185,1,2025-11-12,Completed,Online,718.7,2
1188,4,2025-06-17,Completed,Online,480.7,1
1188,5,2025-02-03,Completed,Head Office,346.0,2
1190,5,2026-03-22,Completed,Online,385.05,1
1190,4,2026-09-11,Completed,Training Center,530.94,1
1190,4,2026-03-10,Completed,Head Office,178.62,2
1191,3,2026-02-02,Completed,Online,567.7,5
1191,3,2026-08-24,Completed,Online,948.15,5
1192,1,2025-11-03,Completed,Training Center,490.11,2
1192,1,2026-07-07,Completed,Head Office,634.95,2
1192,1,2026-04-04,Completed,Online,993.65,4
1192,6,2026-08-20,Completed,Online,462.41,2
1192,4,2026-05-13,Completed,Online,477.2,2
1193,1,2026-02-14,Completed,Online,533.46,4
1193,6,2026-04-18,Completed,Online,168.89,1
1193,1,2026-09-02,Completed,Head Office,555.52,3
1193,6,2026-02-18,Completed,Training Center,185.85,2
1195,6,2026-09-25,Completed,Training Center,265.96,2
1195,2,2026-05-08,Completed,Head Office,657.87,4
1196,3,2026-09-24,Completed,Head Office,662.29,3
1196,3,2026-01-18,Completed,Online,776.78,2
1198,1,2026-04-26,Completed,Online,896.36,3
1198,1,2026-05-01,Incomplete,Head Office,838.35,3
1200,6,2025-03-21,Completed,Training Center,426.98,1
1200,6,2025-08-01,Incomplete,Training Center,306.06,1
1200,6,2025-10-12,Incomplete,Online,490.9,2
1200,6,2025-09-10,Completed,Training Center,413.16,2
1201,4,2025-11-22,Completed,Online,341.86,3
1201,4,2026-04-20,Completed,Head Office,448.3,1
1201,2,2025-12-17,Completed,Training Center,414.48,2
1201,3,2026-08-15,Completed,Training Center,630.55,3
1201,4,2026-09-05,Incomplete,Head Office,233.71,2
1201,2,2026-01-18,Incomplete,Head Office,626.35,3
1202,2,2025-10-17,Completed,Online,835.38,2
1202,1,2025-10-04,Completed,Online,566.93,4
1203,1,2026-02-22,Completed,Training Center,626.51,2
1203,6,2026-08-20,Completed,Head Office,234.7,1
1203,2,2026-01-01,Completed,Online,975.83,4
1203,6,2026-02-02,Completed,Head Office,425.57,2
1203,6,2026-08-18,Completed,Head Office,252.04,1
1204,3,2025-12-29,Completed,Head Office,624.94,2
1204,3,2026-06-12,Completed,Head Office,760.81,3
1206,6,2026-07-19,Completed,Head Office,286.86,1
1206,1,2026-08-12,Completed,Head Office,780.54,4
1206,2,2026-08-26,Completed,Training Center,586.67,2
1207,3,2026-04-15,Completed,Online,907.44,5
1207,4,2025-09-26,Incomplete,Head Office,315.09,1
1210,1,2025-07-08,Completed,Online,882.17,5
1210,1,2025-08-26,Completed,Training Center,563.47,2
1211,5,2025-11-09,Completed,Head Office,476.89,1
1211,5,2026-04-19,Completed,Online,580.07,2
1211,4,2026-06-29,Completed,Online,445.12,3
1212,5,2026-08-09,Completed,Online,297.48,3
1212,5,2026-08-21,Completed,Online,349.94,2
1215,3,2026-06-05,Completed,Online,853.46,3
1215,3,2026-01-25,Completed,Online,594.25,3
1215,3,2026-01-12,Incomplete,Online,827.79,4
1216,1,2025-10-07,Completed,Training Center,947.48,3
1216,1,2026-09-13,Completed,Training Center,934.41,4
1217,1,2026-09-22,Completed,Training Center,455.56,5
1217,3,2025-11-21,Incomplete,Head Office,719.6,4
1218,5,2026-03-25,Completed,Training Center,529.29,1
1218,5,2026-07-29,Completed,Head Office,338.05,1
1219,1,2025-03-09,Completed,Training Center,958.2,4
1219,1,2024-12-12,Incomplete,Online,503.16,3
1219,4,2025-10-08,Completed,Online,461.06,2
1220,5,2026-03-12,Incomplete,Online,225.56,3
1220,5,2026-07-12,Completed,Head Office,496.21,2
1220,4,2026-08-04,Completed,Head Office,556.88,3
1221,6,2026-05-20,Completed,Online,468.37,1
1221,1,2026-09-02,Completed,Online,820.67,4
1221,6,2026-08-02,Incomplete,Training Center,368.5,1
1221,4,2026-04-08,Completed,Head Office,283.5,3
1224,6,2026-04-15,Completed,Head Office,443.16,2
1224,1,2026-08-04,Completed,Online,459.12,3
1224,6,2026-03-23,Completed,Head Office,178.32,1
1224,1,2026-06-26,Completed,Head Office,523.21,2
1225,1,2026-08-28,Completed,Training Center,816.58,3
1225,2,2026-01-17,Completed,Training Center,832.32,3
1225,2,2026-08-18,Completed,Online,588.32,2
1226,4,2025-12-12,Completed,Online,557.85,3
1226,4,2026-08-11,Incomplete,Training Center,478.77,1
1228,2,2025-11-05,Completed,Training Center,876.38,3
1228,6,2026-04-03,Completed,Online,262.37,1
1228,2,2025-11-06,Completed,Online,408.14,3
1231,4,2026-03-01,Completed,Training Center,311.67,3
1231,3,2026-07-02,Completed,Training Center,887.47,2
1231,3,2026-02-04,Completed,Online,600.85,5
1233,5,2026-03-16,Incomplete,Online,392.73,2
1233,5,2026-05-15,Completed,Training Center,509.82,1
1233,5,2026-06-08,Completed,Training Center,391.98,1
1234,1,2026-02-22,Completed,Training Center,464.67,4
1234,6,2026-04-17,Incomplete,Training Center,482.51,2
1235,1,2025-09-26,Completed,Head Office,678.51,5
1235,6,2026-03-27,Completed,Training Center,392.32,2
1237,2,2026-05-10,Completed,Online,723.02,3
1237,2,2026-09-05,Incomplete,Head Office,997.5,2
1238,6,2026-02-20,Completed,Online,372.79,1
1238,1,2026-09-08,Completed,Online,821.32,2
1238,1,2026-06-07,Completed,Online,370.09,4
1238,1,2025-12-09,Incomplete,Online,590.89,3
1238,2,2026-05-02,Completed,Training Center,481.88,4
1239,5,2026-07-07,Completed,Training Center,578.64,3
1239,4,2026-05-23,Completed,Online,335.77,3
1240,5,2025-12-15,Completed,Head Office,285.75,3
1240,5,2025-10-08,Completed,Training Center,577.44,2
1240,5,2026-01-08,Completed,Online,410.59,2
1240,4,2026-04-07,Completed,Head Office,268.17,3
1241,1,2026-06-20,Completed,Online,425.15,5
1241,1,2026-09-13,Completed,Training Center,354.16,4
1242,3,2026-07-30,Completed,Training Center,714.6,4
1242,3,2026-07-25,Completed,Training Center,651.07,4
1242,3,2025-11-17,Completed,Online,694.2,4
1242,1,2025-09-30,Incomplete,Training Center,304.02,5
1242,2,2026-04-30,Completed,Online,959.72,3
1242,3,2026-07-06,Incomplete,Training Center,727.34,2
1243,5,2026-09-01,Incomplete,Training Center,386.06,2
1243,4,2025-12-29,Completed,Training Center,566.49,3
1243,2,2026-08-05,Completed,Online,955.34,3
1243,5,2025-11-09,Completed,Head Office,407.87,1
1243,2,2025-10-25,Completed,Online,653.88,4
1243,5,2026-06-11,Completed,Online,367.44,2
1244,1,2026-09-17,Completed,Online,776.39,4
1244,1,2026-02-26,Incomplete,Head Office,453.61,4
1244,6,2026-06-06,Completed,Training Center,399.95,1
1245,6,2025-11-10,Incomplete,Online,475.31,2
1245,2,2026-07-10,Completed,Training Center,627.22,2
1246,1,2026-06-07,Completed,Training Center,839.71,2
1246,1,2026-09-25,Completed,Online,818.77,4
1246,1,2026-02-23,Incomplete,Head Office,583.79,4
1246,2,2026-09-22,Completed,Training Center,465.19,3
1246,1,2025-11-10,Completed,Head Office,782.72,3
1248,6,2025-10-07,Completed,Head Office,420.81,2
1248,6,2025-10-14,Completed,Head Office,224.84,2
1249,6,2025-11-08,Completed,Training Center,365.06,2
1249,6,2026-01-26,Completed,Training Center,405.69,2
1249,6,2025-10-06,Completed,Head Office,350.04,1
1249,1,2026-06-26,Completed,Training Center,700.63,3
1249,1,2026-08-05,Completed,Online,759.98,3
1250,2,2025-12-27,Completed,Online,520.1,2
1250,3,2026-08-08,Completed,Head Office,509.94,4
1251,5,2025-11-16,Completed,Training Center,325.22,3
1251,4,2026-07-31,Completed,Training Center,493.54,3
1252,4,2026-05-30,Completed,Training Center,438.44,2
1252,5,2026-02-17,Completed,Head Office,146.65,3
1254,4,2026-07-02,Incomplete,Training Center,239.26,3
1254,4,2025-12-22,Completed,Head Office,336.44,1
1255,3,2026-08-24,Incomplete,Training Center,946.52,3
1255,2,2026-07-28,Completed,Head Office,440.28,3
1256,4,2026-05-13,Incomplete,Training Center,422.92,3
1256,2,2026-09-22,Completed,Online,767.27,3
1257,1,2025-10-11,Completed,Head Office,511.0,3
1257,1,2026-04-06,Incomplete,Head Office,739.43,4
1258,4,2026-09-06,Completed,Online,205.79,1
1258,1,2026-06-18,Completed,Online,939.04,2
1258,1,2026-05-07,Incomplete,Online,845.03,5
1258,6,2025-12-28,Completed,Head Office,458.01,1
1259,6,2025-10-19,Completed,Online,180.43,1
1259,1,2026-07-15,Completed,Training Center,596.21,5
1260,6,2026-07-19,Completed,Head Office,443.83,1
1260,5,2026-05-26,Completed,Training Center,565.0,3
1263,2,2026-09-25,Completed,Training Center,799.38,3
1263,3,2025-10-24,Incomplete,Training Center,989.81,4
1263,3,2026-01-21,Completed,Training Center,611.88,3
1264,2,2026-08-05,Completed,Training Center,566.16,4
1264,3,2026-07-06,Completed,Online,894.27,4
1265,1,2026-01-23,Completed,Head Office,751.13,2
1265,2,2026-03-09,Incomplete,Online,949.28,4
1265,1,2025-10-24,Completed,Online,493.88,4
1265,6,2026-04-04,Completed,Head Office,345.75,2
1265,2,2026-09-13,Completed,Head Office,537.71,2
1267,2,2026-04-07,Incomplete,Head Office,596.27,2
1267,3,2026-09-18,Completed,Training Center,522.54,3
1267,2,2026-02-04,Completed,Online,766.51,2
1267,3,2025-10-18,Completed,Head Office,993.09,2
1267,2,2025-12-03,Completed,Training Center,680.53,4
1268,5,2026-07-18,Completed,Training Center,507.4,3
1268,4,2025-11-24,Completed,Online,258.61,2
1268,2,2026-08-06,Completed,Online,791.27,3
1269,1,2026-06-16,Incomplete,Training Center,885.59,3
1269,2,2026-09-21,Completed,Online,465.43,4
1270,6,2026-03-04,Completed,Training Center,497.72,1
1270,1,2025-12-31,Completed,Online,752.21,3
1273,4,2025-05-06,Completed,Training Center,341.34,1
1273,5,2025-10-26,Completed,Head Office,208.48,1
1273,5,2025-05-01,Completed,Training Center,576.26,2
1273,5,2025-09-28,Completed,Online,163.81,3
1275,2,2026-05-16,Completed,Online,832.35,4
1275,1,2026-02-10,Completed,Head Office,708.59,2
1277,4,2026-03-11,Incomplete,Online,463.03,1
1277,3,2026-04-16,Completed,Head Office,590.68,4
1278,5,2026-07-26,Completed,Head Office,428.31,3
1278,6,2025-10-29,Completed,Training Center,159.3,2
1278,5,2026-01-25,Completed,Online,189.67,3
1279,6,2025-02-13,Completed,Head Office,380.68,2
1279,1,2024-11-09,Completed,Head Office,533.57,2
1280,4,2026-08-09,Completed,Training Center,406.12,1
1280,2,2025-11-24,Completed,Online,969.62,2
1281,5,2026-02-02,Completed,Head Office,168.59,3
1281,4,2026-06-23,Completed,Training Center,352.5,3
1281,5,2026-04-20,Completed,Head Office,353.63,3
1282,3,2026-07-05,Incomplete,Head Office,679.09,5
1282,3,2026-02-28,Incomplete,Head Office,595.59,2
1282,3,2026-01-04,Completed,Online,901.17,5
1282,3,2026-08-31,Completed,Head Office,711.4,5
1282,3,2026-02-10,Completed,Online,602.28,2
1283,3,2026-07-08,Completed,Training Center,595.82,5
1283,6,2026-01-20,Completed,Online,254.8,1
1283,2,2026-09-25,Completed,Training Center,548.99,2
1283,6,2026-08-27,Completed,Head Office,352.06,2
1283,3,2026-03-30,Completed,Training Center,931.87,2
1283,6,2026-08-16,Completed,Training Center,422.86,2
1285,4,2026-09-18,Completed,Head Office,424.88,3
1285,1,2026-03-21,Completed,Head Office,340.6,4
1286,6,2026-05-18,Completed,Training Center,362.31,1
1286,1,2026-06-20,Completed,Head Office,304.63,4
1288,4,2026-03-20,Completed,Training Center,106.05,1
1288,3,2025-10-31,Completed,Training Center,760.55,5
1288,3,2026-07-26,Completed,Training Center,690.02,3
1288,3,2026-08-23,Completed,Head Office,549.14,5
1289,4,2025-10-19,Completed,Head Office,382.58,2
1289,4,2026-08-10,Incomplete,Online,396.52,2
1289,4,2026-09-24,Completed,Online,132.63,2
1289,4,2026-02-24,Completed,Online,183.83,1
1289,4,2026-09-23,Completed,Online,168.83,3
1291,6,2026-05-02,Completed,Head Office,449.06,1
1291,6,2026-07-02,Completed,Online,234.77,2
1291,1,2026-03-18,Completed,Training Center,406.34,3
1292,1,2026-06-11,Completed,Training Center,302.13,4
1292,1,2026-04-11,Completed,Online,908.33,5
1293,4,2025-12-12,Completed,Online,561.57,2
1293,5,2026-03-23,Completed,Training Center,482.32,1
1293,5,2025-11-06,Completed,Training Center,444.76,1
1294,2,2026-04-19,Completed,Online,997.78,3
1294,6,2026-05-19,Completed,Training Center,295.45,1
1295,5,2026-04-15,Completed,Head Office,401.01,1
1295,4,2026-05-24,Completed,Online,286.73,3
1296,6,2026-01-31,Completed,Training Center,297.06,1
1296,6,2026-05-30,Completed,Training Center,364.79,1
1297,1,2026-02-20,Completed,Head Office,473.95,5
1297,6,2026-05-16,Completed,Online,419.68,1
1297,1,2026-02-12,Completed,Training Center,628.96,4
1297,6,2026-04-08,Completed,Online,254.6,1
1297,4,2025-12-07,Completed,Online,113.45,3
1297,1,2026-08-06,Completed,Training Center,448.05,2
1298,2,2026-04-20,Completed,Head Office,878.01,2
1298,6,2025-12-26,Completed,Training Center,434.37,1
1298,3,2026-03-01,Completed,Training Center,661.64,3
1299,6,2025-05-10,Completed,Online,262.3,1
1299,1,2026-02-26,Completed,Online,338.62,2
1301,2,2026-01-26,Completed,Online,863.78,2
1301,6,2026-02-01,Incomplete,Training Center,399.11,2
1303,1,2026-07-20,Completed,Head Office,824.78,5
1303,6,2026-02-05,Incomplete,Online,158.95,2
1303,6,2026-01-23,Completed,Head Office,451.5,2
1304,2,2026-07-24,Completed,Head Office,908.82,3
1304,2,2025-10-01,Completed,Training Center,608.1,2
1304,2,2026-07-04,Completed,Head Office,582.25,2
1304,2,2025-12-19,Completed,Online,581.24,3
1306,3,2026-09-14,Completed,Head Office,976.79,3
1306,3,2026-08-18,Completed,Online,652.28,3
1306,2,2026-09-15,Completed,Head Office,628.16,4
1306,4,2026-08-24,Completed,Training Center,527.53,1
1307,2,2026-08-20,Completed,Head Office,824.53,4
1307,3,2026-05-29,Completed,Online,793.9,3
1307,3,2026-08-15,Completed,Head Office,923.03,2
1307,3,2026-06-22,Completed,Head Office,695.83,5
1308,1,2026-07-15,Completed,Training Center,658.08,2
1308,6,2025-11-26,Completed,Head Office,268.51,1
1308,2,2026-05-24,Completed,Training Center,710.31,4
1309,6,2025-02-17,Completed,Head Office,430.8,1
1309,4,2025-11-16,Completed,Training Center,588.06,1
1309,1,2025-11-11,Completed,Training Center,752.05,5
1310,6,2026-05-27,Completed,Head Office,157.2,1
1310,2,2026-07-02,Completed,Training Center,742.37,3
1311,6,2026-05-12,Completed,Head Office,181.61,2
1311,1,2026-04-13,Completed,Online,832.23,4
1311,4,2026-01-20,Completed,Online,191.73,3
1311,1,2026-03-09,Completed,Training Center,448.92,4
1311,6,2026-07-13,Incomplete,Head Office,362.59,2
1311,4,2025-10-09,Completed,Training Center,295.2,2
1314,4,2026-06-24,Completed,Training Center,330.32,2
1314,4,2026-08-15,Completed,Online,203.42,3
1314,3,2026-02-07,Incomplete,Online,765.17,2
1315,1,2026-06-16,Completed,Head Office,592.91,3
1315,6,2026-01-03,Completed,Training Center,321.92,2
1315,6,2026-03-26,Completed,Head Office,211.31,1
1315,6,2026-02-26,Completed,Online,325.26,2
1315,6,2025-12-19,Completed,Online,237.42,1
1315,1,2026-06-28,Completed,Online,332.39,5
1317,3,2026-03-17,Completed,Online,975.4,3
1317,3,2026-09-11,Incomplete,Online,990.45,2
1318,2,2026-02-01,Completed,Training Center,878.98,2
1318,5,2025-06-24,Completed,Training Center,159.11,1
1319,5,2025-04-25,Completed,Head Office,353.68,2
1319,5,2025-05-28,Completed,Online,433.92,1
1321,3,2026-06-24,Completed,Head Office,923.03,5
1321,4,2025-10-16,Completed,Online,381.2,1
1322,6,2026-01-12,Completed,Online,427.04,2
1322,2,2026-05-03,Completed,Online,891.66,2
1322,6,2026-08-30,Completed,Training Center,264.76,2
1322,6,2026-01-23,Completed,Head Office,478.22,2
1322,6,2026-03-08,Completed,Training Center,184.35,2
1322,3,2026-02-08,Completed,Training Center,833.99,2
1324,4,2026-02-16,Completed,Head Office,475.05,2
1324,5,2026-06-27,Completed,Training Center,237.21,3
1324,5,2026-08-17,Completed,Online,100.35,2
1324,5,2026-03-27,Completed,Head Office,350.56,3
1324,5,2026-01-24,Completed,Training Center,472.56,3
1329,4,2025-11-13,Completed,Head Office,230.07,3
1329,5,2026-08-22,Incomplete,Training Center,437.7,1
1329,4,2026-05-11,Completed,Online,500.46,2
1329,5,2026-02-02,Incomplete,Head Office,581.51,1
1331,5,2025-10-01,Completed,Head Office,477.08,1
1331,5,2025-10-30,Completed,Head Office,180.21,1
1333,6,2024-10-22,Completed,Training Center,209.39,1
1333,1,2024-12-09,Completed,Head Office,482.61,3
1333,1,2024-11-28,Completed,Online,318.91,2
1333,1,2025-09-18,Completed,Training Center,346.89,2
1334,2,2026-05-31,Incomplete,Training Center,876.56,2
1334,4,2026-03-30,Completed,Head Office,161.88,3
1334,2,2026-09-06,Completed,Head Office,961.85,2
1336,3,2026-09-05,Completed,Head Office,861.9,5
1336,2,2025-10-29,Completed,Training Center,513.04,4
1336,3,2026-07-16,Completed,Training Center,990.08,3
1336,3,2025-11-09,Completed,Head Office,611.15,2
1336,2,2026-04-04,Completed,Online,782.96,2
1338,2,2026-01-09,Completed,Online,841.88,3
1338,3,2026-07-09,Completed,Online,530.26,5
1338,3,2026-03-11,Completed,Training Center,663.46,4
1338,3,2026-09-16,Completed,Head Office,637.69,5
1346,6,2025-11-01,Completed,Online,388.97,2
1346,1,2026-01-07,Completed,Online,310.76,2
1346,1,2026-05-10,Incomplete,Online,446.43,4
1346,2,2026-07-03,Completed,Online,710.35,3
1349,5,2026-09-11,Completed,Training Center,240.05,2
1349,5,2026-06-14,Incomplete,Online,467.86,1
1350,1,2025-10-31,Completed,Online,768.56,3
1350,1,2026-08-18,Completed,Head Office,768.42,2
1350,6,2026-08-14,Incomplete,Head Office,348.47,2
1352,3,2026-04-06,Completed,Training Center,526.94,5
1352,3,2026-09-04,Completed,Training Center,976.65,3
1355,5,2025-12-18,Completed,Online,237.03,1
1355,2,2026-01-04,Completed,Online,748.11,2
1355,5,2026-01-31,Completed,Training Center,161.93,2
1356,5,2026-03-16,Completed,Head Office,207.55,2
1356,2,2025-10-28,Completed,Head Office,976.63,4
1356,5,2026-01-01,Completed,Training Center,443.51,1
1356,4,2026-07-02,Completed,Head Office,185.12,1
1356,5,2026-02-03,Incomplete,Head Office,498.1,3
1356,4,2026-03-23,Completed,Training Center,314.72,3
1358,1,2026-07-25,Completed,Head Office,440.04,4
1358,1,2025-12-16,Completed,Training Center,575.53,2
1358,6,2026-08-13,Completed,Training Center,426.93,2
1358,6,2026-09-20,Completed,Head Office,226.61,1
1358,1,2026-02-12,Completed,Online,730.92,5
1358,1,2026-09-14,Completed,Head Office,486.26,3
1361,1,2026-08-22,Completed,Head Office,946.54,3
1361,1,2026-01-23,Completed,Training Center,920.63,3
1361,1,2025-11-06,Incomplete,Head Office,542.25,5
1362,5,2026-08-11,Completed,Online,380.52,3
1362,5,2026-07-06,Completed,Training Center,540.49,1
1363,6,2025-11-16,Completed,Training Center,228.07,2
1363,3,2026-02-19,Incomplete,Training Center,766.24,4
1364,5,2026-09-04,Completed,Head Office,250.55,1
1364,5,2025-10-31,Completed,Head Office,150.31,1
1364,4,2026-01-17,Completed,Training Center,276.01,1
1364,4,2026-08-19,Completed,Training Center,306.95,3
1367,6,2026-09-07,Completed,Head Office,256.14,1
1368,1,2026-03-03,Completed,Training Center,591.64,5
1368,4,2026-08-08,Completed,Training Center,564.05,2
1368,1,2026-06-18,Completed,Head Office,721.22,2
1368,4,2026-08-15,Completed,Online,234.32,1
1368,6,2026-05-12,Completed,Online,180.8,2
1371,4,2026-06-02,Completed,Online,417.19,3
1371,5,2026-05-29,Completed,Online,242.88,2
1371,2,2025-11-08,Completed,Head Office,967.65,4
1372,5,2026-01-29,Completed,Head Office,394.43,1
1372,2,2025-11-14,Completed,Online,536.54,3
1374,6,2026-04-11,Completed,Online,274.13,2
1374,6,2026-05-15,Completed,Head Office,282.23,1
1377,6,2026-05-02,Completed,Online,453.38,2
1379,5,2025-07-04,Incomplete,Training Center,130.37,2
1379,5,2026-03-17,Incomplete,Online,510.5,2
1379,4,2026-02-09,Completed,Online,101.43,3
1382,2,2025-12-26,Completed,Online,705.1,4
1382,1,2026-04-23,Completed,Head Office,707.45,3
1383,5,2026-03-13,Completed,Online,154.16,3
1383,6,2025-10-06,Completed,Online,250.39,2
1389,3,2025-01-19,Completed,Online,771.45,2
1389,6,2025-08-05,Completed,Online,162.4,2
1389,3,2025-04-06,Completed,Online,608.03,3
1390,4,2026-09-25,Completed,Training Center,312.05,3
1390,5,2025-12-22,Completed,Training Center,174.49,2
1391,5,2025-11-20,Completed,Online,405.36,1
1391,2,2026-06-26,Completed,Training Center,582.9,2
1391,2,2025-12-09,Completed,Online,844.71,2
1391,4,2025-10-09,Completed,Head Office,465.55,2
1391,5,2026-04-26,Completed,Online,166.98,2
1392,6,2026-08-13,Incomplete,Training Center,235.68,2
1392,1,2025-11-16,Completed,Online,587.38,3
1392,1,2026-01-30,Completed,Training Center,650.67,2
1392,6,2026-01-22,Completed,Online,366.37,1
1394,2,2026-06-29,Completed,Head Office,764.77,2
1394,1,2025-12-07,Completed,Head Office,841.23,2
1395,4,2026-09-14,Incomplete,Training Center,190.87,2
1395,4,2026-01-05,Incomplete,Head Office,221.72,3
1396,2,2026-01-25,Completed,Head Office,721.29,3
1396,5,2025-11-13,Completed,Training Center,107.72,2
1396,4,2026-06-25,Completed,Training Center,114.16,2
1397,6,2025-12-15,Completed,Training Center,481.37,2
1397,5,2026-01-14,Incomplete,Head Office,180.35,1
1399,5,2025-10-02,Incomplete,Head Office,477.82,3
1399,5,2026-09-17,Completed,Training Center,555.18,1
1399,2,2026-07-16,Completed,Training Center,778.17,4
1401,3,2025-11-01,Incomplete,Online,500.57,3
1401,2,2025-10-09,Completed,Online,827.57,4
1401,6,2026-05-04,Completed,Training Center,319.18,2
1402,6,2025-10-20,Completed,Head Office,450.78,2
1402,2,2026-06-27,Completed,Head Office,796.89,2
1402,2,2025-11-25,Completed,Head Office,723.54,2
1403,4,2025-11-27,Completed,Head Office,272.92,3
1403,2,2026-04-01,Completed,Training Center,732.76,4
1403,4,2026-04-09,Completed,Online,189.93,1
1405,1,2025-06-21,Completed,Head Office,548.86,3
1405,6,2025-06-09,Completed,Training Center,314.14,2
1407,1,2026-04-17,Completed,Training Center,795.32,5
1407,1,2026-01-03,Incomplete,Online,657.49,3
1408,3,2026-09-16,Completed,Training Center,927.44,5
1408,2,2026-03-17,Incomplete,Online,805.02,2
1408,3,2026-03-11,Completed,Online,535.75,2
1408,2,2026-09-22,Completed,Online,752.09,2
1408,3,2026-05-04,Completed,Training Center,506.39,3
1409,1,2026-09-25,Completed,Online,798.94,5
1409,4,2026-06-17,Completed,Head Office,295.2,3
1411,1,2026-06-03,Completed,Training Center,939.86,2
1411,6,2026-05-22,Completed,Online,495.81,2
1411,6,2026-06-21,Completed,Training Center,169.14,1
1411,1,2026-09-10,Completed,Online,527.61,5
1411,1,2026-09-16,Completed,Online,593.18,3
1411,1,2026-07-14,Completed,Head Office,523.27,3
1412,3,2026-04-02,Completed,Online,717.06,4
1412,2,2026-02-11,Completed,Head Office,879.76,2
1415,4,2026-01-27,Completed,Training Center,467.18,1
1415,1,2025-11-18,Incomplete,Head Office,786.68,5
1417,6,2026-04-08,Completed,Training Center,475.1,1
1417,1,2026-05-28,Completed,Training Center,994.69,3
1419,4,2026-09-05,Completed,Training Center,311.31,3
1419,3,2026-01-06,Completed,Head Office,544.96,2
1419,3,2026-06-09,Completed,Training Center,704.07,5
1420,4,2026-06-14,Completed,Online,339.52,2
1420,1,2025-08-02,Incomplete,Online,965.4,2
1421,5,2026-01-22,Incomplete,Online,427.08,2
1422,1,2026-08-20,Completed,Head Office,322.39,5
1422,3,2026-08-10,Completed,Training Center,838.79,3
1422,1,2026-05-08,Completed,Head Office,370.54,5
1423,3,2026-07-27,Completed,Online,841.27,2
1423,1,2026-07-06,Completed,Online,336.62,2
1423,3,2025-10-12,Completed,Training Center,920.22,2
1424,1,2026-09-07,Completed,Head Office,416.66,4
1424,3,2026-03-06,Incomplete,Online,816.87,5
1424,2,2026-01-01,Incomplete,Training Center,889.59,2
1424,3,2026-08-10,Incomplete,Training Center,500.92,3
1425,5,2026-06-23,Completed,Online,531.39,2
1425,2,2026-09-04,Completed,Head Office,499.84,2
1425,5,2026-05-16,Completed,Head Office,257.21,3
1427,5,2025-10-11,Completed,Head Office,466.53,1
1427,5,2025-10-29,Completed,Training Center,450.75,1
1427,5,2025-12-03,Completed,Training Center,240.95,2
1428,4,2025-12-25,Completed,Training Center,384.06,1
1428,5,2025-12-10,Incomplete,Online,459.63,1
1428,5,2026-05-21,Completed,Training Center,383.95,3
1430,2,2026-05-13,Completed,Head Office,880.45,3
1430,3,2026-04-18,Completed,Training Center,648.81,4
1430,2,2025-10-27,Completed,Head Office,721.84,2
1431,1,2026-05-12,Completed,Online,985.87,2
1431,1,2026-09-22,Completed,Training Center,359.47,4
1433,1,2025-11-08,Completed,Training Center,345.14,4
1433,1,2026-07-17,Incomplete,Training Center,375.54,3
1433,1,2026-03-11,Completed,Online,538.9,5
1434,6,2026-04-05,Completed,Online,277.98,2
1434,1,2025-12-17,Completed,Head Office,851.92,5
1434,1,2026-09-20,Completed,Online,546.78,3
1435,6,2026-03-05,Completed,Training Center,223.53,2
1435,1,2026-08-08,Completed,Head Office,997.01,4
1436,4,2025-12-01,Incomplete,Training Center,581.57,2
1436,2,2026-01-07,Incomplete,Head Office,775.49,2
1436,2,2026-03-26,Completed,Head Office,581.63,2
1438,1,2026-04-14,Completed,Head Office,512.83,4
1438,1,2026-04-03,Incomplete,Online,433.3,3
1439,5,2025-10-26,Completed,Head Office,332.31,1
1439,4,2025-12-10,Completed,Training Center,323.0,3
1440,4,2026-04-17,Completed,Head Office,580.28,1
1440,6,2026-08-18,Completed,Head Office,327.57,1
1441,1,2026-06-19,Completed,Online,543.21,2
1441,1,2026-09-07,Completed,Training Center,320.06,3
1441,1,2026-07-27,Completed,Online,524.18,2
1443,3,2026-05-28,Completed,Head Office,550.98,3
1443,3,2026-08-22,Completed,Training Center,848.0,2
1445,4,2026-08-06,Completed,Online,102.91,1
1445,4,2025-10-05,Completed,Training Center,587.41,1
1445,5,2025-11-28,Incomplete,Online,296.71,1
1446,5,2026-04-06,Incomplete,Online,447.01,2
1446,5,2026-03-17,Completed,Online,227.23,2
1446,5,2025-11-10,Completed,Head Office,550.77,2
1447,1,2026-07-30,Completed,Online,316.35,5
1447,1,2025-10-08,Incomplete,Training Center,950.7,2
1448,1,2026-07-15,Incomplete,Online,431.63,2
1448,6,2026-07-14,Incomplete,Head Office,255.18,2
1448,1,2026-02-15,Completed,Online,536.56,5
1448,1,2026-05-15,Completed,Online,909.64,4
1448,1,2025-12-13,Incomplete,Head Office,556.04,4
1449,1,2026-06-29,Completed,Head Office,452.52,5
1449,1,2025-10-29,Completed,Online,460.76,2
1453,5,2026-09-15,Completed,Online,327.64,1
1453,5,2026-07-25,Incomplete,Training Center,579.9,3
1453,5,2025-10-08,Completed,Training Center,170.45,2
1453,5,2025-10-27,Completed,Head Office,229.44,3
1453,2,2026-09-14,Completed,Head Office,644.38,2
1457,2,2025-01-08,Completed,Training Center,809.62,4
1458,1,2025-02-14,Incomplete,Head Office,817.64,3
1458,1,2025-06-21,Completed,Online,717.04,2
1459,3,2025-10-11,Completed,Head Office,637.76,4
1459,2,2025-01-29,Completed,Online,745.34,3
1460,6,2025-11-14,Completed,Training Center,253.94,1
1460,6,2025-12-25,Completed,Online,348.78,2
1461,4,2026-04-09,Completed,Head Office,417.63,2
1461,6,2025-09-26,Completed,Online,150.53,1
1461,6,2026-07-09,Completed,Online,303.11,2
1464,6,2025-11-21,Completed,Training Center,330.11,2
1464,4,2025-10-18,Completed,Online,592.2,2
1465,6,2026-08-18,Incomplete,Head Office,448.69,1
1465,6,2026-04-28,Incomplete,Online,183.97,1
1465,6,2026-07-29,Completed,Head Office,342.23,2
1465,2,2026-04-18,Completed,Head Office,558.9,4
1466,5,2026-01-26,Completed,Online,507.32,2
1466,5,2026-06-30,Completed,Head Office,135.35,1
1466,5,2025-11-29,Completed,Online,511.52,1
1468,2,2026-01-08,Incomplete,Training Center,975.5,2
1468,1,2025-10-11,Completed,Online,422.37,4
1468,2,2025-10-20,Incomplete,Head Office,995.52,2
1468,2,2025-10-23,Completed,Online,489.28,2
1468,1,2026-05-13,Completed,Head Office,988.96,3
1469,5,2026-07-17,Completed,Head Office,438.02,3
1469,5,2026-01-14,Completed,Online,350.32,2
1469,5,2026-01-28,Completed,Head Office,314.63,2
1469,5,2026-07-16,Incomplete,Training Center,211.96,3
1471,1,2026-02-21,Completed,Head Office,589.55,3
1471,4,2026-07-27,Completed,Head Office,334.3,3
1471,4,2026-09-11,Completed,Online,549.55,3
1471,4,2026-02-26,Incomplete,Training Center,451.51,2
1471,1,2026-04-30,Completed,Head Office,758.1,5
1472,3,2026-09-11,Completed,Online,748.44,2
1472,2,2026-04-26,Completed,Training Center,555.22,2
1474,6,2025-12-26,Completed,Head Office,411.0,2
1474,1,2026-01-24,Incomplete,Training Center,370.36,4
1474,1,2026-05-14,Completed,Head Office,306.47,3
1475,1,2026-05-10,Completed,Online,999.19,5
1475,1,2025-10-27,Completed,Training Center,493.39,2
1475,6,2026-08-17,Completed,Online,269.42,2
1477,5,2026-09-14,Completed,Head Office,256.53,2
1477,5,2026-08-15,Completed,Online,309.48,1
1478,5,2026-03-03,Completed,Online,284.57,1
1478,2,2026-05-18,Completed,Online,890.12,3
1479,5,2026-02-28,Completed,Training Center,274.82,1
1479,5,2026-09-25,Completed,Training Center,329.86,1
1480,1,2025-09-30,Completed,Training Center,755.89,4
1480,4,2026-03-23,Incomplete,Training Center,590.86,2
1480,1,2025-12-23,Completed,Training Center,707.89,5
1481,4,2026-04-13,Incomplete,Head Office,508.43,1
1481,4,2025-11-20,Completed,Online,252.03,1
1481,4,2026-02-14,Completed,Training Center,479.93,1
1481,4,2026-02-11,Completed,Head Office,427.21,2
1482,6,2026-03-19,Completed,Head Office,495.34,1
1482,6,2026-08-07,Completed,Online,399.0,2
1483,1,2025-11-11,Completed,Training Center,314.94,2
1483,6,2026-08-07,Completed,Training Center,466.55,1
1484,6,2025-11-26,Completed,Online,319.55,2
1484,5,2026-07-06,Incomplete,Training Center,213.09,2
1484,5,2026-07-25,Completed,Head Office,152.3,2
1485,3,2026-02-23,Completed,Training Center,864.47,4
1485,3,2025-12-09,Completed,Head Office,896.65,4
1485,1,2025-12-11,Completed,Head Office,478.17,3
1486,5,2026-06-09,Completed,Online,480.15,1
1486,4,2026-04-22,Completed,Head Office,237.92,3
1486,4,2025-12-02,Completed,Training Center,356.27,3
1487,4,2025-03-20,Completed,Head Office,470.69,2
1487,4,2025-03-12,Completed,Training Center,209.07,2
1487,2,2025-03-15,Completed,Head Office,990.33,3
1487,5,2025-05-01,Completed,Head Office,374.56,1
1489,4,2025-08-24,Completed,Training Center,460.59,2
1489,2,2026-01-03,Completed,Online,503.26,4
1492,5,2026-01-04,Completed,Head Office,496.96,3
1492,5,2026-01-07,Completed,Online,239.37,1
1492,5,2026-08-29,Completed,Training Center,160.37,1
1494,6,2025-07-22,Completed,Training Center,382.35,1
1494,4,2025-06-18,Completed,Training Center,130.74,3
1495,5,2026-03-20,Completed,Head Office,137.46,1
1495,5,2026-07-16,Completed,Online,504.35,2
1496,6,2026-08-20,Completed,Head Office,458.55,1
1496,6,2026-01-31,Incomplete,Training Center,324.89,2
1497,2,2026-01-28,Incomplete,Training Center,584.03,3
1497,5,2026-08-12,Completed,Training Center,214.72,1
1497,4,2026-05-11,Incomplete,Training Center,143.07,3
1499,4,2025-11-15,Completed,Online,107.18,1
1499,4,2026-06-28,Completed,Head Office,588.6,2
1499,6,2025-10-28,Completed,Training Center,465.6,2
1501,6,2025-10-15,Completed,Online,202.56,2
1501,4,2026-03-05,Completed,Training Center,141.61,1
1502,1,2026-03-12,Completed,Training Center,309.36,5
1502,6,2026-02-21,Completed,Head Office,403.74,1
1502,6,2026-09-25,Completed,Head Office,397.78,2
1502,1,2026-08-08,Completed,Training Center,561.09,4
1502,1,2026-01-24,Completed,Online,531.93,4
1503,5,2026-06-26,Completed,Training Center,412.74,1
1503,2,2025-11-04,Completed,Training Center,913.2,2
1503,5,2025-10-03,Completed,Online,430.21,3
1503,2,2026-02-03,Completed,Head Office,773.54,4
1504,6,2025-12-19,Completed,Head Office,391.04,1
1504,1,2026-05-06,Completed,Online,679.28,3
1506,1,2026-01-22,Completed,Training Center,410.74,3
1506,1,2025-10-03,Completed,Training Center,986.52,3
1507,4,2026-02-09,Completed,Training Center,315.49,3
1507,5,2026-02-05,Completed,Training Center,278.55,2
1507,4,2026-08-31,Completed,Training Center,582.19,3
1507,4,2026-01-11,Completed,Head Office,143.87,2
1507,4,2025-10-10,Completed,Online,413.33,1
1509,1,2026-03-04,Incomplete,Training Center,657.68,2
1509,6,2025-12-11,Completed,Training Center,376.9,1
1509,1,2026-03-25,Incomplete,Training Center,378.39,5
1513,1,2026-09-10,Incomplete,Online,871.59,5
1513,4,2026-02-14,Completed,Training Center,404.95,1
1513,1,2026-05-21,Completed,Online,857.04,5
1514,6,2026-09-09,Completed,Head Office,205.48,2
1514,3,2026-06-27,Completed,Online,934.11,5
1515,5,2026-07-22,Completed,Head Office,567.86,3
1515,5,2026-07-24,Completed,Training Center,427.24,3
1515,5,2026-07-15,Completed,Head Office,421.77,2
1515,5,2026-07-16,Completed,Training Center,330.31,2
1515,5,2026-08-04,Completed,Head Office,237.72,2
1515,6,2026-06-19,Completed,Online,379.74,2
1516,3,2026-02-16,Completed,Online,957.54,3
1516,3,2026-03-19,Completed,Head Office,551.96,4
1516,2,2026-04-08,Completed,Online,966.31,3
1516,2,2026-01-24,Completed,Head Office,890.28,4
1516,2,2026-06-17,Incomplete,Online,445.17,3
1520,2,2026-09-05,Incomplete,Training Center,788.0,3
1520,3,2026-04-16,Completed,Training Center,837.69,3
1522,6,2025-06-17,Completed,Online,334.01,2
1522,2,2025-09-05,Incomplete,Online,591.78,4
1523,3,2026-07-02,Incomplete,Head Office,563.51,5
1525,6,2026-06-03,Completed,Head Office,476.63,2
1525,2,2026-04-09,Completed,Training Center,937.46,2
1525,6,2026-05-30,Completed,Head Office,364.03,1
1527,4,2026-05-14,Completed,Training Center,359.0,2
1527,3,2026-04-18,Completed,Head Office,621.46,4
1529,6,2026-04-30,Completed,Online,356.6,2
1529,6,2026-06-06,Completed,Training Center,300.51,1
1529,5,2026-09-09,Completed,Online,205.19,3
1533,1,2026-06-17,Incomplete,Training Center,334.23,4
1533,6,2025-12-09,Incomplete,Online,477.63,2
1534,6,2025-11-14,Incomplete,Head Office,456.3,2
1534,1,2025-11-25,Completed,Head Office,512.29,4
1534,6,2026-01-09,Incomplete,Head Office,343.32,1
1535,4,2026-04-01,Completed,Training Center,425.72,2
1535,4,2026-01-04,Completed,Online,533.11,3
1535,5,2026-09-07,Completed,Online,272.67,2
1537,1,2026-02-03,Completed,Head Office,759.7,3
1537,6,2025-07-04,Completed,Training Center,186.44,2
1539,3,2025-11-23,Completed,Online,526.64,4
1539,2,2026-06-25,Completed,Head Office,547.01,4
1541,5,2026-07-01,Completed,Training Center,543.99,3
1541,5,2026-05-20,Completed,Training Center,337.63,1
1541,5,2026-02-16,Completed,Online,572.54,2
1541,4,2025-12-12,Incomplete,Online,444.26,2
1542,6,2025-10-16,Completed,Head Office,365.49,1
1542,1,2026-08-18,Completed,Training Center,500.1,3
1542,1,2026-04-08,Completed,Training Center,360.6,5
1543,6,2026-07-18,Completed,Training Center,275.08,2
1543,1,2025-12-10,Completed,Online,997.78,5
1544,4,2026-08-17,Completed,Online,105.35,1
1544,4,2026-04-08,Completed,Training Center,319.48,1
1544,4,2026-08-25,Completed,Online,331.26,2
1545,6,2026-02-09,Completed,Head Office,301.12,2
1545,6,2026-08-03,Completed,Training Center,189.64,1
1546,6,2025-11-25,Completed,Online,403.13,2
1546,2,2026-04-28,Completed,Head Office,487.06,3
1546,2,2025-11-20,Completed,Training Center,718.21,3
1547,6,2026-04-23,Completed,Online,350.09,2
1547,5,2026-08-02,Completed,Training Center,211.47,2
1547,4,2026-05-01,Completed,Head Office,555.8,1
1548,5,2026-02-12,Completed,Training Center,513.32,3
1548,2,2026-03-30,Completed,Head Office,485.37,2
1548,5,2025-11-25,Completed,Training Center,557.76,1
1548,4,2026-06-12,Incomplete,Training Center,399.32,1
1548,5,2026-06-20,Completed,Online,368.95,1
1549,6,2026-02-25,Incomplete,Head Office,180.45,1
1549,1,2026-09-18,Completed,Online,934.12,4
1549,4,2026-07-28,Completed,Head Office,177.0,2
1550,2,2025-10-17,Completed,Training Center,678.9,2
1550,2,2026-02-07,Completed,Head Office,591.01,4
1551,6,2026-05-26,Completed,Head Office,480.99,1
1551,6,2026-05-04,Completed,Training Center,358.23,1
1551,1,2025-11-10,Incomplete,Head Office,434.01,4
1552,6,2026-06-27,Completed,Online,254.13,1
1552,5,2025-10-17,Incomplete,Training Center,515.54,2
1553,5,2026-07-04,Completed,Head Office,432.65,2
1553,6,2026-02-03,Completed,Online,429.59,1
1553,5,2026-06-14,Incomplete,Training Center,232.77,1
1553,4,2026-04-26,Completed,Online,380.47,1
1554,5,2026-02-16,Completed,Online,582.0,1
1554,5,2025-11-18,Completed,Online,497.61,2
1554,5,2026-04-29,Completed,Training Center,597.36,3
1554,4,2025-10-30,Completed,Head Office,355.01,1
1554,5,2026-07-05,Completed,Head Office,340.85,1
1555,2,2025-12-08,Incomplete,Head Office,669.33,3
1555,2,2026-07-10,Completed,Training Center,740.37,2
1556,5,2026-08-13,Completed,Training Center,108.32,1
1556,5,2026-05-20,Completed,Head Office,109.96,2
1556,5,2026-01-05,Completed,Head Office,495.21,1
1557,2,2025-10-14,Completed,Training Center,616.86,3
1557,2,2026-02-27,Incomplete,Online,692.87,3
1558,1,2026-07-31,Completed,Online,364.87,3
1558,6,2026-08-27,Completed,Training Center,410.29,2
1560,5,2026-01-10,Completed,Online,584.06,1
1560,4,2026-01-06,Completed,Head Office,135.36,3
1560,5,2026-06-21,Completed,Head Office,318.62,2
1560,5,2026-04-27,Completed,Online,492.71,1
1560,5,2026-04-04,Completed,Head Office,121.46,3
1560,4,2026-09-12,Completed,Online,394.48,1
1562,2,2025-07-03,Incomplete,Training Center,598.23,4
1562,5,2025-12-20,Completed,Training Center,181.96,3
1562,2,2026-01-31,Completed,Training Center,952.55,2
1562,5,2025-12-04,Completed,Head Office,537.22,1
1563,4,2025-11-03,Completed,Online,447.51,3
1563,3,2026-09-02,Completed,Training Center,560.51,2
1564,4,2026-05-26,Completed,Training Center,283.63,2
1564,1,2026-09-24,Completed,Training Center,978.75,5
1564,6,2026-06-01,Completed,Head Office,299.59,1
1568,4,2025-10-16,Completed,Online,215.03,1
1568,4,2026-04-28,Completed,Training Center,458.99,2
1568,5,2026-02-01,Completed,Head Office,403.51,2
1569,6,2026-06-17,Completed,Head Office,404.29,1
1569,4,2025-11-06,Completed,Online,374.34,2
1572,6,2026-01-20,Completed,Head Office,197.74,1
1572,6,2025-12-22,Completed,Head Office,204.96,1
1572,2,2025-12-02,Completed,Online,636.05,2
1572,2,2026-03-27,Completed,Training Center,491.78,3
1573,6,2026-02-13,Incomplete,Head Office,178.94,1
1573,3,2026-05-04,Completed,Head Office,753.62,5
1574,2,2026-04-09,Completed,Training Center,591.13,2
1574,1,2026-07-23,Completed,Head Office,518.64,5
1574,1,2026-03-04,Completed,Training Center,500.75,3
1576,6,2026-02-19,Incomplete,Online,214.85,2
1576,2,2025-12-28,Completed,Head Office,710.14,3
1576,6,2025-10-21,Completed,Online,153.48,1
1577,1,2025-12-12,Completed,Online,758.79,5
1577,1,2026-07-22,Completed,Training Center,550.54,2
1577,6,2026-06-13,Completed,Online,498.05,2
1577,6,2025-12-08,Completed,Training Center,263.95,1
1578,3,2025-12-23,Completed,Head Office,659.25,3
1578,2,2025-11-08,Completed,Head Office,402.19,3
1578,3,2025-10-22,Completed,Head Office,505.21,2
1580,1,2026-03-16,Completed,Head Office,734.99,2
1580,2,2026-03-18,Completed,Online,416.96,2
1580,2,2025-10-16,Incomplete,Head Office,940.41,2
1581,1,2026-09-09,Completed,Online,551.34,2
1581,6,2026-04-07,Completed,Online,221.36,2
1581,1,2025-12-10,Completed,Head Office,579.03,3
1581,1,2026-01-04,Completed,Head Office,664.23,3
1581,1,2025-10-28,Incomplete,Head Office,522.01,3
1582,2,2026-09-11,Incomplete,Training Center,518.96,4
1582,5,2026-08-22,Completed,Head Office,545.23,1
1582,5,2026-06-15,Completed,Head Office,109.79,3
1583,4,2026-08-30,Completed,Head Office,236.0,3
1583,2,2026-04-13,Completed,Head Office,476.31,2
1583,5,2026-03-02,Completed,Training Center,520.06,2
1583,2,2025-10-05,Incomplete,Training Center,775.21,3
1583,5,2026-02-01,Completed,Online,214.52,1
1585,5,2026-04-26,Completed,Training Center,327.52,2
1585,5,2026-08-05,Completed,Training Center,374.53,2
1585,5,2026-04-09,Completed,Online,392.43,3
1585,5,2025-12-21,Completed,Online,573.0,1
1585,5,2025-10-10,Completed,Online,122.78,3
1586,4,2025-10-01,Completed,Training Center,237.79,1
1586,1,2026-03-16,Completed,Head Office,594.85,3
1586,6,2026-07-24,Completed,Head Office,407.85,1
1587,4,2026-03-23,Completed,Head Office,501.46,3
1587,5,2025-10-07,Completed,Training Center,442.92,1
1587,4,2026-05-03,Completed,Online,382.48,2
1587,5,2025-12-15,Incomplete,Online,102.17,2
1588,4,2026-07-31,Completed,Training Center,481.77,3
1588,5,2026-09-07,Completed,Training Center,406.14,1
1588,5,2025-12-24,Incomplete,Head Office,468.04,3
1591,4,2026-04-20,Completed,Training Center,428.99,1
1591,3,2026-03-04,Completed,Online,771.93,2
1592,6,2025-12-25,Completed,Online,158.26,1
1592,2,2026-08-16,Completed,Training Center,748.52,2
1594,1,2026-03-24,Completed,Training Center,425.48,4
1594,1,2026-01-24,Completed,Online,599.35,3
1594,1,2026-01-21,Completed,Head Office,467.67,4
1595,2,2026-05-10,Completed,Online,608.04,3
1595,3,2026-01-17,Completed,Online,664.05,2
1596,4,2025-10-02,Completed,Online,560.71,1
1596,6,2026-03-27,Completed,Online,183.97,2
1596,1,2026-07-18,Incomplete,Online,737.76,2
1597,5,2026-04-15,Completed,Training Center,490.65,2
1597,4,2025-12-12,Completed,Training Center,409.43,2
1597,5,2026-06-02,Completed,Online,409.5,3
1598,4,2026-04-18,Completed,Head Office,179.85,1
1598,4,2026-05-16,Completed,Head Office,372.02,2
1601,6,2025-12-27,Completed,Online,403.71,2
1601,6,2025-12-21,Completed,Training Center,241.62,1
1601,6,2026-08-28,Completed,Training Center,309.33,1
1601,4,2025-10-13,Completed,Training Center,270.64,3
1601,6,2026-05-19,Completed,Training Center,181.94,2
1602,2,2026-03-03,Completed,Training Center,608.39,2
1602,3,2026-05-06,Completed,Online,687.23,2
1602,4,2026-08-10,Completed,Online,410.79,2
1602,4,2026-03-03,Completed,Head Office,538.47,3
1602,3,2025-12-26,Completed,Online,877.65,2
1604,1,2025-08-04,Completed,Training Center,800.08,5
1604,1,2025-12-26,Completed,Online,962.92,2
1604,1,2025-08-02,Completed,Training Center,395.49,4
1605,1,2025-12-05,Completed,Head Office,412.27,3
1605,1,2026-02-14,Completed,Head Office,378.48,3
1606,5,2026-06-25,Incomplete,Head Office,101.29,1
1606,5,2026-05-18,Completed,Training Center,408.31,3
1606,6,2026-03-10,Completed,Online,324.74,2
1607,6,2025-11-13,Completed,Training Center,355.91,1
1607,6,2026-07-01,Completed,Online,446.7,2
1607,6,2025-09-29,Completed,Training Center,492.85,1
1608,3,2025-09-27,Completed,Online,998.88,5
1608,3,2026-08-04,Completed,Training Center,857.89,2
1608,3,2025-10-23,Completed,Training Center,955.34,2
1608,3,2026-01-28,Incomplete,Training Center,737.53,2
1609,1,2026-05-23,Completed,Training Center,379.2,5
1609,1,2025-10-21,Completed,Online,790.43,2
1609,1,2026-02-20,Completed,Training Center,476.41,3
1611,1,2026-05-04,Completed,Training Center,471.18,5
1611,4,2025-10-17,Completed,Training Center,196.35,2
1611,6,2026-07-20,Incomplete,Training Center,294.42,2
1612,2,2025-10-21,Completed,Head Office,733.98,4
1612,5,2026-07-24,Incomplete,Training Center,432.57,3
1613,5,2026-03-17,Incomplete,Training Center,535.68,3
1613,2,2026-06-26,Completed,Training Center,497.69,4
1613,5,2026-03-07,Completed,Online,316.26,3
1614,6,2026-07-14,Completed,Online,446.63,1
1614,6,2026-03-10,Completed,Head Office,284.97,1
1615,6,2026-01-01,Completed,Online,197.57,1
1615,3,2026-01-17,Completed,Training Center,670.24,5
1615,6,2026-03-13,Completed,Online,318.59,2
1617,1,2026-09-12,Completed,Training Center,522.25,3
1617,6,2026-08-02,Completed,Training Center,474.99,2
1617,1,2026-08-04,Incomplete,Online,723.43,2
1618,6,2026-03-08,Completed,Online,247.81,2
1618,6,2026-01-30,Incomplete,Training Center,345.94,2
1618,2,2026-03-23,Completed,Training Center,833.09,4
1619,1,2025-10-04,Incomplete,Head Office,440.43,4
1619,4,2025-10-02,Completed,Online,211.23,2
1619,4,2026-03-04,Incomplete,Head Office,337.63,1
1621,1,2026-09-17,Completed,Online,642.84,4
1621,6,2026-08-05,Completed,Training Center,395.7,1
1622,3,2025-10-10,Completed,Training Center,846.74,3
1622,6,2025-12-26,Incomplete,Head Office,310.34,1
1622,6,2026-02-19,Completed,Online,476.57,1
1622,2,2025-11-23,Completed,Training Center,679.6,2
1622,6,2026-04-11,Completed,Online,459.85,1
1623,1,2025-10-16,Incomplete,Online,816.56,4
1623,1,2026-04-11,Completed,Head Office,962.33,3
1624,5,2025-11-24,Completed,Online,282.17,2
1624,5,2026-01-03,Completed,Online,354.13,2
1625,4,2026-05-04,Completed,Online,264.87,1
1625,2,2026-02-16,Completed,Head Office,944.83,3
1627,1,2026-04-08,Completed,Online,860.93,2
1627,6,2026-01-02,Completed,Training Center,261.88,1
1627,1,2026-01-08,Completed,Head Office,982.1,4
1628,6,2026-03-24,Completed,Head Office,441.79,1
1628,6,2026-07-22,Completed,Head Office,254.86,2
1630,6,2025-11-16,Completed,Training Center,278.16,2
1630,5,2025-11-10,Completed,Head Office,513.72,2
1630,6,2026-02-28,Completed,Online,210.78,2
1630,4,2025-11-07,Completed,Training Center,530.63,2
1630,5,2026-08-11,Completed,Online,389.74,3
1631,3,2025-12-26,Completed,Training Center,684.72,4
1631,6,2026-05-26,Completed,Online,341.26,2
1633,2,2025-12-13,Completed,Training Center,700.25,2
1633,3,2026-02-19,Completed,Training Center,569.39,4
1635,3,2026-09-18,Completed,Head Office,728.47,3
1635,3,2026-03-24,Completed,Training Center,892.74,3
1635,6,2026-09-17,Completed,Head Office,472.03,2
1638,6,2025-10-24,Completed,Head Office,373.46,1
1638,6,2026-06-14,Completed,Training Center,252.12,1
1638,3,2026-06-18,Completed,Head Office,939.76,4
1638,3,2025-11-30,Completed,Training Center,956.67,5
1638,6,2026-05-02,Completed,Training Center,419.94,2
1638,2,2026-06-15,Completed,Head Office,762.33,2
1639,5,2025-03-11,Completed,Online,176.22,3
1639,5,2025-09-06,Completed,Online,368.87,1
1639,5,2025-02-03,Completed,Online,450.48,3
1640,2,2025-09-28,Completed,Online,640.63,4
1640,1,2026-09-12,Completed,Online,964.95,5
1641,6,2025-11-29,Completed,Head Office,322.28,2
1641,2,2026-03-27,Completed,Online,403.4,4
1642,6,2026-06-23,Completed,Online,474.09,1
1642,6,2026-06-28,Completed,Training Center,313.94,2
1642,4,2026-07-22,Completed,Online,396.82,1
1644,3,2026-01-31,Incomplete,Head Office,748.12,5
1644,4,2026-08-26,Completed,Online,558.45,1
1644,2,2026-05-15,Completed,Online,449.98,3
1645,2,2025-07-12,Completed,Training Center,468.77,3
1645,5,2025-10-04,Completed,Head Office,164.74,2
1646,1,2026-04-17,Completed,Training Center,879.96,2
1646,1,2026-01-28,Completed,Head Office,975.65,5
1649,6,2026-05-04,Completed,Training Center,496.68,1
1649,6,2025-07-30,Incomplete,Head Office,363.1,2
1649,1,2025-08-22,Completed,Head Office,930.89,5
1650,4,2026-03-02,Incomplete,Training Center,254.94,2
1650,5,2025-12-13,Completed,Head Office,231.52,2
1651,4,2026-08-12,Incomplete,Online,588.29,2
1651,4,2026-03-30,Incomplete,Training Center,374.4,3
1651,6,2026-08-27,Completed,Head Office,159.46,1
1651,5,2026-05-30,Completed,Head Office,101.17,3
1651,6,2025-12-10,Completed,Head Office,178.68,1
1651,6,2026-07-30,Completed,Online,260.19,2
1653,3,2025-11-14,Incomplete,Head Office,932.67,3
1653,3,2026-03-28,Completed,Head Office,550.65,4
1653,3,2025-11-08,Completed,Training Center,529.79,3
1653,6,2026-08-17,Incomplete,Online,289.85,1
1653,6,2026-05-21,Incomplete,Online,219.77,2
1653,3,2026-01-16,Incomplete,Head Office,794.96,2
1654,3,2025-11-29,Completed,Head Office,986.5,3
1654,6,2026-09-12,Completed,Head Office,150.19,1
1654,3,2026-04-12,Completed,Online,547.06,4
1655,1,2026-05-25,Completed,Online,929.2,3
1655,3,2025-11-09,Completed,Training Center,755.48,4
1656,1,2026-08-04,Incomplete,Training Center,313.54,4
1656,3,2025-11-08,Completed,Head Office,932.69,3
1656,1,2025-12-06,Completed,Head Office,905.99,5
1657,4,2026-02-17,Completed,Training Center,357.7,1
1657,4,2026-03-12,Completed,Training Center,579.03,1
1657,5,2026-02-04,Completed,Training Center,319.64,3
1658,1,2026-08-17,Incomplete,Training Center,924.65,4
1658,2,2026-05-03,Completed,Training Center,496.92,4
1659,1,2026-01-20,Completed,Head Office,559.81,5
1659,6,2026-06-28,Completed,Head Office,292.93,1
1659,1,2026-06-24,Completed,Training Center,847.28,2
1659,1,2026-02-25,Completed,Online,566.53,2
1661,5,2026-09-25,Completed,Online,323.91,3
1661,4,2026-05-01,Completed,Online,439.94,3
1661,5,2025-11-02,Completed,Training Center,238.79,1
1662,6,2025-11-14,Completed,Head Office,261.36,2
1662,6,2025-09-26,Completed,Training Center,328.53,2
1662,6,2026-01-13,Incomplete,Training Center,346.73,2
1662,6,2025-12-09,Completed,Training Center,488.09,2
1662,6,2025-11-28,Incomplete,Online,261.44,1
1662,3,2026-08-30,Incomplete,Online,541.6,4
1664,5,2026-07-11,Completed,Head Office,524.61,3
1664,4,2026-09-22,Completed,Head Office,125.95,2
1664,5,2026-01-28,Completed,Training Center,461.22,3
1665,4,2026-02-01,Completed,Online,470.6,2
1665,2,2026-09-21,Completed,Head Office,980.9,2
1665,2,2026-03-26,Completed,Head Office,841.46,3
1665,4,2026-06-27,Incomplete,Training Center,115.48,2
1665,3,2026-07-03,Completed,Online,923.81,2
1665,3,2026-02-20,Completed,Training Center,818.25,5
1666,3,2026-04-01,Completed,Online,769.13,2
1666,1,2026-07-26,Completed,Online,574.51,2
1666,3,2025-11-06,Completed,Online,533.01,5
1667,5,2025-08-12,Completed,Online,254.61,1
1667,5,2025-06-24,Completed,Training Center,517.68,3
1668,1,2026-08-27,Completed,Training Center,836.4,2
1668,1,2026-05-03,Incomplete,Training Center,912.46,3
1668,1,2026-05-28,Completed,Online,770.29,2
1668,6,2026-06-17,Incomplete,Training Center,311.99,1
1669,5,2026-07-13,Completed,Head Office,459.24,1
1669,5,2025-11-23,Completed,Online,474.48,2
1669,4,2026-05-17,Completed,Online,274.83,2
1670,5,2026-03-22,Completed,Online,334.43,3
1670,5,2026-03-14,Completed,Training Center,379.77,3
1670,2,2025-10-21,Completed,Training Center,510.06,2
1670,5,2026-04-12,Completed,Training Center,345.47,1
1670,5,2026-09-12,Completed,Training Center,446.04,2
1671,6,2026-06-30,Completed,Training Center,400.79,1
1671,1,2026-06-20,Completed,Online,775.74,2
1671,2,2025-10-24,Completed,Online,542.67,3
1671,1,2025-12-26,Completed,Training Center,423.72,3
1673,5,2025-12-31,Completed,Online,290.05,3
1673,4,2025-11-17,Completed,Online,511.99,3
1674,4,2025-10-05,Completed,Training Center,553.42,2
1674,1,2026-03-20,Incomplete,Head Office,487.55,4
1675,6,2026-01-28,Completed,Head Office,195.2,2
1675,1,2026-05-18,Completed,Online,817.6,2
1675,1,2026-05-06,Completed,Head Office,493.91,2
1676,3,2025-11-28,Completed,Online,521.28,3
1676,3,2026-06-05,Incomplete,Head Office,503.29,3
1677,4,2026-05-30,Completed,Online,317.51,2
1677,2,2026-02-02,Completed,Training Center,566.69,3
1678,5,2025-10-21,Completed,Training Center,274.43,1
1678,5,2026-09-16,Completed,Training Center,446.96,1
1680,4,2026-02-10,Completed,Online,472.38,3
1680,5,2025-12-04,Completed,Head Office,427.85,1
1680,4,2026-05-17,Completed,Training Center,303.15,2
1681,4,2026-07-06,Completed,Head Office,102.03,1
1681,5,2026-09-20,Completed,Training Center,159.79,2
1682,6,2026-05-03,Completed,Online,201.04,2
1682,5,2026-05-21,Completed,Head Office,117.09,2
1683,6,2026-01-30,Completed,Online,298.85,2
1683,4,2026-01-26,Completed,Online,328.0,3
1684,4,2026-07-16,Completed,Training Center,256.15,1
1684,6,2026-01-09,Completed,Online,482.89,1
1687,6,2026-02-19,Completed,Training Center,231.39,1
1687,1,2026-02-07,Completed,Head Office,885.53,3
1687,1,2026-04-14,Incomplete,Online,821.4,3
1687,1,2025-11-28,Completed,Training Center,445.77,4
1687,1,2026-06-30,Completed,Head Office,736.13,2
1689,6,2026-02-03,Incomplete,Online,155.72,2
1689,5,2025-10-01,Completed,Online,496.61,3
1691,5,2025-07-13,Completed,Head Office,444.2,2
1691,4,2025-10-01,Completed,Head Office,568.7,3
1691,5,2025-09-21,Completed,Online,390.03,2
1692,6,2026-02-15,Completed,Head Office,218.54,2
1692,4,2025-08-14,Completed,Training Center,598.53,1
1693,1,2025-12-12,Completed,Online,342.53,5
1693,1,2026-09-12,Completed,Training Center,540.77,2
1693,4,2025-11-15,Completed,Head Office,552.97,3
1693,4,2026-09-13,Completed,Head Office,514.47,3
1693,1,2026-04-03,Completed,Online,626.34,3
1694,6,2025-11-05,Completed,Online,180.59,2
1696,1,2026-08-04,Completed,Online,894.81,5
1696,1,2025-12-26,Completed,Online,954.55,2
1696,6,2026-04-21,Completed,Online,279.13,2
1697,5,2026-03-21,Completed,Head Office,274.68,1
1697,5,2026-08-10,Completed,Training Center,244.62,1
1698,4,2026-01-09,Incomplete,Training Center,264.2,1
1698,1,2026-06-06,Completed,Online,688.64,5
1698,1,2025-11-19,Completed,Head Office,382.38,5
1698,6,2026-05-26,Completed,Training Center,290.45,1
1698,4,2026-02-21,Completed,Online,593.42,2
1698,1,2025-12-18,Completed,Online,976.69,4
1700,4,2026-05-19,Completed,Training Center,144.86,1
1700,5,2026-08-29,Completed,Training Center,167.11,2
1701,1,2025-10-20,Completed,Online,976.19,2
1701,1,2026-08-23,Completed,Training Center,347.25,3
1701,1,2026-07-17,Completed,Head Office,466.99,5
1702,4,2026-02-02,Completed,Head Office,509.47,2
1702,5,2026-03-02,Completed,Training Center,261.88,1
1703,6,2026-06-10,Completed,Online,393.24,1
1703,4,2026-06-14,Completed,Head Office,213.7,1
1704,6,2026-01-19,Completed,Head Office,258.31,2
1704,1,2025-11-23,Completed,Online,739.29,5
1706,4,2026-01-01,Completed,Head Office,405.55,3
1706,5,2026-07-16,Completed,Head Office,355.36,1
1706,5,2026-05-20,Incomplete,Online,212.35,2
1707,6,2025-12-01,Incomplete,Training Center,297.17,1
1708,5,2026-01-12,Completed,Online,102.52,1
1708,5,2026-01-25,Completed,Training Center,216.46,2
1708,5,2025-10-18,Completed,Training Center,174.0,1
1709,1,2026-02-20,Completed,Head Office,417.88,5
1709,1,2026-05-26,Completed,Head Office,800.74,5
1710,4,2026-05-17,Completed,Head Office,443.01,2
1710,4,2026-02-22,Completed,Head Office,104.75,1
1712,6,2026-09-15,Completed,Online,215.45,2
1712,5,2026-07-20,Completed,Head Office,265.76,2
1712,5,2026-08-16,Completed,Training Center,502.55,3
1714,6,2024-12-31,Completed,Training Center,458.38,1
1714,6,2025-06-17,Completed,Head Office,353.89,2
1716,5,2026-05-03,Completed,Head Office,246.97,3
1716,4,2025-09-15,Completed,Online,546.62,2
1716,5,2025-06-26,Completed,Online,516.11,3
1718,1,2026-08-26,Completed,Head Office,876.25,2
1718,1,2025-10-21,Completed,Training Center,369.35,4
1718,1,2025-10-20,Completed,Online,650.52,5
1719,1,2026-01-10,Completed,Training Center,961.05,4
1719,2,2025-10-20,Completed,Training Center,976.97,4
1720,6,2025-10-04,Completed,Online,374.24,2
1720,2,2026-07-27,Completed,Head Office,706.21,4
1720,1,2026-08-21,Completed,Training Center,651.76,4
1721,1,2026-09-18,Completed,Training Center,767.5,4
1721,1,2026-03-17,Completed,Head Office,770.8,3
1722,4,2026-07-29,Completed,Online,447.82,3
1722,4,2026-09-05,Completed,Head Office,373.36,2
1722,4,2026-02-20,Completed,Head Office,346.83,2
1722,4,2026-03-09,Completed,Online,545.82,2
1724,6,2026-04-07,Completed,Training Center,205.95,1
1724,3,2026-09-03,Completed,Head Office,547.82,5
1724,3,2026-05-22,Completed,Head Office,745.33,2
1725,4,2026-05-25,Completed,Training Center,561.21,3
1725,4,2026-03-17,Completed,Training Center,445.62,1
1727,5,2026-01-21,Completed,Online,323.01,1
1727,4,2026-08-05,Incomplete,Online,304.5,2
1727,5,2026-01-30,Completed,Head Office,523.28,2
1728,2,2025-11-04,Completed,Training Center,785.94,2
1728,6,2026-03-21,Completed,Training Center,333.91,1
1728,6,2026-03-12,Completed,Head Office,299.39,1
1729,1,2026-04-06,Incomplete,Head Office,909.21,4
1729,1,2026-08-12,Completed,Online,681.39,4
1731,5,2026-04-30,Completed,Head Office,107.13,1
1731,5,2026-03-12,Incomplete,Online,188.95,3
1731,5,2025-10-16,Completed,Online,102.87,3
1732,2,2026-04-07,Completed,Head Office,952.57,4
1732,2,2026-05-13,Completed,Head Office,508.15,4
1732,5,2025-12-16,Completed,Head Office,204.92,2
1732,5,2025-10-17,Completed,Online,371.23,2
1732,4,2025-12-26,Completed,Training Center,388.62,2
1733,4,2025-07-31,Incomplete,Training Center,385.76,1
1733,2,2025-09-10,Completed,Head Office,768.38,4
1733,5,2025-08-15,Completed,Training Center,361.93,3
1734,5,2025-12-10,Completed,Online,301.43,1
1734,5,2025-12-08,Completed,Online,502.39,3
1735,1,2025-10-24,Completed,Training Center,348.24,2
1735,1,2026-04-02,Completed,Training Center,593.44,4
1735,1,2025-10-24,Completed,Training Center,610.99,3
1736,2,2026-08-07,Incomplete,Training Center,577.73,2
1736,6,2025-11-25,Completed,Online,425.11,1
1736,3,2026-03-25,Incomplete,Head Office,901.88,2
1737,6,2025-12-25,Incomplete,Training Center,449.37,1
1737,1,2026-07-07,Completed,Online,375.09,4
1739,5,2026-07-25,Completed,Online,460.74,3
1739,5,2026-04-11,Completed,Training Center,135.35,1
1740,3,2026-06-24,Completed,Online,810.89,2
1740,2,2026-02-14,Completed,Head Office,747.57,4
1740,3,2025-12-26,Completed,Head Office,532.94,4
1744,6,2026-05-06,Completed,Training Center,295.18,2
1744,6,2026-05-05,Incomplete,Head Office,354.37,1
1745,1,2026-06-10,Completed,Head Office,578.77,5
1745,2,2026-06-17,Completed,Training Center,502.06,2
1746,4,2026-04-06,Completed,Online,497.11,3
1746,6,2026-01-15,Completed,Training Center,388.21,2
1749,5,2025-10-03,Incomplete,Head Office,553.13,1
1749,5,2026-06-08,Completed,Training Center,565.63,1
1749,4,2026-05-04,Completed,Training Center,390.97,3
1751,6,2026-07-03,Completed,Head Office,388.65,2
1751,2,2025-11-08,Completed,Online,631.3,4
1751,1,2026-01-23,Completed,Training Center,574.01,5
1751,6,2026-07-25,Completed,Training Center,425.64,2
1751,2,2025-11-27,Incomplete,Online,421.58,4
1752,4,2025-12-06,Completed,Training Center,443.52,1
1752,5,2025-10-08,Completed,Training Center,484.58,2
1752,5,2025-06-11,Incomplete,Head Office,373.6,3
1753,5,2025-11-25,Completed,Training Center,172.45,2
1753,5,2025-10-26,Completed,Training Center,174.67,1
1753,4,2026-07-07,Completed,Training Center,308.5,2
1753,5,2026-04-25,Completed,Training Center,337.72,3
1753,5,2026-07-20,Completed,Online,167.75,3
1754,5,2026-04-13,Completed,Head Office,306.39,3
1754,2,2025-10-02,Completed,Online,793.41,3
1755,1,2026-05-09,Incomplete,Online,496.9,5
1755,6,2026-05-10,Incomplete,Head Office,355.07,2
1755,6,2025-10-02,Completed,Training Center,355.6,2
1756,4,2026-05-24,Completed,Training Center,408.98,3
1756,5,2026-01-13,Completed,Training Center,332.27,3
1757,4,2026-05-01,Completed,Online,354.25,3
1758,5,2026-06-01,Completed,Online,431.64,3
1758,4,2026-06-09,Completed,Head Office,593.48,3
1760,1,2026-05-22,Completed,Online,839.53,4
1760,6,2026-01-28,Completed,Training Center,306.79,1
1760,4,2026-01-08,Completed,Training Center,264.3,1
1760,6,2026-08-21,Completed,Online,363.66,1
1761,5,2025-08-25,Completed,Online,266.03,2
1761,5,2025-11-06,Completed,Training Center,505.97,1
1762,2,2026-03-16,Completed,Online,729.38,4
1762,6,2026-07-23,Completed,Head Office,323.07,2
1763,4,2026-09-05,Incomplete,Head Office,101.78,1
1763,5,2026-03-18,Completed,Head Office,286.8,3
1763,5,2026-04-26,Completed,Training Center,520.34,1
1764,1,2026-02-08,Completed,Online,507.51,5
1764,2,2026-03-05,Completed,Head Office,827.82,2
1764,1,2025-10-19,Completed,Online,640.54,5
1766,5,2025-10-07,Completed,Training Center,410.67,2
1766,6,2026-06-23,Completed,Training Center,381.53,2
1767,2,2025-04-17,Completed,Online,617.21,2
1767,6,2025-04-24,Completed,Online,174.95,1
1767,1,2025-06-10,Completed,Head Office,520.36,3
1767,1,2025-01-09,Completed,Head Office,389.08,2
1768,1,2026-07-28,Completed,Online,787.89,3
1768,1,2026-05-08,Completed,Head Office,671.77,5
1768,6,2025-12-25,Completed,Online,168.1,2
1768,6,2025-12-16,Incomplete,Head Office,242.22,1
1768,6,2026-07-10,Completed,Training Center,448.36,2
1768,1,2025-10-30,Completed,Training Center,870.54,4
1770,2,2025-11-13,Incomplete,Head Office,802.71,4
1770,2,2026-09-13,Completed,Training Center,719.15,2
1771,1,2026-07-08,Completed,Head Office,644.82,4
1771,2,2025-11-05,Completed,Online,704.7,2
1772,6,2026-07-08,Completed,Head Office,464.72,1
1772,1,2025-10-26,Completed,Head Office,828.61,3
1774,4,2025-12-16,Completed,Training Center,345.7,1
1774,2,2026-01-06,Incomplete,Head Office,870.73,4
1774,4,2026-05-18,Incomplete,Head Office,301.34,2
1775,2,2026-03-30,Completed,Head Office,482.34,4
1775,3,2026-05-06,Completed,Online,765.53,4
1778,4,2026-01-13,Completed,Online,493.41,1
1778,6,2025-09-27,Completed,Online,415.71,2
1778,4,2025-11-02,Completed,Head Office,361.46,1
1778,3,2026-08-23,Completed,Head Office,664.44,5
1778,4,2026-07-16,Completed,Training Center,401.32,1
1779,4,2026-01-15,Completed,Online,474.0,2
1779,5,2026-09-24,Completed,Head Office,384.38,3
1779,2,2026-08-15,Completed,Online,542.3,4
1780,5,2026-03-08,Completed,Online,520.1,1
1780,4,2026-02-23,Completed,Training Center,110.72,1
1780,5,2026-05-04,Completed,Head Office,314.65,1
1782,6,2025-12-28,Completed,Online,151.54,1
1782,1,2026-03-09,Incomplete,Online,459.23,4
1782,6,2026-03-31,Completed,Online,184.82,1
1783,4,2024-12-16,Completed,Head Office,390.29,3
1783,1,2024-12-22,Completed,Training Center,459.06,4
1783,1,2025-07-15,Completed,Training Center,583.77,2
1783,6,2025-06-27,Completed,Online,413.6,1
1783,1,2024-12-21,Completed,Training Center,782.48,3
1783,1,2025-06-04,Completed,Training Center,896.66,2
1784,4,2025-12-25,Completed,Training Center,239.78,3
1784,4,2025-12-31,Completed,Training Center,459.71,3
1784,2,2026-03-05,Incomplete,Head Office,988.01,4
1786,3,2026-01-17,Completed,Training Center,840.48,4
1786,3,2026-05-18,Completed,Head Office,814.24,2
1787,5,2026-03-03,Completed,Head Office,402.49,1
1787,5,2026-06-05,Completed,Training Center,390.36,1
1789,1,2026-02-07,Completed,Training Center,300.48,5
1789,3,2025-10-25,Completed,Head Office,822.25,2
1789,3,2026-06-18,Completed,Online,896.95,2
1790,4,2025-11-14,Completed,Head Office,425.69,1
1792,1,2025-12-19,Completed,Online,604.43,4
1792,6,2025-08-18,Completed,Training Center,433.75,1
1794,4,2025-12-18,Completed,Online,598.01,1
1794,4,2026-01-30,Completed,Training Center,491.33,1
1794,3,2026-04-25,Incomplete,Training Center,615.88,4
1794,4,2026-09-20,Completed,Head Office,546.76,3
1797,4,2025-11-19,Completed,Online,478.01,3
1797,4,2025-06-17,Completed,Online,294.46,3
1798,6,2026-09-06,Completed,Online,448.35,1
1799,1,2026-06-24,Completed,Head Office,925.71,4
1799,1,2026-05-24,Completed,Training Center,512.38,3
1799,1,2026-02-21,Completed,Online,588.36,2
1799,1,2026-06-09,Completed,Training Center,597.57,5
1799,6,2025-10-19,Completed,Head Office,338.58,1
1799,2,2026-04-12,Completed,Head Office,775.9,2
1800,1,2026-05-16,Completed,Head Office,604.98,2
1800,3,2026-04-03,Completed,Training Center,648.75,3
1800,3,2026-01-03,Completed,Head Office,906.19,5
1801,2,2026-08-25,Completed,Online,880.04,2
1801,4,2026-05-03,Incomplete,Online,269.34,1
1801,4,2026-08-23,Completed,Head Office,481.11,3
1802,6,2025-11-28,Completed,Online,225.07,2
1802,1,2025-10-06,Completed,Head Office,391.57,4
1802,6,2026-09-19,Completed,Training Center,481.78,1
1802,6,2026-09-23,Completed,Online,212.45,2
1802,6,2026-03-06,Completed,Head Office,475.09,2
1803,5,2026-07-29,Completed,Head Office,329.03,3
1803,5,2026-05-25,Incomplete,Training Center,221.5,2
1804,3,2026-09-13,Completed,Online,888.52,3
1804,6,2026-02-25,Completed,Training Center,451.12,2
1804,6,2026-06-07,Completed,Head Office,426.1,1
1804,6,2026-04-26,Completed,Head Office,261.29,2
1804,3,2026-08-09,Completed,Online,952.95,2
1804,6,2026-01-16,Completed,Head Office,257.8,2
1805,4,2026-09-13,Completed,Training Center,213.62,3
1805,3,2026-05-20,Completed,Head Office,791.21,4
1805,3,2026-09-19,Completed,Head Office,802.13,4
1807,1,2025-11-16,Completed,Online,536.58,5
1807,4,2025-05-11,Completed,Head Office,103.67,1
1807,1,2025-08-13,Completed,Head Office,436.62,4
1809,6,2026-03-25,Completed,Head Office,420.49,2
1809,6,2025-11-13,Completed,Head Office,386.35,1
1809,3,2025-07-13,Completed,Training Center,969.79,4
1809,2,2025-08-12,Completed,Head Office,432.45,3
1812,5,2026-04-23,Completed,Training Center,381.46,3
1812,5,2026-08-12,Completed,Head Office,357.45,3
1812,5,2026-04-21,Completed,Training Center,389.19,1
1812,5,2025-11-29,Completed,Training Center,107.15,3
1812,4,2026-08-17,Completed,Training Center,491.44,1
1812,5,2025-12-21,Completed,Online,395.82,1
1813,1,2026-09-25,Incomplete,Online,990.1,5
1813,6,2026-08-02,Completed,Head Office,453.55,1
1814,6,2025-11-05,Completed,Training Center,252.06,1
1814,5,2026-01-21,Completed,Online,237.41,2
1814,6,2026-01-12,Completed,Training Center,261.0,1
1815,5,2026-02-02,Incomplete,Training Center,250.2,2
1815,4,2026-01-08,Completed,Training Center,224.42,2
1815,4,2025-12-10,Completed,Online,591.94,2
1816,3,2026-09-24,Completed,Head Office,976.24,4
1816,2,2026-04-21,Completed,Training Center,491.35,3
1816,6,2026-07-22,Completed,Head Office,246.39,1
1818,3,2025-03-01,Completed,Online,855.2,5
1818,6,2025-08-15,Completed,Training Center,150.7,1
1818,4,2025-01-24,Incomplete,Head Office,265.55,2
1821,6,2026-03-20,Incomplete,Training Center,208.13,1
1821,6,2025-10-02,Completed,Head Office,452.11,1
1822,6,2026-02-08,Completed,Online,234.87,1
1822,5,2026-02-02,Completed,Training Center,537.64,2
1822,5,2026-01-18,Completed,Training Center,240.66,2
1823,4,2025-12-07,Completed,Head Office,437.77,3
1823,5,2026-06-10,Completed,Online,320.37,1
1823,2,2026-09-04,Completed,Online,525.59,3
1823,2,2026-01-17,Completed,Head Office,425.28,4
1823,5,2026-09-09,Incomplete,Training Center,209.65,3
1826,1,2026-06-18,Completed,Online,735.36,4
1826,1,2026-03-25,Incomplete,Training Center,698.61,3
1827,6,2025-12-12,Completed,Training Center,298.36,1
1827,6,2026-08-04,Completed,Online,474.97,1
1827,6,2026-06-09,Completed,Online,384.07,1
1827,6,2026-04-21,Completed,Training Center,217.39,2
1829,6,2026-06-04,Completed,Head Office,364.55,1
1829,6,2025-12-24,Completed,Head Office,442.85,1
1829,5,2026-02-02,Completed,Training Center,162.19,1
1830,1,2026-05-21,Incomplete,Head Office,973.19,3
1830,1,2026-01-14,Completed,Online,569.6,3
1833,5,2026-08-25,Completed,Online,259.22,3
1833,4,2025-10-04,Completed,Training Center,257.32,1
1833,2,2026-05-16,Completed,Online,783.81,4
1834,1,2026-09-09,Completed,Head Office,860.66,3
1834,1,2026-06-12,Completed,Training Center,745.46,3
1834,1,2026-05-18,Completed,Head Office,322.21,5
1835,4,2025-10-04,Incomplete,Training Center,306.85,1
1835,5,2026-05-18,Completed,Training Center,375.18,3
1835,4,2026-07-01,Completed,Online,529.13,3
1835,4,2026-02-28,Completed,Head Office,489.71,1
1836,5,2026-01-26,Completed,Training Center,356.05,1
1836,5,2026-05-13,Completed,Head Office,247.11,1
1836,5,2026-09-01,Completed,Training Center,450.29,1
1836,5,2026-01-12,Completed,Online,299.03,2
1837,1,2026-07-29,Completed,Head Office,394.4,3
1837,1,2026-05-23,Completed,Training Center,426.08,5
1837,2,2025-11-13,Completed,Training Center,542.57,2
1839,6,2026-07-13,Completed,Head Office,174.16,2
1839,6,2026-07-27,Completed,Training Center,193.41,1
1839,1,2026-07-03,Incomplete,Head Office,361.74,4
1839,6,2026-08-24,Completed,Training Center,282.46,1
1842,3,2026-05-25,Incomplete,Online,530.21,2
1842,3,2026-08-04,Completed,Training Center,989.31,3
1842,4,2025-10-22,Completed,Head Office,568.78,2
1842,6,2026-05-27,Completed,Training Center,415.74,2
1844,4,2026-07-15,Completed,Head Office,234.38,1
1844,3,2025-09-15,Completed,Head Office,977.54,5
1844,3,2025-12-16,Completed,Training Center,859.1,4
1845,4,2025-10-26,Completed,Head Office,524.59,2
1845,5,2025-12-01,Completed,Head Office,551.15,3
1845,5,2026-01-15,Completed,Training Center,537.67,2
1847,2,2026-09-15,Completed,Head Office,528.38,4
1847,2,2026-03-06,Completed,Online,748.98,2
1849,5,2026-07-09,Completed,Training Center,576.23,3
1849,4,2026-01-01,Completed,Training Center,158.32,3
1849,5,2026-01-14,Completed,Training Center,148.76,1
1849,5,2026-06-30,Completed,Online,171.54,1
1849,4,2026-04-12,Completed,Online,455.54,2
1850,4,2025-11-14,Completed,Head Office,129.97,2
1850,1,2026-01-09,Completed,Head Office,446.21,5
1850,1,2026-03-10,Completed,Head Office,446.24,5
1852,1,2026-09-11,Completed,Head Office,468.46,3
1852,4,2026-05-23,Completed,Training Center,118.09,1
1852,1,2026-08-31,Incomplete,Head Office,910.81,2
1853,2,2026-04-27,Completed,Online,772.69,3
1853,4,2026-06-04,Completed,Head Office,597.75,3
1854,1,2025-10-23,Completed,Training Center,804.25,5
1856,1,2026-09-19,Completed,Training Center,569.51,3
1856,4,2026-02-10,Completed,Head Office,268.54,1
1857,3,2025-10-13,Completed,Head Office,667.76,2
1857,2,2026-09-18,Completed,Head Office,690.77,2
1857,3,2026-09-23,Incomplete,Online,606.08,2
1857,6,2026-06-13,Completed,Head Office,212.18,1
1858,3,2026-09-16,Completed,Online,834.05,4
1858,4,2026-09-03,Completed,Head Office,550.66,3
1859,4,2026-07-29,Completed,Online,280.28,1
1859,6,2026-07-04,Completed,Training Center,267.66,2
1859,5,2025-11-29,Completed,Online,420.93,2
1860,1,2026-08-10,Completed,Head Office,702.22,4
1860,1,2026-08-10,Completed,Head Office,443.09,4
1860,4,2026-08-14,Completed,Head Office,523.57,1
1862,5,2025-12-08,Completed,Training Center,120.49,3
1862,5,2026-01-22,Completed,Online,418.78,1
1862,4,2025-11-08,Completed,Online,530.03,2
1863,5,2026-06-18,Completed,Online,212.09,3
1863,5,2026-03-14,Completed,Training Center,540.14,2
1863,2,2025-12-21,Completed,Training Center,912.68,4
1863,5,2026-01-24,Completed,Head Office,240.05,3
1863,5,2026-09-14,Completed,Online,234.8,3
1864,5,2026-06-16,Completed,Head Office,172.79,2
1864,5,2025-09-27,Completed,Head Office,579.15,3
1864,5,2025-11-04,Completed,Head Office,171.79,3
1864,5,2026-09-05,Completed,Online,422.25,1
1864,5,2026-07-22,Completed,Online,549.41,1
1865,3,2025-11-06,Incomplete,Head Office,911.0,2
1865,4,2025-10-12,Completed,Head Office,411.69,2
1865,4,2026-03-28,Completed,Head Office,121.28,3
1866,4,2025-12-17,Completed,Online,176.4,1
1866,4,2026-01-12,Completed,Training Center,121.02,3
1867,2,2025-10-20,Completed,Training Center,538.58,4
1867,1,2026-02-07,Incomplete,Online,414.92,3
1867,3,2026-02-20,Completed,Online,743.27,4
1868,1,2024-10-30,Completed,Training Center,892.91,5
1868,1,2025-02-12,Completed,Training Center,985.2,2
1868,1,2025-07-19,Completed,Head Office,696.27,5
1869,4,2026-01-18,Completed,Head Office,553.89,1
1869,5,2026-02-26,Completed,Online,442.64,1
1870,1,2026-02-10,Completed,Head Office,404.63,3
1870,2,2026-03-20,Incomplete,Online,810.72,4
1871,2,2026-06-28,Completed,Training Center,424.44,3
1871,1,2026-02-21,Completed,Online,882.19,2
1873,6,2025-12-28,Completed,Training Center,169.04,1
1873,6,2026-07-01,Completed,Online,152.29,2
1875,4,2026-04-21,Completed,Head Office,417.27,3
1875,5,2026-05-27,Incomplete,Training Center,338.72,1
1875,4,2026-02-18,Completed,Head Office,514.68,3
1876,5,2025-05-07,Completed,Head Office,533.75,2
1876,5,2025-08-18,Completed,Training Center,350.47,3
1876,4,2025-09-08,Completed,Training Center,381.8,2
1878,6,2025-05-27,Incomplete,Training Center,296.08,2
1878,1,2025-10-28,Completed,Head Office,862.23,2
1880,4,2026-01-14,Completed,Head Office,540.78,3
1880,2,2025-12-29,Completed,Training Center,465.96,4
1880,4,2026-03-19,Completed,Training Center,441.91,2
1880,4,2025-10-01,Completed,Online,452.87,2
1881,1,2026-02-20,Completed,Head Office,509.41,4
1881,1,2025-10-22,Completed,Head Office,732.9,5
1882,2,2026-07-10,Completed,Online,783.29,2
1882,2,2026-02-18,Completed,Head Office,950.28,2
1882,5,2026-06-28,Incomplete,Head Office,512.72,3
1883,4,2026-05-04,Completed,Training Center,293.17,1
1883,4,2026-08-09,Completed,Online,497.14,3
1885,1,2025-12-13,Completed,Online,881.41,4
1885,6,2026-05-19,Completed,Head Office,309.09,2
1886,2,2026-05-11,Completed,Head Office,885.07,4
1886,6,2025-11-25,Completed,Training Center,168.57,2
1888,6,2025-10-21,Completed,Online,298.42,2
1888,2,2026-03-20,Completed,Training Center,404.5,2
1890,4,2026-05-08,Completed,Head Office,199.36,2
1890,6,2026-09-01,Completed,Training Center,447.3,1
1892,2,2025-11-18,Completed,Head Office,865.25,2
1892,3,2025-10-23,Completed,Online,501.06,4
1892,3,2026-01-22,Completed,Head Office,663.19,2
1893,1,2025-12-02,Completed,Training Center,675.23,2
1893,6,2026-06-04,Completed,Training Center,266.92,2
1893,6,2026-07-27,Completed,Online,437.89,1
1898,4,2026-03-28,Completed,Online,133.41,1
1898,5,2025-12-26,Incomplete,Online,171.84,3
1898,2,2026-03-28,Completed,Head Office,972.81,3
1898,4,2026-06-13,Completed,Head Office,555.75,1
1898,5,2026-08-05,Completed,Training Center,340.28,2
1900,4,2026-02-12,Completed,Head Office,397.33,3
1900,3,2025-12-12,Completed,Training Center,933.58,4
1900,3,2026-07-07,Incomplete,Online,556.04,5
1903,6,2026-04-26,Completed,Head Office,181.97,1
1903,5,2025-12-16,Completed,Online,414.4,1
1903,5,2026-08-30,Completed,Training Center,131.01,2
1903,6,2026-02-12,Incomplete,Head Office,450.83,1
1903,4,2026-07-13,Incomplete,Online,223.09,1
1905,2,2025-07-27,Completed,Training Center,433.14,3
1905,1,2026-05-22,Completed,Training Center,979.28,2
1907,6,2025-04-13,Completed,Head Office,467.17,1
1907,1,2025-06-21,Completed,Training Center,384.97,2
1907,4,2025-01-20,Completed,Head Office,163.56,2
1908,5,2025-10-27,Completed,Online,246.62,2
1909,4,2026-08-14,Completed,Head Office,409.77,2
1909,4,2026-08-05,Completed,Training Center,344.7,3
1909,2,2026-09-02,Completed,Head Office,715.73,3
1911,3,2025-10-16,Completed,Head Office,811.24,2
1911,1,2026-09-05,Completed,Training Center,385.55,5
1911,3,2026-04-30,Completed,Training Center,518.51,2
1912,5,2025-12-21,Incomplete,Head Office,454.1,2
1912,4,2026-01-11,Completed,Online,153.51,2
1915,2,2026-03-12,Completed,Head Office,895.96,4
1915,2,2026-02-16,Incomplete,Training Center,764.79,4
1915,4,2026-03-30,Completed,Head Office,424.98,3
1918,6,2025-12-07,Completed,Head Office,162.86,2
1918,4,2026-01-12,Completed,Training Center,292.26,3
1918,1,2026-08-20,Completed,Head Office,564.25,3
1922,4,2025-10-04,Completed,Online,373.12,2
1922,5,2026-03-24,Completed,Online,205.28,1
1922,5,2026-07-31,Completed,Online,135.39,2
1924,5,2026-02-11,Completed,Training Center,555.7,1
1924,4,2026-07-01,Completed,Training Center,384.29,3
1927,4,2026-05-02,Completed,Online,452.79,2
1927,5,2026-06-16,Incomplete,Head Office,467.98,1
1928,4,2026-03-10,Incomplete,Training Center,513.22,3
1928,4,2026-02-22,Completed,Online,437.84,2
1928,5,2026-02-05,Completed,Training Center,289.0,2
1929,2,2026-07-16,Incomplete,Online,742.86,2
1931,6,2026-02-21,Completed,Training Center,276.97,1
1931,1,2026-09-04,Completed,Head Office,815.11,5
1931,1,2026-04-05,Incomplete,Training Center,353.08,3
1932,2,2025-11-07,Completed,Online,496.12,4
1932,1,2026-02-08,Completed,Head Office,434.94,5
1932,6,2025-09-29,Completed,Head Office,249.23,2
1934,1,2026-04-26,Incomplete,Head Office,779.52,4
1934,1,2026-08-30,Completed,Head Office,635.15,2
1934,6,2026-01-29,Completed,Head Office,286.33,1
1934,6,2026-09-23,Completed,Training Center,262.9,1
1935,5,2026-09-09,Completed,Online,332.25,3
1935,5,2026-08-19,Completed,Training Center,542.47,2
1935,4,2026-08-21,Completed,Training Center,402.29,1
1936,3,2026-03-20,Incomplete,Head Office,757.77,2
1936,6,2025-12-14,Completed,Online,373.43,1
1936,3,2025-10-12,Completed,Online,994.49,3
1937,2,2026-04-11,Incomplete,Online,898.05,4
1937,6,2025-11-15,Completed,Online,479.26,2
1937,1,2026-07-29,Completed,Training Center,851.46,5
1938,3,2026-02-03,Completed,Online,543.0,4
1938,3,2026-02-25,Completed,Training Center,570.76,4
1939,6,2025-03-31,Completed,Training Center,357.38,1
1939,1,2025-11-04,Completed,Training Center,555.57,2
1941,1,2026-04-12,Completed,Head Office,943.47,4
1941,3,2026-04-20,Completed,Head Office,818.6,3
1941,3,2026-09-01,Incomplete,Head Office,803.38,3
1943,5,2026-09-25,Completed,Training Center,572.56,3
1943,2,2026-09-04,Completed,Training Center,601.47,2
1943,5,2026-08-20,Incomplete,Online,538.03,1
1943,5,2026-08-28,Completed,Training Center,441.88,2
1944,4,2025-10-03,Completed,Training Center,586.89,3
1944,3,2025-12-01,Completed,Head Office,660.98,4
1945,2,2026-05-27,Completed,Training Center,505.03,2
1945,5,2025-11-03,Completed,Training Center,599.64,3
1947,6,2026-01-18,Completed,Online,172.31,1
1947,6,2026-07-18,Completed,Training Center,220.77,1
1947,1,2026-05-15,Completed,Head Office,657.06,2
1948,6,2026-03-23,Completed,Head Office,386.97,1
1948,1,2026-05-20,Completed,Training Center,469.91,2
1948,2,2026-08-28,Incomplete,Head Office,588.67,4
1949,1,2026-03-30,Completed,Head Office,995.72,5
1949,1,2025-09-29,Completed,Online,750.9,5
1949,6,2026-08-20,Completed,Training Center,412.4,1
1950,4,2026-04-02,Completed,Head Office,579.91,2
1950,5,2025-11-16,Completed,Online,568.31,3
1950,5,2025-11-24,Completed,Training Center,371.52,2
1951,5,2025-11-24,Incomplete,Online,435.54,2
1951,2,2026-08-31,Completed,Head Office,793.82,3
1952,4,2026-02-05,Completed,Online,571.22,2
1952,4,2026-05-25,Completed,Training Center,444.43,2
1952,6,2026-03-12,Completed,Training Center,419.45,2
1952,1,2026-09-23,Completed,Head Office,456.06,3
1952,1,2026-01-19,Completed,Online,591.24,5
1952,4,2026-02-08,Completed,Online,243.59,3
1954,4,2026-07-29,Completed,Head Office,427.93,1
1954,5,2026-06-01,Completed,Online,342.14,1
1954,4,2026-01-28,Completed,Training Center,171.1,2
1954,5,2026-09-25,Completed,Training Center,479.75,3
1954,5,2026-05-08,Completed,Head Office,410.41,3
1955,5,2026-05-05,Incomplete,Training Center,223.17,2
1955,5,2026-04-07,Incomplete,Training Center,225.15,3
1955,5,2026-08-23,Incomplete,Online,158.11,3
1955,5,2026-08-17,Completed,Head Office,231.09,3
1955,4,2026-07-15,Completed,Training Center,379.94,3
1955,6,2026-04-30,Completed,Online,387.91,1
1956,2,2026-04-23,Completed,Online,705.94,3
1956,1,2026-03-19,Incomplete,Training Center,574.48,3
1956,6,2026-05-31,Incomplete,Head Office,178.23,2
1956,1,2026-06-17,Completed,Head Office,652.41,3
1956,1,2026-01-19,Incomplete,Head Office,823.27,5
1956,1,2026-06-10,Completed,Head Office,976.25,3
1960,1,2025-07-26,Completed,Head Office,423.05,5
1960,1,2025-08-08,Incomplete,Online,859.77,4
1961,4,2026-08-29,Completed,Online,162.08,2
1961,4,2025-10-22,Completed,Online,237.5,3
1961,4,2026-07-09,Completed,Head Office,284.87,3
1962,5,2026-01-18,Completed,Training Center,139.93,2
1962,4,2026-06-15,Completed,Online,577.14,3
1965,5,2026-06-09,Completed,Training Center,428.81,2
1965,4,2026-02-21,Completed,Head Office,178.92,2
1965,5,2026-03-01,Completed,Online,441.11,2
1965,4,2026-05-19,Completed,Head Office,200.56,1
1965,5,2026-05-11,Completed,Training Center,493.87,2
1966,6,2025-11-07,Completed,Head Office,220.77,1
1967,5,2025-05-13,Incomplete,Training Center,268.24,1
1967,5,2025-06-18,Completed,Training Center,300.33,2
1967,2,2025-10-14,Completed,Head Office,529.42,4
1967,5,2025-09-21,Completed,Head Office,431.25,1
1968,5,2025-09-18,Completed,Online,282.4,1
1968,4,2025-07-19,Completed,Head Office,528.01,1
1969,1,2025-12-06,Completed,Online,733.26,5
1969,1,2026-05-12,Completed,Online,367.07,4
1969,6,2026-05-19,Completed,Training Center,431.11,2
1969,1,2026-08-07,Completed,Training Center,804.8,2
1969,1,2026-08-25,Completed,Head Office,545.75,4
1969,1,2026-07-29,Completed,Online,717.44,3
1970,5,2026-09-13,Completed,Online,415.0,2
1970,5,2026-08-23,Completed,Head Office,159.26,2
1971,6,2026-02-27,Completed,Head Office,481.66,2
1972,6,2026-03-15,Completed,Head Office,353.19,2
1972,4,2026-05-15,Completed,Head Office,574.84,3
1974,4,2026-07-04,Completed,Head Office,478.66,2
1974,1,2026-02-09,Incomplete,Training Center,941.41,4
1974,1,2026-09-09,Completed,Online,362.64,5
1974,1,2025-10-04,Completed,Online,662.65,2
1975,5,2026-01-09,Completed,Training Center,409.17,3
1975,4,2026-08-23,Completed,Online,132.69,2
1975,5,2026-09-06,Completed,Head Office,593.94,2
1976,6,2026-06-06,Completed,Training Center,319.62,1
1976,2,2026-07-12,Completed,Head Office,701.58,4
1979,3,2025-12-25,Completed,Online,613.77,2
1979,3,2026-03-28,Completed,Head Office,572.37,5
1980,3,2026-08-20,Completed,Online,955.16,3
1980,2,2026-07-08,Completed,Online,839.68,3
1980,3,2026-03-18,Completed,Head Office,615.81,2
1981,4,2026-01-09,Completed,Head Office,399.6,3
1981,4,2025-10-26,Completed,Head Office,542.35,2
1982,1,2026-01-13,Completed,Head Office,503.54,3
1982,6,2025-11-20,Completed,Head Office,395.37,2
1982,1,2026-04-06,Completed,Online,858.47,4
1982,6,2026-05-27,Completed,Head Office,173.38,1
1982,6,2026-07-07,Completed,Online,412.78,2
1982,1,2026-06-07,Completed,Online,589.21,5
1985,1,2026-08-11,Completed,Training Center,613.62,5
1985,1,2026-06-05,Completed,Training Center,672.17,4
1986,4,2025-12-17,Completed,Online,278.94,1
1986,2,2026-07-05,Completed,Training Center,456.28,3
1986,5,2026-08-31,Completed,Head Office,281.72,2
1986,4,2026-07-03,Completed,Training Center,194.41,3
1987,3,2026-05-15,Completed,Training Center,909.76,5
1987,4,2026-09-21,Completed,Training Center,157.33,1
1987,4,2026-06-29,Completed,Head Office,246.45,3
1989,4,2026-01-15,Completed,Online,369.94,3
1989,4,2025-12-29,Completed,Head Office,589.01,3
1989,1,2026-07-11,Completed,Head Office,364.1,2
1989,1,2026-09-08,Incomplete,Head Office,373.63,4
1989,1,2026-02-19,Completed,Training Center,800.56,5
1989,4,2025-10-06,Completed,Training Center,249.71,2
1992,1,2026-05-30,Completed,Online,736.85,4
1992,1,2026-04-16,Completed,Online,467.81,3
1993,6,2025-12-23,Completed,Training Center,335.88,1
1993,4,2026-03-18,Completed,Online,357.04,3
1993,5,2025-10-23,Completed,Training Center,315.36,2
1994,6,2026-01-21,Completed,Head Office,202.35,2
1994,4,2026-05-04,Incomplete,Training Center,321.24,3
1995,2,2026-09-06,Completed,Head Office,453.86,4
1995,5,2026-07-07,Completed,Online,104.66,2
1995,2,2026-04-02,Completed,Training Center,716.84,2
1996,5,2025-12-31,Incomplete,Training Center,598.89,1
1997,6,2025-12-23,Completed,Head Office,181.24,1
1998,1,2025-10-08,Completed,Online,891.45,5
1998,1,2026-06-27,Completed,Training Center,416.2,5
1998,2,2026-04-11,Incomplete,Training Center,483.29,2
1999,1,2026-07-19,Completed,Training Center,313.32,4
1999,6,2026-05-28,Completed,Training Center,266.2,1
1999,2,2026-06-30,Completed,Online,949.97,4
2000,2,2026-02-18,Completed,Training Center,538.0,4
2000,3,2026-03-12,Completed,Online,816.62,4
2000,3,2025-11-24,Completed,Training Center,771.15,3
2003,1,2026-09-01,Completed,Head Office,790.69,4
2003,1,2026-07-27,Completed,Head Office,478.16,2
2003,6,2025-10-07,Completed,Training Center,427.39,1
2007,6,2025-10-30,Completed,Online,248.06,1
2007,2,2025-11-25,Completed,Online,708.08,2
2008,1,2026-06-12,Completed,Training Center,389.31,5
2008,1,2025-12-16,Completed,Online,664.14,3
2008,1,2025-11-17,Completed,Online,975.11,2
2008,6,2025-10-20,Completed,Online,341.26,1
2008,6,2026-02-24,Completed,Head Office,239.94,1
2009,5,2026-07-11,Completed,Online,301.9,3
2009,6,2025-11-22,Completed,Training Center,495.2,2
2009,5,2025-11-30,Completed,Online,148.67,2
2009,5,2026-09-01,Completed,Online,499.1,3
2009,4,2026-01-17,Completed,Online,574.66,1
2009,4,2026-01-31,Completed,Training Center,521.13,2
2010,1,2025-10-27,Completed,Training Center,695.23,5
2010,1,2026-01-03,Completed,Head Office,846.05,4
2010,6,2025-11-11,Completed,Training Center,340.17,1
2012,4,2025-12-03,Completed,Online,128.3,2
2012,6,2026-05-14,Completed,Head Office,400.59,1
2012,1,2026-06-07,Completed,Training Center,677.4,4
2013,5,2026-09-13,Completed,Online,245.74,3
2013,4,2026-02-02,Incomplete,Training Center,539.48,3
2014,1,2026-08-07,Completed,Online,534.01,4
2014,1,2026-07-07,Incomplete,Online,846.06,3
2015,2,2026-03-01,Completed,Training Center,874.78,3
2015,2,2026-08-08,Completed,Head Office,628.09,4
2015,3,2026-06-24,Incomplete,Head Office,940.18,5
2016,2,2026-09-16,Completed,Online,892.05,2
2016,2,2026-01-07,Completed,Head Office,724.65,4
2016,2,2026-06-03,Completed,Online,956.07,3
2017,3,2026-02-25,Completed,Head Office,805.54,4
2017,2,2025-11-28,Completed,Training Center,937.25,2
2018,5,2026-06-06,Completed,Training Center,503.46,1
2018,4,2025-12-09,Completed,Online,529.44,3
2018,5,2026-01-25,Completed,Online,377.45,3
2019,5,2026-05-16,Completed,Head Office,302.7,2
2019,4,2026-05-18,Completed,Head Office,552.79,2
2019,4,2026-06-02,Completed,Online,193.61,2
2020,1,2026-02-09,Completed,Online,884.64,4
2020,1,2026-09-11,Completed,Training Center,414.48,3
2021,5,2025-11-18,Completed,Head Office,256.39,1
2021,4,2026-05-22,Completed,Training Center,381.5,3
2021,5,2026-04-07,Completed,Online,355.6,1
2021,4,2026-07-26,Completed,Online,591.03,1
2021,4,2026-07-07,Completed,Training Center,390.59,3
2021,5,2026-03-05,Completed,Head Office,576.64,1
2022,2,2026-09-21,Completed,Training Center,593.28,4
2022,2,2026-07-21,Completed,Training Center,975.45,4
2022,2,2025-10-30,Completed,Training Center,548.08,2
2023,5,2025-12-12,Completed,Head Office,168.48,1
2023,5,2025-12-07,Completed,Training Center,112.66,2
2023,4,2026-05-27,Completed,Head Office,178.86,1
2024,4,2026-05-03,Completed,Head Office,149.46,1
2024,4,2026-07-06,Incomplete,Online,516.92,2
2025,2,2026-06-17,Completed,Online,446.54,2
2025,3,2025-11-10,Incomplete,Online,559.12,2
2025,3,2025-12-07,Completed,Head Office,549.57,5
2026,5,2025-11-22,Incomplete,Online,219.51,3
2026,5,2026-05-03,Completed,Head Office,599.99,1
2027,1,2025-11-18,Completed,Head Office,480.59,5
2027,6,2025-03-22,Completed,Online,353.1,2
2027,1,2025-06-01,Completed,Head Office,695.67,2
2031,4,2026-08-27,Completed,Head Office,400.93,1
2031,3,2026-06-28,Completed,Head Office,633.05,4
2032,6,2025-08-20,Completed,Online,186.74,1
2032,1,2025-12-10,Completed,Online,915.76,5
2032,1,2026-03-09,Incomplete,Head Office,691.76,3
2032,1,2026-03-17,Completed,Head Office,499.74,2
2034,2,2026-08-15,Incomplete,Head Office,992.45,3
2034,3,2026-07-02,Completed,Online,921.22,3
2034,3,2026-07-01,Incomplete,Head Office,820.88,2
2035,5,2026-09-11,Completed,Online,267.28,1
2035,5,2026-02-10,Completed,Training Center,255.45,3
2036,5,2026-06-22,Completed,Training Center,124.11,1
2036,4,2026-09-06,Completed,Online,156.41,2
2036,4,2025-12-23,Completed,Head Office,176.3,1
2036,5,2026-05-13,Completed,Head Office,409.33,3
2037,5,2026-09-14,Completed,Head Office,266.29,1
2037,4,2026-06-22,Completed,Head Office,423.23,3
2037,2,2026-07-31,Completed,Online,859.65,4
2037,4,2025-12-29,Completed,Training Center,469.6,2
2037,4,2025-11-27,Completed,Training Center,505.93,1
2038,1,2026-09-24,Completed,Online,642.95,3
2038,1,2026-02-05,Completed,Head Office,591.28,5
2038,1,2026-02-17,Completed,Online,542.12,3
2038,6,2026-05-02,Completed,Online,459.76,2
2040,4,2026-02-05,Completed,Training Center,319.68,2
2040,6,2026-02-02,Incomplete,Online,314.73,2
2041,5,2026-03-19,Completed,Training Center,193.56,2
2044,5,2025-01-17,Completed,Training Center,337.55,1
2044,5,2025-08-25,Completed,Training Center,145.65,1
2044,2,2025-07-20,Completed,Head Office,651.96,4
2045,5,2026-08-02,Completed,Online,165.57,1
2045,4,2026-01-16,Completed,Online,181.04,2
2046,4,2025-11-10,Incomplete,Online,486.36,2
2046,5,2026-01-26,Completed,Online,143.85,2
2046,2,2026-03-22,Completed,Head Office,923.96,3
2048,6,2026-08-13,Completed,Online,446.98,1
2048,1,2025-11-20,Completed,Training Center,740.44,3
2049,4,2026-02-24,Incomplete,Online,397.93,3
2049,5,2026-05-04,Completed,Head Office,460.44,2
2051,1,2026-02-10,Completed,Online,607.13,2
2051,1,2025-12-16,Completed,Training Center,863.66,5
2052,1,2026-04-16,Completed,Training Center,494.17,3
2052,1,2026-07-23,Completed,Online,979.05,2
2052,6,2025-10-24,Incomplete,Head Office,314.61,2
2052,1,2025-11-19,Completed,Training Center,641.98,5
2052,6,2025-12-02,Completed,Training Center,355.19,2
2053,1,2026-02-26,Completed,Online,664.27,4
2053,1,2026-03-27,Completed,Training Center,896.33,2
2054,6,2025-11-29,Completed,Head Office,353.61,2
2054,1,2026-08-15,Completed,Head Office,455.3,2
2054,1,2026-02-19,Completed,Online,587.82,5
2055,5,2025-09-18,Completed,Head Office,105.56,1
2055,2,2025-11-28,Completed,Head Office,726.25,3
2055,2,2026-01-03,Completed,Head Office,920.8,4
2056,5,2026-05-09,Completed,Head Office,574.28,1
2056,5,2025-10-10,Completed,Head Office,496.59,1
2057,2,2026-03-20,Completed,Head Office,777.68,4
2057,6,2026-07-19,Completed,Head Office,462.34,2
2060,5,2025-10-09,Incomplete,Training Center,342.53,3
2060,5,2026-05-30,Completed,Head Office,568.58,2
2061,1,2025-12-26,Completed,Training Center,549.04,3
2061,1,2026-03-07,Completed,Head Office,994.34,3
2061,1,2026-01-29,Completed,Training Center,343.4,3
2062,5,2026-04-17,Completed,Online,318.53,2
2062,5,2026-04-03,Completed,Head Office,501.89,3
2062,4,2026-08-02,Completed,Training Center,515.5,1
2062,5,2026-09-04,Completed,Head Office,595.85,3
2062,5,2026-05-02,Completed,Training Center,455.21,1
2065,5,2025-11-17,Completed,Head Office,490.32,3
2065,5,2026-03-17,Completed,Training Center,158.06,2
2065,4,2026-03-26,Completed,Training Center,127.71,3
2068,6,2025-11-22,Completed,Online,455.33,1
2068,6,2025-12-08,Completed,Training Center,161.47,2
2068,6,2025-12-29,Completed,Training Center,201.78,2
