employee_id,first_name,last_name,start_date,exit_date,title,employee_status,employee_type,employee_classification_type,termination_type,termination_description,dob,state,job_function,gender,location,performance_score,current_employee_rating,needs_review,department_id,is_deleted,created_at,manager_id,salary,currency,updated_at
3427,Uriah,Bridges,2019-09-20,,Production Technician I,Active,Contract,Temporary,Unk,,1969-07-10,MA,Accounting,FEMALE,34904,Fully Meets,4,False,1,False,2026-08-31 17:32:05,2386,72088.46,USD,2026-08-31 17:32:05
3428,Paula,Small,2023-02-11,,Production Technician I,Active,Contract,Part-Time,Unk,,,MA,Labor,MALE,6593,Fully Meets,3,False,2,False,2026-08-31 17:32:05,1121,60360.75,USD,2026-08-31 17:32:05
3429,Edward,Buck,2018-12-10,,Area Sales Manager,Active,Full-Time,Part-Time,Unk,,1991-06-10,MA,Assistant,MALE,2330,Fully Meets,4,False,3,False,2026-08-31 17:32:05,1316,100050.93,USD,2026-08-31 17:32:05
3430,Michael,Riordan,2021-06-21,,Area Sales Manager,Active,Contract,Full-Time,Unk,,1998-04-04,ND,Clerk,MALE,58782,Fully Meets,2,False,4,False,2026-08-31 17:32:05,1316,94407.88,USD,2026-08-31 17:32:05
3431,Jasmine,Onque,2019-06-29,,Area Sales Manager,Active,Contract,Temporary,Unk,,,FL,Laborer,FEMALE,33174,Fully Meets,3,False,5,False,2026-08-31 17:32:05,1316,73296.21,USD,2026-08-31 17:32:05
3432,Maruk,Fraval,2020-01-17,,Area Sales Manager,Active,Contract,Full-Time,Unk,,1949-03-04,CT,Driver,MALE,6050,Fully Meets,3,False,6,False,2026-08-31 17:32:05,1316,104146.78,USD,2026-08-31 17:32:05
3433,Latia,Costa,2022-04-06,2023-07-03,Area Sales Manager,Terminated,Full-Time,Temporary,Involuntary,Left due to lack of flexibility around hybrid work policies and long commute times.,1942-01-07,CA,Technician,FEMALE,90007,Exceeds,4,False,7,False,2026-08-31 17:32:05,1316,96639.89,USD,2026-08-31 17:32:05
3434,Sharlene,Terry,2020-11-06,2023-01-29,Area Sales Manager,Terminated,Contract,Full-Time,Involuntary,Terminated due to persistent low performance scores and disengagement following team restructuring.,1957-07-03,OR,Engineer,FEMALE,97756,Fully Meets,2,False,8,False,2026-08-31 17:32:05,1316,97512.25,USD,2026-08-31 17:32:05
3435,Jac,Mckinzie,2018-08-18,,Area Sales Manager,Active,Contract,Part-Time,Unk,,,TX,Executive Assistant,MALE,78789,Exceeds,3,False,9,False,2026-08-31 17:32:05,1316,74483.98,USD,2026-08-31 17:32:05
3436,Joseph,Martins,2022-01-21,2023-06-29,Area Sales Manager,Terminated,Part-Time,Temporary,Resignation,Left due to lack of flexibility around hybrid work policies and long commute times.,1949-11-11,TX,Engineer,MALE,78207,Fully Meets,5,False,10,False,2026-08-31 17:32:05,1316,85763.51,USD,2026-08-31 17:32:05
3437,Myriam,Givens,2023-08-04,,Area Sales Manager,Active,Contract,Temporary,Unk,,,IN,Technician,FEMALE,46204,Fully Meets,5,False,11,False,2026-08-31 17:32:05,2536,82977.93,USD,2026-08-31 17:32:05
3438,Dheepa,Nguyen,2018-08-10,2019-11-04,Area Sales Manager,Terminated,Full-Time,Temporary,Retirement,Resigned citing below-market compensation and lack of annual salary adjustments.,1948-06-04,GA,Technician,FEMALE,30428,Fully Meets,3,False,12,False,2026-08-31 17:32:05,1316,102436.77,USD,2026-08-31 17:32:05
3439,Bartholemew,Khemmich,2022-05-25,2022-11-27,Area Sales Manager,Terminated,Full-Time,Temporary,Involuntary,Left due to lack of flexibility around hybrid work policies and long commute times.,,CO,Splicer,MALE,80820,Fully Meets,3,False,13,False,2026-08-31 17:32:05,1316,92535.28,USD,2026-08-31 17:32:05
3440,Xana,Potts,2019-12-05,2023-02-17,Area Sales Manager,Terminated,Contract,Full-Time,Resignation,Terminated due to persistent low performance scores and disengagement following team restructuring.,1951-06-11,KY,Controller,FEMALE,40220,Fully Meets,3,False,4,False,2026-08-31 17:32:05,1316,98796.66,USD,2026-08-31 17:32:05
3441,Prater,Jeremy,2019-04-28,,Area Sales Manager,Active,Part-Time,Part-Time,Unk,,,NV,Lineman,MALE,89139,Exceeds,4,False,14,False,2026-08-31 17:32:05,1316,85519.5,USD,2026-08-31 17:32:05
3442,Kaylah,Moon,2019-07-09,2022-06-16,Area Sales Manager,Terminated,Full-Time,Full-Time,Retirement,Left due to lack of flexibility around hybrid work policies and long commute times.,,MA,Laborer,MALE,2810,Exceeds,2,False,15,False,2026-08-31 17:32:05,2497,77953.36,USD,2026-08-31 17:32:05
3443,Kristen,Tate,2021-04-05,2023-05-12,Area Sales Manager,Terminated,Full-Time,Part-Time,Voluntary,Terminated due to persistent low performance scores and disengagement following team restructuring.,1994-08-04,KY,Coordinator,MALE,2621,Fully Meets,3,False,16,False,2026-08-31 17:32:05,1316,89410.47,USD,2026-08-31 17:32:05
3444,Bobby,Rodgers,2021-11-28,2022-02-04,Area Sales Manager,Terminated,Contract,Part-Time,Voluntary,Resigned citing below-market compensation and lack of annual salary adjustments.,,KY,Director,MALE,44553,Fully Meets,3,False,17,False,2026-08-31 17:32:05,1316,72233.6,USD,2026-08-31 17:32:05
3445,Reid,Park,2021-01-16,,Area Sales Manager,Active,Contract,Full-Time,Unk,,1985-07-12,KY,Supervisor,FEMALE,5360,Exceeds,4,False,18,False,2026-08-31 17:32:05,1316,98967.09,USD,2026-08-31 17:32:05
3446,Hector,Dalton,2021-08-24,,Area Sales Manager,Active,Part-Time,Part-Time,Unk,,1996-01-05,TX,Driller,FEMALE,16325,Exceeds,2,False,6,False,2026-08-31 17:32:05,1316,92108.25,USD,2026-08-31 17:32:05
3447,Mariela,Schultz,2020-05-26,,Area Sales Manager,Future Start,Part-Time,Part-Time,Involuntary,,,TX,Technician,FEMALE,43481,Fully Meets,3,False,19,False,2026-08-31 17:32:05,2564,96533.07,USD,2026-08-31 17:32:05
3448,Angela,Molina,2019-10-01,,Area Sales Manager,Future Start,Full-Time,Temporary,Retirement,,1958-12-05,TX,Specialist,MALE,50705,Fully Meets,3,False,20,False,2026-08-31 17:32:05,1316,82408.41,USD,2026-08-31 17:32:05
3449,Gerald,Preston,2023-05-10,,Area Sales Manager,Future Start,Contract,Temporary,Involuntary,,,CO,Technician,MALE,5168,Fully Meets,5,False,21,False,2026-08-31 17:32:05,1316,103974.43,USD,2026-08-31 17:32:05
3450,Reilly,Moyer,2020-09-01,2022-12-04,Area Sales Manager,Terminated,Contract,Temporary,Resignation,Resigned citing below-market compensation and lack of annual salary adjustments.,1994-11-08,CO,Operator,MALE,11765,Exceeds,2,False,22,False,2026-08-31 17:32:05,1316,101259.24,USD,2026-08-31 17:32:05
3451,Carlee,French,2021-02-18,2022-11-11,Area Sales Manager,Terminated,Contract,Full-Time,Voluntary,Left due to lack of flexibility around hybrid work policies and long commute times.,,CO,Technician,MALE,71071,Exceeds,3,False,5,False,2026-08-31 17:32:05,1316,97243.42,USD,2026-08-31 17:32:05
3452,Jaydon,Blackburn,2022-11-08,,Area Sales Manager,Active,Part-Time,Part-Time,Unk,,1947-07-01,IN,Foreman,MALE,12122,Fully Meets,2,False,23,False,2026-08-31 17:32:05,1316,76812.35,USD,2026-08-31 17:32:05
3453,Bridger,Carter,2022-10-13,,Area Sales Manager,Active,Contract,Part-Time,Unk,,1982-07-04,MA,Engineer,MALE,87065,Fully Meets,4,False,24,False,2026-08-31 17:32:05,1316,86335.24,USD,2026-08-31 17:32:05
3454,Leon,Beard,2022-09-11,,Area Sales Manager,Active,Full-Time,Full-Time,Unk,,,KY,Foreman,MALE,10415,Needs Improvement,4,False,25,False,2026-08-31 17:32:05,1316,71533.13,USD,2026-08-31 17:32:05
3455,Charity,Miranda,2021-06-29,2022-07-05,Area Sales Manager,Terminated,Full-Time,Temporary,Resignation,Terminated due to persistent low performance scores and disengagement following team restructuring.,,KY,Manager,MALE,3763,Exceeds,4,False,26,False,2026-08-31 17:32:05,1316,75400.13,USD,2026-08-31 17:32:05
3456,Axel,Howe,2023-03-06,,Area Sales Manager,Active,Full-Time,Temporary,Unk,,,KY,Technician,FEMALE,79623,Fully Meets,3,False,27,False,2026-08-31 17:32:05,1316,93906.71,USD,2026-08-31 17:32:05
3457,Milton,Wall,2020-09-25,,Area Sales Manager,Active,Full-Time,Temporary,Unk,,,KY,Technician,FEMALE,69189,Needs Improvement,3,False,28,False,2026-08-31 17:32:05,1316,96066.68,USD,2026-08-31 17:32:05
3458,Cory,Robinson,2022-04-28,,Area Sales Manager,Future Start,Contract,Full-Time,Voluntary,,1996-12-08,TX,Laborer,FEMALE,5194,Needs Improvement,3,False,6,False,2026-08-31 17:32:05,1316,103862.84,USD,2026-08-31 17:32:05
3459,Saniya,Yu,2021-04-18,,Area Sales Manager,Future Start,Part-Time,Full-Time,Retirement,,1944-09-02,TX,Splicer,MALE,8779,Exceeds,2,False,19,False,2026-08-31 17:32:05,2564,81403.89,USD,2026-08-31 17:32:05
3460,Alisa,James,2020-02-19,,Area Sales Manager,Active,Full-Time,Full-Time,Unk,,1944-10-02,TX,Lineman,MALE,74682,Fully Meets,3,False,29,False,2026-08-31 17:32:05,1316,82966.09,USD,2026-08-31 17:32:05
3461,Lincoln,Compton,2019-07-18,,Area Sales Manager,Future Start,Full-Time,Part-Time,Resignation,,,CO,Foreman,MALE,78046,Needs Improvement,1,False,30,False,2026-08-31 17:32:05,1316,86434.45,USD,2026-08-31 17:32:05
3462,Aliana,Nolan,2018-09-13,2021-09-17,Area Sales Manager,Terminated,Contract,Full-Time,Involuntary,Resigned citing below-market compensation and lack of annual salary adjustments.,1942-09-08,CO,Coordinator,MALE,27270,Needs Improvement,3,False,22,False,2026-08-31 17:32:05,1316,76631.5,USD,2026-08-31 17:32:05
3463,Kayden,Dodson,2020-04-30,2021-07-18,Area Sales Manager,Terminated,Part-Time,Temporary,Retirement,Left due to lack of flexibility around hybrid work policies and long commute times.,,IN,Tower Hand,MALE,12703,Fully Meets,1,False,31,False,2026-08-31 17:32:05,1316,74547.25,USD,2026-08-31 17:32:05
3464,James,Duke,2018-12-03,2022-09-09,Area Sales Manager,Terminated,Contract,Full-Time,Involuntary,Terminated due to persistent low performance scores and disengagement following team restructuring.,,MA,Mechanic,MALE,66835,Needs Improvement,5,False,32,False,2026-08-31 17:32:05,1316,86649.67,USD,2026-08-31 17:32:05
3465,Willow,Stuart,2021-11-08,,Area Sales Manager,Active,Full-Time,Full-Time,Unk,,1962-07-01,MA,Flagger,MALE,66150,Needs Improvement,3,False,33,False,2026-08-31 17:32:05,1316,77941.83,USD,2026-08-31 17:32:05
3466,Clayton,Walker,2022-04-13,2023-04-10,Area Sales Manager,Terminated,Part-Time,Full-Time,Retirement,Left due to lack of flexibility around hybrid work policies and long commute times.,,KY,Supervisor,MALE,64288,Exceeds,4,False,34,False,2026-08-31 17:32:05,1316,93443.49,USD,2026-08-31 17:32:05
3467,Celia,Curtis,2020-05-06,,Area Sales Manager,Active,Contract,Part-Time,Unk,,,KY,Engineer,FEMALE,94333,Exceeds,1,False,24,False,2026-08-31 17:32:05,1316,85300.32,USD,2026-08-31 17:32:05
3468,Valentin,Reilly,2019-09-09,,Area Sales Manager,Active,Contract,Temporary,Unk,,,KY,Foreman,FEMALE,45453,Fully Meets,4,False,35,False,2026-08-31 17:32:05,1316,99143.74,USD,2026-08-31 17:32:05
3469,Ryland,Shepherd,2020-07-29,,Area Sales Manager,Future Start,Contract,Full-Time,Resignation,,,TX,Driver,FEMALE,81905,Needs Improvement,3,False,36,False,2026-08-31 17:32:05,2477,94509.28,USD,2026-08-31 17:32:05
3470,Esteban,Gilbert,2018-11-14,,Area Sales Manager,Future Start,Contract,Part-Time,Retirement,,,TX,Technician,FEMALE,12491,Needs Improvement,3,False,6,False,2026-08-31 17:32:05,1316,80932.83,USD,2026-08-31 17:32:05
3471,Jonathan,Adkins,2020-02-29,,Area Sales Manager,Active,Part-Time,Temporary,Unk,,1967-03-01,TX,Foreman,MALE,64350,Fully Meets,4,False,37,False,2026-08-31 17:32:05,2535,99129.09,USD,2026-08-31 17:32:05
3472,Nevaeh,Soto,2023-01-15,,Area Sales Manager,Active,Contract,Full-Time,Unk,,1982-12-01,TX,Director,MALE,74124,Exceeds,4,False,38,False,2026-08-31 17:32:05,1316,98166.75,USD,2026-08-31 17:32:05
3473,Chaim,Mata,2023-06-29,,Area Sales Manager,Active,Part-Time,Temporary,Unk,,1950-01-10,CO,Manager,MALE,33379,Exceeds,2,False,39,False,2026-08-31 17:32:05,1316,83561.74,USD,2026-08-31 17:32:05
3474,Arely,Patton,2020-03-09,,Area Sales Manager,Active,Full-Time,Temporary,Unk,,,CO,Laborer,MALE,34481,Fully Meets,2,False,40,False,2026-08-31 17:32:05,1316,80091.48,USD,2026-08-31 17:32:05
3475,Vance,Trujillo,2021-09-21,2023-04-13,Area Sales Manager,Terminated,Full-Time,Temporary,Resignation,Left due to lack of flexibility around hybrid work policies and long commute times.,,IN,Foreman,MALE,90406,Fully Meets,2,False,5,False,2026-08-31 17:32:05,1316,93887.34,USD,2026-08-31 17:32:05
3476,Charlie,Koch,2023-06-12,2023-07-06,Area Sales Manager,Terminated,Part-Time,Temporary,Voluntary,Terminated due to persistent low performance scores and disengagement following team restructuring.,,MA,Engineer,MALE,95774,Needs Improvement,2,False,41,False,2026-08-31 17:32:05,1316,74891.34,USD,2026-08-31 17:32:05
3477,Sonny,Horne,2019-04-07,,Area Sales Manager,Active,Part-Time,Full-Time,Unk,,1969-03-12,KY,Laborer,FEMALE,16058,Needs Improvement,2,False,34,False,2026-08-31 17:32:05,1316,76996.79,USD,2026-08-31 17:32:05
3478,Thomas,Chandler,2018-09-17,2019-01-09,Area Sales Manager,Terminated,Full-Time,Temporary,Resignation,Left due to lack of flexibility around hybrid work policies and long commute times.,1957-10-10,KY,Groundman,FEMALE,45149,Fully Meets,2,False,42,False,2026-08-31 17:32:05,1316,70257.68,USD,2026-08-31 17:32:05
3479,Sarai,Stone,2022-08-02,2023-04-02,Area Sales Manager,Terminated,Contract,Part-Time,Involuntary,Terminated due to persistent low performance scores and disengagement following team restructuring.,,TX,Technician,FEMALE,96336,Fully Meets,2,False,43,False,2026-08-31 17:32:05,1316,97542.35,USD,2026-08-31 17:32:05
3480,Jerimiah,Harmon,2022-09-08,,Area Sales Manager,Future Start,Full-Time,Temporary,Retirement,,1946-09-08,TX,Supervisor,FEMALE,75671,Fully Meets,1,False,44,False,2026-08-31 17:32:05,1316,93269.78,USD,2026-08-31 17:32:05
3481,Leland,Allen,2019-03-07,,Area Sales Manager,Future Start,Full-Time,Part-Time,Voluntary,,1965-11-12,TX,Splicer,MALE,61149,Fully Meets,4,False,45,False,2026-08-31 17:32:05,1316,94680.79,USD,2026-08-31 17:32:05
3482,Cristal,Bolton,2019-10-29,,Area Sales Manager,Future Start,Full-Time,Temporary,Resignation,,1990-11-02,TX,Lineman,MALE,57302,Needs Improvement,2,False,46,False,2026-08-31 17:32:05,1316,97325.52,USD,2026-08-31 17:32:05
3483,Jaslene,Harding,2021-09-26,,Area Sales Manager,Active,Part-Time,Temporary,Unk,,,CO,Coordinator,MALE,42605,Fully Meets,1,False,38,False,2026-08-31 17:32:05,1316,86062.05,USD,2026-08-31 17:32:05
3484,Albert,Gonzalez,2018-08-29,,Area Sales Manager,Active,Part-Time,Full-Time,Unk,,,CO,Model Assistant,MALE,64036,Fully Meets,4,False,30,False,2026-08-31 17:32:05,1316,89905.94,USD,2026-08-31 17:32:05
3485,Jaiden,Johnson,2021-10-26,,Area Sales Manager,Active,Contract,Full-Time,Unk,,,CO,Laborer,MALE,23173,Fully Meets,5,False,22,False,2026-08-31 17:32:05,1316,74892.89,USD,2026-08-31 17:32:05
3486,Brendon,Mcconnell,2022-10-31,2023-06-08,Area Sales Manager,Terminated,Part-Time,Temporary,Involuntary,Resigned citing below-market compensation and lack of annual salary adjustments.,,IN,Engineer,MALE,19665,Fully Meets,4,False,47,False,2026-08-31 17:32:05,1316,74008.55,USD,2026-08-31 17:32:05
3487,Kimora,Parsons,2023-03-15,,Area Sales Manager,Active,Contract,Part-Time,Unk,,1994-01-02,KY,Administrator,FEMALE,41161,Fully Meets,4,False,48,False,2026-08-31 17:32:05,1316,93394.1,USD,2026-08-31 17:32:05
3488,Willie,Patterson,2022-09-09,,Area Sales Manager,Active,Contract,Full-Time,Unk,,1997-12-11,KY,Lineman,FEMALE,52499,Fully Meets,2,False,49,False,2026-08-31 17:32:05,1316,86488.37,USD,2026-08-31 17:32:05
3489,Devyn,Powers,2022-03-04,,Area Sales Manager,Active,Part-Time,Temporary,Unk,,1953-02-05,TX,Laborer,FEMALE,25634,Fully Meets,2,False,50,False,2026-08-31 17:32:05,1316,89783.26,USD,2026-08-31 17:32:05
3490,Weston,Preston,2019-02-11,,Area Sales Manager,Active,Part-Time,Part-Time,Unk,,1991-10-07,TX,Director,FEMALE,37965,Fully Meets,2,False,51,False,2026-08-31 17:32:05,1316,96774.96,USD,2026-08-31 17:32:05
3491,Lennon,Buchanan,2021-01-26,,Area Sales Manager,Active,Contract,Full-Time,Unk,,1973-02-06,TX,Driver,MALE,39504,Fully Meets,5,False,27,False,2026-08-31 17:32:05,1316,92215.14,USD,2026-08-31 17:32:05
3492,Vicente,Merritt,2019-11-26,,Area Sales Manager,Active,Full-Time,Full-Time,Unk,,1993-08-01,CO,Clerk,MALE,31676,Fully Meets,1,False,52,False,2026-08-31 17:32:05,1316,89375.28,USD,2026-08-31 17:32:05
3493,Hugo,Clay,2019-07-15,,Area Sales Manager,Active,Full-Time,Full-Time,Unk,,,CO,Project Manager,MALE,28784,Fully Meets,5,False,53,False,2026-08-31 17:32:05,1316,89572.25,USD,2026-08-31 17:32:05
3494,Cohen,Raymond,2020-06-18,,Area Sales Manager,Active,Contract,Full-Time,Unk,,1994-08-02,CO,Technician,MALE,90983,Fully Meets,4,False,54,False,2026-08-31 17:32:05,2525,80638.25,USD,2026-08-31 17:32:05
3495,Tia,Ellis,2023-06-22,2023-07-22,Area Sales Manager,Terminated,Part-Time,Temporary,Retirement,Resigned citing below-market compensation and lack of annual salary adjustments.,,IN,Laborer,MALE,1115,Fully Meets,4,False,55,False,2026-08-31 17:32:05,1316,71078.62,USD,2026-08-31 17:32:05
3496,Aspen,Bentley,2021-12-02,,Area Sales Manager,Active,Contract,Part-Time,Unk,,,CA,Administrator,MALE,72233,Fully Meets,5,False,56,False,2026-08-31 17:32:05,1316,85285.11,USD,2026-08-31 17:32:05
3497,Graham,Rodriguez,2021-12-08,,Area Sales Manager,Active,Part-Time,Temporary,Unk,,,OR,Lineman,FEMALE,58210,Fully Meets,1,False,57,False,2026-08-31 17:32:05,1316,77510.46,USD,2026-08-31 17:32:05
3498,Joel,Mcmillan,2023-04-26,2023-06-22,Area Sales Manager,Terminated,Full-Time,Full-Time,Voluntary,Resigned citing below-market compensation and lack of annual salary adjustments.,,KY,Laborer,FEMALE,36087,Fully Meets,2,False,58,False,2026-08-31 17:32:05,1316,84298.5,USD,2026-08-31 17:32:05
3499,Maci,Frost,2018-09-25,2021-12-20,Area Sales Manager,Terminated,Part-Time,Temporary,Involuntary,Left due to lack of flexibility around hybrid work policies and long commute times.,,KY,Technician,FEMALE,61457,Fully Meets,5,False,59,False,2026-08-31 17:32:05,1316,99869.11,USD,2026-08-31 17:32:05
3500,Nevaeh,Lucas,2018-11-20,2020-06-21,Area Sales Manager,Terminated,Full-Time,Part-Time,Voluntary,Terminated due to persistent low performance scores and disengagement following team restructuring.,,TX,Mechanic,FEMALE,80424,Fully Meets,1,False,60,False,2026-08-31 17:32:05,1316,78187.88,USD,2026-08-31 17:32:05
3501,Garrett,Zimmerman,2020-08-30,,Area Sales Manager,Future Start,Part-Time,Part-Time,Retirement,,,TX,Technician,MALE,6240,Fully Meets,4,False,52,False,2026-08-31 17:32:05,1316,72040.6,USD,2026-08-31 17:32:05
3502,Eugene,Marks,2019-10-01,,Area Sales Manager,Active,Full-Time,Temporary,Unk,,,TX,Electrician,MALE,49914,Fully Meets,1,False,61,False,2026-08-31 17:32:05,1316,79848.44,USD,2026-08-31 17:32:05
3503,Geovanni,Pugh,2022-01-20,,Area Sales Manager,Active,Part-Time,Temporary,Unk,,,CO,Manager,MALE,71319,Fully Meets,4,False,62,False,2026-08-31 17:32:05,1316,80275.78,USD,2026-08-31 17:32:05
3504,Javon,Kelley,2021-10-10,,Area Sales Manager,Active,Full-Time,Part-Time,Unk,,,CO,Laborer,MALE,27992,Fully Meets,2,False,54,False,2026-08-31 17:32:05,2525,93167.08,USD,2026-08-31 17:32:05
3505,Amaya,Hicks,2020-08-29,,Area Sales Manager,Active,Contract,Temporary,Unk,,,IN,Groundman,MALE,72324,Fully Meets,1,False,50,False,2026-08-31 17:32:05,1316,89496.13,USD,2026-08-31 17:32:05
3506,Laila,Woodard,2019-08-27,2023-05-10,Area Sales Manager,Terminated,Full-Time,Temporary,Voluntary,Terminated due to persistent low performance scores and disengagement following team restructuring.,1988-06-07,IN,Technician,MALE,38740,Fully Meets,2,False,22,False,2026-08-31 17:32:05,1316,97436.44,USD,2026-08-31 17:32:05
3507,Ivan,Huff,2021-02-25,2023-04-07,Area Sales Manager,Terminated,Full-Time,Full-Time,Retirement,Resigned citing below-market compensation and lack of annual salary adjustments.,,CA,Manager,MALE,9437,Fully Meets,4,False,57,False,2026-08-31 17:32:05,1316,93250.97,USD,2026-08-31 17:32:05
3508,Aidan,Harding,2021-07-13,,Area Sales Manager,Active,Full-Time,Part-Time,Unk,,,OR,Laborer,MALE,9385,Fully Meets,5,False,63,False,2026-08-31 17:32:05,1316,84223.54,USD,2026-08-31 17:32:05
3509,Cruz,Boyer,2021-04-14,,Area Sales Manager,Active,Part-Time,Full-Time,Unk,,1977-04-11,KY,Project Controls,FEMALE,75993,Fully Meets,2,False,48,False,2026-08-31 17:32:05,1316,98490.71,USD,2026-08-31 17:32:05
3510,Raven,Koch,2020-02-10,,Area Sales Manager,Active,Part-Time,Full-Time,Unk,,,KY,Laborer,FEMALE,65329,Fully Meets,2,False,23,False,2026-08-31 17:32:05,1316,75844.05,USD,2026-08-31 17:32:05
3511,Karli,Barker,2021-08-17,2021-12-31,Area Sales Manager,Terminated,Part-Time,Full-Time,Resignation,Left due to lack of flexibility around hybrid work policies and long commute times.,,KY,Director,FEMALE,41111,Fully Meets,4,False,64,False,2026-08-31 17:32:05,1316,70794.92,USD,2026-08-31 17:32:05
3512,Tyrone,Sosa,2023-04-17,,Area Sales Manager,Future Start,Contract,Temporary,Voluntary,,,TX,Coordinator,FEMALE,58860,Fully Meets,2,False,65,False,2026-08-31 17:32:05,1316,73151.68,USD,2026-08-31 17:32:05
3513,Damaris,Cisneros,2022-09-02,,Area Sales Manager,Future Start,Contract,Temporary,Involuntary,,,TX,Laborer,MALE,93051,Fully Meets,5,False,52,False,2026-08-31 17:32:05,1316,95282.58,USD,2026-08-31 17:32:05
3514,Alexus,Estes,2020-04-15,,Area Sales Manager,Active,Full-Time,Part-Time,Unk,,1958-03-01,TX,Manager,MALE,17419,Fully Meets,1,False,45,False,2026-08-31 17:32:05,1316,86165.7,USD,2026-08-31 17:32:05
3515,Kinsley,Flowers,2022-03-09,,Area Sales Manager,Future Start,Part-Time,Part-Time,Retirement,,,CO,Controller,MALE,59593,Fully Meets,4,False,4,False,2026-08-31 17:32:05,1316,75644.51,USD,2026-08-31 17:32:05
3516,Deborah,Love,2022-04-07,2023-01-22,Area Sales Manager,Terminated,Contract,Part-Time,Retirement,Resigned citing below-market compensation and lack of annual salary adjustments.,,CO,Coordinator,MALE,96350,Fully Meets,5,False,38,False,2026-08-31 17:32:05,1316,87536.57,USD,2026-08-31 17:32:05
3517,Milagros,Francis,2020-02-19,,Area Sales Manager,Active,Part-Time,Part-Time,Unk,,1942-04-01,IN,Splicer,MALE,44469,Fully Meets,4,False,13,False,2026-08-31 17:32:05,3910,75330.92,USD,2026-08-31 17:32:05
3518,Roberto,Michael,2021-04-10,2022-07-04,Area Sales Manager,Terminated,Contract,Part-Time,Involuntary,Terminated due to persistent low performance scores and disengagement following team restructuring.,,CA,Coordinator,FEMALE,13249,Fully Meets,2,False,66,False,2026-08-31 17:32:05,1316,94371.21,USD,2026-08-31 17:32:05
3519,Elaine,Ewing,2021-12-19,2022-03-02,Area Sales Manager,Terminated,Part-Time,Temporary,Resignation,Resigned citing below-market compensation and lack of annual salary adjustments.,,CA,Groundman,MALE,17123,Fully Meets,2,False,67,False,2026-08-31 17:32:05,1316,85615.47,USD,2026-08-31 17:32:05
3520,Caiden,Munoz,2020-12-13,2023-01-13,Area Sales Manager,Terminated,Full-Time,Temporary,Involuntary,Left due to lack of flexibility around hybrid work policies and long commute times.,1963-01-03,ND,Manager,FEMALE,18983,Fully Meets,1,False,57,False,2026-08-31 17:32:05,1316,83335.74,USD,2026-08-31 17:32:05
3521,Jocelyn,Bradford,2019-02-26,,Area Sales Manager,Active,Contract,Part-Time,Unk,,,KY,Electrician,FEMALE,51795,Fully Meets,4,False,33,False,2026-08-31 17:32:05,1316,80552.92,USD,2026-08-31 17:32:05
3522,Marques,Armstrong,2020-03-02,,Area Sales Manager,Active,Full-Time,Part-Time,Unk,,1983-12-10,KY,Splicer,FEMALE,34369,Fully Meets,1,False,61,False,2026-08-31 17:32:05,1316,92059.89,USD,2026-08-31 17:32:05
3523,Rohan,Chapman,2021-06-25,2022-08-25,Area Sales Manager,Terminated,Full-Time,Temporary,Resignation,Left due to lack of flexibility around hybrid work policies and long commute times.,,KY,Laborer,FEMALE,23092,Fully Meets,2,False,19,False,2026-08-31 17:32:05,2564,82663.44,USD,2026-08-31 17:32:05
3524,Emmanuel,Franklin,2021-07-26,,Area Sales Manager,Future Start,Contract,Full-Time,Resignation,,1999-11-11,TX,Laborer,MALE,6074,Fully Meets,2,False,50,False,2026-08-31 17:32:05,1316,73067.75,USD,2026-08-31 17:32:05
3525,Clayton,Mccormick,2022-07-03,,Area Sales Manager,Future Start,Contract,Temporary,Retirement,,,TX,Foreman,MALE,72264,Fully Meets,2,False,12,False,2026-08-31 17:32:05,1316,74130.21,USD,2026-08-31 17:32:05
3526,Darius,Krause,2022-09-15,,Area Sales Manager,Active,Full-Time,Full-Time,Unk,,,TX,Foreman,MALE,28282,Fully Meets,4,False,68,False,2026-08-31 17:32:05,2547,103666.42,USD,2026-08-31 17:32:05
3527,Ahmed,Hawkins,2020-05-01,2021-02-25,Area Sales Manager,Terminated,Full-Time,Temporary,Retirement,Terminated due to persistent low performance scores and disengagement following team restructuring.,,CO,Lineman,MALE,46645,Fully Meets,1,False,69,False,2026-08-31 17:32:05,1316,101800.32,USD,2026-08-31 17:32:05
3528,Kymani,Benjamin,2022-10-13,,Area Sales Manager,Active,Full-Time,Part-Time,Unk,,,CO,Accounting,MALE,10790,Fully Meets,2,False,70,False,2026-08-31 17:32:05,1316,94489.75,USD,2026-08-31 17:32:05
3529,Callum,Mcdaniel,2020-01-03,2020-08-24,Area Sales Manager,Terminated,Part-Time,Full-Time,Voluntary,Left due to lack of flexibility around hybrid work policies and long commute times.,,IN,Top Hand,MALE,67282,Fully Meets,2,False,11,False,2026-08-31 17:32:05,2536,79305.45,USD,2026-08-31 17:32:05
3530,Zariah,Black,2019-11-13,,Area Sales Manager,Active,Full-Time,Part-Time,Unk,,,CA,Tower Hand,FEMALE,62321,Fully Meets,2,False,31,False,2026-08-31 17:32:05,1316,103921.17,USD,2026-08-31 17:32:05
3531,Ronnie,Mayer,2023-06-17,,Area Sales Manager,Active,Full-Time,Full-Time,Unk,,,CA,Project Manager,MALE,18409,Fully Meets,1,False,71,False,2026-08-31 17:32:05,1316,97256.28,USD,2026-08-31 17:32:05
3532,Marlon,Ford,2021-10-14,,Area Sales Manager,Active,Part-Time,Full-Time,Unk,,,OR,Technician,FEMALE,40306,Fully Meets,1,False,72,False,2026-08-31 17:32:05,1316,95091.16,USD,2026-08-31 17:32:05
3533,Slade,Griffith,2021-06-01,2023-07-16,Area Sales Manager,Terminated,Contract,Full-Time,Voluntary,Terminated due to persistent low performance scores and disengagement following team restructuring.,1966-12-11,ND,Administrator,MALE,65183,Fully Meets,2,False,51,False,2026-08-31 17:32:05,1316,85727.65,USD,2026-08-31 17:32:05
3534,Lee,Frye,2018-09-14,,Area Sales Manager,Active,Full-Time,Full-Time,Unk,,,KY,Engineer,FEMALE,97002,Fully Meets,4,False,73,False,2026-08-31 17:32:05,1316,79528.45,USD,2026-08-31 17:32:05
3535,Veronica,Rowe,2018-12-11,2022-06-02,Area Sales Manager,Terminated,Full-Time,Temporary,Retirement,Left due to lack of flexibility around hybrid work policies and long commute times.,1994-02-02,KY,Engineer,FEMALE,29811,Fully Meets,4,False,41,False,2026-08-31 17:32:05,1316,73373.68,USD,2026-08-31 17:32:05
3536,Aylin,Berg,2022-08-06,,Area Sales Manager,Active,Contract,Temporary,Unk,,1989-02-01,GA,Administrative,FEMALE,89169,Fully Meets,2,False,56,False,2026-08-31 17:32:05,1316,101591.08,USD,2026-08-31 17:32:05
3537,Neveah,Rowe,2022-05-28,,Area Sales Manager,Future Start,Contract,Part-Time,Retirement,,1954-11-07,TX,Foreman,MALE,63882,Fully Meets,2,False,27,False,2026-08-31 17:32:05,1316,85952.17,USD,2026-08-31 17:32:05
3538,Keith,Baxter,2019-06-16,,Area Sales Manager,Future Start,Part-Time,Part-Time,Resignation,,,TX,Engineer,MALE,62328,Fully Meets,2,False,74,False,2026-08-31 17:32:05,1316,77082.72,USD,2026-08-31 17:32:05
3539,Chaz,Bruce,2019-12-08,,Area Sales Manager,Active,Full-Time,Temporary,Unk,,,CO,Foreman,MALE,74448,Fully Meets,5,False,14,False,2026-08-31 17:32:05,1316,80708.48,USD,2026-08-31 17:32:05
3540,Maya,Mccann,2020-03-12,2022-10-09,Area Sales Manager,Terminated,Full-Time,Part-Time,Retirement,Resigned citing below-market compensation and lack of annual salary adjustments.,1983-09-06,CO,Supervisor,MALE,18721,Exceeds,4,False,75,False,2026-08-31 17:32:05,1316,90272.68,USD,2026-08-31 17:32:05
3541,Aaron,Weber,2020-04-06,2023-07-24,Area Sales Manager,Terminated,Full-Time,Full-Time,Involuntary,Left due to lack of flexibility around hybrid work policies and long commute times.,,IN,Technician,MALE,78938,Exceeds,2,False,11,False,2026-08-31 17:32:05,2536,76187.05,USD,2026-08-31 17:32:05
3542,Ellie,Gill,2023-04-15,,Area Sales Manager,Active,Contract,Temporary,Unk,,1948-01-03,IN,Manager,MALE,45456,Needs Improvement,1,False,50,False,2026-08-31 17:32:05,1316,99981.5,USD,2026-08-31 17:32:05
3543,Rayne,Kerr,2020-11-10,,Area Sales Manager,Active,Part-Time,Temporary,Unk,,,CA,Laborer,FEMALE,45509,Fully Meets,2,False,12,False,2026-08-31 17:32:05,1316,96548.18,USD,2026-08-31 17:32:05
3544,Samara,Mcbride,2023-06-29,2023-07-09,Area Sales Manager,Terminated,Contract,Temporary,Retirement,Left due to lack of flexibility around hybrid work policies and long commute times.,,CA,Foreman,MALE,13902,Fully Meets,2,False,67,False,2026-08-31 17:32:05,1316,95181.2,USD,2026-08-31 17:32:05
3545,Ryann,Rubio,2022-03-07,,Area Sales Manager,Active,Full-Time,Temporary,Unk,,,OR,Locator,FEMALE,9733,Fully Meets,1,False,76,False,2026-08-31 17:32:05,1639,85123.26,USD,2026-08-31 17:32:05
3546,Paris,Carr,2021-07-31,2023-01-27,Area Sales Manager,Terminated,Full-Time,Part-Time,Voluntary,Resigned citing below-market compensation and lack of annual salary adjustments.,,ND,Foreman,MALE,35786,Exceeds,1,False,19,False,2026-08-31 17:32:05,2564,91955.81,USD,2026-08-31 17:32:05
3547,Adriel,Wiggins,2022-01-20,,Area Sales Manager,Active,Contract,Full-Time,Unk,,,KY,Supervisor,FEMALE,1919,Needs Improvement,2,False,77,False,2026-08-31 17:32:05,1316,90443.43,USD,2026-08-31 17:32:05
3548,Sanaa,Glass,2021-07-11,2022-10-10,Area Sales Manager,Terminated,Part-Time,Full-Time,Resignation,Terminated due to persistent low performance scores and disengagement following team restructuring.,,KY,Technician,FEMALE,40135,Fully Meets,1,False,33,False,2026-08-31 17:32:05,1316,92744.63,USD,2026-08-31 17:32:05
3549,Ryan,Lynch,2018-10-15,2020-10-18,Area Sales Manager,Terminated,Full-Time,Full-Time,Retirement,Resigned citing below-market compensation and lack of annual salary adjustments.,,GA,Technician,FEMALE,72975,Fully Meets,2,False,31,False,2026-08-31 17:32:05,1316,72955.55,USD,2026-08-31 17:32:05
3550,Charlie,Atkinson,2021-11-26,,Area Sales Manager,Future Start,Part-Time,Temporary,Resignation,,,TX,Billing,MALE,57754,Fully Meets,1,False,78,False,2026-08-31 17:32:05,1316,84553.26,USD,2026-08-31 17:32:05
3551,Emery,Roach,2018-08-11,,Area Sales Manager,Active,Part-Time,Part-Time,Unk,,1954-04-07,TX,Engineer,MALE,81142,Needs Improvement,4,False,79,False,2026-08-31 17:32:05,1316,71456.5,USD,2026-08-31 17:32:05
3552,Harper,Ramos,2020-02-16,2020-06-03,Area Sales Manager,Terminated,Full-Time,Full-Time,Retirement,Resigned citing below-market compensation and lack of annual salary adjustments.,1942-11-08,CO,Foreman,MALE,28714,Needs Improvement,1,False,36,False,2026-08-31 17:32:05,2477,87289.68,USD,2026-08-31 17:32:05
3553,Khalil,Mendez,2020-01-20,,Area Sales Manager,Active,Contract,Temporary,Unk,,1949-07-05,CO,Foreman,MALE,50379,Fully Meets,4,False,27,False,2026-08-31 17:32:05,1316,81545.14,USD,2026-08-31 17:32:05
3554,Lizeth,Holland,2019-03-31,,Area Sales Manager,Active,Part-Time,Temporary,Unk,,,IN,Cpo,MALE,78385,Fully Meets,1,False,80,False,2026-08-31 17:32:05,1316,75058.35,USD,2026-08-31 17:32:05
3555,Matilda,Randall,2023-01-06,2023-05-07,Area Sales Manager,Terminated,Full-Time,Temporary,Resignation,Resigned citing below-market compensation and lack of annual salary adjustments.,1988-11-01,IN,Drafter,FEMALE,48104,Fully Meets,4,False,21,False,2026-08-31 17:32:05,1316,73619.1,USD,2026-08-31 17:32:05
3556,Damien,Howe,2019-07-18,2020-01-15,Area Sales Manager,Terminated,Full-Time,Temporary,Retirement,Left due to lack of flexibility around hybrid work policies and long commute times.,,CA,Vp,MALE,86009,Exceeds,2,False,49,False,2026-08-31 17:32:05,1316,90567.56,USD,2026-08-31 17:32:05
3557,Nicholas,Obrien,2019-02-13,,Area Sales Manager,Active,Part-Time,Temporary,Unk,,1960-06-06,MA,Operator,MALE,68837,Fully Meets,2,False,6,False,2026-08-31 17:32:05,1316,75970.75,USD,2026-08-31 17:32:05
3558,Mildred,Gentry,2018-12-30,,Production Technician I,Active,Part-Time,Part-Time,Unk,,1959-04-06,MA,Manager,FEMALE,2145,Fully Meets,1,False,81,False,2026-08-31 17:32:05,1316,77379.2,USD,2026-08-31 17:32:05
3559,Wilson K,Adinolfi,2019-11-06,2020-09-06,Production Technician I,Terminated,Part-Time,Full-Time,Retirement,Left due to lack of flexibility around hybrid work policies and long commute times.,,MA,Assistant,MALE,1960,Fully Meets,2,False,82,False,2026-08-31 17:32:05,1123,65337.14,USD,2026-08-31 17:32:05
3560,Joanne,Handschiegl,2022-06-01,,Production Technician I,Active,Contract,Full-Time,Unk,,,MA,Technician,FEMALE,2127,Exceeds,4,False,83,False,2026-08-31 17:32:05,2318,57140.44,USD,2026-08-31 17:32:05
3561,Dianna,Blount,2023-03-28,,Production Technician II,Active,Part-Time,Temporary,Unk,,,MA,Technician,FEMALE,2171,Fully Meets,5,False,84,False,2026-08-31 17:32:05,2324,65682.04,USD,2026-08-31 17:32:05
3562,Jean,Crimmings,2019-05-21,,Production Technician I,Future Start,Contract,Full-Time,Retirement,,1954-09-04,MA,Manager,FEMALE,1821,Exceeds,2,False,85,False,2026-08-31 17:32:05,1316,45798.14,USD,2026-08-31 17:32:05
3563,Nore,Sadki,2019-01-01,,Production Technician I,Active,Contract,Full-Time,Unk,,,MA,Driver,MALE,2148,PIP,4,False,86,False,2026-08-31 17:32:05,2298,78549.57,USD,2026-08-31 17:32:05
3564,Susan,Lundy,2019-01-26,2020-12-02,Production Technician II,Voluntarily Terminated,Full-Time,Temporary,Resignation,,1994-07-11,MA,Lineman,FEMALE,2122,Fully Meets,1,False,87,False,2026-08-31 17:32:05,2449,61880.62,USD,2026-08-31 17:32:05
3565,Kramer,Keatts,2021-09-11,,Production Technician I,Active,Part-Time,Full-Time,Unk,,1968-10-05,MA,Lineman,MALE,1887,Fully Meets,4,False,88,False,2026-08-31 17:32:05,2398,72395.73,USD,2026-08-31 17:32:05
3566,Maliki,Moumanil,2021-09-26,,Production Technician II,Active,Part-Time,Part-Time,Unk,,1963-05-10,MA,Lineman,MALE,1460,Fully Meets,2,False,89,False,2026-08-31 17:32:05,1316,47895.55,USD,2026-08-31 17:32:05
3567,Nader,Barton,2023-03-04,,Production Technician I,Active,Full-Time,Full-Time,Unk,,1966-02-09,MA,Technician,MALE,2747,Fully Meets,4,False,90,False,2026-08-31 17:32:05,1316,62033.04,USD,2026-08-31 17:32:05
3568,Quinn,Rarrick,2023-07-11,2023-07-29,Production Technician I,Voluntarily Terminated,Full-Time,Part-Time,Involuntary,,1974-08-12,MA,Foreman,MALE,2478,Fully Meets,2,False,91,False,2026-08-31 17:32:05,2364,62174.74,USD,2026-08-31 17:32:05
3569,Beatrice,Chace,2019-02-09,2020-08-28,Production Technician I,Terminated,Part-Time,Temporary,Involuntary,Terminated due to persistent low performance scores and disengagement following team restructuring.,,MA,Supervisor,FEMALE,2763,Fully Meets,2,False,92,False,2026-08-31 17:32:05,1316,77823.93,USD,2026-08-31 17:32:05
3570,Adrienne J,Homberger,2019-04-19,2021-10-26,Production Technician II,Voluntarily Terminated,Full-Time,Temporary,Voluntary,,,MA,Engineer,FEMALE,2445,Fully Meets,1,False,93,False,2026-08-31 17:32:05,2360,65010.48,USD,2026-08-31 17:32:05
3571,Marilyn,Linares,2022-07-07,2023-07-17,Production Technician I,Voluntarily Terminated,Part-Time,Full-Time,Resignation,,,MA,Engineer,FEMALE,1886,Fully Meets,4,False,82,False,2026-08-31 17:32:05,1123,61572.13,USD,2026-08-31 17:32:05
3572,Timothy,Sullivan,2019-03-12,2020-05-19,Production Technician I,Terminated,Contract,Part-Time,Retirement,Terminated due to persistent low performance scores and disengagement following team restructuring.,1994-07-06,MA,Engineer,MALE,2747,Fully Meets,5,False,94,False,2026-08-31 17:32:05,1316,54344.15,USD,2026-08-31 17:32:05
3573,Jennifer,Medeiros,2020-03-09,2021-10-17,Production Technician I,Terminated,Contract,Full-Time,Involuntary,Resigned citing below-market compensation and lack of annual salary adjustments.,,MA,Driller,FEMALE,2346,Exceeds,4,False,82,False,2026-08-31 17:32:05,1123,56604.91,USD,2026-08-31 17:32:05
3574,Anna,Von Massenbach,2021-05-18,,Production Technician I,Future Start,Contract,Full-Time,Involuntary,,1951-06-05,MA,Laborer,FEMALE,2124,Fully Meets,1,False,95,False,2026-08-31 17:32:05,1316,63223.53,USD,2026-08-31 17:32:05
3575,George,Johnson,2021-04-28,2022-01-18,Production Technician I,Voluntarily Terminated,Part-Time,Temporary,Resignation,,1987-05-03,MA,Groundman,MALE,2445,Exceeds,5,False,83,False,2026-08-31 17:32:05,2318,60361.9,USD,2026-08-31 17:32:05
3576,Angela,Erilus,2021-07-21,2023-04-26,Production Technician II,Terminated,Full-Time,Full-Time,Voluntary,Resigned citing below-market compensation and lack of annual salary adjustments.,,MA,Project Manager,FEMALE,2133,Exceeds,4,False,96,False,2026-08-31 17:32:05,1124,45756.42,USD,2026-08-31 17:32:05
3577,Miguel,Estremera,2019-09-15,,Production Technician I,Active,Part-Time,Temporary,Unk,,,MA,Tower Hand,MALE,2129,Fully Meets,4,False,97,False,2026-08-31 17:32:05,1165,73920.22,USD,2026-08-31 17:32:05
3578,Clinton,Owad,2019-05-04,,Production Technician I,Active,Full-Time,Temporary,Unk,,,MA,Technician,MALE,1760,Exceeds,2,False,86,False,2026-08-31 17:32:05,2298,76365.63,USD,2026-08-31 17:32:05
3579,Constance,Sloan,2021-05-20,,Production Technician II,Active,Full-Time,Part-Time,Unk,,,MA,Laborer,FEMALE,1851,Needs Improvement,4,False,97,False,2026-08-31 17:32:05,1165,49908.72,USD,2026-08-31 17:32:05
3580,Davion,Sanchez,2019-12-16,,Production Technician I,Active,Full-Time,Full-Time,Unk,,,MA,Foreman,MALE,41016,Fully Meets,4,False,98,False,2026-08-31 17:32:05,2294,64391.27,USD,2026-08-31 17:32:05
3581,Ross,Strickland,2020-11-20,2023-05-01,Production Technician I,Terminated,Full-Time,Part-Time,Voluntary,Terminated due to persistent low performance scores and disengagement following team restructuring.,1943-08-03,MA,Foreman,MALE,18389,Fully Meets,2,False,99,False,2026-08-31 17:32:05,1316,48800.15,USD,2026-08-31 17:32:05
3582,Augustus,Drake,2020-08-19,2022-05-04,Production Technician I,Terminated,Part-Time,Part-Time,Retirement,Resigned citing below-market compensation and lack of annual salary adjustments.,1968-09-08,MA,Laborer,MALE,90676,Fully Meets,4,False,100,False,2026-08-31 17:32:05,1316,68528.4,USD,2026-08-31 17:32:05
3583,Gracelyn,Huynh,2021-04-28,2022-04-18,Production Technician I,Terminated,Full-Time,Temporary,Retirement,Left due to lack of flexibility around hybrid work policies and long commute times.,,MA,Construction Manager,FEMALE,16011,Needs Improvement,4,False,86,False,2026-08-31 17:32:05,2298,54843.18,USD,2026-08-31 17:32:05
3584,Orlando,Armstrong,2020-08-14,,Production Technician I,Active,Contract,Full-Time,Unk,,1987-07-11,MA,Lineman,FEMALE,2051,Fully Meets,4,False,97,False,2026-08-31 17:32:05,1165,68079.79,USD,2026-08-31 17:32:05
3585,Edward,Everett,2021-12-22,,Production Technician I,Active,Full-Time,Full-Time,Unk,,,MA,Laborer,FEMALE,3074,Fully Meets,4,False,101,False,2026-08-31 17:32:05,1316,70444.81,USD,2026-08-31 17:32:05
3586,Jaqueline,Terrell,2019-02-01,2019-02-10,Production Technician I,Terminated,Part-Time,Full-Time,Resignation,Left due to lack of flexibility around hybrid work policies and long commute times.,,MA,Manager,FEMALE,24711,Fully Meets,2,False,102,False,2026-08-31 17:32:05,1316,71902.66,USD,2026-08-31 17:32:05
3587,Quinn,Mccullough,2021-05-10,2021-12-17,Production Technician I,Terminated,Full-Time,Temporary,Resignation,Terminated due to persistent low performance scores and disengagement following team restructuring.,,MA,Administrative,MALE,74564,Fully Meets,2,False,103,False,2026-08-31 17:32:05,1316,48770.93,USD,2026-08-31 17:32:05
3588,Selena,Greer,2019-06-25,2019-08-15,Production Technician I,Terminated,Full-Time,Full-Time,Retirement,Resigned citing below-market compensation and lack of annual salary adjustments.,1972-08-03,MA,Mechanic,MALE,14504,Fully Meets,2,False,104,False,2026-08-31 17:32:05,2437,77060.41,USD,2026-08-31 17:32:05
3589,Giovani,Roy,2019-04-25,,Production Technician I,Active,Contract,Temporary,Unk,,1951-02-08,MA,Laborer,MALE,2683,Fully Meets,1,False,105,False,2026-08-31 17:32:05,1143,53057.49,USD,2026-08-31 17:32:05
3590,Dominik,Mullen,2021-02-25,,Production Technician I,Future Start,Part-Time,Full-Time,Retirement,,,MA,Laborer,MALE,66167,Fully Meets,4,False,98,False,2026-08-31 17:32:05,2294,46309.44,USD,2026-08-31 17:32:05
3591,Abdullah,Ellison,2021-11-23,,Production Technician I,Future Start,Contract,Part-Time,Voluntary,,,MA,Supervisor,FEMALE,21634,Needs Improvement,5,False,106,False,2026-08-31 17:32:05,2295,64419.84,USD,2026-08-31 17:32:05
3592,Andre,Guzman,2021-10-05,,Production Technician I,Future Start,Contract,Full-Time,Voluntary,,,MA,Technician,MALE,9454,Fully Meets,3,False,107,False,2026-08-31 17:32:05,2296,57982.28,USD,2026-08-31 17:32:05
3593,Brayden,Malone,2020-05-30,,Production Technician I,Active,Contract,Full-Time,Unk,,1949-11-11,MA,Foreman,MALE,48453,Fully Meets,1,False,88,False,2026-08-31 17:32:05,2398,74042.64,USD,2026-08-31 17:32:05
3594,Maribel,Morrison,2018-12-11,,Production Technician I,Active,Part-Time,Part-Time,Unk,,,MA,Technician,MALE,72888,Needs Improvement,1,False,98,False,2026-08-31 17:32:05,2294,73288.8,USD,2026-08-31 17:32:05
3595,Fisher,Stafford,2020-09-22,2022-09-14,Production Technician I,Terminated,Contract,Temporary,Resignation,Left due to lack of flexibility around hybrid work policies and long commute times.,1952-02-03,MA,Technician,MALE,56703,Fully Meets,1,False,108,False,2026-08-31 17:32:05,1316,56099.86,USD,2026-08-31 17:32:05
3596,Kellen,Medina,2019-07-28,,Production Technician I,Active,Part-Time,Full-Time,Unk,,,MA,Technician,MALE,33998,Needs Improvement,2,False,109,False,2026-08-31 17:32:05,1316,78351.48,USD,2026-08-31 17:32:05
3597,Brenton,Monroe,2020-06-06,,Production Technician II,Future Start,Contract,Part-Time,Retirement,,,MA,Foreman,FEMALE,17650,Fully Meets,1,False,110,False,2026-08-31 17:32:05,2287,55182.12,USD,2026-08-31 17:32:05
3598,Derick,Rocha,2018-09-28,2023-08-05,Production Technician II,Voluntarily Terminated,Part-Time,Full-Time,Resignation,,1950-06-10,MA,Supervisor,FEMALE,72750,Needs Improvement,1,False,111,False,2026-08-31 17:32:05,1316,63027.0,USD,2026-08-31 17:32:05
3599,Elaine,Weeks,2020-04-12,,Production Technician II,Active,Part-Time,Temporary,Unk,,,MA,Technician,FEMALE,14044,Fully Meets,2,False,112,False,2026-08-31 17:32:05,2340,53958.78,USD,2026-08-31 17:32:05
3600,Marely,Dixon,2022-11-01,,Production Technician II,Active,Contract,Temporary,Unk,,1949-07-10,MA,Technician,FEMALE,34810,Fully Meets,2,False,86,False,2026-08-31 17:32:05,2298,77761.52,USD,2026-08-31 17:32:05
3601,Keagan,Henson,2022-11-21,,Production Technician II,Active,Part-Time,Full-Time,Unk,,,MA,Billing,FEMALE,75187,Fully Meets,5,False,113,False,2026-08-31 17:32:05,1144,50761.27,USD,2026-08-31 17:32:05
3602,Helena,Davenport,2021-04-11,2023-05-24,Production Technician II,Voluntarily Terminated,Full-Time,Part-Time,Involuntary,,1994-12-10,MA,Engineer,FEMALE,30766,Fully Meets,5,False,114,False,2026-08-31 17:32:05,1316,46571.87,USD,2026-08-31 17:32:05
3603,Houston,Aguirre,2018-11-29,2019-02-21,Production Technician II,Voluntarily Terminated,Full-Time,Part-Time,Resignation,,,MA,Technician,FEMALE,58348,Fully Meets,2,False,91,False,2026-08-31 17:32:05,2364,60228.4,USD,2026-08-31 17:32:05
3604,Kane,Owen,2019-01-16,2022-08-31,Production Technician II,Terminated,Part-Time,Full-Time,Resignation,Left due to lack of flexibility around hybrid work policies and long commute times.,1948-09-03,MA,Foreman,FEMALE,44626,Needs Improvement,4,False,83,False,2026-08-31 17:32:05,2318,79733.14,USD,2026-08-31 17:32:05
3605,Emerson,Pitts,2019-09-18,,Production Technician I,Active,Contract,Temporary,Unk,,,MA,Technician,MALE,2315,Fully Meets,4,False,114,False,2026-08-31 17:32:05,1316,76208.7,USD,2026-08-31 17:32:05
3606,Clarissa,Winters,2019-08-01,2023-01-20,Production Technician I,Voluntarily Terminated,Part-Time,Full-Time,Involuntary,,,MA,Engineer,MALE,95618,Fully Meets,3,False,115,False,2026-08-31 17:32:05,1316,71201.28,USD,2026-08-31 17:32:05
3607,Frankie,Atkins,2019-06-18,2021-04-14,Production Technician I,Terminated,Full-Time,Full-Time,Resignation,Left due to lack of flexibility around hybrid work policies and long commute times.,1976-03-08,MA,Coordinator,MALE,15195,Fully Meets,5,False,116,False,2026-08-31 17:32:05,1252,76177.74,USD,2026-08-31 17:32:05
3608,Ally,Zhang,2019-02-13,,Production Technician I,Active,Full-Time,Part-Time,Unk,,1979-06-07,MA,Technician,MALE,74447,Fully Meets,3,False,83,False,2026-08-31 17:32:05,2318,76270.63,USD,2026-08-31 17:32:05
3609,Kayleigh,Harmon,2021-06-02,,Production Technician I,Active,Contract,Full-Time,Unk,,1993-09-06,MA,Welder,FEMALE,21318,Fully Meets,3,False,117,False,2026-08-31 17:32:05,1316,63160.04,USD,2026-08-31 17:32:05
3610,Kayley,Myers,2018-10-11,,Production Technician I,Active,Part-Time,Full-Time,Unk,,1973-07-04,MA,Laborer,FEMALE,51430,Fully Meets,3,False,98,False,2026-08-31 17:32:05,2294,56057.52,USD,2026-08-31 17:32:05
3611,Rowan,Cobb,2021-03-09,,Production Technician I,Active,Contract,Full-Time,Unk,,,MA,Technician,FEMALE,85651,Fully Meets,2,False,118,False,2026-08-31 17:32:05,2361,72020.44,USD,2026-08-31 17:32:05
3612,Edward,Mann,2022-01-23,,Production Technician I,Active,Contract,Part-Time,Unk,,,MA,Technician,MALE,68900,PIP,4,False,82,False,2026-08-31 17:32:05,1123,68158.14,USD,2026-08-31 17:32:05
3613,Amirah,Johnson,2019-02-24,,Production Technician I,Active,Contract,Part-Time,Unk,,,MA,Laborer,MALE,9241,Exceeds,1,False,105,False,2026-08-31 17:32:05,1143,58078.02,USD,2026-08-31 17:32:05
3614,Bridget,Deleon,2020-01-08,2021-07-02,Production Technician I,Terminated,Contract,Temporary,Voluntary,Terminated due to persistent low performance scores and disengagement following team restructuring.,,MA,Field Project Manager,MALE,23691,Fully Meets,2,False,119,False,2026-08-31 17:32:05,2285,48306.33,USD,2026-08-31 17:32:05
3615,Martin,Weber,2021-05-13,,Production Technician I,Future Start,Full-Time,Part-Time,Retirement,,,MA,Manager,MALE,74388,Exceeds,2,False,120,False,2026-08-31 17:32:05,2336,71137.64,USD,2026-08-31 17:32:05
3616,Ruben,Lewis,2022-02-12,,Production Technician I,Active,Contract,Full-Time,Unk,,,MA,Laborer,FEMALE,14234,Fully Meets,4,False,121,False,2026-08-31 17:32:05,2414,54186.12,USD,2026-08-31 17:32:05
3617,Bailey,Collier,2023-02-01,,Production Technician I,Active,Full-Time,Full-Time,Unk,,,MA,Splicer,FEMALE,37635,Fully Meets,1,False,122,False,2026-08-31 17:32:05,1294,77788.46,USD,2026-08-31 17:32:05
3618,Charlee,Roth,2023-02-04,,Production Technician I,Active,Part-Time,Temporary,Unk,,1944-05-05,MA,Splicer,MALE,13186,Fully Meets,3,False,123,False,2026-08-31 17:32:05,1186,53433.97,USD,2026-08-31 17:32:05
3619,Karissa,Bowers,2023-03-23,2023-05-01,Production Technician I,Terminated,Full-Time,Full-Time,Involuntary,Left due to lack of flexibility around hybrid work policies and long commute times.,,MA,Technician,MALE,76278,Fully Meets,3,False,112,False,2026-08-31 17:32:05,2340,49296.53,USD,2026-08-31 17:32:05
3620,Noel,Ramirez,2023-03-22,2023-07-14,Production Technician I,Terminated,Part-Time,Temporary,Involuntary,Terminated due to persistent low performance scores and disengagement following team restructuring.,1994-12-10,MA,Specialist,MALE,77580,Fully Meets,2,False,124,False,2026-08-31 17:32:05,2395,74088.94,USD,2026-08-31 17:32:05
3621,Victoria,Franco,2018-11-28,,Production Technician I,Active,Contract,Full-Time,Unk,,1997-09-09,MA,Laborer,MALE,15586,Fully Meets,2,False,125,False,2026-08-31 17:32:05,1316,50364.95,USD,2026-08-31 17:32:05
3622,Danika,Fleming,2020-07-09,2021-07-10,Production Technician II,Terminated,Part-Time,Temporary,Resignation,Left due to lack of flexibility around hybrid work policies and long commute times.,,MA,Laborer,FEMALE,75607,Fully Meets,3,False,106,False,2026-08-31 17:32:05,2295,51274.39,USD,2026-08-31 17:32:05
3623,Jocelyn,Kline,2019-02-11,,Production Technician II,Active,Part-Time,Full-Time,Unk,,,MA,Engineer,FEMALE,47289,Fully Meets,3,False,126,False,2026-08-31 17:32:05,2467,65978.4,USD,2026-08-31 17:32:05
3624,Cesar,Higgins,2020-01-09,,Production Technician II,Active,Part-Time,Part-Time,Unk,,1996-04-02,MA,Engineer,FEMALE,85711,Fully Meets,4,False,127,False,2026-08-31 17:32:05,1316,75609.67,USD,2026-08-31 17:32:05
3625,Gabriel,Dodson,2021-11-11,2022-07-31,Production Technician II,Voluntarily Terminated,Contract,Part-Time,Resignation,,,MA,Engineer,FEMALE,54392,Fully Meets,5,False,128,False,2026-08-31 17:32:05,1316,51875.21,USD,2026-08-31 17:32:05
3626,Raphael,Sandoval,2021-05-15,,Production Technician II,Active,Full-Time,Temporary,Unk,,,MA,Foreman,FEMALE,61825,Fully Meets,2,False,98,False,2026-08-31 17:32:05,2294,55861.33,USD,2026-08-31 17:32:05
3627,Ruth,Harrell,2019-08-21,2022-10-28,Production Technician II,Voluntarily Terminated,Contract,Full-Time,Resignation,,,MA,Supervisor,FEMALE,52646,Fully Meets,3,False,86,False,2026-08-31 17:32:05,2298,72209.17,USD,2026-08-31 17:32:05
3628,Peyton,Barber,2020-09-18,,Production Technician II,Active,Contract,Part-Time,Unk,,,MA,Technician,FEMALE,56126,Fully Meets,3,False,129,False,2026-08-31 17:32:05,2393,79013.92,USD,2026-08-31 17:32:05
3629,Reginald,Lowery,2022-08-27,2022-12-03,Production Technician I,Voluntarily Terminated,Contract,Full-Time,Voluntary,,,MA,Laborer,MALE,70056,Fully Meets,5,False,82,False,2026-08-31 17:32:05,1123,62525.94,USD,2026-08-31 17:32:05
3630,Stephanie,Briggs,2019-02-23,,Production Technician I,Active,Contract,Full-Time,Unk,,1965-07-05,MA,Laborer,MALE,81819,Fully Meets,5,False,83,False,2026-08-31 17:32:05,2318,50036.41,USD,2026-08-31 17:32:05
3631,Shaniya,Becker,2022-08-08,2022-10-25,Production Technician I,Terminated,Contract,Full-Time,Retirement,Left due to lack of flexibility around hybrid work policies and long commute times.,,MA,Apprentice,MALE,12978,Fully Meets,3,False,122,False,2026-08-31 17:32:05,1294,45487.77,USD,2026-08-31 17:32:05
3632,Ryan,Oconnell,2022-09-24,2022-10-24,Production Technician I,Terminated,Contract,Full-Time,Involuntary,Terminated due to persistent low performance scores and disengagement following team restructuring.,1945-03-10,MA,Foreman,MALE,37983,Fully Meets,3,False,130,False,2026-08-31 17:32:05,2277,53037.96,USD,2026-08-31 17:32:05
3633,Emma,Ware,2022-03-21,,Production Technician I,Active,Contract,Temporary,Unk,,,MA,Laborer,FEMALE,56687,Fully Meets,5,False,131,False,2026-08-31 17:32:05,1316,49613.78,USD,2026-08-31 17:32:05
3634,Keyon,Haley,2023-06-23,2023-07-26,Production Technician I,Terminated,Part-Time,Full-Time,Retirement,Left due to lack of flexibility around hybrid work policies and long commute times.,,MA,Supervisor,FEMALE,40148,Fully Meets,5,False,132,False,2026-08-31 17:32:05,2341,68718.05,USD,2026-08-31 17:32:05
3635,Kylee,Bates,2020-10-26,,Production Technician I,Active,Part-Time,Part-Time,Unk,,1978-12-03,MA,Runner,FEMALE,71593,Fully Meets,4,False,133,False,2026-08-31 17:32:05,1316,49264.14,USD,2026-08-31 17:32:05
3636,Marc,Chandler,2020-01-29,,Production Technician I,Active,Contract,Temporary,Unk,,,MA,Supervisor,MALE,10775,Fully Meets,3,False,134,False,2026-08-31 17:32:05,1316,62721.55,USD,2026-08-31 17:32:05
3637,Abdullah,Pruitt,2022-04-23,,Production Technician I,Active,Full-Time,Full-Time,Unk,,,MA,Engineer,MALE,59441,Fully Meets,3,False,89,False,2026-08-31 17:32:05,1316,69299.19,USD,2026-08-31 17:32:05
3638,Shamar,Roth,2023-06-15,,Production Technician I,Active,Full-Time,Part-Time,Unk,,1978-10-12,MA,Inspector,MALE,55470,Fully Meets,3,False,97,False,2026-08-31 17:32:05,1165,65339.08,USD,2026-08-31 17:32:05
3639,Jaylen,Acosta,2019-09-19,,Production Technician I,Future Start,Contract,Full-Time,Retirement,,1966-08-01,MA,Runner,FEMALE,8655,Fully Meets,3,False,130,False,2026-08-31 17:32:05,2277,51992.15,USD,2026-08-31 17:32:05
3640,Kale,House,2023-01-07,,Production Technician I,Active,Contract,Temporary,Unk,,,MA,Foreman,FEMALE,48077,Fully Meets,3,False,106,False,2026-08-31 17:32:05,2295,73144.36,USD,2026-08-31 17:32:05
3641,Kiersten,Ellis,2020-02-07,,Production Technician I,Future Start,Contract,Full-Time,Voluntary,,,MA,Operator,MALE,56039,Fully Meets,3,False,135,False,2026-08-31 17:32:05,1316,70039.25,USD,2026-08-31 17:32:05
3642,Karissa,Carrillo,2020-04-29,,Production Technician I,Future Start,Contract,Full-Time,Retirement,,,MA,Laborer,MALE,7474,Fully Meets,3,False,83,False,2026-08-31 17:32:05,2318,70864.44,USD,2026-08-31 17:32:05
3643,Issac,Whitehead,2020-04-16,,Production Technician I,Active,Full-Time,Full-Time,Unk,,,MA,Laborer,MALE,9287,Fully Meets,3,False,136,False,2026-08-31 17:32:05,1316,49587.02,USD,2026-08-31 17:32:05
3644,Madisyn,Andrews,2022-06-16,,Production Technician I,Active,Part-Time,Full-Time,Unk,,,MA,Laborer,MALE,42213,Fully Meets,3,False,98,False,2026-08-31 17:32:05,2294,49331.38,USD,2026-08-31 17:32:05
3645,Madyson,Rhodes,2019-07-22,,Production Technician I,Active,Part-Time,Full-Time,Unk,,,MA,Technician,MALE,34428,Fully Meets,3,False,88,False,2026-08-31 17:32:05,2398,77464.69,USD,2026-08-31 17:32:05
3646,Brenton,Rodriguez,2023-04-22,,Production Technician II,Active,Part-Time,Full-Time,Unk,,1968-01-01,MA,Splicer,FEMALE,77551,Fully Meets,3,False,137,False,2026-08-31 17:32:05,1316,58915.24,USD,2026-08-31 17:32:05
3647,Nathen,Arias,2020-12-28,2021-01-30,Production Technician II,Voluntarily Terminated,Part-Time,Part-Time,Involuntary,,,MA,Engineer,FEMALE,20847,Fully Meets,3,False,126,False,2026-08-31 17:32:05,2467,55533.2,USD,2026-08-31 17:32:05
3648,Keyon,Hensley,2022-02-23,,Production Technician II,Active,Contract,Full-Time,Unk,,,MA,Lineman,FEMALE,76615,Exceeds,4,False,138,False,2026-08-31 17:32:05,1316,62100.44,USD,2026-08-31 17:32:05
3649,Elisha,Ruiz,2022-08-13,,Production Technician II,Active,Contract,Part-Time,Unk,,1968-06-06,MA,Technician,FEMALE,26602,Exceeds,4,False,107,False,2026-08-31 17:32:05,2296,68200.25,USD,2026-08-31 17:32:05
3650,Amirah,Stanley,2019-10-03,2022-02-28,Production Technician II,Voluntarily Terminated,Full-Time,Part-Time,Retirement,,,MA,Laborer,FEMALE,72818,Fully Meets,3,False,98,False,2026-08-31 17:32:05,2294,78446.81,USD,2026-08-31 17:32:05
3651,Jeremy,Meyer,2019-10-14,,Production Technician II,Active,Full-Time,Full-Time,Unk,,,MA,Lineman,FEMALE,90347,Fully Meets,3,False,88,False,2026-08-31 17:32:05,2398,55025.62,USD,2026-08-31 17:32:05
3652,Owen,Dillon,2019-08-30,2022-08-27,Production Technician I,Voluntarily Terminated,Part-Time,Part-Time,Resignation,,,MA,Supervisor,MALE,96845,Fully Meets,3,False,82,False,2026-08-31 17:32:05,1123,77368.3,USD,2026-08-31 17:32:05
3653,Bridget,Bray,2021-02-04,2023-07-30,Production Technician I,Voluntarily Terminated,Contract,Part-Time,Voluntary,,,MA,Foreman,MALE,67277,Exceeds,3,False,139,False,2026-08-31 17:32:05,2357,45870.08,USD,2026-08-31 17:32:05
3654,Cassius,Gates,2022-11-23,,Production Technician I,Active,Part-Time,Part-Time,Unk,,,MA,Lineman,MALE,17975,Exceeds,4,False,140,False,2026-08-31 17:32:05,1316,64431.93,USD,2026-08-31 17:32:05
3655,Martha,Kemp,2023-02-25,,Production Technician I,Active,Part-Time,Full-Time,Unk,,,MA,Engineer,MALE,97142,Fully Meets,3,False,141,False,2026-08-31 17:32:05,2337,67189.13,USD,2026-08-31 17:32:05
3656,Francesca,Mcmahon,2019-12-15,,Production Technician I,Active,Part-Time,Part-Time,Unk,,,MA,Laborer,MALE,72523,Exceeds,5,False,142,False,2026-08-31 17:32:05,1316,48706.41,USD,2026-08-31 17:32:05
3657,Lorelei,Walls,2021-08-29,,Production Technician I,Active,Part-Time,Full-Time,Unk,,1992-04-03,MA,Flagger,FEMALE,44406,Fully Meets,4,False,88,False,2026-08-31 17:32:05,2398,49911.89,USD,2026-08-31 17:32:05
3658,Emery,Gillespie,2022-11-04,2023-07-07,Production Technician I,Terminated,Part-Time,Temporary,Involuntary,Left due to lack of flexibility around hybrid work policies and long commute times.,,MA,Technician,FEMALE,95682,Fully Meets,3,False,119,False,2026-08-31 17:32:05,2285,59669.0,USD,2026-08-31 17:32:05
3659,Kaylee,Baldwin,2019-10-02,2019-10-13,Production Technician I,Terminated,Full-Time,Part-Time,Voluntary,Terminated due to persistent low performance scores and disengagement following team restructuring.,,MA,Engineer,MALE,86746,Exceeds,1,False,130,False,2026-08-31 17:32:05,2277,78818.12,USD,2026-08-31 17:32:05
3660,Aron,Hester,2019-05-24,,Production Technician I,Active,Full-Time,Full-Time,Unk,,,MA,Supervisor,MALE,73540,Exceeds,3,False,91,False,2026-08-31 17:32:05,2364,65861.49,USD,2026-08-31 17:32:05
3661,Reagan,Brennan,2022-02-28,2022-09-05,Production Technician I,Terminated,Contract,Temporary,Involuntary,Left due to lack of flexibility around hybrid work policies and long commute times.,,MA,Vp,MALE,21624,Fully Meets,3,False,143,False,2026-08-31 17:32:05,1316,77655.81,USD,2026-08-31 17:32:05
3662,Hugh,Berry,2023-06-13,,Production Technician I,Active,Full-Time,Temporary,Unk,,,MA,Laborer,MALE,90473,Exceeds,2,False,144,False,2026-08-31 17:32:05,1208,73152.63,USD,2026-08-31 17:32:05
3663,Brandon,Anderson,2019-10-07,,Production Technician I,Future Start,Part-Time,Full-Time,Retirement,,,MA,Foreman,FEMALE,13534,Exceeds,3,False,139,False,2026-08-31 17:32:05,2357,61358.36,USD,2026-08-31 17:32:05
3664,Diana,Garza,2020-10-06,,Production Technician I,Future Start,Full-Time,Part-Time,Involuntary,,,MA,Locator,FEMALE,2667,Fully Meets,3,False,98,False,2026-08-31 17:32:05,2294,72466.72,USD,2026-08-31 17:32:05
3665,Dalton,Bowen,2019-11-22,,Production Technician I,Active,Full-Time,Temporary,Unk,,,MA,Field Technician,MALE,54319,Fully Meets,3,False,106,False,2026-08-31 17:32:05,2295,45624.29,USD,2026-08-31 17:32:05
3666,Davin,Peters,2022-04-29,2023-01-21,Production Technician I,Terminated,Full-Time,Full-Time,Involuntary,Resigned citing below-market compensation and lack of annual salary adjustments.,,MA,Laborer,MALE,16052,Fully Meets,3,False,107,False,2026-08-31 17:32:05,2296,48820.04,USD,2026-08-31 17:32:05
3667,Leyla,Warren,2022-12-11,2023-04-28,Production Technician I,Terminated,Part-Time,Temporary,Resignation,Left due to lack of flexibility around hybrid work policies and long commute times.,,MA,Technician,MALE,18998,Fully Meets,3,False,145,False,2026-08-31 17:32:05,1316,74030.0,USD,2026-08-31 17:32:05
3668,Victoria,Allen,2023-08-06,2023-08-06,Production Technician I,Terminated,Full-Time,Full-Time,Voluntary,Terminated due to persistent low performance scores and disengagement following team restructuring.,,MA,Operator,MALE,33735,Needs Improvement,3,False,146,False,2026-08-31 17:32:05,1316,72888.6,USD,2026-08-31 17:32:05
3669,Tyler,Hines,2020-03-28,2023-03-12,Production Technician I,Voluntarily Terminated,Contract,Temporary,Retirement,,,MA,Clerk,MALE,81928,Fully Meets,3,False,1,False,2026-08-31 17:32:05,2386,53142.43,USD,2026-08-31 17:32:05
3670,Sandra,Atkinson,2022-08-11,2023-03-27,Production Technician II,Terminated,Full-Time,Full-Time,Resignation,Left due to lack of flexibility around hybrid work policies and long commute times.,,MA,Engineer,FEMALE,14006,Needs Improvement,3,False,115,False,2026-08-31 17:32:05,1316,63576.94,USD,2026-08-31 17:32:05
3671,Simone,Hayes,2023-01-26,2023-06-19,Production Technician II,Voluntarily Terminated,Part-Time,Temporary,Involuntary,,,MA,Splicer,FEMALE,45376,Needs Improvement,3,False,147,False,2026-08-31 17:32:05,1316,66210.55,USD,2026-08-31 17:32:05
3672,Rhett,Valenzuela,2019-01-14,,Production Technician II,Active,Part-Time,Full-Time,Unk,,,MA,Foreman,FEMALE,44501,Fully Meets,3,False,148,False,2026-08-31 17:32:05,1122,75370.86,USD,2026-08-31 17:32:05
3673,Lane,Zuniga,2022-06-11,2023-01-10,Production Technician II,Voluntarily Terminated,Full-Time,Temporary,Voluntary,,,MA,Manager,FEMALE,47767,Fully Meets,3,False,149,False,2026-08-31 17:32:05,1316,66108.75,USD,2026-08-31 17:32:05
3674,Isabelle,Shields,2020-06-25,2022-03-02,Production Technician II,Voluntarily Terminated,Part-Time,Part-Time,Voluntary,,1996-01-05,MA,Engineer,FEMALE,39141,Fully Meets,3,False,150,False,2026-08-31 17:32:05,2417,59440.0,USD,2026-08-31 17:32:05
3675,Mario,Mays,2020-06-08,2022-12-29,Production Technician II,Terminated,Full-Time,Full-Time,Resignation,Resigned citing below-market compensation and lack of annual salary adjustments.,,MA,Technician,FEMALE,70090,Fully Meets,3,False,114,False,2026-08-31 17:32:05,1316,58096.44,USD,2026-08-31 17:32:05
3676,Leah,Robinson,2018-08-29,,Production Technician I,Active,Contract,Part-Time,Unk,,,MA,Associate,MALE,35858,Fully Meets,3,False,151,False,2026-08-31 17:32:05,2385,59905.87,USD,2026-08-31 17:32:05
3677,Dayami,Bailey,2022-10-01,,Production Technician I,Active,Full-Time,Full-Time,Unk,,1960-04-02,MA,Supervisor,MALE,27462,Fully Meets,3,False,130,False,2026-08-31 17:32:05,2277,67817.59,USD,2026-08-31 17:32:05
3678,Ramon,Fleming,2021-07-22,,Production Technician I,Active,Full-Time,Full-Time,Unk,,,MA,Drafter,MALE,65321,Fully Meets,3,False,152,False,2026-08-31 17:32:05,2396,75362.17,USD,2026-08-31 17:32:05
3679,Pedro,Harrison,2019-12-14,,Production Technician I,Active,Full-Time,Full-Time,Unk,,,MA,Engineer,MALE,54017,Fully Meets,3,False,126,False,2026-08-31 17:32:05,2467,60886.39,USD,2026-08-31 17:32:05
3680,Harrison,Hudson,2020-03-27,,Production Technician I,Active,Part-Time,Full-Time,Unk,,,MA,Operator,FEMALE,51584,Fully Meets,3,False,153,False,2026-08-31 17:32:05,1316,53674.38,USD,2026-08-31 17:32:05
3681,Taniya,Lane,2021-11-25,,Production Technician I,Active,Part-Time,Temporary,Unk,,,MA,Project Manager,FEMALE,75321,Fully Meets,3,False,128,False,2026-08-31 17:32:05,1316,53283.18,USD,2026-08-31 17:32:05
3682,Rene,Wallace,2023-07-08,,Production Technician I,Active,Full-Time,Temporary,Unk,,,MA,Technician,FEMALE,37646,Fully Meets,4,False,98,False,2026-08-31 17:32:05,2294,71110.5,USD,2026-08-31 17:32:05
3683,Kai,Gaines,2021-11-02,2021-12-11,Production Technician I,Terminated,Part-Time,Temporary,Involuntary,Terminated due to persistent low performance scores and disengagement following team restructuring.,1956-06-01,MA,Administration,MALE,33204,Fully Meets,3,False,154,False,2026-08-31 17:32:05,1316,73579.91,USD,2026-08-31 17:32:05
3684,Noelle,Levy,2019-12-01,2022-12-25,Production Technician I,Terminated,Contract,Part-Time,Involuntary,Resigned citing below-market compensation and lack of annual salary adjustments.,1954-03-08,MA,Technician,MALE,76198,Fully Meets,3,False,82,False,2026-08-31 17:32:05,1123,48684.73,USD,2026-08-31 17:32:05
3685,Kylie,Jimenez,2022-08-16,2022-11-10,Production Technician I,Terminated,Full-Time,Full-Time,Retirement,Left due to lack of flexibility around hybrid work policies and long commute times.,,MA,Coordinator,MALE,10600,Fully Meets,3,False,155,False,2026-08-31 17:32:05,2323,47329.56,USD,2026-08-31 17:32:05
3686,Carly,Figueroa,2021-04-25,,Production Technician I,Future Start,Part-Time,Full-Time,Retirement,,,MA,Director,MALE,67909,Exceeds,1,False,150,False,2026-08-31 17:32:05,2417,65805.18,USD,2026-08-31 17:32:05
3687,Bria,Mcpherson,2019-05-17,,Production Technician I,Active,Part-Time,Temporary,Unk,,,MA,Supervisor,FEMALE,26340,Exceeds,1,False,130,False,2026-08-31 17:32:05,2277,50116.06,USD,2026-08-31 17:32:05
3688,Brynn,Harding,2019-05-04,,Production Technician I,Future Start,Contract,Full-Time,Involuntary,,,MA,Manager,FEMALE,42113,Exceeds,3,False,99,False,2026-08-31 17:32:05,1316,73863.25,USD,2026-08-31 17:32:05
3689,Rashad,Wells,2021-07-16,,Production Technician I,Active,Contract,Temporary,Unk,,,MA,Laborer,MALE,95832,Exceeds,3,False,91,False,2026-08-31 17:32:05,2364,55861.71,USD,2026-08-31 17:32:05
3690,Jaylene,Deleon,2020-08-04,2021-02-27,Production Technician I,Terminated,Part-Time,Temporary,Voluntary,Resigned citing below-market compensation and lack of annual salary adjustments.,,MA,Laborer,MALE,60287,Needs Improvement,3,False,81,False,2026-08-31 17:32:05,1316,50035.52,USD,2026-08-31 17:32:05
3691,Chace,Church,2020-11-23,,Production Technician I,Active,Part-Time,Full-Time,Unk,,1993-03-01,MA,Manager,MALE,34316,Needs Improvement,1,False,156,False,2026-08-31 17:32:05,1316,77233.97,USD,2026-08-31 17:32:05
3692,Zayne,Hunter,2019-11-11,,Production Technician I,Active,Full-Time,Part-Time,Unk,,,MA,Lineman,MALE,75371,Needs Improvement,3,False,140,False,2026-08-31 17:32:05,1316,50793.61,USD,2026-08-31 17:32:05
3693,Amya,Vega,2019-05-20,2020-08-30,Production Technician II,Terminated,Part-Time,Temporary,Involuntary,Resigned citing below-market compensation and lack of annual salary adjustments.,1977-01-08,MA,Field Project Manager,FEMALE,13727,Exceeds,2,False,157,False,2026-08-31 17:32:05,2326,54965.2,USD,2026-08-31 17:32:05
3694,Nickolas,West,2019-11-05,2022-04-16,Production Technician II,Voluntarily Terminated,Full-Time,Part-Time,Involuntary,,1961-11-03,MA,Specialist,FEMALE,94278,PIP,4,False,91,False,2026-08-31 17:32:05,2364,50376.47,USD,2026-08-31 17:32:05
3695,Cason,Neal,2018-09-20,2021-02-04,Production Technician II,Voluntarily Terminated,Contract,Temporary,Voluntary,,,MA,Laborer,FEMALE,70817,PIP,4,False,92,False,2026-08-31 17:32:05,1316,49042.15,USD,2026-08-31 17:32:05
3696,Aldo,Dyer,2020-09-02,2023-05-26,Production Technician II,Voluntarily Terminated,Contract,Part-Time,Resignation,,1989-07-10,MA,Foreman,FEMALE,74423,PIP,3,False,158,False,2026-08-31 17:32:05,1316,45740.18,USD,2026-08-31 17:32:05
3697,Sonia,Skinner,2020-06-28,,Production Technician II,Active,Full-Time,Part-Time,Unk,,,MA,Technician,FEMALE,51256,PIP,4,False,98,False,2026-08-31 17:32:05,2294,46938.84,USD,2026-08-31 17:32:05
3698,Julien,Banks,2023-03-22,2023-05-30,Production Technician II,Terminated,Full-Time,Full-Time,Involuntary,Terminated due to persistent low performance scores and disengagement following team restructuring.,1984-12-06,MA,Foreman,FEMALE,16462,PIP,3,False,159,False,2026-08-31 17:32:05,2382,51112.45,USD,2026-08-31 17:32:05
3699,Madelyn,Mcdonald,2022-08-30,2022-09-20,Production Technician I,Voluntarily Terminated,Part-Time,Temporary,Involuntary,,,MA,Engineer,MALE,48065,PIP,2,False,160,False,2026-08-31 17:32:05,2435,46868.37,USD,2026-08-31 17:32:05
3700,Brenden,Nash,2019-10-24,,Production Technician I,Active,Part-Time,Temporary,Unk,,1988-12-04,MA,Supervisor,MALE,93840,PIP,1,False,161,False,2026-08-31 17:32:05,1209,65690.03,USD,2026-08-31 17:32:05
3701,Genesis,Coleman,2019-11-09,,Production Technician I,Active,Part-Time,Temporary,Unk,,,MA,Mechanic,MALE,35917,PIP,2,False,104,False,2026-08-31 17:32:05,2437,68825.01,USD,2026-08-31 17:32:05
3702,Justice,Branch,2019-07-13,,Production Technician I,Active,Part-Time,Part-Time,Unk,,,MA,Foreman,MALE,22165,Exceeds,3,False,138,False,2026-08-31 17:32:05,1316,58777.07,USD,2026-08-31 17:32:05
3703,Addisyn,Guerrero,2020-08-31,2022-06-26,Production Technician I,Terminated,Part-Time,Part-Time,Resignation,Left due to lack of flexibility around hybrid work policies and long commute times.,,MA,Engineer,FEMALE,87563,Exceeds,4,False,126,False,2026-08-31 17:32:05,2467,56129.69,USD,2026-08-31 17:32:05
3704,Addisyn,Aguilar,2019-01-25,2021-10-26,Production Technician I,Terminated,Full-Time,Part-Time,Involuntary,Terminated due to persistent low performance scores and disengagement following team restructuring.,1976-05-02,MA,Associate,FEMALE,20993,Exceeds,5,False,130,False,2026-08-31 17:32:05,2277,62658.42,USD,2026-08-31 17:32:05
3705,Marcos,Gallagher,2020-11-21,2023-04-09,Production Technician I,Terminated,Full-Time,Part-Time,Involuntary,Resigned citing below-market compensation and lack of annual salary adjustments.,,MA,Vp,FEMALE,88723,Exceeds,3,False,162,False,2026-08-31 17:32:05,1316,75625.17,USD,2026-08-31 17:32:05
3706,Mareli,Parker,2019-09-23,,Production Technician I,Active,Full-Time,Part-Time,Unk,,1974-08-11,MA,Laborer,MALE,59933,Exceeds,3,False,86,False,2026-08-31 17:32:05,2298,74789.61,USD,2026-08-31 17:32:05
3707,Joshua,Mitchell,2022-12-11,,Production Technician I,Active,Contract,Temporary,Unk,,1995-01-12,MA,Manager,MALE,81280,Exceeds,3,False,128,False,2026-08-31 17:32:05,1316,46521.63,USD,2026-08-31 17:32:05
3708,Case,Gaines,2020-08-21,2022-09-20,Production Technician I,Terminated,Full-Time,Part-Time,Resignation,Resigned citing below-market compensation and lack of annual salary adjustments.,,MA,Engineer,MALE,13899,Exceeds,4,False,163,False,2026-08-31 17:32:05,2466,51352.44,USD,2026-08-31 17:32:05
3709,Jacey,Reyes,2019-02-04,2023-04-17,Production Technician I,Terminated,Full-Time,Part-Time,Voluntary,Left due to lack of flexibility around hybrid work policies and long commute times.,,MA,Splicer,MALE,44907,Exceeds,5,False,164,False,2026-08-31 17:32:05,1316,53286.07,USD,2026-08-31 17:32:05
3710,Dean,Middleton,2021-10-29,,Production Technician I,Active,Full-Time,Part-Time,Unk,,,MA,Foreman,FEMALE,64630,Exceeds,1,False,89,False,2026-08-31 17:32:05,1316,53728.57,USD,2026-08-31 17:32:05
3711,Marlene,Bates,2021-07-17,,Production Technician I,Active,Part-Time,Temporary,Unk,,1981-03-01,MA,Administrative,FEMALE,36588,Needs Improvement,1,False,165,False,2026-08-31 17:32:05,1316,64993.14,USD,2026-08-31 17:32:05
3712,Kyra,Ray,2019-04-28,,Production Technician I,Future Start,Part-Time,Temporary,Retirement,,1956-03-04,MA,Technician,MALE,33658,Needs Improvement,5,False,83,False,2026-08-31 17:32:05,2318,59569.18,USD,2026-08-31 17:32:05
3713,Melanie,Kennedy,2020-07-21,,Production Technician I,Active,Full-Time,Temporary,Unk,,1985-10-04,MA,Administrator,MALE,87025,Fully Meets,3,False,90,False,2026-08-31 17:32:05,1316,46723.89,USD,2026-08-31 17:32:05
3714,Aleena,Mercer,2020-01-19,,Production Technician I,Active,Full-Time,Part-Time,Unk,,,MA,Laborer,MALE,93985,Fully Meets,4,False,130,False,2026-08-31 17:32:05,2277,58076.49,USD,2026-08-31 17:32:05
3715,Jake,White,2021-09-12,,Production Technician I,Active,Contract,Full-Time,Unk,,1976-05-03,MA,Coordinator,MALE,27233,Fully Meets,4,False,119,False,2026-08-31 17:32:05,2285,63331.35,USD,2026-08-31 17:32:05
3716,Chaim,Chase,2022-07-31,2023-02-18,Production Technician II,Voluntarily Terminated,Full-Time,Full-Time,Voluntary,,,MA,Laborer,FEMALE,5569,Fully Meets,1,False,121,False,2026-08-31 17:32:05,2414,48558.52,USD,2026-08-31 17:32:05
3717,Keshawn,Le,2023-05-18,,Production Technician II,Active,Contract,Full-Time,Unk,,1992-07-11,MA,Specialist,FEMALE,21090,Fully Meets,2,False,91,False,2026-08-31 17:32:05,2364,74171.05,USD,2026-08-31 17:32:05
3718,Dalton,Frazier,2021-05-25,2021-10-22,Production Technician II,Voluntarily Terminated,Contract,Temporary,Voluntary,,,MA,Driver,FEMALE,52357,Fully Meets,4,False,83,False,2026-08-31 17:32:05,2318,46818.67,USD,2026-08-31 17:32:05
3719,Cannon,Hester,2022-07-22,,Production Technician II,Active,Contract,Full-Time,Unk,,1947-08-07,MA,Laborer,FEMALE,47989,Fully Meets,3,False,142,False,2026-08-31 17:32:05,1316,77369.47,USD,2026-08-31 17:32:05
3720,Crystal,Brandt,2019-05-23,2020-09-12,Production Technician II,Terminated,Part-Time,Full-Time,Resignation,Resigned citing below-market compensation and lack of annual salary adjustments.,,MA,Laborer,FEMALE,31486,Fully Meets,3,False,98,False,2026-08-31 17:32:05,2294,48468.96,USD,2026-08-31 17:32:05
3721,Johnny,Goodman,2020-02-12,2020-04-07,Production Technician I,Terminated,Full-Time,Full-Time,Resignation,Left due to lack of flexibility around hybrid work policies and long commute times.,,MA,Engineer,MALE,24794,Fully Meets,2,False,166,False,2026-08-31 17:32:05,2288,74525.12,USD,2026-08-31 17:32:05
3722,Nehemiah,Hancock,2020-02-16,2022-01-09,Production Technician I,Voluntarily Terminated,Part-Time,Full-Time,Involuntary,,,MA,Laborer,MALE,80316,Fully Meets,2,False,105,False,2026-08-31 17:32:05,1143,76592.86,USD,2026-08-31 17:32:05
3723,Elliana,Villanueva,2022-04-29,2022-07-16,Production Technician I,Voluntarily Terminated,Full-Time,Temporary,Retirement,,,MA,Laborer,MALE,46742,Fully Meets,3,False,113,False,2026-08-31 17:32:05,1144,79284.97,USD,2026-08-31 17:32:05
3724,Essence,Schwartz,2019-10-10,2021-10-30,Production Technician I,Voluntarily Terminated,Part-Time,Temporary,Retirement,,,MA,Laborer,MALE,30194,Fully Meets,4,False,130,False,2026-08-31 17:32:05,2277,73070.91,USD,2026-08-31 17:32:05
3725,Ryker,Cox,2019-04-07,2023-07-09,Production Technician I,Terminated,Contract,Part-Time,Voluntary,Terminated due to persistent low performance scores and disengagement following team restructuring.,,MA,Lineman,MALE,36808,Fully Meets,1,False,87,False,2026-08-31 17:32:05,2449,72281.71,USD,2026-08-31 17:32:05
3726,Averi,Stevenson,2020-07-13,2021-09-18,Production Technician I,Terminated,Contract,Full-Time,Voluntary,Resigned citing below-market compensation and lack of annual salary adjustments.,,MA,Lineman,FEMALE,36688,Fully Meets,4,False,135,False,2026-08-31 17:32:05,1316,67486.91,USD,2026-08-31 17:32:05
3727,Katherine,Russo,2021-08-26,,Production Technician I,Active,Part-Time,Temporary,Unk,,,MA,Supervisor,FEMALE,37883,Fully Meets,3,False,83,False,2026-08-31 17:32:05,2318,72264.87,USD,2026-08-31 17:32:05
3728,Aydan,Robbins,2021-12-23,,Production Technician I,Active,Contract,Part-Time,Unk,,1967-07-02,MA,Laborer,MALE,39843,Fully Meets,5,False,167,False,2026-08-31 17:32:05,1316,49709.33,USD,2026-08-31 17:32:05
3729,Heaven,Walls,2022-12-08,2023-07-04,Production Technician I,Terminated,Contract,Part-Time,Voluntary,Resigned citing below-market compensation and lack of annual salary adjustments.,1943-01-01,MA,Supervisor,MALE,69873,Fully Meets,3,False,113,False,2026-08-31 17:32:05,1144,63762.38,USD,2026-08-31 17:32:05
3730,Bobby,Chung,2022-01-18,,Production Technician I,Active,Contract,Temporary,Unk,,1965-08-12,MA,Engineer,MALE,2548,Fully Meets,4,False,168,False,2026-08-31 17:32:05,2471,62997.8,USD,2026-08-31 17:32:05
3731,Maximus,Fields,2020-02-28,2022-12-14,Production Technician I,Terminated,Part-Time,Part-Time,Retirement,Terminated due to persistent low performance scores and disengagement following team restructuring.,1998-04-07,MA,Engineer,MALE,73555,Fully Meets,3,False,91,False,2026-08-31 17:32:05,2364,75015.03,USD,2026-08-31 17:32:05
3732,Orion,Ochoa,2020-05-31,,Production Technician I,Active,Part-Time,Part-Time,Unk,,1954-03-07,MA,Technician,MALE,27650,Fully Meets,5,False,83,False,2026-08-31 17:32:05,2318,61197.98,USD,2026-08-31 17:32:05
3733,Halle,Boyd,2020-04-20,,Production Technician I,Future Start,Contract,Part-Time,Retirement,,,MA,Driver,FEMALE,2035,Fully Meets,3,False,82,False,2026-08-31 17:32:05,1123,58478.13,USD,2026-08-31 17:32:05
3734,Lindsey,Rocha,2019-03-07,,Production Technician I,Active,Full-Time,Temporary,Unk,,,MA,Engineer,MALE,74284,Fully Meets,3,False,169,False,2026-08-31 17:32:05,1316,67384.71,USD,2026-08-31 17:32:05
3735,Chace,Gray,2019-05-29,,Production Technician I,Active,Contract,Temporary,Unk,,1963-11-07,MA,Project Manager,MALE,81455,Fully Meets,1,False,170,False,2026-08-31 17:32:05,1316,54326.22,USD,2026-08-31 17:32:05
3736,Carsen,Wheeler,2020-10-18,2023-03-22,Production Technician I,Terminated,Full-Time,Part-Time,Resignation,Left due to lack of flexibility around hybrid work policies and long commute times.,1976-02-07,MA,Laborer,MALE,95345,Fully Meets,2,False,99,False,2026-08-31 17:32:05,1316,49891.89,USD,2026-08-31 17:32:05
3737,Arielle,Escobar,2018-11-19,,Production Technician I,Active,Part-Time,Part-Time,Unk,,1946-11-12,MA,Director,MALE,67176,Fully Meets,5,False,149,False,2026-08-31 17:32:05,1316,61725.7,USD,2026-08-31 17:32:05
3738,Kaitlynn,Blair,2022-04-15,2023-01-09,Production Technician II,Voluntarily Terminated,Full-Time,Temporary,Involuntary,,2000-03-09,MA,Lineman,FEMALE,21015,Fully Meets,3,False,121,False,2026-08-31 17:32:05,2414,59591.13,USD,2026-08-31 17:32:05
3739,Amir,Melendez,2018-08-24,2021-03-22,Production Technician II,Voluntarily Terminated,Full-Time,Temporary,Voluntary,,1951-09-03,MA,Tower Hand,FEMALE,80870,Fully Meets,3,False,91,False,2026-08-31 17:32:05,2364,53139.95,USD,2026-08-31 17:32:05
3740,Monique,Buckley,2022-10-15,2023-02-17,Production Technician II,Voluntarily Terminated,Full-Time,Part-Time,Voluntary,,,MA,Intern,FEMALE,12265,Fully Meets,4,False,171,False,2026-08-31 17:32:05,1232,57862.91,USD,2026-08-31 17:32:05
3741,Clark,Blanchard,2023-02-27,2023-03-28,Production Technician II,Voluntarily Terminated,Full-Time,Temporary,Voluntary,,,MA,Engineer,FEMALE,47025,Fully Meets,1,False,107,False,2026-08-31 17:32:05,2296,57823.74,USD,2026-08-31 17:32:05
3742,Gabriel,Pearson,2021-09-22,2023-05-15,Production Technician II,Terminated,Contract,Temporary,Resignation,Left due to lack of flexibility around hybrid work policies and long commute times.,1981-12-09,MA,Manager,FEMALE,81011,Fully Meets,2,False,98,False,2026-08-31 17:32:05,2294,56462.34,USD,2026-08-31 17:32:05
3743,Mercedes,Cook,2020-05-30,,Production Technician I,Active,Contract,Part-Time,Unk,,,MA,Locator,MALE,13394,Fully Meets,2,False,88,False,2026-08-31 17:32:05,2398,58281.24,USD,2026-08-31 17:32:05
3744,Skyler,Blankenship,2020-09-11,,Production Technician I,Active,Part-Time,Full-Time,Unk,,,MA,Lineman,FEMALE,50967,Fully Meets,5,False,172,False,2026-08-31 17:32:05,1187,69001.02,USD,2026-08-31 17:32:05
3745,Jordan,Davis,2019-05-31,2020-10-06,Production Technician I,Voluntarily Terminated,Full-Time,Full-Time,Involuntary,,,MA,Technician,MALE,8286,Fully Meets,4,False,139,False,2026-08-31 17:32:05,2357,55390.68,USD,2026-08-31 17:32:05
3746,Bridget,Wu,2020-07-13,,Production Technician I,Active,Part-Time,Full-Time,Unk,,,MA,Mechanic,MALE,68039,Fully Meets,3,False,173,False,2026-08-31 17:32:05,1316,78210.03,USD,2026-08-31 17:32:05
3747,Gabriel,Kirk,2021-09-09,2023-02-10,Production Technician I,Voluntarily Terminated,Part-Time,Temporary,Retirement,,,MA,Technician,MALE,56563,Fully Meets,2,False,174,False,2026-08-31 17:32:05,1316,77072.18,USD,2026-08-31 17:32:05
3748,Aron,Ali,2019-04-06,,Production Technician I,Active,Full-Time,Part-Time,Unk,,,MA,Laborer,MALE,96739,Fully Meets,1,False,121,False,2026-08-31 17:32:05,2414,61831.86,USD,2026-08-31 17:32:05
3749,Kayden,Soto,2021-02-16,,Production Technician I,Active,Full-Time,Full-Time,Unk,,1985-02-05,MA,Planner,FEMALE,27488,Fully Meets,4,False,175,False,2026-08-31 17:32:05,2378,56492.64,USD,2026-08-31 17:32:05
3750,Micaela,Conner,2020-02-17,,Production Technician I,Active,Full-Time,Part-Time,Unk,,,MA,Engineer,MALE,49299,Fully Meets,1,False,176,False,2026-08-31 17:32:05,2365,63740.22,USD,2026-08-31 17:32:05
3751,Arthur,Mitchell,2021-10-15,,Production Technician I,Active,Contract,Full-Time,Unk,,,MA,Model Assistant,MALE,32547,Fully Meets,3,False,177,False,2026-08-31 17:32:05,2292,74699.62,USD,2026-08-31 17:32:05
3752,Deven,Morse,2022-07-06,,Production Technician I,Active,Full-Time,Temporary,Unk,,1954-12-10,MA,Engineer,MALE,11664,Fully Meets,2,False,160,False,2026-08-31 17:32:05,2435,67840.56,USD,2026-08-31 17:32:05
3753,George,Villegas,2019-03-05,2020-12-10,Production Technician I,Terminated,Part-Time,Part-Time,Involuntary,Resigned citing below-market compensation and lack of annual salary adjustments.,,MA,Planner,MALE,37926,Fully Meets,4,False,178,False,2026-08-31 17:32:05,1316,73153.71,USD,2026-08-31 17:32:05
3754,Arielle,Potts,2020-06-02,2022-01-25,Production Technician I,Terminated,Full-Time,Full-Time,Voluntary,Left due to lack of flexibility around hybrid work policies and long commute times.,,MA,Engineer,MALE,76770,Fully Meets,1,False,179,False,2026-08-31 17:32:05,1142,63645.28,USD,2026-08-31 17:32:05
3755,Maxwell,Howell,2020-11-26,,Production Technician I,Future Start,Full-Time,Full-Time,Resignation,,,MA,Manager,FEMALE,72484,Fully Meets,4,False,180,False,2026-08-31 17:32:05,1316,67152.12,USD,2026-08-31 17:32:05
3756,Junior,Bridges,2021-05-24,,Production Technician I,Active,Full-Time,Temporary,Unk,,1944-01-06,MA,Driller,FEMALE,13669,Fully Meets,3,False,97,False,2026-08-31 17:32:05,1165,55085.45,USD,2026-08-31 17:32:05
3757,Salvatore,Noble,2022-10-17,,Production Technician I,Future Start,Full-Time,Part-Time,Involuntary,,,MA,Lineman,MALE,7481,Fully Meets,2,False,181,False,2026-08-31 17:32:05,1316,70721.26,USD,2026-08-31 17:32:05
3758,Heath,Hodges,2022-11-16,2023-06-24,Production Technician I,Voluntarily Terminated,Contract,Temporary,Retirement,,,MA,Engineer,MALE,76897,Fully Meets,3,False,141,False,2026-08-31 17:32:05,2337,52084.16,USD,2026-08-31 17:32:05
3759,Gabriella,Warner,2022-05-01,2022-09-25,Production Technician I,Terminated,Contract,Full-Time,Retirement,Resigned citing below-market compensation and lack of annual salary adjustments.,,MA,Laborer,MALE,47326,Fully Meets,1,False,182,False,2026-08-31 17:32:05,2275,69317.93,USD,2026-08-31 17:32:05
3760,Ryan,Tate,2021-08-24,,Production Technician I,Active,Full-Time,Part-Time,Unk,,1960-12-02,MA,Technician,MALE,20814,Fully Meets,3,False,148,False,2026-08-31 17:32:05,1122,75125.17,USD,2026-08-31 17:32:05
3761,Hazel,Vincent,2023-06-22,2023-07-10,Production Technician II,Terminated,Contract,Full-Time,Involuntary,Terminated due to persistent low performance scores and disengagement following team restructuring.,,MA,Assistant,FEMALE,75880,Fully Meets,1,False,183,False,2026-08-31 17:32:05,1316,49623.6,USD,2026-08-31 17:32:05
3762,Gavyn,Riggs,2020-07-18,,Production Technician II,Active,Part-Time,Temporary,Unk,,1949-11-05,MA,Engineer,FEMALE,65366,Fully Meets,2,False,141,False,2026-08-31 17:32:05,2337,66503.29,USD,2026-08-31 17:32:05
3763,Giancarlo,Cross,2023-01-12,2023-02-06,Production Technician II,Voluntarily Terminated,Full-Time,Full-Time,Involuntary,,,MA,Clerk,FEMALE,40231,Fully Meets,3,False,184,False,2026-08-31 17:32:05,1316,48328.35,USD,2026-08-31 17:32:05
3764,Cristal,Bradshaw,2022-02-16,,Production Technician II,Active,Full-Time,Temporary,Unk,,,MA,Manager,FEMALE,41487,Fully Meets,3,False,185,False,2026-08-31 17:32:05,2339,70400.05,USD,2026-08-31 17:32:05
3765,Guadalupe,Burke,2022-09-02,,Production Technician II,Active,Part-Time,Temporary,Unk,,,MA,Runner,FEMALE,36904,Fully Meets,3,False,100,False,2026-08-31 17:32:05,1316,47957.26,USD,2026-08-31 17:32:05
3766,Elisa,Henry,2019-02-02,2023-02-03,Production Technician II,Terminated,Part-Time,Part-Time,Resignation,Left due to lack of flexibility around hybrid work policies and long commute times.,1943-10-03,MA,Manager,FEMALE,10110,Fully Meets,3,False,186,False,2026-08-31 17:32:05,1316,77757.89,USD,2026-08-31 17:32:05
3767,Kale,Fischer,2021-08-26,2022-09-05,Production Technician I,Voluntarily Terminated,Full-Time,Part-Time,Retirement,,1993-07-03,MA,Laborer,FEMALE,46087,Fully Meets,2,False,112,False,2026-08-31 17:32:05,2340,49809.28,USD,2026-08-31 17:32:05
3768,Morgan,Blackwell,2020-12-31,,Production Technician I,Active,Contract,Full-Time,Unk,,,MA,Foreman,FEMALE,37838,Fully Meets,4,False,187,False,2026-08-31 17:32:05,1316,78560.81,USD,2026-08-31 17:32:05
3769,Ivan,Wright,2020-12-12,,Production Technician I,Active,Full-Time,Full-Time,Unk,,,MA,Engineer,MALE,15968,Fully Meets,3,False,188,False,2026-08-31 17:32:05,2320,73030.95,USD,2026-08-31 17:32:05
3770,Nayeli,Hood,2022-01-13,2023-04-11,Production Technician I,Voluntarily Terminated,Contract,Temporary,Involuntary,,,MA,Lineman,MALE,21100,Fully Meets,3,False,89,False,2026-08-31 17:32:05,1316,65778.87,USD,2026-08-31 17:32:05
3771,Marilyn,Smith,2021-01-24,2023-05-07,Production Technician I,Voluntarily Terminated,Part-Time,Temporary,Retirement,,,MA,Foreman,MALE,65845,Fully Meets,3,False,189,False,2026-08-31 17:32:05,2291,72391.84,USD,2026-08-31 17:32:05
3772,Zoie,Rowland,2022-02-08,2022-07-22,Production Technician I,Terminated,Full-Time,Temporary,Retirement,Left due to lack of flexibility around hybrid work policies and long commute times.,1966-05-02,MA,Engineer,FEMALE,58535,Fully Meets,3,False,176,False,2026-08-31 17:32:05,2365,72829.02,USD,2026-08-31 17:32:05
3773,Ann,Nguyen,2020-10-11,2022-02-26,Production Technician I,Voluntarily Terminated,Part-Time,Temporary,Retirement,,,MA,Engineer,FEMALE,3994,Fully Meets,3,False,126,False,2026-08-31 17:32:05,2467,78110.95,USD,2026-08-31 17:32:05
3774,Ramiro,Savage,2019-06-20,2021-10-13,Production Technician I,Terminated,Part-Time,Full-Time,Involuntary,Resigned citing below-market compensation and lack of annual salary adjustments.,1998-06-04,MA,Engineer,MALE,32544,Fully Meets,3,False,114,False,2026-08-31 17:32:05,1316,53868.42,USD,2026-08-31 17:32:05
3775,Karma,Koch,2021-07-13,2022-11-26,Production Technician I,Terminated,Contract,Part-Time,Resignation,Left due to lack of flexibility around hybrid work policies and long commute times.,,MA,Laborer,MALE,36153,Fully Meets,3,False,97,False,2026-08-31 17:32:05,1165,65652.66,USD,2026-08-31 17:32:05
3776,Jacqueline,Hendrix,2021-10-14,2021-10-30,Production Technician I,Terminated,Contract,Full-Time,Resignation,Terminated due to persistent low performance scores and disengagement following team restructuring.,,MA,Administrative,MALE,34262,Fully Meets,3,False,190,False,2026-08-31 17:32:05,1316,48326.72,USD,2026-08-31 17:32:05
3777,Kaitlin,Barker,2021-11-09,,Production Technician I,Active,Contract,Temporary,Unk,,,MA,Lineman,MALE,12906,Fully Meets,3,False,177,False,2026-08-31 17:32:05,2292,66565.8,USD,2026-08-31 17:32:05
3778,Semaj,Griffith,2023-04-02,2023-07-27,Production Technician I,Terminated,Full-Time,Full-Time,Involuntary,Left due to lack of flexibility around hybrid work policies and long commute times.,1992-09-02,MA,Groundman,MALE,30753,Fully Meets,3,False,99,False,2026-08-31 17:32:05,1316,50995.2,USD,2026-08-31 17:32:05
3779,Damian,Burke,2022-10-19,,Production Technician I,Future Start,Part-Time,Temporary,Voluntary,,,MA,Technician,FEMALE,60533,Fully Meets,3,False,191,False,2026-08-31 17:32:05,2458,64773.27,USD,2026-08-31 17:32:05
3780,Jessie,Smith,2020-05-09,,Production Technician I,Future Start,Part-Time,Part-Time,Retirement,,,MA,Technician,FEMALE,36882,Fully Meets,3,False,139,False,2026-08-31 17:32:05,2357,65035.07,USD,2026-08-31 17:32:05
3781,Hezekiah,Cummings,2019-08-18,,Production Technician I,Future Start,Contract,Full-Time,Involuntary,,,MA,Laborer,MALE,62493,Fully Meets,3,False,189,False,2026-08-31 17:32:05,2291,61309.48,USD,2026-08-31 17:32:05
3782,Brody,House,2019-03-09,2020-05-02,Production Technician I,Voluntarily Terminated,Full-Time,Temporary,Retirement,,,MA,Driver,MALE,92706,Fully Meets,3,False,83,False,2026-08-31 17:32:05,2318,63292.11,USD,2026-08-31 17:32:05
3783,Aaliyah,Watts,2020-05-09,,Production Technician I,Active,Contract,Full-Time,Unk,,1962-11-04,MA,Engineer,MALE,7773,Fully Meets,3,False,192,False,2026-08-31 17:32:05,1185,71737.32,USD,2026-08-31 17:32:05
3784,Ashton,Larsen,2022-08-14,,Production Technician I,Active,Contract,Temporary,Unk,,,MA,Supervisor,FEMALE,55514,Fully Meets,3,False,193,False,2026-08-31 17:32:05,1316,72973.57,USD,2026-08-31 17:32:05
3785,Joshua,Gibson,2022-01-18,,Production Technician II,Active,Contract,Temporary,Unk,,,MA,Director,FEMALE,13406,Fully Meets,3,False,155,False,2026-08-31 17:32:05,2323,62225.36,USD,2026-08-31 17:32:05
3786,Kyleigh,Bauer,2021-06-22,2022-07-26,Production Technician II,Voluntarily Terminated,Full-Time,Part-Time,Resignation,,1962-10-06,MA,Technician,FEMALE,65379,Fully Meets,3,False,98,False,2026-08-31 17:32:05,2294,65985.77,USD,2026-08-31 17:32:05
3787,Ramon,Schultz,2023-01-19,2023-06-20,Production Technician II,Voluntarily Terminated,Full-Time,Part-Time,Resignation,,,MA,Supervisor,FEMALE,69445,Fully Meets,3,False,194,False,2026-08-31 17:32:05,2441,77593.27,USD,2026-08-31 17:32:05
3788,Maxim,Houston,2023-05-17,2023-06-13,Production Technician II,Voluntarily Terminated,Part-Time,Full-Time,Involuntary,,1976-06-09,MA,Foreman,FEMALE,32440,Fully Meets,3,False,107,False,2026-08-31 17:32:05,2296,49190.68,USD,2026-08-31 17:32:05
3789,Deanna,Sellers,2020-06-07,,Production Technician II,Active,Contract,Part-Time,Unk,,,MA,Foreman,FEMALE,30804,Fully Meets,3,False,195,False,2026-08-31 17:32:05,1316,49098.62,USD,2026-08-31 17:32:05
3790,Frankie,Figueroa,2023-07-07,2023-07-11,Production Technician II,Terminated,Full-Time,Temporary,Resignation,Left due to lack of flexibility around hybrid work policies and long commute times.,1962-11-12,MA,Laborer,FEMALE,17247,Fully Meets,3,False,186,False,2026-08-31 17:32:05,1316,48069.82,USD,2026-08-31 17:32:05
3791,Bentley,Rush,2020-03-28,,Production Technician I,Active,Full-Time,Full-Time,Unk,,1978-02-02,MA,Administration,FEMALE,32417,Fully Meets,3,False,154,False,2026-08-31 17:32:05,1316,68025.21,USD,2026-08-31 17:32:05
3792,Alexia,Pham,2019-05-23,2022-05-10,Production Technician I,Terminated,Part-Time,Full-Time,Retirement,Resigned citing below-market compensation and lack of annual salary adjustments.,1998-08-06,MA,Engineer,MALE,50738,Fully Meets,3,False,129,False,2026-08-31 17:32:05,2393,59651.29,USD,2026-08-31 17:32:05
3793,Roselyn,Roberts,2019-04-20,,Production Technician I,Active,Full-Time,Full-Time,Unk,,,MA,Manager,MALE,34278,Fully Meets,3,False,139,False,2026-08-31 17:32:05,2357,72101.25,USD,2026-08-31 17:32:05
3794,Ayden,Chambers,2018-09-09,,Production Technician I,Active,Contract,Full-Time,Unk,,,MA,Foreman,MALE,40836,Fully Meets,5,False,84,False,2026-08-31 17:32:05,2324,68493.1,USD,2026-08-31 17:32:05
3795,Kaitlynn,Serrano,2022-07-14,,Production Technician I,Active,Part-Time,Part-Time,Unk,,1989-01-08,MA,Manager,MALE,59081,Exceeds,3,False,183,False,2026-08-31 17:32:05,1316,56677.32,USD,2026-08-31 17:32:05
3796,Jefferson,White,2019-04-17,2021-12-02,Production Technician I,Terminated,Contract,Part-Time,Resignation,Left due to lack of flexibility around hybrid work policies and long commute times.,,MA,Laborer,FEMALE,82019,Exceeds,3,False,121,False,2026-08-31 17:32:05,2414,76442.83,USD,2026-08-31 17:32:05
3797,Maria,Grant,2020-05-15,,Production Technician I,Active,Contract,Full-Time,Unk,,,MA,Splicer,FEMALE,32969,Fully Meets,3,False,196,False,2026-08-31 17:32:05,1316,71688.63,USD,2026-08-31 17:32:05
3798,Bryanna,Ibarra,2020-04-04,2023-07-04,Production Technician I,Terminated,Full-Time,Full-Time,Voluntary,Resigned citing below-market compensation and lack of annual salary adjustments.,,MA,Lineman,MALE,36648,Fully Meets,3,False,148,False,2026-08-31 17:32:05,1122,54468.72,USD,2026-08-31 17:32:05
3799,Sophie,Zavala,2022-10-15,,Production Technician I,Active,Full-Time,Temporary,Unk,,,MA,Director,MALE,95984,Exceeds,3,False,197,False,2026-08-31 17:32:05,2868,57746.72,USD,2026-08-31 17:32:05
3800,Amya,Grant,2019-07-11,,Production Technician I,Active,Contract,Part-Time,Unk,,1950-09-12,MA,Administrator,MALE,31864,Fully Meets,3,False,132,False,2026-08-31 17:32:05,2341,56005.4,USD,2026-08-31 17:32:05
3801,Jaydan,Neal,2019-10-02,,Production Technician I,Active,Contract,Temporary,Unk,,,MA,Laborer,FEMALE,54738,Fully Meets,3,False,86,False,2026-08-31 17:32:05,2298,50516.41,USD,2026-08-31 17:32:05
3802,Amiyah,Ramirez,2021-03-04,,Production Technician I,Active,Full-Time,Full-Time,Unk,,,MA,Project Manager,MALE,65896,Fully Meets,3,False,82,False,2026-08-31 17:32:05,1123,50172.42,USD,2026-08-31 17:32:05
3803,Kai,Holt,2021-02-10,,Production Technician I,Future Start,Contract,Full-Time,Resignation,,1985-12-05,MA,Tower Hand,FEMALE,35618,Fully Meets,3,False,105,False,2026-08-31 17:32:05,1143,77764.46,USD,2026-08-31 17:32:05
3804,Brendon,Wilson,2019-05-15,,Production Technician I,Active,Full-Time,Part-Time,Unk,,,MA,Lineman,FEMALE,17561,Fully Meets,3,False,84,False,2026-08-31 17:32:05,2324,60326.64,USD,2026-08-31 17:32:05
3805,Nancy,Short,2022-04-28,,Production Technician I,Active,Full-Time,Part-Time,Unk,,,MA,Mechanic,MALE,13779,Fully Meets,3,False,120,False,2026-08-31 17:32:05,2336,58416.19,USD,2026-08-31 17:32:05
3806,Isabella,Wilkins,2021-09-23,2023-07-01,Production Technician I,Terminated,Contract,Temporary,Resignation,Terminated due to persistent low performance scores and disengagement following team restructuring.,1974-01-09,MA,Groundman,MALE,31026,Fully Meets,3,False,106,False,2026-08-31 17:32:05,2295,70539.0,USD,2026-08-31 17:32:05
3807,Mayra,Moss,2021-09-15,2021-11-10,Production Technician I,Terminated,Contract,Temporary,Resignation,Resigned citing below-market compensation and lack of annual salary adjustments.,,MA,Manager,MALE,84074,Fully Meets,3,False,116,False,2026-08-31 17:32:05,1252,64354.76,USD,2026-08-31 17:32:05
3808,Maria,Gonzalez,2019-04-27,2020-03-20,IT Support,Terminated,Contract,Full-Time,Resignation,Left due to lack of flexibility around hybrid work policies and long commute times.,,MA,Administrator,FEMALE,2472,Fully Meets,3,False,198,False,2026-08-31 17:32:05,2263,77764.9,USD,2026-08-31 17:32:05
3809,Jumil,Turpin,2019-10-06,2020-08-23,Network Engineer,Terminated,Part-Time,Part-Time,Resignation,Terminated due to persistent low performance scores and disengagement following team restructuring.,,MA,Foreman,MALE,2343,Fully Meets,3,False,199,False,2026-08-31 17:32:05,1316,72310.55,USD,2026-08-31 17:32:05
3810,Ann,Daniele,2020-02-16,,Sr. Network Engineer,Active,Full-Time,Temporary,Unk,,1959-10-10,CT,Administrator,FEMALE,6033,Fully Meets,3,False,200,False,2026-08-31 17:32:05,1316,61777.93,USD,2026-08-31 17:32:05
3811,Joe,South,2022-05-14,2022-10-21,Sr. Network Engineer,Terminated,Part-Time,Temporary,Involuntary,Left due to lack of flexibility around hybrid work policies and long commute times.,1958-11-03,CT,Engineer,MALE,6278,Fully Meets,3,False,201,False,2026-08-31 17:32:05,1316,58172.58,USD,2026-08-31 17:32:05
3812,Sarah,Warfield,2019-02-13,2020-08-06,Sr. Network Engineer,Terminated,Contract,Full-Time,Resignation,Terminated due to persistent low performance scores and disengagement following team restructuring.,,MA,Administrative,FEMALE,2453,Fully Meets,3,False,202,False,2026-08-31 17:32:05,1316,79532.1,USD,2026-08-31 17:32:05
3813,Alejandro,Bacong,2022-08-24,,IT Support,Active,Part-Time,Part-Time,Unk,,,MA,Engineer,MALE,1886,Fully Meets,3,False,203,False,2026-08-31 17:32:05,1657,70121.61,USD,2026-08-31 17:32:05
3814,Jyoti,Lajiri,2019-01-07,2020-09-05,Sr. Network Engineer,On Leave,Part-Time,Full-Time,Retirement,,,MA,Coordinator,MALE,2169,Fully Meets,3,False,204,False,2026-08-31 17:32:05,1687,78291.81,USD,2026-08-31 17:32:05
3815,Neville,Tredinnick,2021-03-26,,Network Engineer,Active,Contract,Part-Time,Unk,,,MA,Coordinator,MALE,1420,Fully Meets,3,False,205,False,2026-08-31 17:32:05,1702,49146.75,USD,2026-08-31 17:32:05
3816,Anthony,Cisco,2021-05-01,,IT Support,Active,Full-Time,Temporary,Unk,,1956-10-08,MA,Technician,MALE,2135,Fully Meets,3,False,206,False,2026-08-31 17:32:05,2252,74768.68,USD,2026-08-31 17:32:05
3817,Linda,Dolan,2021-10-10,2023-01-21,IT Support,Terminated,Part-Time,Full-Time,Resignation,Left due to lack of flexibility around hybrid work policies and long commute times.,1978-01-01,MA,Technician,FEMALE,2119,Needs Improvement,3,False,207,False,2026-08-31 17:32:05,1316,67297.59,USD,2026-08-31 17:32:05
3818,Carlos,Merlos,2020-01-02,2022-04-03,Network Engineer,Terminated,Part-Time,Part-Time,Voluntary,Terminated due to persistent low performance scores and disengagement following team restructuring.,,MA,Technician,MALE,2138,Fully Meets,3,False,208,False,2026-08-31 17:32:05,1316,49267.26,USD,2026-08-31 17:32:05
3819,Tanya,Morway,2020-01-20,,Network Engineer,Active,Full-Time,Part-Time,Unk,,,MA,Foreman,FEMALE,2048,Fully Meets,3,False,209,False,2026-08-31 17:32:05,1316,65589.03,USD,2026-08-31 17:32:05
3820,Anita,Shepard,2018-08-11,2021-05-21,Network Engineer,Terminated,Contract,Full-Time,Voluntary,Left due to lack of flexibility around hybrid work policies and long commute times.,,MA,Foreman,FEMALE,1773,Fully Meets,3,False,210,False,2026-08-31 17:32:05,1673,69013.37,USD,2026-08-31 17:32:05
3821,Jeremiah,Semizoglou,2021-12-18,,Sr. Network Engineer,Active,Contract,Temporary,Unk,,1981-03-04,MA,Manager,MALE,1545,Fully Meets,3,False,199,False,2026-08-31 17:32:05,1316,45430.59,USD,2026-08-31 17:32:05
3822,Katrina,Lambert,2019-09-24,2022-04-04,Network Engineer,Terminated,Full-Time,Part-Time,Retirement,Resigned citing below-market compensation and lack of annual salary adjustments.,,MA,Technician,MALE,56727,Fully Meets,3,False,211,False,2026-08-31 17:32:05,1316,60901.13,USD,2026-08-31 17:32:05
3823,Alexzander,Pope,2022-10-17,2023-06-26,Network Engineer,Terminated,Full-Time,Temporary,Involuntary,Left due to lack of flexibility around hybrid work policies and long commute times.,,MA,Supervisor,MALE,12469,Needs Improvement,3,False,212,False,2026-08-31 17:32:05,1316,73888.98,USD,2026-08-31 17:32:05
3824,Derek,Holmes,2020-01-07,,IT Support,Active,Contract,Full-Time,Unk,,,MA,Administrator,MALE,83312,Fully Meets,3,False,213,False,2026-08-31 17:32:05,1709,55337.57,USD,2026-08-31 17:32:05
3825,Danika,Deleon,2022-11-05,,IT Support,Active,Full-Time,Part-Time,Unk,,,MA,Tower Hand,MALE,97413,Fully Meets,3,False,15,False,2026-08-31 17:32:05,3442,61049.18,USD,2026-08-31 17:32:05
3826,Sabrina,Durham,2023-04-26,2023-06-03,IT Support,Terminated,Part-Time,Full-Time,Resignation,Left due to lack of flexibility around hybrid work policies and long commute times.,2001-11-04,MA,Laborer,MALE,21759,Fully Meets,3,False,214,False,2026-08-31 17:32:05,2488,60480.99,USD,2026-08-31 17:32:05
3827,Frankie,Carrillo,2019-05-29,,IT Support,Active,Part-Time,Part-Time,Unk,,,MA,Engineer,MALE,79707,Fully Meets,3,False,215,False,2026-08-31 17:32:05,1316,55567.46,USD,2026-08-31 17:32:05
3828,Quintin,Solomon,2019-09-12,,Sr. Network Engineer,Active,Part-Time,Full-Time,Unk,,,MA,Lineman,MALE,84152,Fully Meets,3,False,216,False,2026-08-31 17:32:05,2481,77145.47,USD,2026-08-31 17:32:05
3829,Jaqueline,Pittman,2019-01-27,2021-02-26,Sr. Network Engineer,Terminated,Part-Time,Full-Time,Resignation,Left due to lack of flexibility around hybrid work policies and long commute times.,1956-12-03,MA,Manager,MALE,55408,Exceeds,3,False,217,False,2026-08-31 17:32:05,2534,72345.29,USD,2026-08-31 17:32:05
3830,Mariana,Glass,2019-08-20,,Principal Data Architect,Active,Part-Time,Temporary,Unk,,,CT,Tower Hand,MALE,89892,PIP,3,False,218,False,2026-08-31 17:32:05,2567,48870.59,USD,2026-08-31 17:32:05
3831,Payton,Cross,2018-09-14,,Enterprise Architect,Active,Part-Time,Part-Time,Unk,,1950-07-03,CT,Laborer,FEMALE,16260,Needs Improvement,3,False,219,False,2026-08-31 17:32:05,1669,79896.21,USD,2026-08-31 17:32:05
3832,Sloane,Rasmussen,2021-08-02,2022-09-29,Sr. DBA,On Leave,Full-Time,Part-Time,Resignation,,1964-07-09,MA,Planner,FEMALE,96097,PIP,3,False,220,False,2026-08-31 17:32:05,1316,75772.0,USD,2026-08-31 17:32:05
3833,Elise,Vazquez,2022-01-26,2022-11-02,Network Engineer,Terminated,Full-Time,Part-Time,Retirement,Terminated due to persistent low performance scores and disengagement following team restructuring.,1953-12-05,MA,Top Hand,MALE,21738,PIP,3,False,221,False,2026-08-31 17:32:05,1316,54936.8,USD,2026-08-31 17:32:05
3834,Monique,Pierce,2019-05-10,2021-08-05,Network Engineer,Terminated,Contract,Part-Time,Involuntary,Resigned citing below-market compensation and lack of annual salary adjustments.,1961-11-07,MA,Technician,MALE,40039,Fully Meets,3,False,222,False,2026-08-31 17:32:05,1316,74291.38,USD,2026-08-31 17:32:05
3835,Axel,Higgins,2019-01-02,2022-12-06,IT Support,Terminated,Part-Time,Part-Time,Resignation,Left due to lack of flexibility around hybrid work policies and long commute times.,1993-11-10,MA,Associate,MALE,45952,Fully Meets,3,False,223,False,2026-08-31 17:32:05,1316,48724.68,USD,2026-08-31 17:32:05
3836,Marcos,Petty,2021-08-13,,IT Support,Active,Contract,Temporary,Unk,,1946-12-01,MA,Technician,MALE,9738,Fully Meets,3,False,224,False,2026-08-31 17:32:05,2503,79968.67,USD,2026-08-31 17:32:05
3837,Mia,Cowan,2022-10-02,2022-11-13,IT Support,Terminated,Part-Time,Part-Time,Resignation,Resigned citing below-market compensation and lack of annual salary adjustments.,,MA,Administrative,MALE,72879,PIP,3,False,225,False,2026-08-31 17:32:05,1316,68298.97,USD,2026-08-31 17:32:05
3838,Tanya,Leonard,2018-12-17,2021-04-21,IT Support,Terminated,Part-Time,Full-Time,Voluntary,Left due to lack of flexibility around hybrid work policies and long commute times.,,MA,Assistant,FEMALE,28364,PIP,3,False,218,False,2026-08-31 17:32:05,2567,67754.38,USD,2026-08-31 17:32:05
3839,Dereon,Page,2021-10-11,,Sr. Network Engineer,Active,Contract,Part-Time,Unk,,,MA,Lineman,MALE,94433,PIP,3,False,224,False,2026-08-31 17:32:05,2503,48165.43,USD,2026-08-31 17:32:05
3840,Meadow,Boyer,2023-04-01,2023-05-18,Sr. Network Engineer,Terminated,Part-Time,Full-Time,Voluntary,Resigned citing below-market compensation and lack of annual salary adjustments.,,MA,Foreman,MALE,97654,Fully Meets,3,False,226,False,2026-08-31 17:32:05,1316,76396.17,USD,2026-08-31 17:32:05
3841,Paris,Simpson,2021-03-20,,Principal Data Architect,Active,Full-Time,Full-Time,Unk,,,CT,Laborer,MALE,78239,Fully Meets,3,False,227,False,2026-08-31 17:32:05,2224,46014.98,USD,2026-08-31 17:32:05
3842,Kyla,Durham,2020-08-20,2021-08-11,Enterprise Architect,On Leave,Part-Time,Part-Time,Involuntary,,,MA,Lineman,FEMALE,40402,Fully Meets,3,False,228,False,2026-08-31 17:32:05,1643,53428.98,USD,2026-08-31 17:32:05
3843,Cassidy,Maddox,2023-07-16,2023-07-30,Sr. DBA,On Leave,Full-Time,Full-Time,Resignation,,1977-07-02,MA,Engineer,FEMALE,21480,Fully Meets,3,False,204,False,2026-08-31 17:32:05,1687,50005.77,USD,2026-08-31 17:32:05
3844,Edgar,Underwood,2021-06-10,2022-08-18,Network Engineer,Terminated,Part-Time,Temporary,Voluntary,Left due to lack of flexibility around hybrid work policies and long commute times.,1961-02-06,MA,Laborer,MALE,49677,PIP,3,False,229,False,2026-08-31 17:32:05,1316,72186.88,USD,2026-08-31 17:32:05
3845,Jaiden,Underwood,2019-08-25,,Network Engineer,Active,Contract,Full-Time,Unk,,1969-10-08,MA,Laborer,MALE,69726,PIP,3,False,222,False,2026-08-31 17:32:05,1316,51937.15,USD,2026-08-31 17:32:05
3846,Eugene,Potts,2020-05-04,2023-05-15,IT Support,Terminated,Contract,Full-Time,Retirement,Resigned citing below-market compensation and lack of annual salary adjustments.,1975-10-08,MA,Driver,MALE,44664,Fully Meets,3,False,230,False,2026-08-31 17:32:05,1316,76872.34,USD,2026-08-31 17:32:05
3847,Gilbert,Klein,2019-02-24,2020-06-11,IT Support,Terminated,Part-Time,Temporary,Retirement,Left due to lack of flexibility around hybrid work policies and long commute times.,1998-06-09,MA,Laborer,MALE,53800,Fully Meets,3,False,214,False,2026-08-31 17:32:05,2488,67969.42,USD,2026-08-31 17:32:05
3848,Nathaly,Huffman,2019-09-24,,IT Support,Active,Full-Time,Temporary,Unk,,,MA,Technician,MALE,69459,Fully Meets,3,False,226,False,2026-08-31 17:32:05,1316,46265.69,USD,2026-08-31 17:32:05
3849,Nancy,Clay,2021-02-13,,IT Support,Active,Contract,Part-Time,Unk,,,MA,Foreman,FEMALE,78801,Fully Meets,3,False,207,False,2026-08-31 17:32:05,1316,45190.04,USD,2026-08-31 17:32:05
3850,Kylie,Cantrell,2020-01-05,2022-04-25,Sr. Network Engineer,Terminated,Part-Time,Temporary,Voluntary,Left due to lack of flexibility around hybrid work policies and long commute times.,,MA,Administration,MALE,77264,Fully Meets,3,False,231,False,2026-08-31 17:32:05,1316,46808.03,USD,2026-08-31 17:32:05
3851,Vance,Marquez,2019-01-18,2020-03-30,Sr. Network Engineer,On Leave,Contract,Temporary,Resignation,,1994-07-07,CT,Manager,MALE,38058,PIP,3,False,232,False,2026-08-31 17:32:05,1316,66207.38,USD,2026-08-31 17:32:05
3852,Dante,Wyatt,2019-03-01,2021-09-25,Principal Data Architect,On Leave,Part-Time,Temporary,Retirement,,1987-10-09,CT,Laborer,FEMALE,34011,PIP,3,False,214,False,2026-08-31 17:32:05,2488,73051.86,USD,2026-08-31 17:32:05
3853,Rey,Monroe,2021-08-14,2022-11-05,Enterprise Architect,On Leave,Full-Time,Temporary,Resignation,,,MA,Operator,FEMALE,56198,Fully Meets,3,False,25,False,2026-08-31 17:32:05,3454,53349.35,USD,2026-08-31 17:32:05
3854,Jayden,Mckee,2019-06-06,2019-09-05,Network Engineer,Terminated,Part-Time,Temporary,Retirement,Terminated due to persistent low performance scores and disengagement following team restructuring.,,MA,Manager,MALE,72343,Fully Meets,3,False,233,False,2026-08-31 17:32:05,1316,74729.31,USD,2026-08-31 17:32:05
3855,Brady,Yoder,2021-05-25,2022-08-13,Network Engineer,Terminated,Part-Time,Part-Time,Retirement,Resigned citing below-market compensation and lack of annual salary adjustments.,1999-01-10,MA,Accountant,MALE,77314,Fully Meets,3,False,234,False,2026-08-31 17:32:05,1316,47003.12,USD,2026-08-31 17:32:05
3856,Darwin,Allen,2023-03-17,2023-06-12,Network Engineer,Terminated,Part-Time,Part-Time,Involuntary,Left due to lack of flexibility around hybrid work policies and long commute times.,,MA,Groundman,MALE,57170,PIP,3,False,235,False,2026-08-31 17:32:05,1316,73033.73,USD,2026-08-31 17:32:05
3857,Jasper,Harrison,2022-10-02,2022-10-11,IT Support,Terminated,Contract,Temporary,Voluntary,Terminated due to persistent low performance scores and disengagement following team restructuring.,,MA,Engineer,MALE,18837,PIP,3,False,236,False,2026-08-31 17:32:05,1316,77472.84,USD,2026-08-31 17:32:05
3858,Bailey,Humphrey,2022-01-22,,IT Support,Active,Full-Time,Full-Time,Unk,,1951-02-07,MA,Technician,MALE,90580,Fully Meets,3,False,237,False,2026-08-31 17:32:05,1692,72023.79,USD,2026-08-31 17:32:05
3859,Clare,English,2019-11-29,2022-08-18,IT Support,Terminated,Full-Time,Part-Time,Voluntary,Left due to lack of flexibility around hybrid work policies and long commute times.,,MA,Engineer,FEMALE,70282,PIP,3,False,201,False,2026-08-31 17:32:05,1316,69434.23,USD,2026-08-31 17:32:05
3860,Amy,Sherman,2020-07-01,2022-09-22,IT Support,Terminated,Contract,Temporary,Resignation,Terminated due to persistent low performance scores and disengagement following team restructuring.,1996-04-01,MA,Lineman,FEMALE,86329,Fully Meets,3,False,238,False,2026-08-31 17:32:05,1316,74329.31,USD,2026-08-31 17:32:05
3861,Lizbeth,Hunt,2022-03-24,,Sr. Network Engineer,Active,Full-Time,Part-Time,Unk,,,MA,Flagger,MALE,70757,PIP,3,False,224,False,2026-08-31 17:32:05,2503,46405.3,USD,2026-08-31 17:32:05
3862,Eden,Armstrong,2019-05-13,2023-06-06,Sr. Network Engineer,On Leave,Part-Time,Temporary,Involuntary,,1989-05-05,CT,Engineer,MALE,58224,PIP,3,False,217,False,2026-08-31 17:32:05,2534,52062.37,USD,2026-08-31 17:32:05
3863,Eugene,Mueller,2019-06-07,,Principal Data Architect,Active,Contract,Temporary,Unk,,,MA,Technician,FEMALE,38413,PIP,3,False,239,False,2026-08-31 17:32:05,1316,49372.33,USD,2026-08-31 17:32:05
3864,Tiffany,Washington,2022-12-05,2023-06-13,Enterprise Architect,On Leave,Contract,Full-Time,Resignation,,,MA,Laborer,FEMALE,32977,Needs Improvement,3,False,228,False,2026-08-31 17:32:05,1643,62658.58,USD,2026-08-31 17:32:05
3865,Sloane,Moss,2020-09-29,2021-10-22,Network Engineer,Terminated,Part-Time,Temporary,Involuntary,Left due to lack of flexibility around hybrid work policies and long commute times.,1963-03-10,MA,Vp,MALE,9209,Needs Improvement,3,False,240,False,2026-08-31 17:32:05,1316,71081.58,USD,2026-08-31 17:32:05
3866,Kaeden,Vargas,2020-09-04,2021-04-17,Network Engineer,Terminated,Contract,Full-Time,Retirement,Terminated due to persistent low performance scores and disengagement following team restructuring.,1959-09-11,MA,Technician,MALE,58737,Fully Meets,3,False,241,False,2026-08-31 17:32:05,1316,67050.41,USD,2026-08-31 17:32:05
3867,Lena,Sandoval,2018-08-26,,Network Engineer,Active,Part-Time,Full-Time,Unk,,,MA,Clerk,MALE,5363,Fully Meets,3,False,242,False,2026-08-31 17:32:05,1316,74789.59,USD,2026-08-31 17:32:05
3868,Adrien,Olsen,2019-08-17,,Network Engineer,Active,Contract,Part-Time,Unk,,,MA,Administrative,MALE,51175,Fully Meets,3,False,243,False,2026-08-31 17:32:05,1316,50432.45,USD,2026-08-31 17:32:05
3869,Damari,Brewer,2019-09-25,2020-02-07,IT Support,Terminated,Full-Time,Temporary,Voluntary,Terminated due to persistent low performance scores and disengagement following team restructuring.,1977-10-06,MA,Drafter,MALE,49132,Fully Meets,3,False,244,False,2026-08-31 17:32:05,2232,70711.74,USD,2026-08-31 17:32:05
3870,Annalise,Gross,2023-03-11,2023-03-11,IT Support,Terminated,Contract,Temporary,Resignation,Resigned citing below-market compensation and lack of annual salary adjustments.,,MA,Laborer,MALE,64853,Fully Meets,3,False,245,False,2026-08-31 17:32:05,1316,51756.45,USD,2026-08-31 17:32:05
3871,Kamari,Mcgrath,2022-12-15,,IT Support,Active,Full-Time,Full-Time,Unk,,1971-05-06,MA,Lineman,FEMALE,39859,Fully Meets,3,False,246,False,2026-08-31 17:32:05,2523,54476.56,USD,2026-08-31 17:32:05
3872,Lorena,Rice,2018-08-10,2021-02-08,IT Support,Terminated,Contract,Part-Time,Resignation,Terminated due to persistent low performance scores and disengagement following team restructuring.,1966-08-01,MA,Director,FEMALE,48135,Fully Meets,3,False,247,False,2026-08-31 17:32:05,1316,69846.66,USD,2026-08-31 17:32:05
3873,Eliezer,Stokes,2022-03-04,2023-06-22,Sr. Network Engineer,Terminated,Full-Time,Part-Time,Resignation,Resigned citing below-market compensation and lack of annual salary adjustments.,,MA,General Manager,MALE,41066,Fully Meets,3,False,232,False,2026-08-31 17:32:05,1316,79307.17,USD,2026-08-31 17:32:05
3874,Aspen,Reyes,2020-06-02,,Sr. Network Engineer,Active,Part-Time,Part-Time,Unk,,,CT,Laborer,MALE,28613,Fully Meets,3,False,224,False,2026-08-31 17:32:05,2503,66404.03,USD,2026-08-31 17:32:05
3875,Rudy,Richardson,2021-06-29,,Sr. Network Engineer,Active,Contract,Temporary,Unk,,,CT,Laborer,MALE,81215,Fully Meets,3,False,248,False,2026-08-31 17:32:05,1316,46907.51,USD,2026-08-31 17:32:05
3876,Alana,Castro,2021-10-24,,Principal Data Architect,Active,Contract,Temporary,Unk,,,MA,Lineman,FEMALE,70578,PIP,3,False,207,False,2026-08-31 17:32:05,1316,66570.81,USD,2026-08-31 17:32:05
3877,Oscar,Lopez,2018-10-22,2020-04-07,Network Engineer,Terminated,Part-Time,Full-Time,Resignation,Left due to lack of flexibility around hybrid work policies and long commute times.,,MA,Lineman,MALE,81607,PIP,3,False,249,False,2026-08-31 17:32:05,1316,46482.27,USD,2026-08-31 17:32:05
3878,Carter,Cook,2018-09-08,2021-08-23,Network Engineer,Terminated,Contract,Part-Time,Voluntary,Terminated due to persistent low performance scores and disengagement following team restructuring.,,MA,Engineer,MALE,69536,Fully Meets,3,False,250,False,2026-08-31 17:32:05,1316,75945.1,USD,2026-08-31 17:32:05
3879,Liam,Hanna,2019-02-08,2023-02-24,Network Engineer,Terminated,Full-Time,Part-Time,Involuntary,Resigned citing below-market compensation and lack of annual salary adjustments.,,MA,Clerk,MALE,16655,Fully Meets,3,False,15,False,2026-08-31 17:32:05,3442,69835.24,USD,2026-08-31 17:32:05
3880,Zara,Pitts,2021-03-29,2021-06-27,Network Engineer,Terminated,Part-Time,Temporary,Voluntary,Left due to lack of flexibility around hybrid work policies and long commute times.,,MA,Clerical,MALE,73726,Fully Meets,3,False,251,False,2026-08-31 17:32:05,3965,51059.47,USD,2026-08-31 17:32:05
3881,Abby,Woodward,2019-06-19,,IT Support,Active,Part-Time,Part-Time,Unk,,1992-12-11,MA,Laborer,MALE,14181,Fully Meets,3,False,244,False,2026-08-31 17:32:05,2232,48210.24,USD,2026-08-31 17:32:05
3882,Litzy,Esparza,2019-01-30,,IT Support,Active,Contract,Part-Time,Unk,,,MA,Operator,FEMALE,14438,Fully Meets,3,False,252,False,2026-08-31 17:32:05,1316,51423.66,USD,2026-08-31 17:32:05
3883,Noemi,Brewer,2022-05-06,2022-09-26,IT Support,Terminated,Contract,Full-Time,Involuntary,Left due to lack of flexibility around hybrid work policies and long commute times.,,MA,Administrator,FEMALE,11294,Fully Meets,3,False,226,False,2026-08-31 17:32:05,1316,79300.95,USD,2026-08-31 17:32:05
3884,Gilberto,Macdonald,2019-02-02,,IT Support,Active,Full-Time,Temporary,Unk,,,MA,Engineer,FEMALE,96985,Fully Meets,3,False,247,False,2026-08-31 17:32:05,1316,61049.62,USD,2026-08-31 17:32:05
3885,Armando,Macias,2021-12-08,,Sr. Network Engineer,Active,Full-Time,Part-Time,Unk,,,CT,Engineer,FEMALE,93436,Fully Meets,3,False,204,False,2026-08-31 17:32:05,1687,72442.83,USD,2026-08-31 17:32:05
3886,Britney,Kelly,2018-10-12,,Sr. Network Engineer,Active,Part-Time,Temporary,Unk,,1977-06-12,CT,Technician,MALE,42646,Fully Meets,3,False,253,False,2026-08-31 17:32:05,1316,67274.29,USD,2026-08-31 17:32:05
3887,Emanuel,Haas,2022-04-22,2023-05-15,Sr. Network Engineer,On Leave,Contract,Temporary,Retirement,,,CT,Flagger,MALE,54502,Exceeds,3,False,254,False,2026-08-31 17:32:05,1716,65034.46,USD,2026-08-31 17:32:05
3888,Karlie,Drake,2021-09-05,2022-07-08,Principal Data Architect,On Leave,Full-Time,Full-Time,Retirement,,,MA,Engineer,FEMALE,88391,Fully Meets,3,False,255,False,2026-08-31 17:32:05,2514,50079.56,USD,2026-08-31 17:32:05
3889,Myla,Mullen,2022-09-05,2022-10-30,Network Engineer,Terminated,Contract,Part-Time,Resignation,Left due to lack of flexibility around hybrid work policies and long commute times.,,MA,Foreman,MALE,26421,Fully Meets,3,False,256,False,2026-08-31 17:32:05,1316,78110.86,USD,2026-08-31 17:32:05
3890,Alan,Holland,2022-07-19,2023-04-25,Network Engineer,Terminated,Full-Time,Temporary,Resignation,Terminated due to persistent low performance scores and disengagement following team restructuring.,,MA,Foreman,MALE,85660,Fully Meets,3,False,251,False,2026-08-31 17:32:05,3965,55546.99,USD,2026-08-31 17:32:05
3891,Brooklynn,Greene,2022-05-26,,Network Engineer,Active,Full-Time,Temporary,Unk,,1960-04-07,MA,Engineer,MALE,60107,Fully Meets,3,False,257,False,2026-08-31 17:32:05,2504,65230.6,USD,2026-08-31 17:32:05
3892,Maxwell,Mcpherson,2022-10-31,,Network Engineer,Active,Full-Time,Full-Time,Unk,,1978-01-04,MA,Principal,MALE,60831,Fully Meets,3,False,247,False,2026-08-31 17:32:05,1316,69492.16,USD,2026-08-31 17:32:05
3893,Lukas,Freeman,2023-03-22,2023-07-28,IT Support,Terminated,Full-Time,Part-Time,Involuntary,Terminated due to persistent low performance scores and disengagement following team restructuring.,,MA,Laborer,FEMALE,68298,Fully Meets,3,False,210,False,2026-08-31 17:32:05,1673,67723.16,USD,2026-08-31 17:32:05
3894,Yesenia,Nielsen,2023-05-29,,IT Support,Active,Full-Time,Full-Time,Unk,,1959-02-03,MA,Lineman,FEMALE,72913,Fully Meets,3,False,209,False,2026-08-31 17:32:05,1316,77920.8,USD,2026-08-31 17:32:05
3895,Myah,Marsh,2020-02-23,2021-09-08,IT Support,Terminated,Full-Time,Full-Time,Retirement,Left due to lack of flexibility around hybrid work policies and long commute times.,,MA,Tester,FEMALE,3137,Fully Meets,3,False,258,False,2026-08-31 17:32:05,1316,50195.36,USD,2026-08-31 17:32:05
3896,Korbin,Gilbert,2019-08-13,2022-07-10,IT Support,Terminated,Part-Time,Temporary,Involuntary,Terminated due to persistent low performance scores and disengagement following team restructuring.,,MA,Project Manager,FEMALE,2618,Fully Meets,3,False,255,False,2026-08-31 17:32:05,2514,62792.35,USD,2026-08-31 17:32:05
3897,Jenna,Maddox,2019-03-25,2021-09-13,Sr. Network Engineer,Terminated,Part-Time,Part-Time,Retirement,Resigned citing below-market compensation and lack of annual salary adjustments.,,CT,Project Manager,FEMALE,84396,Fully Meets,3,False,259,False,2026-08-31 17:32:05,3961,59141.2,USD,2026-08-31 17:32:05
3898,Anaya,Preston,2018-12-14,2023-02-11,Sr. Network Engineer,On Leave,Part-Time,Temporary,Retirement,,1948-11-07,CT,Lineman,MALE,83611,Fully Meets,3,False,224,False,2026-08-31 17:32:05,2503,61595.91,USD,2026-08-31 17:32:05
3899,Eugene,Pena,2021-03-07,2021-08-31,Sr. Network Engineer,On Leave,Contract,Part-Time,Resignation,,,CT,Engineer,FEMALE,88656,Fully Meets,3,False,257,False,2026-08-31 17:32:05,2504,49172.61,USD,2026-08-31 17:32:05
3900,Abel,Baker,2023-06-16,,Principal Data Architect,Active,Contract,Full-Time,Unk,,,MA,Field Technician,FEMALE,79249,Fully Meets,3,False,218,False,2026-08-31 17:32:05,2567,49693.31,USD,2026-08-31 17:32:05
3901,Deven,Merritt,2021-06-18,,Network Engineer,Active,Part-Time,Temporary,Unk,,1988-05-02,MA,Project Manager,MALE,3921,Fully Meets,3,False,260,False,2026-08-31 17:32:05,1316,54732.64,USD,2026-08-31 17:32:05
3902,Hadassah,Moran,2023-05-22,2023-06-16,Network Engineer,Terminated,Contract,Temporary,Resignation,Terminated due to persistent low performance scores and disengagement following team restructuring.,1964-02-06,MA,Groundman,MALE,84876,Fully Meets,3,False,261,False,2026-08-31 17:32:05,1316,55664.66,USD,2026-08-31 17:32:05
3903,Hezekiah,Thompson,2019-05-14,,Network Engineer,Active,Full-Time,Full-Time,Unk,,,MA,Driver,MALE,66324,Fully Meets,3,False,199,False,2026-08-31 17:32:05,1316,59976.61,USD,2026-08-31 17:32:05
3904,Quintin,Fry,2020-12-27,,Network Engineer,Active,Contract,Part-Time,Unk,,1970-03-03,MA,Engineer,MALE,86510,Fully Meets,3,False,237,False,2026-08-31 17:32:05,1692,66384.56,USD,2026-08-31 17:32:05
3905,Alayna,Hess,2020-08-04,2022-02-04,Network Engineer,Terminated,Full-Time,Full-Time,Involuntary,Terminated due to persistent low performance scores and disengagement following team restructuring.,1958-08-06,MA,Engineer,FEMALE,48843,Fully Meets,3,False,262,False,2026-08-31 17:32:05,1316,67212.02,USD,2026-08-31 17:32:05
3906,Amaris,Miller,2020-08-25,,IT Support,Active,Contract,Temporary,Unk,,1975-05-09,MA,Splicer,FEMALE,70797,Fully Meets,3,False,230,False,2026-08-31 17:32:05,1316,59413.38,USD,2026-08-31 17:32:05
3907,Barrett,Wilcox,2022-02-24,,IT Support,Active,Full-Time,Temporary,Unk,,1964-11-07,MA,Director,FEMALE,6437,Fully Meets,3,False,255,False,2026-08-31 17:32:05,2514,59307.41,USD,2026-08-31 17:32:05
3908,Kimberly,Watson,2019-08-06,2021-03-21,IT Support,Terminated,Part-Time,Temporary,Resignation,Terminated due to persistent low performance scores and disengagement following team restructuring.,1986-11-07,MA,Splicer,FEMALE,92289,Needs Improvement,3,False,263,False,2026-08-31 17:32:05,1316,52617.0,USD,2026-08-31 17:32:05
3909,Rebecca,Park,2021-08-01,2021-09-24,IT Support,Terminated,Part-Time,Part-Time,Resignation,Resigned citing below-market compensation and lack of annual salary adjustments.,,MA,Administrative,FEMALE,58900,Needs Improvement,3,False,264,False,2026-08-31 17:32:05,1316,65590.72,USD,2026-08-31 17:32:05
3910,Caleb,Schneider,2022-07-13,2023-01-22,Sr. Network Engineer,Terminated,Part-Time,Part-Time,Voluntary,Left due to lack of flexibility around hybrid work policies and long commute times.,,MA,Technician,FEMALE,35673,Needs Improvement,3,False,265,False,2026-08-31 17:32:05,1316,81096.43,USD,2026-08-31 17:32:05
3911,Vanessa,James,2021-05-28,,Sr. Network Engineer,Active,Full-Time,Part-Time,Unk,,,CT,Splicer,MALE,68952,Fully Meets,3,False,258,False,2026-08-31 17:32:05,1316,46262.09,USD,2026-08-31 17:32:05
3912,Maribel,Copeland,2020-07-06,2021-01-18,Sr. Network Engineer,On Leave,Part-Time,Full-Time,Involuntary,,,CT,Foreman,MALE,97493,Needs Improvement,3,False,224,False,2026-08-31 17:32:05,2503,59644.0,USD,2026-08-31 17:32:05
3913,Henry,Zimmerman,2020-01-14,2022-06-08,Sr. Network Engineer,On Leave,Full-Time,Part-Time,Resignation,,1942-02-06,MA,Purchasing,FEMALE,69903,Fully Meets,3,False,217,False,2026-08-31 17:32:05,2534,61594.64,USD,2026-08-31 17:32:05
3914,Nathanial,Booth,2020-02-04,2021-01-29,Network Engineer,Terminated,Contract,Temporary,Resignation,Terminated due to persistent low performance scores and disengagement following team restructuring.,,MA,Project Manager,MALE,9758,Exceeds,3,False,266,False,2026-08-31 17:32:05,1316,52895.75,USD,2026-08-31 17:32:05
3915,Rhys,Barry,2022-08-28,,Network Engineer,Active,Contract,Part-Time,Unk,,1991-03-05,MA,Foreman,MALE,31391,Fully Meets,3,False,199,False,2026-08-31 17:32:05,1316,65036.03,USD,2026-08-31 17:32:05
3916,Jonas,Rowland,2022-06-27,,Network Engineer,Active,Part-Time,Temporary,Unk,,,MA,Coordinator,MALE,14939,Fully Meets,3,False,16,False,2026-08-31 17:32:05,3443,64802.02,USD,2026-08-31 17:32:05
3917,Chris,Vincent,2019-12-19,2023-03-31,Network Engineer,Terminated,Part-Time,Full-Time,Retirement,Terminated due to persistent low performance scores and disengagement following team restructuring.,1993-11-04,MA,Technician,FEMALE,89635,Exceeds,3,False,25,False,2026-08-31 17:32:05,3454,69570.08,USD,2026-08-31 17:32:05
3918,Myah,Waller,2020-09-24,2023-03-27,Network Engineer,Terminated,Contract,Full-Time,Voluntary,Resigned citing below-market compensation and lack of annual salary adjustments.,,MA,Laborer,FEMALE,48262,Fully Meets,3,False,206,False,2026-08-31 17:32:05,2252,67678.2,USD,2026-08-31 17:32:05
3919,Yaritza,Sherman,2023-07-06,,IT Support,Active,Contract,Full-Time,Unk,,1944-07-10,MA,Tower Hand,FEMALE,42410,Fully Meets,3,False,244,False,2026-08-31 17:32:05,2232,67835.16,USD,2026-08-31 17:32:05
3920,Haley,Weaver,2021-04-11,2022-12-19,IT Support,Terminated,Full-Time,Part-Time,Involuntary,Terminated due to persistent low performance scores and disengagement following team restructuring.,1961-04-11,MA,Laborer,FEMALE,62625,Fully Meets,3,False,214,False,2026-08-31 17:32:05,2488,56067.5,USD,2026-08-31 17:32:05
3921,Alessandra,Lee,2020-02-12,2022-07-15,IT Support,Terminated,Contract,Part-Time,Retirement,Resigned citing below-market compensation and lack of annual salary adjustments.,,MA,Splicer,FEMALE,56684,Fully Meets,3,False,263,False,2026-08-31 17:32:05,1316,72560.13,USD,2026-08-31 17:32:05
3922,Kaitlin,Hickman,2018-12-25,,IT Support,Active,Part-Time,Full-Time,Unk,,1996-04-10,MA,Lineman,FEMALE,26513,Fully Meets,3,False,207,False,2026-08-31 17:32:05,1316,64220.05,USD,2026-08-31 17:32:05
3923,Giancarlo,Juarez,2021-12-25,2023-06-19,Sr. Network Engineer,Terminated,Full-Time,Part-Time,Involuntary,Terminated due to persistent low performance scores and disengagement following team restructuring.,,MA,Foreman,FEMALE,26918,Exceeds,3,False,267,False,2026-08-31 17:32:05,1316,60099.64,USD,2026-08-31 17:32:05
3924,Walter,Zuniga,2021-05-22,,Sr. Network Engineer,Active,Full-Time,Full-Time,Unk,,,CT,Technician,MALE,86917,Fully Meets,3,False,254,False,2026-08-31 17:32:05,1716,66910.44,USD,2026-08-31 17:32:05
3925,Anna,Jordan,2020-05-03,2022-11-14,Sr. Network Engineer,On Leave,Contract,Part-Time,Resignation,,,MA,Vp,MALE,64495,Fully Meets,3,False,200,False,2026-08-31 17:32:05,1316,57623.01,USD,2026-08-31 17:32:05
3926,Jeffery,Gamble,2019-02-27,,Sr. Network Engineer,Active,Full-Time,Full-Time,Unk,,,MA,Supervisor,FEMALE,47528,Needs Improvement,3,False,268,False,2026-08-31 17:32:05,2555,62945.87,USD,2026-08-31 17:32:05
3927,Misael,Hunter,2020-03-01,2022-03-05,Network Engineer,Terminated,Contract,Temporary,Involuntary,Resigned citing below-market compensation and lack of annual salary adjustments.,1982-12-10,MA,Lineman,MALE,50639,Fully Meets,3,False,269,False,2026-08-31 17:32:05,1316,70784.7,USD,2026-08-31 17:32:05
3928,Audrina,Yu,2021-01-27,2021-10-18,Network Engineer,Terminated,Full-Time,Temporary,Resignation,Left due to lack of flexibility around hybrid work policies and long commute times.,1956-11-07,MA,Laborer,MALE,59834,Fully Meets,3,False,270,False,2026-08-31 17:32:05,1666,76024.1,USD,2026-08-31 17:32:05
3929,Jeramiah,Foster,2023-06-18,2023-07-24,Network Engineer,Terminated,Contract,Part-Time,Resignation,Terminated due to persistent low performance scores and disengagement following team restructuring.,,MA,Clerk,FEMALE,73645,Fully Meets,3,False,271,False,2026-08-31 17:32:05,1316,77237.0,USD,2026-08-31 17:32:05
3930,Bruce,Wallace,2019-11-24,,Network Engineer,Active,Contract,Part-Time,Unk,,1984-09-04,MA,Helper,FEMALE,65218,Fully Meets,3,False,246,False,2026-08-31 17:32:05,2523,62627.15,USD,2026-08-31 17:32:05
3931,Giovani,Nelson,2021-09-24,,Network Engineer,Active,Part-Time,Temporary,Unk,,,MA,Drafter,MALE,34001,Fully Meets,3,False,247,False,2026-08-31 17:32:05,1316,63209.63,USD,2026-08-31 17:32:05
3932,Ari,Anthony,2022-08-17,,IT Support,Active,Contract,Full-Time,Unk,,,MA,Billing,FEMALE,23569,Fully Meets,3,False,272,False,2026-08-31 17:32:05,1316,72995.46,USD,2026-08-31 17:32:05
3933,Laylah,Branch,2023-04-18,,IT Support,Active,Contract,Part-Time,Unk,,,MA,Engineer,FEMALE,46935,Fully Meets,3,False,273,False,2026-08-31 17:32:05,1654,56005.77,USD,2026-08-31 17:32:05
3934,Alanna,Mullins,2020-04-15,2022-05-13,IT Support,Terminated,Full-Time,Temporary,Involuntary,Left due to lack of flexibility around hybrid work policies and long commute times.,1979-03-01,MA,Vp,FEMALE,80168,Fully Meets,3,False,232,False,2026-08-31 17:32:05,1316,74308.38,USD,2026-08-31 17:32:05
3935,Arjun,Tyler,2020-12-25,,IT Support,Active,Full-Time,Full-Time,Unk,,,MA,Lineman,MALE,97304,Fully Meets,3,False,216,False,2026-08-31 17:32:05,2481,62294.96,USD,2026-08-31 17:32:05
3936,Donald,Favis,2022-07-21,2023-05-01,Enterprise Architect,Terminated For Cause,Full-Time,Temporary,Involuntary,,,CT,Director,MALE,6033,Fully Meets,3,False,274,False,2026-08-31 17:32:05,1316,49054.99,USD,2026-08-31 17:32:05
3937,Daniff,Hernandez,2022-11-04,,Database Administrator,Active,Contract,Part-Time,Unk,,,MA,Laborer,MALE,1960,Fully Meets,3,False,76,False,2026-08-31 17:32:05,3545,47522.07,USD,2026-08-31 17:32:05
3938,Lori,Roby,2020-04-20,,Data Analyst,Active,Part-Time,Temporary,Unk,,,MA,Tower Hand,FEMALE,1886,Fully Meets,3,False,226,False,2026-08-31 17:32:05,1316,74469.76,USD,2026-08-31 17:32:05
3939,Thomas,Murray,2019-09-05,,Data Analyst,Active,Part-Time,Part-Time,Unk,,1992-04-09,TX,Foreman,MALE,78230,Fully Meets,3,False,207,False,2026-08-31 17:32:05,1316,46944.88,USD,2026-08-31 17:32:05
3940,Karthikeyan,Ait Sidi,2019-08-11,,Sr. DBA,Active,Contract,Full-Time,Unk,,1958-09-08,MA,Technician,MALE,2148,Fully Meets,3,False,210,False,2026-08-31 17:32:05,1673,54821.4,USD,2026-08-31 17:32:05
3941,Ivan,Rogers,2018-11-04,,Data Analyst,Active,Full-Time,Temporary,Unk,,,MA,Laborer,MALE,1810,Fully Meets,3,False,226,False,2026-08-31 17:32:05,1316,56694.55,USD,2026-08-31 17:32:05
3942,Bianca,Roehrich,2018-11-04,2021-12-22,Principal Data Architect,Voluntarily Terminated,Contract,Temporary,Resignation,,1951-04-09,MA,Laborer,FEMALE,2703,PIP,3,False,275,False,2026-08-31 17:32:05,1316,51054.81,USD,2026-08-31 17:32:05
3943,Jason,Salter,2019-07-27,2021-07-25,Data Analyst,Voluntarily Terminated,Part-Time,Part-Time,Resignation,,1971-04-08,MA,Administrative,MALE,2452,Fully Meets,3,False,215,False,2026-08-31 17:32:05,1316,55986.27,USD,2026-08-31 17:32:05
3944,Julia,Zhou,2020-12-21,,Data Analyst,Active,Full-Time,Full-Time,Unk,,1997-05-07,MA,Administrator,FEMALE,2148,Fully Meets,3,False,213,False,2026-08-31 17:32:05,1709,70994.24,USD,2026-08-31 17:32:05
3945,Thelma,Petrowsky,2022-07-25,,Data Analyst,Active,Full-Time,Temporary,Unk,,,MA,Engineer,FEMALE,1886,PIP,3,False,273,False,2026-08-31 17:32:05,1654,45513.9,USD,2026-08-31 17:32:05
3946,Jayne,Horton,2019-06-15,,Database Administrator,Active,Contract,Temporary,Unk,,,MA,Technician,FEMALE,2493,Fully Meets,3,False,276,False,2026-08-31 17:32:05,1316,73951.07,USD,2026-08-31 17:32:05
3947,Renee,Becker,2020-04-04,2022-06-22,Database Administrator,Terminated For Cause,Full-Time,Full-Time,Resignation,,1996-03-12,MA,Field Technician,FEMALE,2026,Fully Meets,3,False,76,False,2026-08-31 17:32:05,3545,74979.18,USD,2026-08-31 17:32:05
3948,Randall,Pearson,2023-02-03,2023-05-29,Data Analyst,Voluntarily Terminated,Contract,Full-Time,Involuntary,,,MA,Foreman,MALE,2747,Fully Meets,3,False,209,False,2026-08-31 17:32:05,1316,58029.16,USD,2026-08-31 17:32:05
3949,Claudia N,Carr,2022-09-20,,Sr. DBA,Future Start,Full-Time,Temporary,Voluntary,,,MA,Laborer,FEMALE,1886,Fully Meets,3,False,277,False,2026-08-31 17:32:05,1713,50376.45,USD,2026-08-31 17:32:05
3950,Noelle,Johnson,2023-07-12,,Database Administrator,Active,Full-Time,Part-Time,Unk,,,MA,Engineer,FEMALE,2301,Fully Meets,3,False,278,False,2026-08-31 17:32:05,1316,66029.41,USD,2026-08-31 17:32:05
3951,Taisha,Goble,2021-04-25,2023-02-12,Database Administrator,Terminated For Cause,Contract,Temporary,Resignation,,1961-07-09,MA,Groundman,FEMALE,2127,Fully Meets,3,False,279,False,2026-08-31 17:32:05,1316,49188.54,USD,2026-08-31 17:32:05
3952,Kramer,Simard,2021-03-13,,Data Analyst,Active,Full-Time,Full-Time,Unk,,1950-01-11,MA,Assistant,MALE,2110,Fully Meets,3,False,280,False,2026-08-31 17:32:05,1316,57772.18,USD,2026-08-31 17:32:05
3953,Mark,Griffith,2021-08-16,,Data Analyst,Active,Full-Time,Full-Time,Unk,,,MA,Engineer,FEMALE,78692,Fully Meets,3,False,202,False,2026-08-31 17:32:05,1316,78545.02,USD,2026-08-31 17:32:05
3954,Denisse,Hayes,2021-10-18,,Database Administrator,Active,Full-Time,Temporary,Unk,,1946-11-11,MA,Flagger,FEMALE,87816,Fully Meets,3,False,207,False,2026-08-31 17:32:05,1316,79841.26,USD,2026-08-31 17:32:05
3955,Draven,Giles,2020-02-16,2023-03-16,Database Administrator,Terminated,Contract,Full-Time,Resignation,Left due to lack of flexibility around hybrid work policies and long commute times.,,MA,Coordinator,FEMALE,31207,Fully Meets,3,False,205,False,2026-08-31 17:32:05,1702,72023.67,USD,2026-08-31 17:32:05
3956,Aliana,Shaw,2019-08-07,2023-03-08,Database Administrator,Terminated,Contract,Temporary,Retirement,Terminated due to persistent low performance scores and disengagement following team restructuring.,1997-02-01,TX,Foreman,FEMALE,6158,Fully Meets,3,False,281,False,2026-08-31 17:32:05,1316,55883.65,USD,2026-08-31 17:32:05
3957,Makaila,Nixon,2022-01-03,,Database Administrator,Active,Contract,Temporary,Unk,,1991-02-01,TX,Administration,FEMALE,36554,Fully Meets,3,False,282,False,2026-08-31 17:32:05,2494,69068.28,USD,2026-08-31 17:32:05
3958,Mohammed,Orr,2020-09-22,,Database Administrator,Active,Part-Time,Full-Time,Unk,,,TX,Foreman,FEMALE,53042,PIP,3,False,199,False,2026-08-31 17:32:05,1316,69689.22,USD,2026-08-31 17:32:05
3959,Braylen,Mendoza,2022-11-11,2023-07-14,Data Architect,Terminated For Cause,Part-Time,Full-Time,Resignation,,,TX,Foreman,MALE,42665,Fully Meets,3,False,25,False,2026-08-31 17:32:05,3454,58574.46,USD,2026-08-31 17:32:05
3960,Andreas,Torres,2018-08-11,,CIO,Active,Part-Time,Full-Time,Unk,,1947-05-04,TX,Laborer,MALE,95490,Fully Meets,3,False,206,False,2026-08-31 17:32:05,2252,67431.1,USD,2026-08-31 17:32:05
3961,Maddison,Perez,2023-03-31,,BI Director,Active,Full-Time,Full-Time,Unk,,,MA,Lineman,MALE,74182,Fully Meets,3,False,259,False,2026-08-31 17:32:05,1316,95536.38,USD,2026-08-31 17:32:05
3962,Charlize,Wagner,2021-03-10,,Sr. DBA,Active,Contract,Part-Time,Unk,,,MA,Lineman,FEMALE,49449,Fully Meets,3,False,209,False,2026-08-31 17:32:05,1316,52317.02,USD,2026-08-31 17:32:05
3963,Micah,Pace,2019-08-30,,Sr. Accountant,Active,Part-Time,Temporary,Unk,,,MA,Foreman,FEMALE,39060,Fully Meets,3,False,199,False,2026-08-31 17:32:05,1316,63378.09,USD,2026-08-31 17:32:05
3964,Marlee,Stevens,2021-06-07,,Sr. Accountant,Future Start,Part-Time,Temporary,Involuntary,,,MA,Lineman,MALE,21007,Exceeds,3,False,34,False,2026-08-31 17:32:05,3466,50731.3,USD,2026-08-31 17:32:05
3965,Precious,Roth,2020-04-22,,Software Engineering Manager,Active,Contract,Part-Time,Unk,,1998-01-11,MA,Laborer,FEMALE,12883,Fully Meets,3,False,251,False,2026-08-31 17:32:05,1316,75806.74,USD,2026-08-31 17:32:05
3966,Konner,Villegas,2018-10-19,,Software Engineer,Future Start,Contract,Part-Time,Voluntary,,,MA,Laborer,FEMALE,5707,Fully Meets,3,False,283,False,2026-08-31 17:32:05,1044,74270.65,USD,2026-08-31 17:32:05
3967,Anastasia,Gillespie,2018-12-03,2021-01-20,Data Analyst,Terminated,Full-Time,Temporary,Involuntary,Left due to lack of flexibility around hybrid work policies and long commute times.,,MA,Administration,FEMALE,10856,Fully Meets,3,False,284,False,2026-08-31 17:32:05,1634,79619.66,USD,2026-08-31 17:32:05
3968,Emely,Rice,2021-02-20,,Data Analyst,Active,Contract,Temporary,Unk,,,MA,Engineer,FEMALE,94663,Fully Meets,3,False,285,False,2026-08-31 17:32:05,1650,64458.93,USD,2026-08-31 17:32:05
3969,Lewis,Nixon,2021-01-17,,Database Administrator,Active,Contract,Full-Time,Unk,,,MA,Lineman,FEMALE,61086,Exceeds,3,False,216,False,2026-08-31 17:32:05,2481,74367.44,USD,2026-08-31 17:32:05
3970,Macy,Webster,2020-10-04,2023-04-27,Database Administrator,Terminated,Part-Time,Full-Time,Voluntary,Left due to lack of flexibility around hybrid work policies and long commute times.,1950-08-11,MA,Foreman,FEMALE,44077,Exceeds,3,False,15,False,2026-08-31 17:32:05,3442,79661.26,USD,2026-08-31 17:32:05
3971,Ciara,Acevedo,2021-01-29,,Database Administrator,Active,Part-Time,Temporary,Unk,,,TX,Technician,FEMALE,49694,Fully Meets,3,False,277,False,2026-08-31 17:32:05,1713,49955.86,USD,2026-08-31 17:32:05
3972,Eleanor,Patton,2022-07-26,,Database Administrator,Active,Part-Time,Part-Time,Unk,,1955-07-06,TX,Foreman,FEMALE,21727,Fully Meets,3,False,270,False,2026-08-31 17:32:05,1666,60688.6,USD,2026-08-31 17:32:05
3973,Brooklyn,Tanner,2018-09-21,2023-06-22,Database Administrator,Terminated For Cause,Part-Time,Temporary,Resignation,,,TX,Laborer,FEMALE,50856,Exceeds,3,False,206,False,2026-08-31 17:32:05,2252,58740.05,USD,2026-08-31 17:32:05
3974,Zander,Franco,2018-12-25,2019-07-10,Data Architect,Terminated For Cause,Part-Time,Full-Time,Involuntary,,1986-07-01,TX,Engineer,MALE,97255,Exceeds,3,False,202,False,2026-08-31 17:32:05,1316,47801.72,USD,2026-08-31 17:32:05
3975,Kianna,Rhodes,2020-11-03,2022-09-25,CIO,Terminated For Cause,Part-Time,Temporary,Voluntary,,,TX,Technician,MALE,44793,Fully Meets,3,False,218,False,2026-08-31 17:32:05,2567,71436.56,USD,2026-08-31 17:32:05
3976,Kinsley,Braun,2021-10-22,,Sr. DBA,Active,Full-Time,Temporary,Unk,,,MA,Laborer,FEMALE,24094,Fully Meets,3,False,282,False,2026-08-31 17:32:05,2494,60182.27,USD,2026-08-31 17:32:05
3977,Gordon,Wu,2018-08-27,,Sr. Accountant,Active,Full-Time,Full-Time,Unk,,,MA,Apprentice,FEMALE,41670,Fully Meets,3,False,286,False,2026-08-31 17:32:05,1655,61426.44,USD,2026-08-31 17:32:05
3978,Maryjane,Cross,2020-07-12,,Sr. Accountant,Active,Part-Time,Part-Time,Unk,,,MA,Laborer,MALE,56453,Fully Meets,3,False,25,False,2026-08-31 17:32:05,3454,50273.55,USD,2026-08-31 17:32:05
3979,Peyton,Phelps,2021-01-25,,Software Engineering Manager,Future Start,Contract,Temporary,Resignation,,,MA,Controller,FEMALE,5067,Fully Meets,3,False,287,False,2026-08-31 17:32:05,1316,76332.43,USD,2026-08-31 17:32:05
3980,Carmen,Atkins,2020-05-11,,Data Analyst,Active,Full-Time,Full-Time,Unk,,1975-02-12,MA,Project Manager,FEMALE,39598,Exceeds,3,False,245,False,2026-08-31 17:32:05,1316,76748.63,USD,2026-08-31 17:32:05
3981,Kiara,Fox,2020-07-24,2023-04-09,Data Analyst,Terminated,Full-Time,Temporary,Resignation,Resigned citing below-market compensation and lack of annual salary adjustments.,1960-07-02,MA,Laborer,FEMALE,35765,Fully Meets,3,False,226,False,2026-08-31 17:32:05,1316,46562.72,USD,2026-08-31 17:32:05
3982,Yair,Jennings,2022-08-09,,Database Administrator,Active,Part-Time,Part-Time,Unk,,1957-12-06,MA,Laborer,FEMALE,24218,Needs Improvement,3,False,239,False,2026-08-31 17:32:05,1316,53149.83,USD,2026-08-31 17:32:05
3983,Kaylie,Velazquez,2022-06-12,,Database Administrator,Active,Full-Time,Full-Time,Unk,,1964-12-04,MA,Technician,FEMALE,62116,Exceeds,3,False,219,False,2026-08-31 17:32:05,1669,55222.08,USD,2026-08-31 17:32:05
3984,Christine,Skinner,2022-02-10,2022-06-08,Database Administrator,Terminated,Contract,Full-Time,Retirement,Resigned citing below-market compensation and lack of annual salary adjustments.,,TX,Laborer,FEMALE,67986,Fully Meets,3,False,288,False,2026-08-31 17:32:05,1316,62156.91,USD,2026-08-31 17:32:05
3985,Zayne,Mccullough,2023-01-13,2023-05-19,Database Administrator,Terminated For Cause,Part-Time,Part-Time,Resignation,,,TX,Director,MALE,26193,Fully Meets,3,False,289,False,2026-08-31 17:32:05,1316,65525.58,USD,2026-08-31 17:32:05
3986,Dennis,Key,2020-03-10,,Database Administrator,Active,Part-Time,Temporary,Unk,,,TX,Supervisor,FEMALE,46762,Fully Meets,3,False,290,False,2026-08-31 17:32:05,1676,62265.15,USD,2026-08-31 17:32:05
3987,Aydan,Benjamin,2022-02-25,2022-07-19,Data Architect,Terminated For Cause,Full-Time,Full-Time,Retirement,,1982-03-05,TX,Supervisor,MALE,81376,Exceeds,3,False,275,False,2026-08-31 17:32:05,1316,47944.04,USD,2026-08-31 17:32:05
3988,Kenzie,Mullins,2022-07-21,2022-11-21,Sr. DBA,On Leave,Contract,Temporary,Voluntary,,,MA,Mechanic,FEMALE,73583,Fully Meets,3,False,291,False,2026-08-31 17:32:05,1316,53528.36,USD,2026-08-31 17:32:05
3989,Asa,Pham,2022-07-11,,Sr. DBA,Active,Full-Time,Part-Time,Unk,,,MA,Foreman,FEMALE,43953,Fully Meets,3,False,270,False,2026-08-31 17:32:05,1666,74525.59,USD,2026-08-31 17:32:05
3990,Damarion,Schneider,2019-12-02,,Sr. Accountant,Future Start,Contract,Temporary,Involuntary,,,MA,Safety,MALE,73329,Fully Meets,3,False,292,False,2026-08-31 17:32:05,1316,67315.6,USD,2026-08-31 17:32:05
3991,Talan,Rodgers,2023-04-10,,Sr. Accountant,Active,Contract,Full-Time,Unk,,1974-09-03,MA,Coordinator,MALE,89576,Fully Meets,3,False,217,False,2026-08-31 17:32:05,2534,67720.22,USD,2026-08-31 17:32:05
3992,Evelin,Snow,2022-12-08,2023-05-07,Data Analyst,Terminated,Part-Time,Full-Time,Voluntary,Terminated due to persistent low performance scores and disengagement following team restructuring.,,MA,Technician,MALE,49077,Fully Meets,3,False,293,False,2026-08-31 17:32:05,1316,68457.11,USD,2026-08-31 17:32:05
3993,Sienna,Preston,2022-06-22,,Data Analyst,Active,Contract,Full-Time,Unk,,,MA,Foreman,FEMALE,42676,Fully Meets,3,False,15,False,2026-08-31 17:32:05,3442,71701.61,USD,2026-08-31 17:32:05
3994,Taylor,Dennis,2022-09-22,,Data Analyst,Active,Full-Time,Full-Time,Unk,,1987-08-02,MA,Top Hand,FEMALE,53464,Fully Meets,3,False,214,False,2026-08-31 17:32:05,2488,47033.8,USD,2026-08-31 17:32:05
3995,Cortez,Murillo,2019-07-15,2021-06-01,Database Administrator,Terminated,Full-Time,Temporary,Resignation,Terminated due to persistent low performance scores and disengagement following team restructuring.,1946-08-12,MA,Project Manager,FEMALE,95641,Exceeds,3,False,230,False,2026-08-31 17:32:05,1316,57831.29,USD,2026-08-31 17:32:05
3996,Leonel,Combs,2021-09-01,,Database Administrator,Active,Part-Time,Full-Time,Unk,,,MA,Laborer,FEMALE,82286,Fully Meets,3,False,294,False,2026-08-31 17:32:05,1316,63883.46,USD,2026-08-31 17:32:05
3997,Carmen,Frost,2019-07-16,,Database Administrator,Active,Contract,Temporary,Unk,,1946-02-12,TX,Project Manager,MALE,72560,Needs Improvement,3,False,204,False,2026-08-31 17:32:05,1687,56845.98,USD,2026-08-31 17:32:05
3998,Ace,Krause,2021-12-24,2022-07-27,Database Administrator,Terminated For Cause,Full-Time,Full-Time,Resignation,,,TX,Administrative,FEMALE,82557,Fully Meets,3,False,295,False,2026-08-31 17:32:05,1316,74556.76,USD,2026-08-31 17:32:05
3999,Reuben,Davila,2019-04-17,2021-08-17,Database Administrator,Terminated For Cause,Full-Time,Full-Time,Involuntary,,1943-01-02,TX,Engineer,MALE,13760,Exceeds,3,False,257,False,2026-08-31 17:32:05,2504,61890.04,USD,2026-08-31 17:32:05
4000,Angelique,Mann,2019-10-26,2021-06-08,Data Architect,Terminated For Cause,Contract,Full-Time,Involuntary,,,TX,Technician,MALE,18464,Fully Meets,3,False,15,False,2026-08-31 17:32:05,3442,71901.97,USD,2026-08-31 17:32:05
1001,Susan,Exantus,2019-08-29,,Software Engineer,Active,Part-Time,Part-Time,Unk,,,MA,Engineer,FEMALE,1749,Fully Meets,3,False,296,False,2026-08-31 17:32:05,1316,74820.54,USD,2026-08-31 17:32:05
1002,Sandra,Martin,2022-12-12,2023-05-28,Software Engineer,Terminated,Part-Time,Temporary,Involuntary,Resigned citing below-market compensation and lack of annual salary adjustments.,1950-08-07,MA,Foreman,FEMALE,2135,Fully Meets,3,False,297,False,2026-08-31 17:32:05,1316,62667.7,USD,2026-08-31 17:32:05
1003,Keyla,Del Bosque,2023-03-08,2023-03-15,Software Engineer,Terminated,Contract,Part-Time,Voluntary,Left due to lack of flexibility around hybrid work policies and long commute times.,,MA,Foreman,FEMALE,2176,Fully Meets,3,False,298,False,2026-08-31 17:32:05,1033,76834.33,USD,2026-08-31 17:32:05
1004,Andrew,Szabo,2020-05-29,2021-03-05,Software Engineer,Terminated,Part-Time,Part-Time,Involuntary,Terminated due to persistent low performance scores and disengagement following team restructuring.,,MA,Coordinator,MALE,2140,Fully Meets,3,False,299,False,2026-08-31 17:32:05,1316,65549.34,USD,2026-08-31 17:32:05
1005,Luke,Patronick,2022-09-16,,Software Engineer,Active,Full-Time,Temporary,Unk,,,MA,Project Manager,MALE,1844,Fully Meets,3,False,300,False,2026-08-31 17:32:05,1316,74759.6,USD,2026-08-31 17:32:05
1006,Colby,Andreola,2021-08-15,2021-11-20,Software Engineer,Terminated,Full-Time,Part-Time,Resignation,Left due to lack of flexibility around hybrid work policies and long commute times.,,MA,Administrative,FEMALE,2110,Fully Meets,3,False,301,False,2026-08-31 17:32:05,1316,56920.68,USD,2026-08-31 17:32:05
1007,Edward,True,2020-10-25,2021-09-26,Software Engineer,Voluntarily Terminated,Part-Time,Part-Time,Involuntary,,,MA,Lineman,MALE,2451,Fully Meets,3,False,302,False,2026-08-31 17:32:05,1316,62458.59,USD,2026-08-31 17:32:05
1008,Judith,Carabbio,2019-08-28,2020-05-04,Software Engineer,Terminated,Contract,Temporary,Voluntary,Resigned citing below-market compensation and lack of annual salary adjustments.,,MA,Foreman,FEMALE,2132,Fully Meets,3,False,303,False,2026-08-31 17:32:05,1316,63599.39,USD,2026-08-31 17:32:05
1009,Adell,Saada,2019-06-13,2023-01-12,Software Engineer,Terminated,Part-Time,Temporary,Retirement,Left due to lack of flexibility around hybrid work policies and long commute times.,1987-01-03,MA,Model Assistant,FEMALE,2132,Fully Meets,3,False,304,False,2026-08-31 17:32:05,1316,48674.29,USD,2026-08-31 17:32:05
1010,Kamari,Hunter,2021-01-12,2022-03-18,Software Engineer,Voluntarily Terminated,Part-Time,Temporary,Voluntary,,,MA,Supervisor,MALE,12889,Fully Meets,3,False,305,False,2026-08-31 17:32:05,1316,58949.34,USD,2026-08-31 17:32:05
1011,Sarah,Malone,2022-02-07,2023-02-12,Software Engineer,Voluntarily Terminated,Contract,Temporary,Resignation,,,MA,Foreman,MALE,21340,Fully Meets,3,False,306,False,2026-08-31 17:32:05,1316,77106.82,USD,2026-08-31 17:32:05
1012,Skyler,Blackwell,2020-11-09,2021-06-06,Software Engineer,Voluntarily Terminated,Contract,Temporary,Involuntary,,1978-03-10,MA,Administrative,MALE,67544,Fully Meets,3,False,307,False,2026-08-31 17:32:05,1316,67079.13,USD,2026-08-31 17:32:05
1013,Jasmin,Shah,2020-05-13,,Software Engineer,Active,Part-Time,Full-Time,Unk,,,MA,Engineer,MALE,36398,Fully Meets,3,False,308,False,2026-08-31 17:32:05,1316,51212.73,USD,2026-08-31 17:32:05
1014,Kole,Quinn,2022-12-31,2023-07-13,Shared Services Manager,Terminated,Part-Time,Full-Time,Retirement,Resigned citing below-market compensation and lack of annual salary adjustments.,,MA,Clerk,MALE,2562,Fully Meets,3,False,309,False,2026-08-31 17:32:05,1316,81859.95,USD,2026-08-31 17:32:05
1015,Ansley,Jackson,2018-12-03,,Shared Services Manager,Active,Contract,Part-Time,Unk,,1961-04-12,MA,Vp,FEMALE,22621,Fully Meets,3,False,310,False,2026-08-31 17:32:05,1316,76706.11,USD,2026-08-31 17:32:05
1016,Jayda,Reese,2020-02-21,2021-05-29,Senior BI Developer,Terminated,Part-Time,Part-Time,Involuntary,Terminated due to persistent low performance scores and disengagement following team restructuring.,1956-08-03,MA,Mechanic,FEMALE,64065,Fully Meets,3,False,311,False,2026-08-31 17:32:05,1316,45868.81,USD,2026-08-31 17:32:05
1017,Julien,Whitehead,2020-09-07,2021-12-15,Senior BI Developer,Terminated,Full-Time,Full-Time,Involuntary,Resigned citing below-market compensation and lack of annual salary adjustments.,1947-05-07,MA,Laborer,FEMALE,97374,Fully Meets,3,False,312,False,2026-08-31 17:32:05,2289,77461.12,USD,2026-08-31 17:32:05
1018,Alan,Haynes,2020-06-19,2021-12-08,Senior BI Developer,Terminated,Part-Time,Part-Time,Involuntary,Left due to lack of flexibility around hybrid work policies and long commute times.,,MA,Laborer,FEMALE,87646,Fully Meets,3,False,313,False,2026-08-31 17:32:05,1316,60687.26,USD,2026-08-31 17:32:05
1019,Kamryn,Herrera,2022-10-14,2023-07-28,Software Engineer,Voluntarily Terminated,Full-Time,Temporary,Retirement,,,MA,Engineer,MALE,77974,Fully Meets,3,False,314,False,2026-08-31 17:32:05,1316,55763.73,USD,2026-08-31 17:32:05
1020,Kelvin,Foster,2023-06-20,2023-07-18,Software Engineer,Voluntarily Terminated,Contract,Full-Time,Resignation,,,MA,Supervisor,FEMALE,42126,Fully Meets,3,False,315,False,2026-08-31 17:32:05,1316,65946.7,USD,2026-08-31 17:32:05
1021,Joe,Fletcher,2020-11-09,2023-07-17,Software Engineer,Voluntarily Terminated,Full-Time,Full-Time,Resignation,,,MA,Billing,MALE,51613,Fully Meets,3,False,307,False,2026-08-31 17:32:05,1316,45256.01,USD,2026-08-31 17:32:05
1022,Frederick,Howe,2022-09-19,,Software Engineer,Active,Part-Time,Temporary,Unk,,1962-11-06,MA,Engineer,MALE,12765,Fully Meets,3,False,316,False,2026-08-31 17:32:05,1316,54730.77,USD,2026-08-31 17:32:05
1023,Nickolas,Davila,2018-11-09,2021-10-10,Shared Services Manager,Terminated,Contract,Part-Time,Voluntary,Resigned citing below-market compensation and lack of annual salary adjustments.,1992-05-04,MA,Clerk,MALE,64122,Fully Meets,3,False,317,False,2026-08-31 17:32:05,1316,94606.17,USD,2026-08-31 17:32:05
1024,Kasey,Boyer,2018-12-30,2021-06-23,Shared Services Manager,Terminated,Contract,Part-Time,Involuntary,Left due to lack of flexibility around hybrid work policies and long commute times.,,MA,Coordinator,FEMALE,91332,Fully Meets,3,False,318,False,2026-08-31 17:32:05,1316,92181.94,USD,2026-08-31 17:32:05
1025,Giovanni,Jenkins,2023-05-11,2023-05-15,Senior BI Developer,Terminated,Full-Time,Temporary,Retirement,Terminated due to persistent low performance scores and disengagement following team restructuring.,,MA,Foreman,FEMALE,39827,Fully Meets,3,False,319,False,2026-08-31 17:32:05,1316,79363.21,USD,2026-08-31 17:32:05
1026,Alexis,Moss,2022-11-03,2023-02-09,Senior BI Developer,Terminated,Contract,Part-Time,Resignation,Resigned citing below-market compensation and lack of annual salary adjustments.,1950-07-11,MA,Engineer,FEMALE,27418,Fully Meets,3,False,320,False,2026-08-31 17:32:05,1316,66712.52,USD,2026-08-31 17:32:05
1027,Joanna,Murphy,2020-06-14,2021-05-29,Senior BI Developer,Terminated,Part-Time,Full-Time,Voluntary,Left due to lack of flexibility around hybrid work policies and long commute times.,,MA,Flagger,MALE,24931,Fully Meets,3,False,313,False,2026-08-31 17:32:05,1316,61712.71,USD,2026-08-31 17:32:05
1028,Joseph,Schmidt,2019-10-15,2023-01-01,Software Engineer,Voluntarily Terminated,Full-Time,Part-Time,Resignation,,,MA,Model Assistant,MALE,2121,Fully Meets,3,False,321,False,2026-08-31 17:32:05,1316,71650.14,USD,2026-08-31 17:32:05
1029,Brittany,Hurley,2020-04-28,,Software Engineer,Active,Part-Time,Part-Time,Unk,,1979-01-06,MA,Specialist,FEMALE,97697,Fully Meets,3,False,300,False,2026-08-31 17:32:05,1316,76616.48,USD,2026-08-31 17:32:05
1030,Niko,Hamilton,2019-10-29,,Software Engineer,Active,Contract,Temporary,Unk,,1955-06-07,MA,Foreman,MALE,75783,Fully Meets,3,False,322,False,2026-08-31 17:32:05,1316,70224.36,USD,2026-08-31 17:32:05
1031,Ruben,Martinez,2021-04-28,,Software Engineer,Active,Part-Time,Temporary,Unk,,,MA,Lineman,MALE,26111,Fully Meets,3,False,317,False,2026-08-31 17:32:05,1023,78712.39,USD,2026-08-31 17:32:05
1032,Kiley,Haynes,2022-04-19,2022-08-26,Software Engineer,Terminated,Full-Time,Part-Time,Voluntary,Resigned citing below-market compensation and lack of annual salary adjustments.,1954-01-07,MA,Laborer,MALE,50656,Fully Meets,3,False,323,False,2026-08-31 17:32:05,1316,72370.18,USD,2026-08-31 17:32:05
1033,Blaine,Brooks,2023-03-28,,Shared Services Manager,Active,Contract,Full-Time,Unk,,,MA,Operator,MALE,71808,Fully Meets,3,False,298,False,2026-08-31 17:32:05,1316,100338.05,USD,2026-08-31 17:32:05
1034,Dennis,Livingston,2019-05-06,,Shared Services Manager,Active,Full-Time,Part-Time,Unk,,1977-08-12,MA,Manager,FEMALE,1043,Fully Meets,3,False,324,False,2026-08-31 17:32:05,1316,73993.64,USD,2026-08-31 17:32:05
1035,Case,Russell,2020-10-13,,Senior BI Developer,Active,Full-Time,Temporary,Unk,,,MA,Laborer,FEMALE,41260,Fully Meets,3,False,325,False,2026-08-31 17:32:05,1316,70634.47,USD,2026-08-31 17:32:05
1036,Kody,Jimenez,2021-07-06,2021-11-25,Senior BI Developer,Terminated,Part-Time,Part-Time,Resignation,Left due to lack of flexibility around hybrid work policies and long commute times.,1993-08-08,MA,Foreman,MALE,15346,Fully Meets,3,False,312,False,2026-08-31 17:32:05,2289,60403.1,USD,2026-08-31 17:32:05
1037,Zoe,Colon,2020-09-24,2020-11-02,Software Engineer,Voluntarily Terminated,Part-Time,Full-Time,Voluntary,,,MA,Engineer,MALE,4876,Fully Meets,3,False,326,False,2026-08-31 17:32:05,1316,64358.63,USD,2026-08-31 17:32:05
1038,Courtney,Cowan,2023-01-18,,Software Engineer,Active,Contract,Part-Time,Unk,,1971-04-05,MA,Crew Leader,MALE,14886,Fully Meets,3,False,300,False,2026-08-31 17:32:05,1316,67893.58,USD,2026-08-31 17:32:05
1039,Nolan,Perez,2019-08-22,2022-03-25,Software Engineer,Voluntarily Terminated,Part-Time,Part-Time,Involuntary,,,MA,Administrative,FEMALE,46407,Fully Meets,3,False,327,False,2026-08-31 17:32:05,1316,78943.53,USD,2026-08-31 17:32:05
1040,Katrina,Farrell,2019-07-25,2022-12-17,Software Engineer,Voluntarily Terminated,Contract,Part-Time,Retirement,,,MA,Technician,MALE,74234,Fully Meets,3,False,315,False,2026-08-31 17:32:05,1316,79460.23,USD,2026-08-31 17:32:05
1041,Camden,Kelly,2019-11-11,2020-01-10,Software Engineer,Voluntarily Terminated,Full-Time,Full-Time,Retirement,,1976-04-11,MA,Administrative,MALE,45272,Fully Meets,3,False,328,False,2026-08-31 17:32:05,1316,55087.99,USD,2026-08-31 17:32:05
1042,Milo,Hood,2022-07-16,,Software Engineer,Active,Contract,Temporary,Unk,,,MA,Driller,MALE,96170,Fully Meets,3,False,316,False,2026-08-31 17:32:05,1316,70681.37,USD,2026-08-31 17:32:05
1043,Kale,Lang,2022-12-19,2023-05-10,Shared Services Manager,Terminated,Full-Time,Part-Time,Resignation,Terminated due to persistent low performance scores and disengagement following team restructuring.,,MA,Billing,FEMALE,65963,Fully Meets,3,False,329,False,2026-08-31 17:32:05,1316,96249.42,USD,2026-08-31 17:32:05
1044,Shyanne,Stark,2020-09-15,,Shared Services Manager,Active,Contract,Temporary,Unk,,,MA,Foreman,FEMALE,75123,Fully Meets,3,False,283,False,2026-08-31 17:32:05,1316,82127.25,USD,2026-08-31 17:32:05
1045,Elliott,Ashley,2020-10-04,2023-02-27,Senior BI Developer,Terminated,Full-Time,Temporary,Involuntary,Left due to lack of flexibility around hybrid work policies and long commute times.,1963-10-06,MA,Foreman,FEMALE,11164,Fully Meets,3,False,330,False,2026-08-31 17:32:05,1316,49335.44,USD,2026-08-31 17:32:05
1046,Genesis,Todd,2022-04-23,2022-08-03,Software Engineer,Voluntarily Terminated,Full-Time,Temporary,Involuntary,,,MA,Laborer,MALE,65978,Fully Meets,3,False,331,False,2026-08-31 17:32:05,1316,46433.14,USD,2026-08-31 17:32:05
1047,Sincere,Jimenez,2021-11-27,,Software Engineer,Active,Contract,Part-Time,Unk,,,MA,Technician,FEMALE,73877,Fully Meets,3,False,300,False,2026-08-31 17:32:05,1316,72207.01,USD,2026-08-31 17:32:05
1048,Stephen,Daugherty,2019-11-29,,Software Engineer,Active,Part-Time,Temporary,Unk,,,MA,Helper,MALE,48971,Fully Meets,3,False,332,False,2026-08-31 17:32:05,1316,62139.49,USD,2026-08-31 17:32:05
1049,Demarion,Morrow,2019-05-30,2020-12-19,Software Engineer,Voluntarily Terminated,Part-Time,Part-Time,Involuntary,,,MA,Technician,MALE,16259,Fully Meets,3,False,315,False,2026-08-31 17:32:05,1316,79493.91,USD,2026-08-31 17:32:05
1050,Steven,Schneider,2020-11-23,,Software Engineer,Active,Contract,Temporary,Unk,,1993-04-07,MA,Accounting,MALE,64114,Fully Meets,3,False,333,False,2026-08-31 17:32:05,1316,61274.07,USD,2026-08-31 17:32:05
1051,Devon,Hinton,2022-04-08,2023-01-11,Software Engineer,Terminated,Full-Time,Part-Time,Involuntary,Left due to lack of flexibility around hybrid work policies and long commute times.,,MA,Operator,MALE,14669,Fully Meets,3,False,316,False,2026-08-31 17:32:05,1316,79227.09,USD,2026-08-31 17:32:05
1052,Jacquelyn,Johns,2021-02-25,2021-06-04,Shared Services Manager,Terminated,Contract,Part-Time,Voluntary,Terminated due to persistent low performance scores and disengagement following team restructuring.,,MA,Foreman,FEMALE,52448,Fully Meets,3,False,317,False,2026-08-31 17:32:05,1316,84405.16,USD,2026-08-31 17:32:05
1053,Blaine,Keith,2019-03-13,2021-04-07,Shared Services Manager,Terminated,Contract,Full-Time,Resignation,Resigned citing below-market compensation and lack of annual salary adjustments.,,MA,Project Manager,FEMALE,43336,Fully Meets,3,False,324,False,2026-08-31 17:32:05,1316,97778.88,USD,2026-08-31 17:32:05
1054,Phillip,Salazar,2023-02-12,,Software Engineer,Active,Part-Time,Full-Time,Unk,,1993-10-05,MA,Project Manager,MALE,56271,Fully Meets,3,False,334,False,2026-08-31 17:32:05,1316,47968.67,USD,2026-08-31 17:32:05
1055,Chaz,Webb,2018-09-08,,Software Engineer,Active,Contract,Full-Time,Unk,,,MA,Laborer,FEMALE,56708,Fully Meets,3,False,316,False,2026-08-31 17:32:05,1316,64441.16,USD,2026-08-31 17:32:05
1056,Desmond,Anderson,2021-11-18,,Software Engineer,Active,Contract,Temporary,Unk,,1943-01-09,MA,Driver,MALE,12869,Fully Meets,3,False,335,False,2026-08-31 17:32:05,1316,73072.09,USD,2026-08-31 17:32:05
1057,Sophie,Decker,2023-07-01,,Software Engineer,Active,Full-Time,Full-Time,Unk,,,MA,Foreman,MALE,18240,Fully Meets,3,False,336,False,2026-08-31 17:32:05,1316,77364.56,USD,2026-08-31 17:32:05
1058,Lena,Bryan,2022-04-18,,Software Engineer,Active,Contract,Temporary,Unk,,,MA,Technician,MALE,77311,Fully Meets,3,False,337,False,2026-08-31 17:32:05,1316,73790.41,USD,2026-08-31 17:32:05
1059,Kelsie,Mccormick,2023-04-29,,Software Engineer,Active,Part-Time,Full-Time,Unk,,,MA,Engineer,FEMALE,63959,Fully Meets,3,False,296,False,2026-08-31 17:32:05,1316,46293.98,USD,2026-08-31 17:32:05
1060,Frida,Livingston,2018-10-10,2018-12-25,Shared Services Manager,Terminated,Part-Time,Full-Time,Voluntary,Left due to lack of flexibility around hybrid work policies and long commute times.,1976-05-02,MA,Project Manager,FEMALE,20331,Fully Meets,3,False,338,False,2026-08-31 17:32:05,1316,83044.58,USD,2026-08-31 17:32:05
1061,Isai,Alvarado,2022-11-20,,Shared Services Manager,Active,Part-Time,Part-Time,Unk,,,MA,Specialist,FEMALE,45515,Fully Meets,3,False,339,False,2026-08-31 17:32:05,1316,71704.45,USD,2026-08-31 17:32:05
1062,Travis,Vasquez,2019-05-18,2020-01-14,Software Engineer,Voluntarily Terminated,Part-Time,Part-Time,Involuntary,,1969-03-11,MA,Program Manager,MALE,59717,Fully Meets,3,False,296,False,2026-08-31 17:32:05,1316,48824.88,USD,2026-08-31 17:32:05
1063,Jazlene,Maynard,2021-06-22,,Software Engineer,Active,Full-Time,Temporary,Unk,,,MA,Foreman,FEMALE,15748,Fully Meets,3,False,340,False,2026-08-31 17:32:05,1316,68635.7,USD,2026-08-31 17:32:05
1064,Wyatt,Donovan,2022-03-30,2022-04-13,Software Engineer,Voluntarily Terminated,Part-Time,Part-Time,Retirement,,,MA,Technician,MALE,67106,Fully Meets,3,False,300,False,2026-08-31 17:32:05,1316,69964.04,USD,2026-08-31 17:32:05
1065,Nathaly,Cooper,2018-08-28,,Software Engineer,Active,Contract,Temporary,Unk,,,MA,Engineer,MALE,33438,Fully Meets,3,False,341,False,2026-08-31 17:32:05,1316,72080.22,USD,2026-08-31 17:32:05
1066,Gage,Weeks,2021-12-27,2023-01-05,Software Engineer,Terminated,Full-Time,Temporary,Voluntary,Left due to lack of flexibility around hybrid work policies and long commute times.,,MA,Operator,MALE,61106,Fully Meets,3,False,342,False,2026-08-31 17:32:05,1316,75290.98,USD,2026-08-31 17:32:05
1067,Gavin,Frye,2020-11-14,,Software Engineer,Active,Part-Time,Temporary,Unk,,1948-07-12,MA,Technician,FEMALE,25160,Fully Meets,3,False,322,False,2026-08-31 17:32:05,1316,70880.1,USD,2026-08-31 17:32:05
1068,Amber,Ross,2021-10-01,,Software Engineer,Active,Full-Time,Part-Time,Unk,,,MA,Project Manager,FEMALE,52694,Fully Meets,3,False,343,False,2026-08-31 17:32:05,1316,98030.51,USD,2026-08-31 17:32:05
1069,Wyatt,Edwards,2018-10-13,2023-05-28,Shared Services Manager,Terminated,Full-Time,Part-Time,Resignation,Left due to lack of flexibility around hybrid work policies and long commute times.,,MA,Foreman,FEMALE,30264,Fully Meets,3,False,317,False,2026-08-31 17:32:05,1316,71713.73,USD,2026-08-31 17:32:05
1070,Karla,Reed,2018-12-15,2022-05-28,Shared Services Manager,Terminated,Full-Time,Temporary,Resignation,Terminated due to persistent low performance scores and disengagement following team restructuring.,1998-04-11,MA,Project Manager,MALE,22326,Fully Meets,3,False,344,False,2026-08-31 17:32:05,1316,78208.73,USD,2026-08-31 17:32:05
1071,Yadira,Mcmillan,2019-03-28,2020-10-17,Software Engineer,Voluntarily Terminated,Contract,Part-Time,Involuntary,,,MA,Laborer,MALE,30139,Fully Meets,3,False,345,False,2026-08-31 17:32:05,1316,66766.42,USD,2026-08-31 17:32:05
1072,Fernando,Mcconnell,2018-12-27,,Software Engineer,Active,Part-Time,Part-Time,Unk,,,MA,Operator,FEMALE,93329,Fully Meets,3,False,346,False,2026-08-31 17:32:05,1316,75034.39,USD,2026-08-31 17:32:05
1073,Sean,Bean,2019-05-11,,Software Engineer,Active,Full-Time,Full-Time,Unk,,,MA,Foreman,MALE,67825,Fully Meets,3,False,347,False,2026-08-31 17:32:05,1090,45157.5,USD,2026-08-31 17:32:05
1074,Lilianna,Mccall,2021-02-19,2023-02-24,Software Engineer,Voluntarily Terminated,Full-Time,Temporary,Voluntary,,1983-08-07,MA,Laborer,MALE,86545,Fully Meets,3,False,302,False,2026-08-31 17:32:05,1316,63012.03,USD,2026-08-31 17:32:05
1075,Salvador,Thomas,2022-11-05,2023-04-16,Software Engineer,Terminated,Part-Time,Full-Time,Involuntary,Left due to lack of flexibility around hybrid work policies and long commute times.,,MA,Engineer,MALE,76670,Fully Meets,3,False,341,False,2026-08-31 17:32:05,1316,68705.06,USD,2026-08-31 17:32:05
1076,Jair,Silva,2020-03-22,2020-09-28,Software Engineer,Terminated,Contract,Part-Time,Retirement,Terminated due to persistent low performance scores and disengagement following team restructuring.,,MA,Administrative,FEMALE,29368,Fully Meets,3,False,348,False,2026-08-31 17:32:05,1316,46036.26,USD,2026-08-31 17:32:05
1077,Derek,Moreno,2019-02-02,,Software Engineer,Active,Contract,Temporary,Unk,,1992-10-05,MA,Foreman,FEMALE,97585,Fully Meets,3,False,349,False,2026-08-31 17:32:05,1316,59047.44,USD,2026-08-31 17:32:05
1078,Litzy,Conner,2020-02-24,2021-06-16,Software Engineer,Terminated,Contract,Temporary,Voluntary,Left due to lack of flexibility around hybrid work policies and long commute times.,,MA,Foreman,FEMALE,42710,Fully Meets,3,False,323,False,2026-08-31 17:32:05,1316,76347.22,USD,2026-08-31 17:32:05
1079,Joanna,Burnett,2021-04-07,2022-05-01,Shared Services Manager,Terminated,Part-Time,Full-Time,Resignation,Terminated due to persistent low performance scores and disengagement following team restructuring.,2000-11-04,MA,Manager,FEMALE,21279,Fully Meets,3,False,350,False,2026-08-31 17:32:05,1316,93506.45,USD,2026-08-31 17:32:05
1080,Abdullah,Frederick,2020-11-14,,Shared Services Manager,Active,Part-Time,Full-Time,Unk,,1988-04-08,MA,Engineer,MALE,17976,Fully Meets,3,False,318,False,2026-08-31 17:32:05,1316,78318.04,USD,2026-08-31 17:32:05
1081,Armani,Porter,2022-01-17,2022-08-10,Software Engineer,Voluntarily Terminated,Contract,Part-Time,Involuntary,,,MA,Laborer,MALE,53628,Fully Meets,3,False,332,False,2026-08-31 17:32:05,1316,74847.34,USD,2026-08-31 17:32:05
1082,Taylor,Sanders,2021-09-02,2023-06-27,Software Engineer,Terminated,Part-Time,Part-Time,Retirement,Terminated due to persistent low performance scores and disengagement following team restructuring.,1976-03-03,MA,Technician,MALE,84761,Fully Meets,3,False,306,False,2026-08-31 17:32:05,1316,57181.1,USD,2026-08-31 17:32:05
1083,Iliana,Randall,2023-07-30,,Software Engineer,Active,Part-Time,Full-Time,Unk,,1963-09-01,MA,Supervisor,FEMALE,2187,Fully Meets,3,False,351,False,2026-08-31 17:32:05,1316,74867.06,USD,2026-08-31 17:32:05
1084,Luke,Henderson,2023-06-27,,Software Engineer,Active,Contract,Part-Time,Unk,,1989-12-08,MA,Administrator,MALE,76615,Fully Meets,3,False,352,False,2026-08-31 17:32:05,1316,55463.03,USD,2026-08-31 17:32:05
1085,Madelyn,Lambert,2022-03-27,,Software Engineer,Active,Contract,Full-Time,Unk,,1952-10-03,MA,Lineman,MALE,18707,Fully Meets,3,False,321,False,2026-08-31 17:32:05,1316,65661.21,USD,2026-08-31 17:32:05
1086,Ava,Pace,2022-08-12,2022-10-20,Software Engineer,Terminated,Contract,Temporary,Voluntary,Resigned citing below-market compensation and lack of annual salary adjustments.,,MA,Supervisor,FEMALE,23203,Fully Meets,3,False,300,False,2026-08-31 17:32:05,1316,58892.9,USD,2026-08-31 17:32:05
1087,Delaney,Bruce,2022-07-08,2023-08-04,Software Engineer,Terminated,Part-Time,Part-Time,Voluntary,Left due to lack of flexibility around hybrid work policies and long commute times.,1974-05-08,MA,Tower Hand,FEMALE,18844,Fully Meets,3,False,322,False,2026-08-31 17:32:05,1316,54618.88,USD,2026-08-31 17:32:05
1088,Jair,Bullock,2020-08-15,2021-01-23,Software Engineer,Terminated,Contract,Part-Time,Resignation,Terminated due to persistent low performance scores and disengagement following team restructuring.,1991-08-04,MA,Foreman,FEMALE,64815,Fully Meets,3,False,317,False,2026-08-31 17:32:05,1023,76029.51,USD,2026-08-31 17:32:05
1089,Kayla,Farrell,2023-05-27,2023-06-14,Software Engineer,Terminated,Full-Time,Temporary,Involuntary,Resigned citing below-market compensation and lack of annual salary adjustments.,,MA,Groundman,FEMALE,69860,Fully Meets,3,False,353,False,2026-08-31 17:32:05,1316,51565.78,USD,2026-08-31 17:32:05
1090,Taylor,Gamble,2023-01-02,,Shared Services Manager,Active,Part-Time,Full-Time,Unk,,,MA,Technician,FEMALE,93542,Fully Meets,3,False,347,False,2026-08-31 17:32:05,1316,72968.41,USD,2026-08-31 17:32:05
1091,Carl,Desimone,2018-11-16,2021-04-03,Production Technician I,Terminated,Contract,Temporary,Involuntary,Terminated due to persistent low performance scores and disengagement following team restructuring.,,MA,Supervisor,MALE,2061,Fully Meets,3,False,132,False,2026-08-31 17:32:05,2341,56967.44,USD,2026-08-31 17:32:05
1092,Sophia,Theamstern,2022-07-12,,Production Technician I,Active,Part-Time,Full-Time,Unk,,,MA,Clerk,FEMALE,2066,Fully Meets,3,False,98,False,2026-08-31 17:32:05,2294,70117.37,USD,2026-08-31 17:32:05
1093,Kara,Harrison,2022-12-16,,Production Technician I,Active,Contract,Part-Time,Unk,,,MA,Engineer,FEMALE,1886,Fully Meets,3,False,129,False,2026-08-31 17:32:05,2393,73260.11,USD,2026-08-31 17:32:05
1094,Ming,Huynh,2023-05-08,,Production Technician II,Active,Part-Time,Full-Time,Unk,,,MA,Foreman,FEMALE,1742,Fully Meets,3,False,91,False,2026-08-31 17:32:05,2364,79956.02,USD,2026-08-31 17:32:05
1095,Karen,Mancuso,2023-04-07,,Production Technician II,Active,Full-Time,Temporary,Unk,,,MA,Engineer,FEMALE,2176,Fully Meets,3,False,108,False,2026-08-31 17:32:05,1316,55372.67,USD,2026-08-31 17:32:05
1096,Linda,Anderson,2022-02-15,2022-10-19,Production Technician I,Terminated,Part-Time,Part-Time,Voluntary,Left due to lack of flexibility around hybrid work policies and long commute times.,1973-11-01,MA,Mechanic,FEMALE,1844,Fully Meets,3,False,191,False,2026-08-31 17:32:05,2458,59277.97,USD,2026-08-31 17:32:05
1097,Nilson,Fernandes,2023-07-17,2023-08-03,Production Technician I,Terminated,Contract,Part-Time,Involuntary,Terminated due to persistent low performance scores and disengagement following team restructuring.,1999-02-08,MA,Technician,MALE,2132,Fully Meets,3,False,106,False,2026-08-31 17:32:05,2295,49788.74,USD,2026-08-31 17:32:05
1098,Alain,Robinson,2019-05-03,2023-06-02,Production Technician I,Voluntarily Terminated,Part-Time,Temporary,Involuntary,,1993-10-01,MA,Engineer,MALE,1420,Fully Meets,3,False,354,False,2026-08-31 17:32:05,1316,65120.52,USD,2026-08-31 17:32:05
1099,Seffi,Shields,2022-03-25,2022-04-22,Production Technician I,Terminated,Part-Time,Part-Time,Retirement,Left due to lack of flexibility around hybrid work policies and long commute times.,,MA,Laborer,FEMALE,2149,Fully Meets,3,False,106,False,2026-08-31 17:32:05,2295,79915.3,USD,2026-08-31 17:32:05
1100,Horia,Ndzi,2020-04-07,,Production Technician I,Active,Full-Time,Temporary,Unk,,1964-10-05,MA,Laborer,MALE,2421,Fully Meets,3,False,91,False,2026-08-31 17:32:05,2364,69530.84,USD,2026-08-31 17:32:05
1101,Evelyn,Girifalco,2021-03-10,,Production Technician I,Active,Full-Time,Part-Time,Unk,,,MA,Engineer,FEMALE,2451,Fully Meets,3,False,128,False,2026-08-31 17:32:05,1316,65832.45,USD,2026-08-31 17:32:05
1102,Ermine,Pelletier,2019-08-04,,Production Technician II,Active,Part-Time,Part-Time,Unk,,,MA,Groundman,FEMALE,2472,Fully Meets,3,False,135,False,2026-08-31 17:32:05,1316,58732.92,USD,2026-08-31 17:32:05
1103,Samuel,Maclennan,2021-04-11,2023-05-27,Production Technician I,Voluntarily Terminated,Full-Time,Temporary,Involuntary,,1957-02-04,MA,Splicer,MALE,1938,Fully Meets,3,False,355,False,2026-08-31 17:32:05,1316,77035.46,USD,2026-08-31 17:32:05
1104,Sean,Bernstein,2019-06-16,,Production Technician I,Active,Part-Time,Temporary,Unk,,,MA,Supervisor,MALE,2072,Fully Meets,3,False,124,False,2026-08-31 17:32:05,2395,62392.08,USD,2026-08-31 17:32:05
1105,Shakira,Perry,2020-10-08,2022-12-04,Production Technician I,Voluntarily Terminated,Contract,Full-Time,Voluntary,,1948-11-10,MA,Technician,FEMALE,2176,Fully Meets,3,False,139,False,2026-08-31 17:32:05,2357,49702.84,USD,2026-08-31 17:32:05
1106,Michael J,Fitzpatrick,2021-08-18,,Production Technician II,Active,Full-Time,Temporary,Unk,,1995-01-01,MA,Lineman,MALE,2143,Fully Meets,3,False,131,False,2026-08-31 17:32:05,1316,57788.25,USD,2026-08-31 17:32:05
1107,Cybil,Trzeciak,2020-03-16,,Production Technician II,Active,Contract,Part-Time,Unk,,1992-09-02,MA,Laborer,FEMALE,1778,Fully Meets,3,False,113,False,2026-08-31 17:32:05,1144,47350.83,USD,2026-08-31 17:32:05
1108,Barry,Wilber,2019-01-24,,Production Technician I,Active,Full-Time,Full-Time,Unk,,,MA,Flagger,MALE,2324,Fully Meets,3,False,112,False,2026-08-31 17:32:05,2340,52069.27,USD,2026-08-31 17:32:05
1109,Enola,Chivukula,2022-06-11,2022-09-25,Production Technician I,Voluntarily Terminated,Full-Time,Part-Time,Retirement,,1981-01-10,MA,Laborer,FEMALE,1775,Fully Meets,3,False,91,False,2026-08-31 17:32:05,2364,45618.41,USD,2026-08-31 17:32:05
1110,Joelle,Burke,2022-07-02,,Production Technician II,Active,Full-Time,Temporary,Unk,,1987-05-05,MA,Foreman,FEMALE,2148,Fully Meets,3,False,189,False,2026-08-31 17:32:05,2291,60864.8,USD,2026-08-31 17:32:05
1111,Alexandra,Kirill,2019-09-08,2020-08-29,Production Technician I,Voluntarily Terminated,Full-Time,Part-Time,Retirement,,,MA,Splicer,FEMALE,2127,Fully Meets,3,False,355,False,2026-08-31 17:32:05,1316,67208.91,USD,2026-08-31 17:32:05
1112,Celeste,Johnson,2022-07-10,,Production Technician I,Active,Full-Time,Part-Time,Unk,,,MA,Project Manager,FEMALE,84262,Fully Meets,3,False,176,False,2026-08-31 17:32:05,2365,57015.24,USD,2026-08-31 17:32:05
1113,Nathalia,Hendrix,2022-04-24,,Production Technician I,Active,Contract,Part-Time,Unk,,1976-03-09,MA,Lineman,FEMALE,31490,Fully Meets,3,False,189,False,2026-08-31 17:32:05,2291,59713.36,USD,2026-08-31 17:32:05
1114,Justus,Bowen,2020-03-31,,Production Technician I,Active,Full-Time,Part-Time,Unk,,,MA,Laborer,FEMALE,59522,Fully Meets,3,False,139,False,2026-08-31 17:32:05,1932,78572.32,USD,2026-08-31 17:32:05
1115,Marcus,Bender,2019-03-23,,Production Technician I,Active,Contract,Part-Time,Unk,,,MA,Technician,MALE,63452,Fully Meets,3,False,98,False,2026-08-31 17:32:05,2294,71318.71,USD,2026-08-31 17:32:05
1116,Ryker,Logan,2019-03-09,2023-07-12,Production Technician I,Voluntarily Terminated,Full-Time,Full-Time,Voluntary,,1984-10-08,MA,Clerk,MALE,50055,Fully Meets,3,False,106,False,2026-08-31 17:32:05,2295,63929.98,USD,2026-08-31 17:32:05
1117,Payten,Middleton,2019-02-21,2019-03-06,Production Technician I,Voluntarily Terminated,Full-Time,Temporary,Resignation,,,MA,Technician,MALE,6139,Fully Meets,3,False,112,False,2026-08-31 17:32:05,2340,54958.93,USD,2026-08-31 17:32:05
1118,Harrison,Hunt,2019-10-04,2022-11-26,Production Technician I,Terminated,Full-Time,Temporary,Retirement,Terminated due to persistent low performance scores and disengagement following team restructuring.,,MA,Project Manager,MALE,44761,Fully Meets,3,False,108,False,2026-08-31 17:32:05,1316,76394.89,USD,2026-08-31 17:32:05
1119,Orlando,Henderson,2019-11-24,2020-12-20,Production Technician I,Terminated,Part-Time,Part-Time,Involuntary,Resigned citing below-market compensation and lack of annual salary adjustments.,,MA,Laborer,FEMALE,49105,Fully Meets,3,False,97,False,2026-08-31 17:32:05,1165,53228.4,USD,2026-08-31 17:32:05
1120,Darian,Potts,2020-08-17,,Production Technician I,Active,Part-Time,Temporary,Unk,,,MA,Administration,FEMALE,24637,Fully Meets,3,False,356,False,2026-08-31 17:32:05,1316,56387.0,USD,2026-08-31 17:32:05
1121,Isabela,Collins,2021-03-16,,Production Manager,Active,Part-Time,Full-Time,Unk,,,MA,Lineman,FEMALE,87582,Fully Meets,3,False,2,False,2026-08-31 17:32:05,1316,101817.27,USD,2026-08-31 17:32:05
1122,Sierra,Macias,2021-11-16,2022-08-26,Production Manager,Terminated,Contract,Part-Time,Retirement,Resigned citing below-market compensation and lack of annual salary adjustments.,,MA,Technician,FEMALE,35632,Fully Meets,3,False,148,False,2026-08-31 17:32:05,2304,88533.97,USD,2026-08-31 17:32:05
1123,Giuliana,Farmer,2022-05-03,,Production Manager,Active,Full-Time,Full-Time,Unk,,1965-06-11,MA,Lineman,FEMALE,38475,Fully Meets,3,False,82,False,2026-08-31 17:32:05,1316,95981.13,USD,2026-08-31 17:32:05
1124,Pierce,Robbins,2019-12-24,2022-11-11,Production Manager,Terminated,Full-Time,Full-Time,Involuntary,Terminated due to persistent low performance scores and disengagement following team restructuring.,,MA,Technician,FEMALE,80817,Fully Meets,3,False,96,False,2026-08-31 17:32:05,1316,90676.07,USD,2026-08-31 17:32:05
1125,Lamont,Bridges,2021-10-21,,Production Technician II,Active,Contract,Part-Time,Unk,,1991-05-05,MA,Lineman,MALE,10511,Fully Meets,3,False,357,False,2026-08-31 17:32:05,2297,67870.37,USD,2026-08-31 17:32:05
1126,Gretchen,Richard,2018-09-08,2020-03-06,Production Technician II,Voluntarily Terminated,Part-Time,Temporary,Retirement,,,MA,Engineer,MALE,6305,Fully Meets,3,False,129,False,2026-08-31 17:32:05,2393,55478.42,USD,2026-08-31 17:32:05
1127,Axel,Hart,2019-02-26,,Production Technician II,Active,Full-Time,Full-Time,Unk,,,MA,Technician,MALE,33576,Fully Meets,3,False,139,False,2026-08-31 17:32:05,2357,53448.02,USD,2026-08-31 17:32:05
1128,Emma,Escobar,2023-04-21,,Production Technician II,Active,Part-Time,Part-Time,Unk,,,MA,Technician,FEMALE,12707,Fully Meets,3,False,84,False,2026-08-31 17:32:05,2324,56287.23,USD,2026-08-31 17:32:05
1129,Maximilian,Craig,2019-09-19,2021-10-23,Production Technician II,Voluntarily Terminated,Full-Time,Part-Time,Resignation,,,MA,Tower Hand,FEMALE,73131,Fully Meets,3,False,130,False,2026-08-31 17:32:05,2277,50440.45,USD,2026-08-31 17:32:05
1130,Erik,Padilla,2020-12-23,,Production Technician I,Active,Contract,Part-Time,Unk,,,MA,Intern,FEMALE,37659,Fully Meets,3,False,358,False,2026-08-31 17:32:05,1316,75601.0,USD,2026-08-31 17:32:05
1131,Gilbert,Duffy,2019-03-29,,Production Technician I,Active,Part-Time,Part-Time,Unk,,,MA,Operator,FEMALE,48502,Fully Meets,3,False,147,False,2026-08-31 17:32:05,1316,54913.64,USD,2026-08-31 17:32:05
1132,Raymond,Ayers,2021-05-15,2023-05-03,Production Technician I,Voluntarily Terminated,Contract,Full-Time,Involuntary,,1963-04-11,MA,Laborer,FEMALE,88428,Fully Meets,3,False,172,False,2026-08-31 17:32:05,1187,64652.13,USD,2026-08-31 17:32:05
1133,Vincent,Wyatt,2022-03-14,2022-10-02,Production Technician I,Voluntarily Terminated,Full-Time,Part-Time,Voluntary,,,MA,Engineer,FEMALE,95347,Fully Meets,3,False,89,False,2026-08-31 17:32:05,1316,72719.1,USD,2026-08-31 17:32:05
1134,Micah,Stanley,2021-12-06,2022-01-08,Production Technician I,Voluntarily Terminated,Part-Time,Temporary,Retirement,,1996-07-09,MA,Technician,FEMALE,80920,Fully Meets,3,False,84,False,2026-08-31 17:32:05,2324,72433.84,USD,2026-08-31 17:32:05
1135,Evan,Chen,2021-10-27,,Production Technician I,Active,Full-Time,Temporary,Unk,,,MA,Principal,MALE,7440,Fully Meets,3,False,114,False,2026-08-31 17:32:05,1316,60343.52,USD,2026-08-31 17:32:05
1136,Serenity,Thornton,2023-04-01,,Production Technician I,Active,Full-Time,Temporary,Unk,,,MA,Driver,MALE,84202,Fully Meets,3,False,106,False,2026-08-31 17:32:05,2295,61669.01,USD,2026-08-31 17:32:05
1137,Talan,Rivas,2019-05-29,,Production Technician I,Active,Full-Time,Part-Time,Unk,,,MA,Laborer,MALE,3187,Fully Meets,3,False,91,False,2026-08-31 17:32:05,2364,79814.56,USD,2026-08-31 17:32:05
1138,Calvin,Braun,2019-07-12,2022-07-12,Production Technician I,Terminated,Full-Time,Temporary,Involuntary,Left due to lack of flexibility around hybrid work policies and long commute times.,1983-02-08,MA,Coordinator,MALE,2766,Fully Meets,3,False,103,False,2026-08-31 17:32:05,1316,68610.91,USD,2026-08-31 17:32:05
1139,Cale,Bender,2018-08-10,2022-02-21,Production Technician I,Terminated,Contract,Temporary,Involuntary,Terminated due to persistent low performance scores and disengagement following team restructuring.,1953-11-04,MA,Technician,MALE,75014,Fully Meets,3,False,167,False,2026-08-31 17:32:05,1316,73512.35,USD,2026-08-31 17:32:05
1140,Kirsten,Vance,2021-09-29,,Production Technician I,Active,Part-Time,Full-Time,Unk,,1988-11-08,MA,Engineer,FEMALE,53486,Fully Meets,3,False,160,False,2026-08-31 17:32:05,2435,76589.39,USD,2026-08-31 17:32:05
1141,Cade,Cox,2021-08-05,,Production Technician I,Active,Contract,Full-Time,Unk,,,MA,Locator,FEMALE,73898,Fully Meets,3,False,86,False,2026-08-31 17:32:05,2298,72565.64,USD,2026-08-31 17:32:05
1142,Ibrahim,Wolfe,2023-08-02,,Production Manager,Active,Full-Time,Temporary,Unk,,1992-10-11,MA,Coordinator,FEMALE,89723,Fully Meets,3,False,179,False,2026-08-31 17:32:05,1316,76481.28,USD,2026-08-31 17:32:05
1143,Elianna,Schmitt,2018-09-02,2021-07-28,Production Manager,Terminated,Contract,Full-Time,Resignation,Resigned citing below-market compensation and lack of annual salary adjustments.,,MA,Lineman,FEMALE,46695,Fully Meets,3,False,105,False,2026-08-31 17:32:05,1316,89675.98,USD,2026-08-31 17:32:05
1144,Colby,Wolfe,2019-10-13,,Production Manager,Active,Part-Time,Part-Time,Unk,,,MA,Project Manager,FEMALE,12711,Fully Meets,3,False,113,False,2026-08-31 17:32:05,1316,73566.3,USD,2026-08-31 17:32:05
1145,Autumn,Barrera,2020-09-24,,Production Technician II,Active,Contract,Full-Time,Unk,,1948-04-03,MA,Shop,MALE,66792,Fully Meets,3,False,117,False,2026-08-31 17:32:05,1316,67852.27,USD,2026-08-31 17:32:05
1146,Emmalee,Cervantes,2023-08-06,,Production Technician II,Active,Contract,Part-Time,Unk,,1963-10-11,MA,Groundman,MALE,81317,Fully Meets,3,False,106,False,2026-08-31 17:32:05,2295,78437.23,USD,2026-08-31 17:32:05
1147,Ernest,Willis,2019-06-11,2022-02-27,Production Technician II,Voluntarily Terminated,Full-Time,Full-Time,Involuntary,,,MA,Lineman,FEMALE,50894,Fully Meets,3,False,110,False,2026-08-31 17:32:05,2287,62945.62,USD,2026-08-31 17:32:05
1148,Jaxon,Anderson,2019-02-14,,Production Technician II,Active,Part-Time,Temporary,Unk,,,MA,Project Manager,FEMALE,22415,Fully Meets,3,False,161,False,2026-08-31 17:32:05,1209,60154.04,USD,2026-08-31 17:32:05
1149,Precious,Caldwell,2022-03-17,,Production Technician II,Active,Part-Time,Temporary,Unk,,,MA,Locator,FEMALE,5855,Fully Meets,3,False,82,False,2026-08-31 17:32:05,1123,46254.5,USD,2026-08-31 17:32:05
1150,Yahir,Serrano,2020-08-05,,Production Technician I,Active,Part-Time,Full-Time,Unk,,1981-03-04,MA,Lineman,FEMALE,64124,Fully Meets,3,False,138,False,2026-08-31 17:32:05,1316,78592.11,USD,2026-08-31 17:32:05
1151,Krystal,Peterson,2022-08-23,,Production Technician I,Active,Part-Time,Part-Time,Unk,,,MA,Laborer,MALE,2497,Fully Meets,3,False,91,False,2026-08-31 17:32:05,2364,48605.09,USD,2026-08-31 17:32:05
1152,Jadyn,Haley,2023-01-12,,Production Technician I,Active,Full-Time,Full-Time,Unk,,1963-02-10,MA,Engineer,FEMALE,36242,Fully Meets,3,False,114,False,2026-08-31 17:32:05,1316,46437.77,USD,2026-08-31 17:32:05
1153,Davis,Roberts,2020-04-14,2021-09-10,Production Technician I,Voluntarily Terminated,Part-Time,Temporary,Resignation,,,MA,Laborer,FEMALE,87428,Fully Meets,3,False,91,False,2026-08-31 17:32:05,2364,53612.33,USD,2026-08-31 17:32:05
1154,Meadow,Avery,2021-09-27,2023-02-05,Production Technician I,Voluntarily Terminated,Full-Time,Part-Time,Retirement,,1987-01-11,MA,Laborer,FEMALE,76772,Fully Meets,3,False,83,False,2026-08-31 17:32:05,2318,47293.57,USD,2026-08-31 17:32:05
1155,Allyson,Owen,2018-11-17,2020-03-12,Production Technician I,Voluntarily Terminated,Contract,Temporary,Resignation,,1951-06-11,MA,Clerk,FEMALE,21218,Fully Meets,3,False,165,False,2026-08-31 17:32:05,1316,60929.12,USD,2026-08-31 17:32:05
1156,Francisco,Simon,2019-07-22,2023-02-28,Production Technician I,Voluntarily Terminated,Contract,Full-Time,Voluntary,,,MA,Project Manager,MALE,94316,Fully Meets,3,False,359,False,2026-08-31 17:32:05,1316,63063.07,USD,2026-08-31 17:32:05
1157,Trent,Christian,2019-02-10,,Production Technician I,Active,Part-Time,Temporary,Unk,,,MA,Manager,MALE,39746,Fully Meets,3,False,360,False,2026-08-31 17:32:05,2368,55939.95,USD,2026-08-31 17:32:05
1158,Chaya,Boyd,2018-11-22,2020-07-19,Production Technician I,Voluntarily Terminated,Full-Time,Full-Time,Resignation,,1958-04-07,MA,Technician,MALE,96001,Fully Meets,3,False,106,False,2026-08-31 17:32:05,2295,46783.62,USD,2026-08-31 17:32:05
1159,Nehemiah,Rivas,2023-04-23,,Production Technician I,Active,Part-Time,Temporary,Unk,,1979-03-06,MA,Splicer,MALE,62733,Fully Meets,3,False,167,False,2026-08-31 17:32:05,1316,48906.01,USD,2026-08-31 17:32:05
1160,Wyatt,Spence,2022-12-26,2023-05-23,Production Technician I,Terminated,Part-Time,Full-Time,Retirement,Terminated due to persistent low performance scores and disengagement following team restructuring.,1976-10-09,MA,Flagger,FEMALE,66418,Fully Meets,3,False,88,False,2026-08-31 17:32:05,2398,58457.65,USD,2026-08-31 17:32:05
1161,Abram,Fisher,2020-06-14,,Production Technician I,Active,Contract,Part-Time,Unk,,,MA,Runner,FEMALE,78453,Fully Meets,3,False,186,False,2026-08-31 17:32:05,1316,47118.5,USD,2026-08-31 17:32:05
1162,Jayleen,Oconnell,2022-03-29,2023-05-20,Production Technician I,Terminated,Full-Time,Temporary,Resignation,Left due to lack of flexibility around hybrid work policies and long commute times.,,MA,Laborer,FEMALE,85444,Fully Meets,3,False,88,False,2026-08-31 17:32:05,2398,69436.64,USD,2026-08-31 17:32:05
1163,Jordon,Meadows,2022-12-18,,Production Manager,Active,Contract,Part-Time,Unk,,1996-07-02,MA,Manager,FEMALE,93166,Fully Meets,3,False,179,False,2026-08-31 17:32:05,1316,77245.72,USD,2026-08-31 17:32:05
1164,Justice,Pineda,2019-03-21,,Production Manager,Active,Part-Time,Part-Time,Unk,,,MA,Project Coordinator,FEMALE,12732,Fully Meets,3,False,361,False,2026-08-31 17:32:05,1316,80572.5,USD,2026-08-31 17:32:05
1165,Isiah,Decker,2021-02-08,,Production Manager,Active,Full-Time,Full-Time,Unk,,1998-09-09,MA,Laborer,FEMALE,48895,Fully Meets,3,False,97,False,2026-08-31 17:32:05,1316,83794.4,USD,2026-08-31 17:32:05
1166,Giada,Boone,2022-06-06,,Production Technician II,Active,Full-Time,Temporary,Unk,,,MA,Foreman,MALE,73043,Fully Meets,3,False,86,False,2026-08-31 17:32:05,2298,59581.34,USD,2026-08-31 17:32:05
1167,Camryn,Guerra,2021-11-01,,Production Technician II,Active,Contract,Full-Time,Unk,,1955-01-09,MA,Laborer,FEMALE,69064,Fully Meets,3,False,82,False,2026-08-31 17:32:05,1123,45058.12,USD,2026-08-31 17:32:05
1168,Melody,Rollins,2023-01-19,,Production Technician II,Active,Contract,Full-Time,Unk,,1951-10-01,MA,Assistant,FEMALE,85041,Fully Meets,3,False,105,False,2026-08-31 17:32:05,1143,48922.46,USD,2026-08-31 17:32:05
1169,Lucia,Cummings,2020-07-30,,Production Technician II,Active,Contract,Part-Time,Unk,,,MA,Operator,FEMALE,66037,Fully Meets,3,False,97,False,2026-08-31 17:32:05,1165,75196.76,USD,2026-08-31 17:32:05
1170,Jaylen,Serrano,2023-07-16,,Production Technician II,Active,Part-Time,Full-Time,Unk,,,MA,Laborer,FEMALE,53112,Fully Meets,3,False,362,False,2026-08-31 17:32:05,2453,45043.16,USD,2026-08-31 17:32:05
1171,Jayson,Bright,2022-06-16,,Production Technician I,Active,Part-Time,Part-Time,Unk,,,MA,Laborer,FEMALE,93320,Fully Meets,3,False,106,False,2026-08-31 17:32:05,2295,62785.86,USD,2026-08-31 17:32:05
1172,Carlie,Wilkerson,2021-06-13,2022-05-27,Production Technician I,Voluntarily Terminated,Full-Time,Full-Time,Voluntary,,,MA,Engineer,MALE,39849,Fully Meets,3,False,126,False,2026-08-31 17:32:05,2467,62132.57,USD,2026-08-31 17:32:05
1173,Kaylyn,Patrick,2020-11-14,2021-11-01,Production Technician I,Voluntarily Terminated,Full-Time,Full-Time,Resignation,,,MA,Manager,FEMALE,38596,Fully Meets,3,False,363,False,2026-08-31 17:32:05,1316,56658.3,USD,2026-08-31 17:32:05
1174,Evie,Pope,2020-06-16,2023-03-13,Production Technician I,Voluntarily Terminated,Full-Time,Temporary,Resignation,,1973-10-12,MA,Construction Manager,FEMALE,31731,Fully Meets,3,False,130,False,2026-08-31 17:32:05,2277,60096.45,USD,2026-08-31 17:32:05
1175,Nayeli,Kelley,2018-12-20,2020-12-24,Production Technician I,Voluntarily Terminated,Full-Time,Part-Time,Voluntary,,1996-04-08,MA,Laborer,FEMALE,38710,Fully Meets,3,False,196,False,2026-08-31 17:32:05,1316,72320.34,USD,2026-08-31 17:32:05
1176,Krista,Franco,2022-10-29,,Production Technician I,Active,Contract,Part-Time,Unk,,,MA,Project Manager,FEMALE,7184,Fully Meets,3,False,176,False,2026-08-31 17:32:05,2365,74442.13,USD,2026-08-31 17:32:05
1177,Teresa,Farrell,2020-07-20,,Production Technician I,Active,Contract,Temporary,Unk,,1968-06-07,MA,Lineman,FEMALE,13425,Fully Meets,3,False,172,False,2026-08-31 17:32:05,1187,54112.2,USD,2026-08-31 17:32:05
1178,Dorian,Fox,2021-10-03,2021-12-19,Production Technician I,Voluntarily Terminated,Contract,Part-Time,Involuntary,,1959-07-05,MA,Laborer,MALE,93796,Fully Meets,3,False,105,False,2026-08-31 17:32:05,1143,56287.17,USD,2026-08-31 17:32:05
1179,Madeleine,Sherman,2022-07-16,,Production Technician I,Active,Part-Time,Full-Time,Unk,,1990-08-09,MA,Supervisor,MALE,92453,Fully Meets,3,False,140,False,2026-08-31 17:32:05,1316,53486.9,USD,2026-08-31 17:32:05
1180,Allan,Butler,2020-06-30,,Production Technician I,Active,Full-Time,Full-Time,Unk,,,MA,Laborer,MALE,10449,Fully Meets,3,False,364,False,2026-08-31 17:32:05,2300,61795.22,USD,2026-08-31 17:32:05
1181,Nevaeh,Davila,2021-06-13,,Production Technician I,Active,Full-Time,Part-Time,Unk,,,MA,Laborer,MALE,14795,Fully Meets,3,False,365,False,2026-08-31 17:32:05,1316,68914.04,USD,2026-08-31 17:32:05
1182,Gunnar,Webster,2020-12-29,2022-10-24,Production Technician I,Terminated,Full-Time,Temporary,Voluntary,Resigned citing below-market compensation and lack of annual salary adjustments.,1973-09-12,MA,Splicer,FEMALE,60901,Fully Meets,3,False,366,False,2026-08-31 17:32:05,2451,52988.85,USD,2026-08-31 17:32:05
1183,Aydin,Tate,2022-02-03,,Production Technician I,Active,Part-Time,Full-Time,Unk,,,MA,Technician,FEMALE,64083,Fully Meets,3,False,367,False,2026-08-31 17:32:05,1316,56575.75,USD,2026-08-31 17:32:05
1184,Patrick,Mckinney,2022-01-10,2023-05-11,Production Technician I,Terminated,Full-Time,Temporary,Involuntary,Terminated due to persistent low performance scores and disengagement following team restructuring.,1951-01-10,MA,Foreman,FEMALE,50781,Fully Meets,3,False,368,False,2026-08-31 17:32:05,2363,77563.46,USD,2026-08-31 17:32:05
1185,Milagros,Foley,2018-12-13,,Production Manager,Active,Part-Time,Full-Time,Unk,,,MA,Engineer,FEMALE,67399,Fully Meets,3,False,192,False,2026-08-31 17:32:05,1316,71699.93,USD,2026-08-31 17:32:05
1186,Rachael,Buck,2021-03-03,,Production Manager,Active,Full-Time,Temporary,Unk,,,MA,Tester,FEMALE,82086,Fully Meets,3,False,123,False,2026-08-31 17:32:05,1316,86126.94,USD,2026-08-31 17:32:05
1187,Rigoberto,Townsend,2021-07-04,,Production Manager,Active,Part-Time,Full-Time,Unk,,,MA,Supervisor,FEMALE,97001,Fully Meets,3,False,172,False,2026-08-31 17:32:05,1316,94904.53,USD,2026-08-31 17:32:05
1188,Reagan,Odonnell,2020-02-06,2021-07-21,Production Technician II,Voluntarily Terminated,Contract,Part-Time,Retirement,,,MA,Estimator,MALE,13562,Fully Meets,3,False,369,False,2026-08-31 17:32:05,2400,50265.89,USD,2026-08-31 17:32:05
1189,Roy,Morse,2020-06-28,2022-07-11,Production Technician II,Voluntarily Terminated,Contract,Full-Time,Involuntary,,1988-07-03,MA,Engineer,FEMALE,55949,Fully Meets,3,False,370,False,2026-08-31 17:32:05,2286,46658.09,USD,2026-08-31 17:32:05
1190,Rafael,Buchanan,2020-12-22,2021-11-20,Production Technician II,Voluntarily Terminated,Contract,Full-Time,Resignation,,,MA,Project Manager,FEMALE,88496,Fully Meets,3,False,371,False,2026-08-31 17:32:05,1316,49837.19,USD,2026-08-31 17:32:05
1191,Kaitlynn,Herman,2019-11-24,,Production Technician II,Active,Full-Time,Full-Time,Unk,,,MA,Billing,FEMALE,55947,Fully Meets,3,False,113,False,2026-08-31 17:32:05,1144,77158.81,USD,2026-08-31 17:32:05
1192,Marquise,Santana,2022-09-23,,Production Technician II,Active,Full-Time,Full-Time,Unk,,1988-07-12,MA,Technician,FEMALE,75540,Fully Meets,3,False,120,False,2026-08-31 17:32:05,2336,45324.09,USD,2026-08-31 17:32:05
1193,Jamarion,Mitchell,2020-02-06,2022-01-23,Production Technician I,Voluntarily Terminated,Full-Time,Temporary,Involuntary,,,MA,Foreman,FEMALE,68342,Fully Meets,3,False,87,False,2026-08-31 17:32:05,2449,51591.27,USD,2026-08-31 17:32:05
1194,Gabrielle,Hardy,2019-01-14,2021-08-06,Production Technician I,Voluntarily Terminated,Full-Time,Temporary,Resignation,,1953-08-03,MA,Foreman,MALE,5779,Fully Meets,3,False,91,False,2026-08-31 17:32:05,2364,46094.92,USD,2026-08-31 17:32:05
1195,Savion,Stokes,2019-06-25,2022-05-15,Production Technician I,On Leave,Part-Time,Part-Time,Retirement,,,MA,Foreman,FEMALE,91065,Fully Meets,3,False,365,False,2026-08-31 17:32:05,1316,48872.03,USD,2026-08-31 17:32:05
1196,Trevin,Summers,2019-03-09,,Production Technician I,Active,Part-Time,Temporary,Unk,,1978-07-11,MA,Administrator,FEMALE,47386,Fully Meets,3,False,124,False,2026-08-31 17:32:05,2395,66705.23,USD,2026-08-31 17:32:05
1197,Hailie,Bell,2020-06-13,,Production Technician I,Active,Full-Time,Part-Time,Unk,,1958-12-06,MA,Administrative,FEMALE,38009,Fully Meets,3,False,372,False,2026-08-31 17:32:05,1316,53457.36,USD,2026-08-31 17:32:05
1198,Audrey,Stevens,2019-01-22,,Production Technician I,Active,Contract,Part-Time,Unk,,,MA,Laborer,FEMALE,61843,Fully Meets,3,False,82,False,2026-08-31 17:32:05,1123,64922.42,USD,2026-08-31 17:32:05
1199,Jason,Munoz,2020-12-12,,Production Technician I,Active,Full-Time,Part-Time,Unk,,,MA,Laborer,FEMALE,75258,Fully Meets,3,False,105,False,2026-08-31 17:32:05,1143,65656.84,USD,2026-08-31 17:32:05
1200,Carlee,Foley,2022-04-27,,Production Technician I,Active,Part-Time,Full-Time,Unk,,1977-08-10,MA,Laborer,FEMALE,62616,Fully Meets,3,False,84,False,2026-08-31 17:32:05,2324,74730.24,USD,2026-08-31 17:32:05
1201,Sarahi,Dodson,2022-04-11,2022-09-26,Production Technician I,Voluntarily Terminated,Contract,Part-Time,Voluntary,,,MA,Flagger,MALE,53450,Fully Meets,3,False,120,False,2026-08-31 17:32:05,2336,45165.95,USD,2026-08-31 17:32:05
1202,Faith,Carey,2022-09-01,2022-12-02,Production Technician I,Voluntarily Terminated,Contract,Temporary,Voluntary,,,MA,Model Assistant,MALE,9799,Fully Meets,3,False,99,False,2026-08-31 17:32:05,1316,74867.93,USD,2026-08-31 17:32:05
1203,Mylie,Salazar,2018-09-08,,Production Technician I,Active,Contract,Part-Time,Unk,,,MA,Engineer,MALE,14153,Fully Meets,3,False,126,False,2026-08-31 17:32:05,2467,66669.17,USD,2026-08-31 17:32:05
1204,Pablo,Parker,2022-11-24,2023-08-05,Production Technician I,Terminated,Full-Time,Temporary,Voluntary,Left due to lack of flexibility around hybrid work policies and long commute times.,,MA,Vp,MALE,76112,Fully Meets,3,False,185,False,2026-08-31 17:32:05,2339,50696.02,USD,2026-08-31 17:32:05
1205,Ulises,Shea,2020-07-23,,Production Technician I,Active,Full-Time,Part-Time,Unk,,1956-04-05,MA,Shop,FEMALE,73101,Fully Meets,3,False,100,False,2026-08-31 17:32:05,1316,72052.81,USD,2026-08-31 17:32:05
1206,Bethany,Terry,2018-12-28,2023-05-15,Production Technician I,Terminated,Part-Time,Part-Time,Voluntary,Resigned citing below-market compensation and lack of annual salary adjustments.,,MA,Drafter,FEMALE,82378,Fully Meets,3,False,160,False,2026-08-31 17:32:05,2435,74942.2,USD,2026-08-31 17:32:05
1207,Kamari,Holloway,2019-10-01,,Production Technician I,Active,Contract,Full-Time,Unk,,1956-08-07,MA,Laborer,FEMALE,63878,Fully Meets,3,False,195,False,2026-08-31 17:32:05,1316,53899.22,USD,2026-08-31 17:32:05
1208,Jazlene,Mcdaniel,2019-08-17,2019-10-25,Production Manager,Terminated,Contract,Part-Time,Retirement,Terminated due to persistent low performance scores and disengagement following team restructuring.,,MA,Laborer,FEMALE,59862,Fully Meets,3,False,144,False,2026-08-31 17:32:05,1316,102157.78,USD,2026-08-31 17:32:05
1209,Dane,Kelly,2023-05-31,,Production Manager,Active,Part-Time,Part-Time,Unk,,1999-04-06,MA,Foreman,FEMALE,23252,Fully Meets,3,False,161,False,2026-08-31 17:32:05,1316,85906.01,USD,2026-08-31 17:32:05
1210,Camila,Dunn,2020-12-08,2023-06-10,Production Manager,Terminated,Full-Time,Part-Time,Involuntary,Left due to lack of flexibility around hybrid work policies and long commute times.,,MA,Top Hand,FEMALE,91039,Fully Meets,3,False,97,False,2026-08-31 17:32:05,1316,91119.86,USD,2026-08-31 17:32:05
1211,Aurora,Frederick,2018-11-05,2023-03-23,Production Technician II,Voluntarily Terminated,Part-Time,Part-Time,Voluntary,,1981-11-12,MA,Splicer,MALE,37834,Fully Meets,3,False,130,False,2026-08-31 17:32:05,2277,79462.73,USD,2026-08-31 17:32:05
1212,Caylee,Nunez,2020-08-26,2023-04-05,Production Technician II,Voluntarily Terminated,Contract,Full-Time,Voluntary,,,MA,Project Manager,FEMALE,46678,Fully Meets,3,False,126,False,2026-08-31 17:32:05,2467,57653.76,USD,2026-08-31 17:32:05
1213,Tamia,Sharp,2020-02-23,,Production Technician II,Active,Part-Time,Part-Time,Unk,,,MA,Coordinator,FEMALE,41849,Fully Meets,3,False,373,False,2026-08-31 17:32:05,1253,73460.58,USD,2026-08-31 17:32:05
1214,Jaliyah,Gamble,2022-02-12,,Production Technician II,Active,Full-Time,Full-Time,Unk,,,MA,Splicer,FEMALE,16422,Fully Meets,3,False,109,False,2026-08-31 17:32:05,1316,56143.97,USD,2026-08-31 17:32:05
1215,Xander,Savage,2020-02-13,,Production Technician II,Active,Contract,Temporary,Unk,,,MA,Laborer,FEMALE,79625,Fully Meets,3,False,89,False,2026-08-31 17:32:05,1316,72972.47,USD,2026-08-31 17:32:05
1216,Marc,Crosby,2023-02-15,2023-03-09,Production Technician I,Voluntarily Terminated,Part-Time,Part-Time,Voluntary,,,MA,Technician,FEMALE,11159,Fully Meets,3,False,110,False,2026-08-31 17:32:05,2287,66025.69,USD,2026-08-31 17:32:05
1217,Marques,Zimmerman,2019-12-03,2021-08-31,Production Technician I,Voluntarily Terminated,Full-Time,Part-Time,Voluntary,,,MA,Vp,MALE,52300,Fully Meets,3,False,99,False,2026-08-31 17:32:05,1316,52572.45,USD,2026-08-31 17:32:05
1218,Livia,Salazar,2018-12-31,,Production Technician I,Active,Full-Time,Temporary,Unk,,,MA,Locator,FEMALE,32620,Fully Meets,3,False,88,False,2026-08-31 17:32:05,2398,59490.91,USD,2026-08-31 17:32:05
1219,Alana,Choi,2020-01-16,2021-02-09,Production Technician I,Voluntarily Terminated,Part-Time,Part-Time,Voluntary,,1974-09-02,MA,Engineer,FEMALE,83986,Fully Meets,3,False,150,False,2026-08-31 17:32:05,2417,56117.25,USD,2026-08-31 17:32:05
1220,Levi,Lawson,2018-11-20,2020-02-09,Production Technician I,Voluntarily Terminated,Full-Time,Temporary,Voluntary,,,MA,Vp,FEMALE,89298,Fully Meets,3,False,374,False,2026-08-31 17:32:05,1316,47733.79,USD,2026-08-31 17:32:05
1221,Kane,Black,2022-11-11,2023-07-03,Production Technician I,Voluntarily Terminated,Part-Time,Part-Time,Involuntary,,1967-09-04,MA,Coordinator,FEMALE,91837,Fully Meets,3,False,182,False,2026-08-31 17:32:05,2275,46044.22,USD,2026-08-31 17:32:05
1222,Paola,Weeks,2020-12-18,2021-07-23,Production Technician I,Voluntarily Terminated,Contract,Part-Time,Involuntary,,,MA,Recruiting,FEMALE,31362,Fully Meets,3,False,171,False,2026-08-31 17:32:05,1232,57126.75,USD,2026-08-31 17:32:05
1223,Brooklynn,Mack,2021-01-26,,Production Technician I,Active,Full-Time,Temporary,Unk,,,MA,Engineer,FEMALE,3274,Fully Meets,3,False,129,False,2026-08-31 17:32:05,2393,45666.2,USD,2026-08-31 17:32:05
1224,Darrell,Zamora,2021-11-26,2022-05-24,Production Technician I,Voluntarily Terminated,Part-Time,Part-Time,Retirement,,,MA,Administrative,MALE,71373,Fully Meets,3,False,161,False,2026-08-31 17:32:05,1209,50792.07,USD,2026-08-31 17:32:05
1225,Irvin,Warner,2023-05-15,,Production Technician I,Active,Contract,Part-Time,Unk,,,MA,Accounting,MALE,66660,Fully Meets,3,False,375,False,2026-08-31 17:32:05,1316,70381.42,USD,2026-08-31 17:32:05
1226,Dayton,Castro,2023-06-20,,Production Technician I,Active,Full-Time,Full-Time,Unk,,,MA,Driller,MALE,26821,Fully Meets,3,False,106,False,2026-08-31 17:32:05,2295,69783.19,USD,2026-08-31 17:32:05
1227,Hailey,Mckay,2019-08-22,2022-06-06,Production Technician I,Terminated,Part-Time,Part-Time,Voluntary,Resigned citing below-market compensation and lack of annual salary adjustments.,,MA,Engineer,FEMALE,89365,Fully Meets,3,False,376,False,2026-08-31 17:32:05,1316,70850.31,USD,2026-08-31 17:32:05
1228,Jaquan,Rowland,2021-08-30,,Production Technician I,Active,Contract,Full-Time,Unk,,1994-02-12,MA,Engineer,FEMALE,88976,Fully Meets,3,False,94,False,2026-08-31 17:32:05,1316,56100.36,USD,2026-08-31 17:32:05
1229,David,Velez,2020-01-27,,Production Technician I,Active,Part-Time,Part-Time,Unk,,,MA,Technician,FEMALE,43853,Fully Meets,3,False,97,False,2026-08-31 17:32:05,1165,76150.68,USD,2026-08-31 17:32:05
1230,Joslyn,Patel,2022-03-04,,Production Technician I,Active,Contract,Temporary,Unk,,,MA,Groundman,FEMALE,19697,Fully Meets,3,False,368,False,2026-08-31 17:32:05,2363,65784.07,USD,2026-08-31 17:32:05
1231,Colt,Archer,2020-03-07,,Production Manager,Active,Contract,Temporary,Unk,,1994-03-10,MA,Laborer,FEMALE,50000,Fully Meets,3,False,377,False,2026-08-31 17:32:05,1316,74410.92,USD,2026-08-31 17:32:05
1232,Abbigail,Cameron,2020-03-19,,Production Manager,Active,Full-Time,Full-Time,Unk,,,MA,Support,FEMALE,35033,Fully Meets,3,False,171,False,2026-08-31 17:32:05,1316,75030.15,USD,2026-08-31 17:32:05
1233,Anastasia,Escobar,2022-07-23,,Production Technician II,Active,Full-Time,Part-Time,Unk,,1992-07-05,MA,Project Manager,MALE,50676,Fully Meets,3,False,195,False,2026-08-31 17:32:05,1316,69258.34,USD,2026-08-31 17:32:05
1234,Ronin,Mclaughlin,2019-10-18,2021-10-03,Production Technician II,Voluntarily Terminated,Full-Time,Temporary,Involuntary,,,MA,Director,FEMALE,25148,Fully Meets,3,False,378,False,2026-08-31 17:32:05,1316,51053.04,USD,2026-08-31 17:32:05
1235,Aliana,Pena,2020-04-14,,Production Technician II,Active,Full-Time,Full-Time,Unk,,,MA,Administrative,FEMALE,96915,Fully Meets,3,False,139,False,2026-08-31 17:32:05,2357,62755.24,USD,2026-08-31 17:32:05
1236,Ramon,Goodwin,2018-11-25,2019-07-25,Production Technician II,Voluntarily Terminated,Part-Time,Full-Time,Retirement,,1946-11-12,MA,Laborer,FEMALE,95167,Fully Meets,3,False,97,False,2026-08-31 17:32:05,1165,79712.11,USD,2026-08-31 17:32:05
1237,Cory,Saunders,2021-03-23,2022-08-26,Production Technician II,Voluntarily Terminated,Part-Time,Part-Time,Resignation,,,MA,Engineer,FEMALE,1223,Fully Meets,3,False,101,False,2026-08-31 17:32:05,1316,45140.27,USD,2026-08-31 17:32:05
1238,Alessandra,Huynh,2020-10-27,2021-11-08,Production Technician I,Voluntarily Terminated,Part-Time,Part-Time,Voluntary,,1968-12-09,MA,Engineer,FEMALE,31462,Fully Meets,3,False,141,False,2026-08-31 17:32:05,2337,45580.29,USD,2026-08-31 17:32:05
1239,Maeve,Holmes,2022-06-11,2023-06-29,Production Technician I,Voluntarily Terminated,Part-Time,Temporary,Voluntary,,2001-09-07,MA,Technician,FEMALE,6735,Fully Meets,3,False,167,False,2026-08-31 17:32:05,1316,79757.96,USD,2026-08-31 17:32:05
1240,Alejandra,Mclean,2020-03-19,,Production Technician I,Active,Contract,Temporary,Unk,,1985-11-04,MA,Project Manager,FEMALE,60585,Fully Meets,3,False,379,False,2026-08-31 17:32:05,1316,65462.36,USD,2026-08-31 17:32:05
1241,Reuben,Potter,2019-11-07,2022-12-07,Production Technician I,Voluntarily Terminated,Contract,Full-Time,Retirement,,,MA,Laborer,FEMALE,46736,Fully Meets,3,False,86,False,2026-08-31 17:32:05,2298,49441.85,USD,2026-08-31 17:32:05
1242,Marilyn,Greer,2023-04-24,,Production Technician I,Active,Full-Time,Part-Time,Unk,,,MA,Foreman,FEMALE,35941,Fully Meets,3,False,144,False,2026-08-31 17:32:05,1208,76405.58,USD,2026-08-31 17:32:05
1243,Camila,Nichols,2020-06-04,,Production Technician I,Active,Contract,Temporary,Unk,,1979-07-03,MA,Manager,FEMALE,11657,Fully Meets,3,False,139,False,2026-08-31 17:32:05,2357,75813.31,USD,2026-08-31 17:32:05
1244,Iris,Bruce,2022-05-23,,Production Technician I,Active,Part-Time,Full-Time,Unk,,1954-11-02,MA,Technician,MALE,72528,Fully Meets,3,False,363,False,2026-08-31 17:32:05,1316,63767.01,USD,2026-08-31 17:32:05
1245,Henry,Pratt,2019-05-17,,Production Technician I,Active,Full-Time,Temporary,Unk,,1961-03-02,MA,Technician,MALE,14705,Fully Meets,3,False,114,False,2026-08-31 17:32:05,1316,66762.72,USD,2026-08-31 17:32:05
1246,Kira,Soto,2018-09-28,2021-04-25,Production Technician I,Voluntarily Terminated,Part-Time,Temporary,Resignation,,,MA,Ceo,MALE,5254,Fully Meets,3,False,106,False,2026-08-31 17:32:05,2295,54561.55,USD,2026-08-31 17:32:05
1247,Ashanti,Scott,2019-03-04,,Production Technician I,Active,Part-Time,Part-Time,Unk,,,MA,Foreman,FEMALE,94026,Fully Meets,3,False,377,False,2026-08-31 17:32:05,1231,46768.19,USD,2026-08-31 17:32:05
1248,Sarahi,Burke,2021-03-29,2021-12-01,Production Technician I,Terminated,Part-Time,Full-Time,Resignation,Resigned citing below-market compensation and lack of annual salary adjustments.,1988-09-09,MA,Operator,FEMALE,90967,Fully Meets,3,False,153,False,2026-08-31 17:32:05,1316,65809.87,USD,2026-08-31 17:32:05
1249,Aimee,Terry,2019-07-07,2020-02-14,Production Technician I,Terminated,Full-Time,Part-Time,Retirement,Left due to lack of flexibility around hybrid work policies and long commute times.,,MA,Driver,FEMALE,46879,Fully Meets,3,False,107,False,2026-08-31 17:32:05,2296,55316.43,USD,2026-08-31 17:32:05
1250,Jerimiah,Jackson,2018-09-06,,Production Technician I,Active,Contract,Full-Time,Unk,,1990-08-12,MA,Lineman,FEMALE,70353,Fully Meets,3,False,162,False,2026-08-31 17:32:05,1316,68226.74,USD,2026-08-31 17:32:05
1251,Callie,Murray,2018-09-25,,Production Technician I,Active,Part-Time,Part-Time,Unk,,1948-05-03,MA,Laborer,FEMALE,27888,Fully Meets,3,False,193,False,2026-08-31 17:32:05,1316,74268.58,USD,2026-08-31 17:32:05
1252,Fabian,Young,2022-03-11,2022-04-25,Production Manager,Terminated,Part-Time,Temporary,Voluntary,Left due to lack of flexibility around hybrid work policies and long commute times.,,MA,Technician,FEMALE,36258,Fully Meets,3,False,116,False,2026-08-31 17:32:05,1316,70635.62,USD,2026-08-31 17:32:05
1253,Juliette,Morton,2020-07-13,2021-10-06,Production Manager,Terminated,Part-Time,Part-Time,Retirement,Terminated due to persistent low performance scores and disengagement following team restructuring.,,MA,Engineer,FEMALE,17844,Fully Meets,3,False,373,False,2026-08-31 17:32:05,1316,90849.98,USD,2026-08-31 17:32:05
1254,Alyvia,Sellers,2020-06-22,,Production Technician II,Active,Contract,Full-Time,Unk,,1950-07-06,MA,Groundman,FEMALE,87263,Fully Meets,3,False,88,False,2026-08-31 17:32:05,2398,53094.82,USD,2026-08-31 17:32:05
1255,Tyler,Gay,2019-09-30,2021-03-02,Production Technician II,Voluntarily Terminated,Full-Time,Temporary,Resignation,,,MA,Laborer,FEMALE,8671,Fully Meets,3,False,189,False,2026-08-31 17:32:05,2291,75586.1,USD,2026-08-31 17:32:05
1256,Noemi,Randall,2020-01-08,,Production Technician II,Active,Contract,Temporary,Unk,,,MA,Laborer,FEMALE,16520,Fully Meets,3,False,161,False,2026-08-31 17:32:05,1209,53878.26,USD,2026-08-31 17:32:05
1257,Jazlene,Lozano,2021-10-16,,Production Technician II,Active,Full-Time,Temporary,Unk,,1978-07-11,MA,Engineer,FEMALE,22868,Fully Meets,3,False,150,False,2026-08-31 17:32:05,2417,66376.95,USD,2026-08-31 17:32:05
1258,Jennifer,Salazar,2022-06-29,,Production Technician II,Active,Full-Time,Temporary,Unk,,,MA,Foreman,FEMALE,59954,Fully Meets,3,False,181,False,2026-08-31 17:32:05,1316,64373.93,USD,2026-08-31 17:32:05
1259,Vaughn,Leonard,2022-05-01,2023-04-24,Production Technician I,Voluntarily Terminated,Full-Time,Temporary,Retirement,,,MA,Laborer,MALE,43998,Fully Meets,3,False,121,False,2026-08-31 17:32:05,2414,58865.83,USD,2026-08-31 17:32:05
1260,Caitlin,Robertson,2018-08-16,,Production Technician I,Active,Full-Time,Part-Time,Unk,,,MA,Manager,FEMALE,75748,Fully Meets,3,False,380,False,2026-08-31 17:32:05,2276,68716.73,USD,2026-08-31 17:32:05
1261,Elyse,Huerta,2019-12-27,,Production Technician I,Active,Part-Time,Temporary,Unk,,,MA,Laborer,FEMALE,87591,Fully Meets,3,False,98,False,2026-08-31 17:32:05,2294,70401.94,USD,2026-08-31 17:32:05
1262,Kyle,Sanders,2021-07-01,2023-03-28,Production Technician I,Voluntarily Terminated,Part-Time,Full-Time,Retirement,,,MA,Engineer,FEMALE,23777,Fully Meets,3,False,108,False,2026-08-31 17:32:05,1316,64842.82,USD,2026-08-31 17:32:05
1263,Barrett,Jennings,2022-10-20,,Production Technician I,Active,Full-Time,Full-Time,Unk,,,MA,Foreman,FEMALE,34732,Fully Meets,3,False,104,False,2026-08-31 17:32:05,2437,71544.78,USD,2026-08-31 17:32:05
1264,Darius,Koch,2019-02-15,,Production Technician I,Active,Full-Time,Full-Time,Unk,,,MA,Director,FEMALE,28097,Fully Meets,3,False,105,False,2026-08-31 17:32:05,1143,79419.6,USD,2026-08-31 17:32:05
1265,Kolton,Dawson,2022-01-17,2022-07-25,Production Technician I,Voluntarily Terminated,Part-Time,Full-Time,Retirement,,,MA,Laborer,MALE,39841,Fully Meets,3,False,97,False,2026-08-31 17:32:05,1165,59674.53,USD,2026-08-31 17:32:05
1266,Ciara,Cole,2021-11-14,2022-07-01,Production Technician I,Voluntarily Terminated,Full-Time,Full-Time,Involuntary,,1971-04-04,MA,Manager,MALE,46871,Fully Meets,3,False,381,False,2026-08-31 17:32:05,2315,63010.41,USD,2026-08-31 17:32:05
1267,Virginia,Wallace,2020-11-14,2020-12-22,Production Technician I,Terminated,Part-Time,Full-Time,Voluntary,Left due to lack of flexibility around hybrid work policies and long commute times.,1971-11-09,MA,Lineman,FEMALE,91614,Fully Meets,3,False,121,False,2026-08-31 17:32:05,2414,45436.45,USD,2026-08-31 17:32:05
1268,Malik,Ochoa,2023-02-25,,Production Technician I,Active,Part-Time,Part-Time,Unk,,,MA,Technician,FEMALE,89515,Fully Meets,3,False,135,False,2026-08-31 17:32:05,1316,72861.0,USD,2026-08-31 17:32:05
1269,Elyse,Pratt,2022-08-23,,Production Technician I,Active,Contract,Full-Time,Unk,,,MA,Laborer,FEMALE,82774,Fully Meets,3,False,81,False,2026-08-31 17:32:05,1316,63208.05,USD,2026-08-31 17:32:05
1270,Yahir,Hill,2019-05-01,2019-12-31,Production Technician I,Terminated,Part-Time,Full-Time,Voluntary,Left due to lack of flexibility around hybrid work policies and long commute times.,,MA,Laborer,FEMALE,79937,Fully Meets,3,False,107,False,2026-08-31 17:32:05,2296,59278.65,USD,2026-08-31 17:32:05
1271,Harley,Abbott,2020-04-26,,Production Technician I,Active,Full-Time,Part-Time,Unk,,,MA,Foreman,FEMALE,95232,Fully Meets,3,False,132,False,2026-08-31 17:32:05,2341,48292.52,USD,2026-08-31 17:32:05
1272,Dawson,Pratt,2021-02-08,2022-07-15,Production Technician I,Terminated,Full-Time,Temporary,Involuntary,Resigned citing below-market compensation and lack of annual salary adjustments.,,MA,Coordinator,FEMALE,37465,Fully Meets,3,False,190,False,2026-08-31 17:32:05,1316,76137.97,USD,2026-08-31 17:32:05
1273,Michaela,Smith,2020-10-29,2021-01-26,Production Manager,Terminated,Contract,Part-Time,Retirement,Left due to lack of flexibility around hybrid work policies and long commute times.,,MA,Manager,FEMALE,50409,Fully Meets,3,False,382,False,2026-08-31 17:32:05,1316,83825.25,USD,2026-08-31 17:32:05
1274,Lillie,Leblanc,2022-11-22,,Production Manager,Active,Contract,Full-Time,Unk,,1975-06-11,MA,Engineer,FEMALE,2006,Fully Meets,3,False,96,False,2026-08-31 17:32:05,1316,93890.36,USD,2026-08-31 17:32:05
1275,Sincere,Rivera,2022-10-11,,Production Technician II,Active,Full-Time,Part-Time,Unk,,,MA,Splicer,FEMALE,55846,Fully Meets,3,False,181,False,2026-08-31 17:32:05,1316,50228.1,USD,2026-08-31 17:32:05
1276,Lucas,Good,2019-12-28,,Production Technician II,Active,Full-Time,Full-Time,Unk,,,MA,Administrator,FEMALE,74245,Fully Meets,3,False,90,False,2026-08-31 17:32:05,1316,78654.24,USD,2026-08-31 17:32:05
1277,Jonas,Hernandez,2019-04-11,,Production Technician II,Active,Full-Time,Part-Time,Unk,,1984-10-05,MA,Technician,FEMALE,95565,Fully Meets,3,False,123,False,2026-08-31 17:32:05,1186,51245.46,USD,2026-08-31 17:32:05
1278,Cason,Tyler,2020-10-26,,Production Technician II,Active,Full-Time,Part-Time,Unk,,,MA,Laborer,FEMALE,89318,Fully Meets,3,False,82,False,2026-08-31 17:32:05,1123,51983.97,USD,2026-08-31 17:32:05
1279,Malachi,Singleton,2021-07-09,2023-01-27,Production Technician II,Voluntarily Terminated,Part-Time,Full-Time,Resignation,,,MA,Technician,FEMALE,29507,Fully Meets,3,False,105,False,2026-08-31 17:32:05,1143,75064.4,USD,2026-08-31 17:32:05
1280,Natalie,Christensen,2022-01-12,,Production Technician I,Active,Full-Time,Temporary,Unk,,,MA,Administrator,MALE,77219,Fully Meets,3,False,185,False,2026-08-31 17:32:05,2339,76940.4,USD,2026-08-31 17:32:05
1281,Jordyn,Sheppard,2020-08-07,2021-07-20,Production Technician I,Voluntarily Terminated,Part-Time,Part-Time,Retirement,,,MA,Administrative,FEMALE,30117,Fully Meets,3,False,156,False,2026-08-31 17:32:05,1316,52425.16,USD,2026-08-31 17:32:05
1282,Rohan,Matthews,2021-04-10,2022-11-19,Production Technician I,Voluntarily Terminated,Part-Time,Temporary,Involuntary,,,MA,Administrative,FEMALE,30179,Fully Meets,3,False,367,False,2026-08-31 17:32:05,1316,61443.03,USD,2026-08-31 17:32:05
1283,Taniya,Stafford,2021-01-11,,Production Technician I,Active,Full-Time,Full-Time,Unk,,,MA,Drafter,FEMALE,72581,Fully Meets,3,False,383,False,2026-08-31 17:32:05,1316,70672.32,USD,2026-08-31 17:32:05
1284,Cherish,Preston,2019-12-08,,Production Technician I,Active,Contract,Full-Time,Unk,,,MA,Supervisor,FEMALE,39352,Fully Meets,3,False,384,False,2026-08-31 17:32:05,1316,75742.8,USD,2026-08-31 17:32:05
1285,Briley,Hanson,2021-09-26,,Production Technician I,Active,Part-Time,Full-Time,Unk,,,MA,Supervisor,MALE,89374,Fully Meets,3,False,103,False,2026-08-31 17:32:05,1316,58266.84,USD,2026-08-31 17:32:05
1286,Hugo,Tate,2021-09-09,2021-10-28,Production Technician I,Voluntarily Terminated,Full-Time,Temporary,Voluntary,,,MA,Driller,MALE,74629,Fully Meets,3,False,82,False,2026-08-31 17:32:05,1123,63095.68,USD,2026-08-31 17:32:05
1287,Daniel,Griffin,2020-09-19,2023-02-20,Production Technician I,Voluntarily Terminated,Full-Time,Full-Time,Retirement,,,MA,Technician,FEMALE,56136,Fully Meets,3,False,139,False,2026-08-31 17:32:05,2357,70960.07,USD,2026-08-31 17:32:05
1288,Dakota,Salinas,2022-01-11,2022-10-26,Production Technician I,Terminated,Full-Time,Part-Time,Voluntary,Left due to lack of flexibility around hybrid work policies and long commute times.,,MA,Lineman,FEMALE,69514,Fully Meets,3,False,140,False,2026-08-31 17:32:05,1316,70589.76,USD,2026-08-31 17:32:05
1289,Janiyah,Ballard,2019-07-18,,Production Technician I,Active,Full-Time,Full-Time,Unk,,1942-01-07,MA,Clerk,FEMALE,40307,Fully Meets,3,False,121,False,2026-08-31 17:32:05,2414,72403.6,USD,2026-08-31 17:32:05
1290,Annika,Malone,2021-04-13,,Production Technician I,Active,Full-Time,Full-Time,Unk,,,MA,Administrator,FEMALE,57255,Fully Meets,3,False,385,False,2026-08-31 17:32:05,2319,64947.68,USD,2026-08-31 17:32:05
1291,Celeste,Lin,2023-06-17,2023-07-27,Production Technician I,Terminated,Contract,Temporary,Voluntary,Left due to lack of flexibility around hybrid work policies and long commute times.,1988-12-03,MA,Coordinator,FEMALE,94486,Fully Meets,3,False,108,False,2026-08-31 17:32:05,1316,48661.53,USD,2026-08-31 17:32:05
1292,Larissa,Warner,2018-10-27,,Production Technician I,Active,Full-Time,Part-Time,Unk,,,MA,Engineer,FEMALE,28931,Fully Meets,3,False,150,False,2026-08-31 17:32:05,2417,76639.07,USD,2026-08-31 17:32:05
1293,Lawrence,Cross,2021-06-01,2023-04-29,Production Technician I,Terminated,Contract,Full-Time,Voluntary,Resigned citing below-market compensation and lack of annual salary adjustments.,,MA,Lineman,FEMALE,60878,Fully Meets,3,False,368,False,2026-08-31 17:32:05,2363,75295.04,USD,2026-08-31 17:32:05
1294,Kara,Barnes,2023-04-07,2023-05-07,Production Manager,Terminated,Part-Time,Part-Time,Voluntary,Left due to lack of flexibility around hybrid work policies and long commute times.,,MA,Laborer,FEMALE,58589,Fully Meets,3,False,122,False,2026-08-31 17:32:05,1316,97933.41,USD,2026-08-31 17:32:05
1295,Emery,Schmidt,2021-06-13,,Production Technician II,Active,Full-Time,Full-Time,Unk,,,MA,Groundman,FEMALE,26059,Fully Meets,3,False,110,False,2026-08-31 17:32:05,2287,48495.19,USD,2026-08-31 17:32:05
1296,Adalyn,Vaughan,2019-03-13,2020-09-12,Production Technician II,Voluntarily Terminated,Full-Time,Part-Time,Involuntary,,,MA,Administrator,FEMALE,94411,Fully Meets,3,False,86,False,2026-08-31 17:32:05,2298,52153.91,USD,2026-08-31 17:32:05
1297,Chase,Lloyd,2019-05-24,2021-10-09,Production Technician II,Voluntarily Terminated,Part-Time,Temporary,Resignation,,1968-08-08,MA,Technician,FEMALE,46980,Fully Meets,3,False,386,False,2026-08-31 17:32:05,1316,71026.01,USD,2026-08-31 17:32:05
1298,Hallie,Delacruz,2023-02-25,,Production Technician II,Active,Part-Time,Temporary,Unk,,1983-10-03,MA,Laborer,FEMALE,12398,Fully Meets,3,False,139,False,2026-08-31 17:32:05,2357,45809.9,USD,2026-08-31 17:32:05
1299,Tia,Atkins,2020-03-24,,Production Technician II,Active,Contract,Full-Time,Unk,,1953-10-10,MA,Foreman,FEMALE,95571,Fully Meets,3,False,131,False,2026-08-31 17:32:05,1316,79272.86,USD,2026-08-31 17:32:05
1300,Nia,Nicholson,2021-06-12,,Production Technician II,Active,Contract,Temporary,Unk,,1967-05-09,MA,Laborer,FEMALE,91189,Fully Meets,3,False,130,False,2026-08-31 17:32:05,2277,58200.06,USD,2026-08-31 17:32:05
1301,Lilian,Norton,2019-03-22,2022-03-23,Production Technician I,Voluntarily Terminated,Part-Time,Temporary,Retirement,,,MA,Driller,FEMALE,62803,Fully Meets,3,False,83,False,2026-08-31 17:32:05,2318,70175.94,USD,2026-08-31 17:32:05
1302,Aliana,Pennington,2021-03-08,2022-12-17,Production Technician I,Voluntarily Terminated,Full-Time,Full-Time,Voluntary,,2000-02-07,MA,Laborer,FEMALE,77552,Fully Meets,3,False,107,False,2026-08-31 17:32:05,2296,76064.99,USD,2026-08-31 17:32:05
1303,Estrella,Benitez,2020-05-15,,Production Technician I,Active,Contract,Full-Time,Unk,,1957-01-02,MA,Administration,FEMALE,35973,Fully Meets,3,False,375,False,2026-08-31 17:32:05,1316,58812.05,USD,2026-08-31 17:32:05
1304,Kylie,Gilbert,2023-01-24,,Production Technician I,Active,Full-Time,Part-Time,Unk,,,MA,Safety,FEMALE,47801,Fully Meets,3,False,372,False,2026-08-31 17:32:05,1316,56169.64,USD,2026-08-31 17:32:05
1305,Oscar,Munoz,2021-01-06,2022-12-30,Production Technician I,Voluntarily Terminated,Full-Time,Temporary,Resignation,,,MA,Laborer,MALE,1615,Fully Meets,3,False,82,False,2026-08-31 17:32:05,1123,66305.94,USD,2026-08-31 17:32:05
1306,Dane,Barton,2021-04-16,,Production Technician I,Active,Part-Time,Part-Time,Unk,,1997-07-08,MA,Coordinator,MALE,49042,Fully Meets,3,False,155,False,2026-08-31 17:32:05,2323,65334.63,USD,2026-08-31 17:32:05
1307,Dexter,Cline,2021-09-22,2021-10-25,Production Technician I,Voluntarily Terminated,Contract,Full-Time,Voluntary,,,MA,Director,MALE,94852,Fully Meets,3,False,150,False,2026-08-31 17:32:05,2417,59319.9,USD,2026-08-31 17:32:05
1308,Atticus,Frost,2022-06-28,2023-03-07,Production Technician I,Terminated,Full-Time,Full-Time,Retirement,Resigned citing below-market compensation and lack of annual salary adjustments.,1980-03-10,MA,Supervisor,FEMALE,60350,Fully Meets,3,False,381,False,2026-08-31 17:32:05,2315,66062.12,USD,2026-08-31 17:32:05
1309,Yamilet,Cohen,2020-08-17,,Production Technician I,Active,Part-Time,Part-Time,Unk,,,MA,Driller,FEMALE,41055,Fully Meets,3,False,106,False,2026-08-31 17:32:05,2295,77738.35,USD,2026-08-31 17:32:05
1310,Emmalee,Reynolds,2023-04-03,2023-07-21,Production Technician I,Terminated,Part-Time,Full-Time,Voluntary,Terminated due to persistent low performance scores and disengagement following team restructuring.,1988-11-02,MA,Technician,FEMALE,21439,Fully Meets,3,False,135,False,2026-08-31 17:32:05,1316,61367.41,USD,2026-08-31 17:32:05
1311,Moshe,Taylor,2023-05-26,2023-06-12,Production Technician I,Terminated,Full-Time,Part-Time,Resignation,Resigned citing below-market compensation and lack of annual salary adjustments.,,MA,Specialist,MALE,32645,Fully Meets,3,False,176,False,2026-08-31 17:32:05,2365,51885.98,USD,2026-08-31 17:32:05
1312,Irene,Melton,2021-04-10,,Production Technician I,Active,Full-Time,Full-Time,Unk,,1997-09-08,MA,Technician,FEMALE,47354,Fully Meets,3,False,387,False,2026-08-31 17:32:05,1316,58202.21,USD,2026-08-31 17:32:05
1313,Eddie,Whitney,2023-04-18,,Production Technician I,Active,Contract,Part-Time,Unk,,1957-04-12,MA,Operator,FEMALE,64005,Fully Meets,3,False,98,False,2026-08-31 17:32:05,2294,58793.74,USD,2026-08-31 17:32:05
1314,Marcel,Gomez,2021-10-13,2023-06-21,Production Technician I,Terminated,Contract,Full-Time,Retirement,Resigned citing below-market compensation and lack of annual salary adjustments.,,MA,Technician,FEMALE,91553,Fully Meets,3,False,88,False,2026-08-31 17:32:05,2398,49588.8,USD,2026-08-31 17:32:05
1315,Amy,Foster-Baker,2020-10-10,,Sr. Accountant,Active,Part-Time,Temporary,Unk,,,MA,Tester,FEMALE,2050,Fully Meets,3,False,388,False,2026-08-31 17:32:05,1316,50700.5,USD,2026-08-31 17:32:05
1316,Janet,King,2019-01-20,2021-09-15,President & CEO,Terminated,Part-Time,Full-Time,Involuntary,Terminated due to persistent low performance scores and disengagement following team restructuring.,,MA,Foreman,FEMALE,1902,Fully Meets,3,False,389,False,2026-08-31 17:32:05,,218456.21,USD,2026-08-31 17:32:05
1317,Bonalyn,Boutwell,2021-05-09,2022-10-27,Sr. Accountant,Terminated,Full-Time,Part-Time,Involuntary,Resigned citing below-market compensation and lack of annual salary adjustments.,,MA,Lineman,FEMALE,2468,Fully Meets,3,False,390,False,2026-08-31 17:32:05,1316,56881.72,USD,2026-08-31 17:32:05
1318,Nan,Singh,2023-07-29,2023-08-04,Administrative Assistant,Terminated,Contract,Temporary,Retirement,Left due to lack of flexibility around hybrid work policies and long commute times.,,MA,Laborer,FEMALE,2330,Fully Meets,3,False,391,False,2026-08-31 17:32:05,2283,78421.44,USD,2026-08-31 17:32:05
1319,Tyrone,Steans,2019-08-24,2022-12-14,Accountant I,Terminated,Part-Time,Temporary,Involuntary,Terminated due to persistent low performance scores and disengagement following team restructuring.,,MA,Intern,MALE,2703,Fully Meets,3,False,392,False,2026-08-31 17:32:05,1316,53525.89,USD,2026-08-31 17:32:05
1320,Estelle,Howard,2018-12-25,,Administrative Assistant,Active,Part-Time,Full-Time,Unk,,1983-06-09,MA,Billing,FEMALE,2170,Fully Meets,3,False,393,False,2026-08-31 17:32:05,1316,48462.36,USD,2026-08-31 17:32:05
1321,William,Larotonda,2021-05-27,2021-08-24,Accountant I,Terminated,Contract,Full-Time,Involuntary,Left due to lack of flexibility around hybrid work policies and long commute times.,,MA,Vp,MALE,1460,Fully Meets,3,False,394,False,2026-08-31 17:32:05,1316,71372.66,USD,2026-08-31 17:32:05
1322,Mia,Brown,2023-02-02,2023-06-23,Accountant I,Terminated,Full-Time,Full-Time,Resignation,Terminated due to persistent low performance scores and disengagement following team restructuring.,,MA,Ceo,FEMALE,1450,Fully Meets,3,False,395,False,2026-08-31 17:32:05,1316,75836.26,USD,2026-08-31 17:32:05
1323,Leigh Ann,Smith,2022-12-06,,Administrative Assistant,Active,Full-Time,Temporary,Unk,,,MA,Foreman,FEMALE,1844,Fully Meets,3,False,396,False,2026-08-31 17:32:05,1316,54733.97,USD,2026-08-31 17:32:05
1324,Peter,Foley,2021-07-23,,Accountant I,Active,Part-Time,Part-Time,Unk,,,MA,Helper,FEMALE,11194,Fully Meets,3,False,397,False,2026-08-31 17:32:05,1316,52073.08,USD,2026-08-31 17:32:05
1325,Maximus,Carney,2019-11-16,,Accountant I,Active,Contract,Temporary,Unk,,1982-02-05,MA,Drafter,FEMALE,60432,Fully Meets,3,False,398,False,2026-08-31 17:32:05,1316,51501.81,USD,2026-08-31 17:32:05
1326,Jaida,Sweeney,2020-03-08,2021-11-07,Sr. Network Engineer,Terminated,Full-Time,Temporary,Retirement,Resigned citing below-market compensation and lack of annual salary adjustments.,,MA,Billing,MALE,86677,Fully Meets,3,False,399,False,2026-08-31 17:32:05,1316,63270.43,USD,2026-08-31 17:32:05
1327,Rhys,Lawson,2019-01-14,,Sr. Network Engineer,Active,Part-Time,Temporary,Unk,,,MA,Engineer,MALE,93156,Fully Meets,3,False,400,False,2026-08-31 17:32:05,1316,61394.58,USD,2026-08-31 17:32:05
1328,Skyler,Robles,2020-02-29,2021-09-23,Sr. Network Engineer,Terminated,Part-Time,Full-Time,Voluntary,Terminated due to persistent low performance scores and disengagement following team restructuring.,,MA,Vp,MALE,66733,Fully Meets,3,False,232,False,2026-08-31 17:32:05,1316,54080.39,USD,2026-08-31 17:32:05
1329,Allyson,Keller,2022-11-25,2023-04-12,Software Engineer,Terminated,Contract,Part-Time,Resignation,Resigned citing below-market compensation and lack of annual salary adjustments.,1958-01-11,MA,Laborer,MALE,77070,Fully Meets,3,False,345,False,2026-08-31 17:32:05,1316,46581.06,USD,2026-08-31 17:32:05
1330,Eddie,Bauer,2022-09-15,2023-05-05,Accountant I,Terminated,Full-Time,Part-Time,Retirement,Left due to lack of flexibility around hybrid work policies and long commute times.,1990-01-03,MA,Associate,FEMALE,66991,Fully Meets,3,False,397,False,2026-08-31 17:32:05,1316,61852.2,USD,2026-08-31 17:32:05
1331,Roger,Taylor,2021-08-11,,Accountant I,Active,Full-Time,Temporary,Unk,,,MA,Intern,FEMALE,69431,Fully Meets,3,False,401,False,2026-08-31 17:32:05,1316,78576.63,USD,2026-08-31 17:32:05
1332,Marshall,Sellers,2023-08-03,,Sr. Network Engineer,Active,Contract,Part-Time,Unk,,,MA,Foreman,MALE,12089,Fully Meets,3,False,402,False,2026-08-31 17:32:05,1316,67838.17,USD,2026-08-31 17:32:05
1333,Cloe,Mcgrath,2022-03-14,,Sr. Network Engineer,Active,Part-Time,Part-Time,Unk,,,MA,Laborer,MALE,74486,Fully Meets,3,False,206,False,2026-08-31 17:32:05,2252,62342.73,USD,2026-08-31 17:32:05
1334,Susan,Gordon,2020-09-01,2020-11-29,Sr. Network Engineer,Terminated,Full-Time,Part-Time,Retirement,Terminated due to persistent low performance scores and disengagement following team restructuring.,,MA,Laborer,MALE,15975,Fully Meets,3,False,403,False,2026-08-31 17:32:05,1316,48874.22,USD,2026-08-31 17:32:05
1335,Makenna,Newton,2021-10-31,,Software Engineer,Active,Contract,Full-Time,Unk,,,MA,Technician,FEMALE,27425,Fully Meets,3,False,304,False,2026-08-31 17:32:05,1316,53835.27,USD,2026-08-31 17:32:05
1336,Kellen,Smith,2020-02-26,2023-03-30,Accountant I,Terminated,Full-Time,Part-Time,Retirement,Left due to lack of flexibility around hybrid work policies and long commute times.,,MA,Technician,FEMALE,88247,Fully Meets,3,False,404,False,2026-08-31 17:32:05,1316,55317.09,USD,2026-08-31 17:32:05
1337,Sherlyn,Carroll,2018-08-10,2021-12-07,Accountant I,Terminated,Full-Time,Temporary,Resignation,Terminated due to persistent low performance scores and disengagement following team restructuring.,,MA,Safety Manager,FEMALE,71014,Fully Meets,3,False,405,False,2026-08-31 17:32:05,1316,71768.12,USD,2026-08-31 17:32:05
1338,Rogelio,Flores,2020-09-30,,Sr. Network Engineer,Active,Contract,Part-Time,Unk,,,MA,Mechanic,MALE,90987,Fully Meets,3,False,406,False,2026-08-31 17:32:05,1316,75684.88,USD,2026-08-31 17:32:05
1339,Kadence,Gentry,2021-04-01,2022-08-14,Sr. Network Engineer,Terminated,Contract,Temporary,Retirement,Left due to lack of flexibility around hybrid work policies and long commute times.,,MA,Foreman,MALE,47635,Fully Meets,3,False,227,False,2026-08-31 17:32:05,2224,76557.46,USD,2026-08-31 17:32:05
1340,Willow,Golden,2021-03-21,2021-11-21,Sr. Network Engineer,Terminated,Full-Time,Part-Time,Retirement,Terminated due to persistent low performance scores and disengagement following team restructuring.,,MA,Engineer,MALE,37302,Fully Meets,3,False,272,False,2026-08-31 17:32:05,1316,79459.9,USD,2026-08-31 17:32:05
1341,Amiyah,Sims,2021-11-03,,Software Engineering Manager,Active,Part-Time,Full-Time,Unk,,,MA,Engineer,FEMALE,76343,Fully Meets,3,False,407,False,2026-08-31 17:32:05,1316,104382.83,USD,2026-08-31 17:32:05
1342,Jeffery,Hogan,2019-06-22,2019-08-26,Accountant I,Terminated,Full-Time,Part-Time,Retirement,Left due to lack of flexibility around hybrid work policies and long commute times.,,MA,Lineman,FEMALE,2559,Fully Meets,3,False,408,False,2026-08-31 17:32:05,1316,78354.97,USD,2026-08-31 17:32:05
1343,Shaniya,Hamilton,2019-11-12,2023-05-19,Accountant I,Terminated,Contract,Temporary,Voluntary,Terminated due to persistent low performance scores and disengagement following team restructuring.,,MA,Manager,FEMALE,68008,Fully Meets,3,False,409,False,2026-08-31 17:32:05,1316,47513.77,USD,2026-08-31 17:32:05
1344,Johan,Willis,2022-09-20,,Accountant I,Active,Part-Time,Part-Time,Unk,,,MA,Foreman,MALE,93554,Fully Meets,3,False,410,False,2026-08-31 17:32:05,1316,49822.77,USD,2026-08-31 17:32:05
1345,Seth,Alvarez,2023-01-27,,Sr. Network Engineer,Active,Full-Time,Full-Time,Unk,,,MA,Engineer,MALE,85275,Fully Meets,3,False,411,False,2026-08-31 17:32:05,1316,55656.33,USD,2026-08-31 17:32:05
1346,Aron,Grant,2021-02-21,2022-08-22,Sr. Network Engineer,Terminated,Contract,Temporary,Retirement,Terminated due to persistent low performance scores and disengagement following team restructuring.,,MA,Laborer,MALE,37276,Fully Meets,3,False,206,False,2026-08-31 17:32:05,2252,64351.44,USD,2026-08-31 17:32:05
1347,Haleigh,Carter,2022-03-04,2023-01-18,Sr. Network Engineer,Terminated,Part-Time,Full-Time,Retirement,Resigned citing below-market compensation and lack of annual salary adjustments.,,MA,Coordinator,MALE,54734,Fully Meets,3,False,254,False,2026-08-31 17:32:05,1716,48394.23,USD,2026-08-31 17:32:05
1348,Tatiana,Ayala,2019-04-21,,Software Engineering Manager,Future Start,Contract,Part-Time,Involuntary,,,MA,Engineer,FEMALE,34961,Fully Meets,3,False,298,False,2026-08-31 17:32:05,1316,99602.89,USD,2026-08-31 17:32:05
1349,Kaylynn,Mcguire,2021-08-02,2022-11-26,Accountant I,Terminated,Full-Time,Part-Time,Retirement,Terminated due to persistent low performance scores and disengagement following team restructuring.,,MA,Manager,FEMALE,33234,Fully Meets,3,False,412,False,2026-08-31 17:32:05,1316,66586.47,USD,2026-08-31 17:32:05
1350,Timothy,Villarreal,2022-03-04,,Accountant I,Active,Part-Time,Temporary,Unk,,1968-02-11,MA,Laborer,FEMALE,45030,Fully Meets,3,False,413,False,2026-08-31 17:32:05,1316,63982.75,USD,2026-08-31 17:32:05
1351,Elliott,Petersen,2021-03-28,,Accountant I,Active,Contract,Part-Time,Unk,,1998-05-03,MA,Tower Hand,MALE,38846,Fully Meets,3,False,404,False,2026-08-31 17:32:05,1316,50785.9,USD,2026-08-31 17:32:05
1352,Lily,Tyler,2018-08-08,2023-06-01,Sr. Network Engineer,Terminated,Contract,Full-Time,Voluntary,Terminated due to persistent low performance scores and disengagement following team restructuring.,,MA,Technician,MALE,43568,Fully Meets,3,False,414,False,2026-08-31 17:32:05,1316,53863.94,USD,2026-08-31 17:32:05
1353,Noe,Mann,2020-09-15,2022-01-06,Sr. Network Engineer,Terminated,Part-Time,Temporary,Involuntary,Resigned citing below-market compensation and lack of annual salary adjustments.,1946-04-03,MA,Supervisor,MALE,48891,Fully Meets,3,False,206,False,2026-08-31 17:32:05,2252,50610.92,USD,2026-08-31 17:32:05
1354,Christina,Terry,2020-10-28,,Software Engineering Manager,Future Start,Full-Time,Full-Time,Involuntary,,1959-07-05,MA,Top Hand,FEMALE,79778,Fully Meets,3,False,298,False,2026-08-31 17:32:05,1316,99817.66,USD,2026-08-31 17:32:05
1355,Niko,Durham,2021-06-16,2021-11-23,Administrative Assistant,Terminated,Full-Time,Temporary,Resignation,Terminated due to persistent low performance scores and disengagement following team restructuring.,,MA,Coordinator,FEMALE,79459,Fully Meets,3,False,415,False,2026-08-31 17:32:05,1316,65447.98,USD,2026-08-31 17:32:05
1356,Dante,Strong,2023-03-20,2023-06-21,Accountant I,Terminated,Part-Time,Temporary,Voluntary,Resigned citing below-market compensation and lack of annual salary adjustments.,1988-12-06,MA,Engineer,FEMALE,93230,Fully Meets,3,False,416,False,2026-08-31 17:32:05,1316,70729.53,USD,2026-08-31 17:32:05
1357,Angeline,Perez,2018-09-07,2021-07-16,Accountant I,Terminated,Full-Time,Temporary,Retirement,Left due to lack of flexibility around hybrid work policies and long commute times.,1972-04-07,MA,Principal,MALE,74550,Fully Meets,3,False,417,False,2026-08-31 17:32:05,1316,55361.15,USD,2026-08-31 17:32:05
1358,Jairo,Blanchard,2018-11-08,2022-10-28,Accountant I,Terminated,Part-Time,Full-Time,Retirement,Terminated due to persistent low performance scores and disengagement following team restructuring.,,MA,Laborer,MALE,1706,Fully Meets,3,False,404,False,2026-08-31 17:32:05,1316,57993.84,USD,2026-08-31 17:32:05
1359,Rishi,Watkins,2019-01-26,,Sr. Network Engineer,Active,Full-Time,Part-Time,Unk,,,MA,Foreman,MALE,50894,Fully Meets,3,False,418,False,2026-08-31 17:32:05,1316,59169.92,USD,2026-08-31 17:32:05
1360,Immanuel,Goodwin,2021-08-30,,Sr. Network Engineer,Active,Contract,Full-Time,Unk,,,MA,Technician,MALE,27367,PIP,3,False,218,False,2026-08-31 17:32:05,2567,71600.52,USD,2026-08-31 17:32:05
1361,Elle,Berry,2023-03-08,,Sr. Accountant,Future Start,Full-Time,Full-Time,Voluntary,,,MA,Supervisor,FEMALE,18484,Exceeds,3,False,419,False,2026-08-31 17:32:05,1316,72032.35,USD,2026-08-31 17:32:05
1362,Raphael,Francis,2019-11-10,2020-12-03,Administrative Assistant,Terminated,Full-Time,Part-Time,Retirement,Resigned citing below-market compensation and lack of annual salary adjustments.,1983-11-10,MA,Technician,FEMALE,36283,Exceeds,3,False,415,False,2026-08-31 17:32:05,1316,52238.47,USD,2026-08-31 17:32:05
1363,Hadley,Barrett,2023-07-28,,Accountant I,Active,Full-Time,Full-Time,Unk,,,MA,Laborer,FEMALE,82125,PIP,3,False,420,False,2026-08-31 17:32:05,1637,77953.86,USD,2026-08-31 17:32:05
1364,Mollie,Jenkins,2019-04-03,2019-08-05,Accountant I,Terminated,Contract,Temporary,Voluntary,Terminated due to persistent low performance scores and disengagement following team restructuring.,,MA,Administration,MALE,32101,Exceeds,3,False,421,False,2026-08-31 17:32:05,1316,49222.94,USD,2026-08-31 17:32:05
1365,Cali,Nolan,2019-07-24,,Accountant I,Active,Contract,Part-Time,Unk,,,MA,Lineman,MALE,64340,Exceeds,3,False,404,False,2026-08-31 17:32:05,1316,76364.27,USD,2026-08-31 17:32:05
1366,Malik,Crane,2022-04-29,2022-12-11,Sr. Network Engineer,Terminated,Contract,Temporary,Voluntary,Left due to lack of flexibility around hybrid work policies and long commute times.,,MA,Laborer,MALE,14151,Exceeds,3,False,25,False,2026-08-31 17:32:05,3454,48513.85,USD,2026-08-31 17:32:05
1367,Bryce,Higgins,2020-10-06,,Sr. Network Engineer,Active,Part-Time,Temporary,Unk,,1990-12-08,MA,Coordinator,FEMALE,61754,Exceeds,3,False,422,False,2026-08-31 17:32:05,2264,54258.89,USD,2026-08-31 17:32:05
1368,Beatrice,Bean,2020-04-04,,Sr. Accountant,Active,Part-Time,Temporary,Unk,,,MA,Estimator,FEMALE,24157,Exceeds,3,False,423,False,2026-08-31 17:32:05,1316,74626.75,USD,2026-08-31 17:32:05
1369,Shea,Novak,2021-03-26,,Administrative Assistant,Active,Contract,Full-Time,Unk,,,MA,Foreman,FEMALE,6564,Exceeds,3,False,63,False,2026-08-31 17:32:05,3508,51282.22,USD,2026-08-31 17:32:05
1370,Mateo,Mcdaniel,2022-05-19,,Administrative Assistant,Active,Part-Time,Temporary,Unk,,,MA,Locator,FEMALE,55619,Exceeds,3,False,415,False,2026-08-31 17:32:05,1316,59474.88,USD,2026-08-31 17:32:05
1371,Arianna,Carlson,2021-08-28,2021-10-16,Accountant I,Terminated,Contract,Part-Time,Involuntary,Resigned citing below-market compensation and lack of annual salary adjustments.,1957-07-05,MA,Technician,FEMALE,26844,Exceeds,3,False,424,False,2026-08-31 17:32:05,1316,60745.08,USD,2026-08-31 17:32:05
1372,Frankie,Davenport,2022-11-24,,Accountant I,Active,Contract,Full-Time,Unk,,,MA,Foreman,MALE,34610,Exceeds,3,False,390,False,2026-08-31 17:32:05,1316,53584.06,USD,2026-08-31 17:32:05
1373,Morgan,Hammond,2022-01-12,2022-11-11,Accountant I,Terminated,Contract,Part-Time,Resignation,Terminated due to persistent low performance scores and disengagement following team restructuring.,,MA,Laborer,MALE,20630,Exceeds,3,False,404,False,2026-08-31 17:32:05,1316,69858.58,USD,2026-08-31 17:32:05
1374,Judith,Mccullough,2019-07-07,,Sr. Network Engineer,Active,Part-Time,Temporary,Unk,,1942-12-09,MA,Foreman,FEMALE,78109,Exceeds,3,False,34,False,2026-08-31 17:32:05,3466,74796.71,USD,2026-08-31 17:32:05
1375,Luca,Francis,2021-07-14,,Sr. Accountant,Active,Contract,Full-Time,Unk,,1999-07-07,MA,Intern,FEMALE,1498,Exceeds,3,False,425,False,2026-08-31 17:32:05,1316,75610.13,USD,2026-08-31 17:32:05
1376,Mallory,Figueroa,2019-12-03,2022-02-10,Administrative Assistant,Terminated,Full-Time,Temporary,Retirement,Terminated due to persistent low performance scores and disengagement following team restructuring.,1958-08-12,MA,Supervisor,FEMALE,30890,Exceeds,3,False,37,False,2026-08-31 17:32:05,3471,56876.28,USD,2026-08-31 17:32:05
1377,Larissa,Douglas,2021-03-03,2021-07-10,Administrative Assistant,Terminated,Part-Time,Full-Time,Resignation,Resigned citing below-market compensation and lack of annual salary adjustments.,,MA,Technician,FEMALE,67773,Exceeds,3,False,415,False,2026-08-31 17:32:05,1316,63579.76,USD,2026-08-31 17:32:05
1378,Konnor,Rivas,2022-06-13,,Accountant I,Active,Full-Time,Part-Time,Unk,,1975-06-03,MA,Engineer,FEMALE,12640,PIP,3,False,426,False,2026-08-31 17:32:05,1316,53694.22,USD,2026-08-31 17:32:05
1379,Fernanda,Yu,2023-01-23,,Accountant I,Active,Part-Time,Temporary,Unk,,,MA,Supervisor,MALE,64384,Exceeds,3,False,427,False,2026-08-31 17:32:05,1316,53567.88,USD,2026-08-31 17:32:05
1380,Solomon,Paul,2020-09-06,,Accountant I,Active,Part-Time,Temporary,Unk,,1953-04-05,MA,Laborer,MALE,3676,Exceeds,3,False,404,False,2026-08-31 17:32:05,1316,50643.89,USD,2026-08-31 17:32:05
1381,Emiliano,Young,2022-10-17,,Sr. Network Engineer,Active,Full-Time,Temporary,Unk,,2000-01-11,MA,Foreman,FEMALE,71974,PIP,3,False,34,False,2026-08-31 17:32:05,3466,77900.67,USD,2026-08-31 17:32:05
1382,Mason,Ellis,2019-06-07,,Sr. Accountant,Active,Full-Time,Part-Time,Unk,,,MA,Supervisor,FEMALE,27614,Exceeds,3,False,404,False,2026-08-31 17:32:05,1316,76079.61,USD,2026-08-31 17:32:05
1383,Athena,Moore,2022-01-28,2022-09-16,Sr. Accountant,Terminated,Contract,Part-Time,Resignation,Resigned citing below-market compensation and lack of annual salary adjustments.,1994-10-10,MA,Technician,FEMALE,88549,Exceeds,3,False,428,False,2026-08-31 17:32:05,1316,72207.55,USD,2026-08-31 17:32:05
1384,Karla,Farrell,2020-07-01,2021-03-05,Administrative Assistant,Terminated,Part-Time,Full-Time,Resignation,Left due to lack of flexibility around hybrid work policies and long commute times.,1956-12-03,MA,Groundman,FEMALE,14083,PIP,3,False,429,False,2026-08-31 17:32:05,1316,63118.15,USD,2026-08-31 17:32:05
1385,Anderson,Meadows,2020-05-30,,Administrative Assistant,Active,Full-Time,Part-Time,Unk,,1966-09-05,MA,Laborer,FEMALE,37965,PIP,3,False,430,False,2026-08-31 17:32:05,1316,62171.28,USD,2026-08-31 17:32:05
1386,Jacey,Braun,2019-10-05,2023-02-04,Accountant I,Terminated,Contract,Full-Time,Involuntary,Resigned citing below-market compensation and lack of annual salary adjustments.,,MA,Technician,FEMALE,13405,Exceeds,3,False,420,False,2026-08-31 17:32:05,1637,63541.1,USD,2026-08-31 17:32:05
1387,Nathan,Kline,2021-11-06,2023-04-20,Accountant I,Terminated,Contract,Full-Time,Voluntary,Left due to lack of flexibility around hybrid work policies and long commute times.,,MA,Laborer,MALE,63614,PIP,3,False,397,False,2026-08-31 17:32:05,1316,63779.88,USD,2026-08-31 17:32:05
1388,Gabriella,Benitez,2019-05-09,2020-05-07,Accountant I,Terminated,Part-Time,Full-Time,Resignation,Terminated due to persistent low performance scores and disengagement following team restructuring.,,MA,Construction Manager,FEMALE,31721,Exceeds,3,False,404,False,2026-08-31 17:32:05,1316,60209.71,USD,2026-08-31 17:32:05
1389,Juan,Gonzalez,2019-10-28,,Production Technician II,Active,Part-Time,Full-Time,Unk,,1962-11-11,MA,Manager,MALE,2128,Exceeds,3,False,386,False,2026-08-31 17:32:05,1316,49611.42,USD,2026-08-31 17:32:05
1390,Cayo,Gonzalez,2019-01-11,,Production Technician I,Active,Contract,Part-Time,Unk,,,MA,Lineman,MALE,2108,Exceeds,3,False,121,False,2026-08-31 17:32:05,2414,49398.23,USD,2026-08-31 17:32:05
1391,Taylor,Sparks,2020-04-02,,Production Technician I,Active,Contract,Temporary,Unk,,,MA,Supervisor,FEMALE,2093,Needs Improvement,3,False,431,False,2026-08-31 17:32:05,1316,78328.74,USD,2026-08-31 17:32:05
1392,Jeanette,Tippett,2019-06-07,2019-08-15,Production Technician I,Terminated,Part-Time,Part-Time,Involuntary,Resigned citing below-market compensation and lack of annual salary adjustments.,,MA,Operator,FEMALE,2093,Exceeds,3,False,105,False,2026-08-31 17:32:05,1143,61871.08,USD,2026-08-31 17:32:05
1393,Rose,Ivey,2021-11-22,2022-11-23,Production Technician I,Terminated,Part-Time,Part-Time,Voluntary,Left due to lack of flexibility around hybrid work policies and long commute times.,,MA,Flagger,FEMALE,1775,Exceeds,3,False,121,False,2026-08-31 17:32:05,2414,78362.19,USD,2026-08-31 17:32:05
1394,Elijian,Clukey,2019-01-19,,Production Technician I,Active,Full-Time,Part-Time,Unk,,,MA,Laborer,MALE,2134,Exceeds,3,False,82,False,2026-08-31 17:32:05,1123,50725.19,USD,2026-08-31 17:32:05
1395,Jordan,Winthrop,2021-12-17,2021-12-26,Production Technician II,Voluntarily Terminated,Full-Time,Part-Time,Resignation,,,MA,Laborer,MALE,2045,Exceeds,3,False,121,False,2026-08-31 17:32:05,2414,64404.58,USD,2026-08-31 17:32:05
1396,Shari,Ngodup,2019-05-04,2021-02-15,Production Technician I,Terminated,Part-Time,Full-Time,Resignation,Left due to lack of flexibility around hybrid work policies and long commute times.,1956-07-09,MA,Engineer,FEMALE,1810,Exceeds,3,False,152,False,2026-08-31 17:32:05,2396,52270.1,USD,2026-08-31 17:32:05
1397,John,Kretschmer,2018-12-25,2019-03-11,Production Technician I,Terminated,Contract,Part-Time,Voluntary,Terminated due to persistent low performance scores and disengagement following team restructuring.,,MA,Laborer,MALE,1801,Exceeds,3,False,148,False,2026-08-31 17:32:05,1122,53861.46,USD,2026-08-31 17:32:05
1398,Debbie,Mangal,2021-01-03,2023-03-08,Production Technician I,Terminated,Part-Time,Full-Time,Involuntary,Resigned citing below-market compensation and lack of annual salary adjustments.,1972-12-12,MA,Runner,FEMALE,2451,Needs Improvement,3,False,164,False,2026-08-31 17:32:05,1316,46051.91,USD,2026-08-31 17:32:05
1399,Helen,Billis,2023-06-15,,Production Technician I,Active,Part-Time,Full-Time,Unk,,,MA,Foreman,FEMALE,2031,Needs Improvement,3,False,84,False,2026-08-31 17:32:05,2324,49163.37,USD,2026-08-31 17:32:05
1400,Yen,Johnston,2018-08-29,2023-02-09,Production Technician II,Terminated,Full-Time,Full-Time,Resignation,Terminated due to persistent low performance scores and disengagement following team restructuring.,1955-03-04,MA,Laborer,FEMALE,2128,Exceeds,3,False,82,False,2026-08-31 17:32:05,1123,77089.69,USD,2026-08-31 17:32:05
1401,Hong,Pham,2019-01-04,,Production Technician I,Active,Contract,Part-Time,Unk,,,MA,Lineman,MALE,2451,Exceeds,3,False,432,False,2026-08-31 17:32:05,1316,56253.65,USD,2026-08-31 17:32:05
1402,Linda,Bachiochi,2021-09-10,,Production Technician I,Active,Full-Time,Full-Time,Unk,,1988-12-10,MA,Technician,FEMALE,1902,Exceeds,3,False,185,False,2026-08-31 17:32:05,2339,66284.52,USD,2026-08-31 17:32:05
1403,Lily,Dinocco,2021-07-08,,Production Technician I,Active,Full-Time,Temporary,Unk,,1944-09-12,MA,Technician,FEMALE,2351,Exceeds,3,False,106,False,2026-08-31 17:32:05,2295,61275.49,USD,2026-08-31 17:32:05
1404,Ned,Miller,2018-11-01,2021-04-29,Production Technician II,Voluntarily Terminated,Contract,Part-Time,Involuntary,,1978-06-12,MA,Manager,MALE,2472,Exceeds,3,False,433,False,2026-08-31 17:32:05,2403,59015.79,USD,2026-08-31 17:32:05
1405,Shana,Petingill,2018-12-08,2022-06-11,Production Technician II,Terminated,Part-Time,Temporary,Involuntary,Left due to lack of flexibility around hybrid work policies and long commute times.,,MA,Construction Manager,FEMALE,2050,Exceeds,3,False,105,False,2026-08-31 17:32:05,1143,63616.01,USD,2026-08-31 17:32:05
1406,Jennifer,Cloninger,2022-10-25,,Production Technician II,Active,Part-Time,Full-Time,Unk,,1982-10-11,MA,Flagger,FEMALE,1752,Exceeds,3,False,110,False,2026-08-31 17:32:05,2287,51553.36,USD,2026-08-31 17:32:05
1407,Elias,Robinson,2023-04-04,,Production Technician I,Active,Full-Time,Temporary,Unk,,,MA,Administrative,MALE,1730,Exceeds,3,False,385,False,2026-08-31 17:32:05,2319,79601.14,USD,2026-08-31 17:32:05
1408,Libby,Fidelia,2021-03-17,,Production Technician I,Active,Contract,Part-Time,Unk,,1980-03-12,MA,Supervisor,FEMALE,2155,Exceeds,3,False,105,False,2026-08-31 17:32:05,1143,73640.78,USD,2026-08-31 17:32:05
1409,Catherine,Ybarra,2019-03-11,2021-09-06,Production Technician I,Voluntarily Terminated,Full-Time,Part-Time,Retirement,,1981-02-04,MA,Technician,FEMALE,2458,Exceeds,3,False,148,False,2026-08-31 17:32:05,1122,70956.51,USD,2026-08-31 17:32:05
1410,Ashanti,Price,2022-02-25,2023-04-28,Production Technician I,Terminated,Contract,Temporary,Resignation,Resigned citing below-market compensation and lack of annual salary adjustments.,1945-08-08,MA,Laborer,FEMALE,26720,Exceeds,3,False,99,False,2026-08-31 17:32:05,1316,61406.58,USD,2026-08-31 17:32:05
1411,Makenna,Rojas,2019-07-02,,Production Technician I,Active,Part-Time,Part-Time,Unk,,,MA,Foreman,FEMALE,78612,Exceeds,3,False,2,False,2026-08-31 17:32:05,1121,50350.7,USD,2026-08-31 17:32:05
1412,Rory,Stone,2019-06-20,,Production Technician I,Active,Part-Time,Full-Time,Unk,,,MA,Warehouse Technician,FEMALE,75935,Exceeds,3,False,83,False,2026-08-31 17:32:05,2318,77223.31,USD,2026-08-31 17:32:05
1413,Ann,Montgomery,2019-09-27,2023-02-08,Production Technician I,Terminated,Part-Time,Full-Time,Retirement,Resigned citing below-market compensation and lack of annual salary adjustments.,1943-12-03,MA,Accounting,MALE,51599,Needs Improvement,3,False,156,False,2026-08-31 17:32:05,1316,56948.55,USD,2026-08-31 17:32:05
1414,Erin,Holder,2022-11-15,2023-07-26,Production Technician I,Terminated,Contract,Full-Time,Involuntary,Left due to lack of flexibility around hybrid work policies and long commute times.,1966-03-06,MA,Labor,MALE,95839,Exceeds,3,False,131,False,2026-08-31 17:32:05,1316,46753.73,USD,2026-08-31 17:32:05
1415,Aubrey,Kim,2020-08-22,,Production Technician I,Active,Part-Time,Part-Time,Unk,,,MA,Tower Hand,MALE,93199,Exceeds,3,False,130,False,2026-08-31 17:32:05,2277,56984.13,USD,2026-08-31 17:32:05
1416,Edward,Love,2020-04-09,,Production Technician I,Active,Part-Time,Full-Time,Unk,,1953-12-09,MA,Flagger,MALE,39796,Exceeds,3,False,91,False,2026-08-31 17:32:05,2364,72806.0,USD,2026-08-31 17:32:05
1417,Paisley,Avery,2021-03-30,,Production Technician I,Active,Full-Time,Part-Time,Unk,,1949-02-02,MA,Supervisor,FEMALE,10875,Exceeds,3,False,138,False,2026-08-31 17:32:05,1316,66794.81,USD,2026-08-31 17:32:05
1418,Kaiden,Leblanc,2018-09-26,,Production Technician I,Active,Part-Time,Temporary,Unk,,,MA,Project Manager,FEMALE,33720,Needs Improvement,3,False,144,False,2026-08-31 17:32:05,1208,71279.35,USD,2026-08-31 17:32:05
1419,Shania,Bauer,2023-05-22,,Production Technician I,Active,Contract,Full-Time,Unk,,1984-11-01,MA,Laborer,FEMALE,50647,Exceeds,3,False,105,False,2026-08-31 17:32:05,1143,72777.24,USD,2026-08-31 17:32:05
1420,Danna,Hines,2021-06-04,,Production Technician I,Active,Contract,Temporary,Unk,,,MA,Project Manager,FEMALE,33776,Exceeds,3,False,434,False,2026-08-31 17:32:05,1316,52418.41,USD,2026-08-31 17:32:05
1421,Bennett,Bowen,2019-10-22,2023-07-25,Production Technician I,Terminated,Contract,Full-Time,Involuntary,Terminated due to persistent low performance scores and disengagement following team restructuring.,,MA,Administration,FEMALE,24552,Exceeds,3,False,121,False,2026-08-31 17:32:05,2414,77332.42,USD,2026-08-31 17:32:05
1422,Gianna,Lopez,2019-10-04,,Production Technician I,Future Start,Full-Time,Full-Time,Involuntary,,1994-02-10,MA,Technician,FEMALE,6933,Needs Improvement,3,False,435,False,2026-08-31 17:32:05,1316,60329.64,USD,2026-08-31 17:32:05
1423,Azaria,Young,2022-06-25,,Production Technician I,Active,Full-Time,Full-Time,Unk,,1992-12-03,MA,Laborer,FEMALE,3012,Needs Improvement,3,False,357,False,2026-08-31 17:32:05,2297,67365.48,USD,2026-08-31 17:32:05
1424,Aydin,Bautista,2021-11-17,2022-08-03,Production Technician I,On Leave,Full-Time,Part-Time,Voluntary,,1982-08-12,MA,Laborer,FEMALE,60993,Needs Improvement,3,False,84,False,2026-08-31 17:32:05,2324,45080.81,USD,2026-08-31 17:32:05
1425,Antoine,Schaefer,2019-08-04,,Production Technician I,Active,Part-Time,Full-Time,Unk,,,MA,Technician,FEMALE,10504,Needs Improvement,3,False,130,False,2026-08-31 17:32:05,2277,79767.9,USD,2026-08-31 17:32:05
1426,Milagros,Cobb,2022-03-08,2022-11-12,Production Technician I,Voluntarily Terminated,Full-Time,Full-Time,Retirement,,,MA,Technician,FEMALE,11397,Exceeds,3,False,135,False,2026-08-31 17:32:05,1316,54831.37,USD,2026-08-31 17:32:05
1427,Jean,Duffy,2019-02-22,,Production Technician II,Active,Full-Time,Part-Time,Unk,,1953-09-05,MA,Project Manager,MALE,96208,Needs Improvement,3,False,114,False,2026-08-31 17:32:05,1316,47172.21,USD,2026-08-31 17:32:05
1428,Campbell,Doyle,2022-12-08,,Production Technician II,Active,Full-Time,Part-Time,Unk,,,MA,Director,MALE,76607,Exceeds,3,False,436,False,2026-08-31 17:32:05,2377,61039.17,USD,2026-08-31 17:32:05
1429,Deven,Vincent,2019-11-22,2022-03-12,Production Technician II,Voluntarily Terminated,Contract,Temporary,Resignation,,1944-02-09,MA,Technician,FEMALE,6668,Exceeds,3,False,91,False,2026-08-31 17:32:05,2364,49516.05,USD,2026-08-31 17:32:05
1430,Evangeline,Downs,2023-02-13,2023-03-03,Production Technician II,Voluntarily Terminated,Part-Time,Temporary,Involuntary,,,MA,Shop,FEMALE,36785,Needs Improvement,3,False,81,False,2026-08-31 17:32:05,1316,50331.43,USD,2026-08-31 17:32:05
1431,Kaley,Ali,2019-03-15,,Production Technician II,Active,Full-Time,Full-Time,Unk,,,MA,Laborer,FEMALE,16451,Exceeds,3,False,107,False,2026-08-31 17:32:05,2296,67129.9,USD,2026-08-31 17:32:05
1432,Madeline,Bernard,2019-07-18,,Production Technician II,Active,Contract,Part-Time,Unk,,,MA,Administration,MALE,96784,Exceeds,3,False,434,False,2026-08-31 17:32:05,1316,58752.46,USD,2026-08-31 17:32:05
1433,Alijah,Singh,2021-04-09,2021-11-28,Production Technician I,Terminated,Part-Time,Part-Time,Voluntary,Terminated due to persistent low performance scores and disengagement following team restructuring.,,MA,Clerk,FEMALE,40314,Needs Improvement,3,False,121,False,2026-08-31 17:32:05,2414,77264.84,USD,2026-08-31 17:32:05
1434,Ayla,Roberts,2018-12-30,2023-03-30,Production Technician I,Terminated,Part-Time,Part-Time,Voluntary,Resigned citing below-market compensation and lack of annual salary adjustments.,,MA,Splicer,FEMALE,88408,Exceeds,3,False,147,False,2026-08-31 17:32:05,1316,56170.48,USD,2026-08-31 17:32:05
1435,Isai,Mcfarland,2021-07-30,,Production Technician I,Active,Contract,Temporary,Unk,,,MA,Laborer,FEMALE,70770,Exceeds,3,False,83,False,2026-08-31 17:32:05,2318,70416.3,USD,2026-08-31 17:32:05
1436,Brent,Dominguez,2022-10-28,,Production Technician I,Active,Full-Time,Temporary,Unk,,,MA,Laborer,MALE,35871,Needs Improvement,3,False,107,False,2026-08-31 17:32:05,2296,61138.48,USD,2026-08-31 17:32:05
1437,Lorena,Graves,2020-10-29,,Production Technician I,Active,Contract,Temporary,Unk,,,MA,Manager,MALE,13357,Exceeds,3,False,434,False,2026-08-31 17:32:05,1316,68098.3,USD,2026-08-31 17:32:05
1438,Lucian,Mora,2023-03-17,2023-03-22,Production Technician I,Terminated,Contract,Part-Time,Voluntary,Left due to lack of flexibility around hybrid work policies and long commute times.,,MA,Foreman,MALE,51453,Exceeds,3,False,86,False,2026-08-31 17:32:05,2298,65989.34,USD,2026-08-31 17:32:05
1439,Dangelo,Gould,2022-07-20,2023-04-26,Production Technician I,Terminated,Full-Time,Temporary,Voluntary,Terminated due to persistent low performance scores and disengagement following team restructuring.,,MA,Laborer,FEMALE,76246,Needs Improvement,3,False,189,False,2026-08-31 17:32:05,2291,61547.44,USD,2026-08-31 17:32:05
1440,Humberto,Horn,2023-08-04,,Production Technician I,Active,Part-Time,Temporary,Unk,,,MA,Driver,FEMALE,57866,Needs Improvement,3,False,105,False,2026-08-31 17:32:05,1143,78252.14,USD,2026-08-31 17:32:05
1441,Miranda,Chavez,2021-11-26,2022-09-23,Production Technician I,Terminated,Contract,Temporary,Voluntary,Left due to lack of flexibility around hybrid work policies and long commute times.,,MA,Laborer,FEMALE,69720,Needs Improvement,3,False,97,False,2026-08-31 17:32:05,1165,56994.98,USD,2026-08-31 17:32:05
1442,Makena,Mcintosh,2018-09-27,,Production Technician I,Active,Full-Time,Temporary,Unk,,1993-10-07,MA,Safety,FEMALE,31956,Needs Improvement,3,False,437,False,2026-08-31 17:32:05,1316,51203.24,USD,2026-08-31 17:32:05
1443,Armani,Crawford,2019-08-04,,Production Technician I,Active,Contract,Part-Time,Unk,,,MA,Technician,FEMALE,96317,Needs Improvement,3,False,106,False,2026-08-31 17:32:05,2295,68733.29,USD,2026-08-31 17:32:05
1444,Eugene,Bird,2019-10-03,,Production Technician I,Active,Contract,Part-Time,Unk,,,MA,Laborer,FEMALE,78331,Needs Improvement,3,False,135,False,2026-08-31 17:32:05,1316,74610.26,USD,2026-08-31 17:32:05
1445,Connor,Larsen,2021-09-05,,Production Technician I,Future Start,Part-Time,Part-Time,Voluntary,,,MA,Labor,FEMALE,89203,Exceeds,3,False,138,False,2026-08-31 17:32:05,1316,46408.88,USD,2026-08-31 17:32:05
1446,Harley,Mccullough,2020-07-21,,Production Technician I,Future Start,Full-Time,Temporary,Involuntary,,1997-10-04,MA,Driver,FEMALE,68233,Exceeds,3,False,177,False,2026-08-31 17:32:05,2292,60737.14,USD,2026-08-31 17:32:05
1447,Lucian,Montoya,2022-12-12,2023-06-26,Production Technician I,On Leave,Full-Time,Part-Time,Resignation,,,MA,Supervisor,FEMALE,24188,Exceeds,3,False,98,False,2026-08-31 17:32:05,2294,76237.07,USD,2026-08-31 17:32:05
1448,Shiloh,Baird,2020-09-13,,Production Technician I,Active,Part-Time,Part-Time,Unk,,,MA,Technician,FEMALE,72868,Needs Improvement,3,False,88,False,2026-08-31 17:32:05,2398,71236.65,USD,2026-08-31 17:32:05
1449,Tara,Alvarado,2022-11-15,,Production Technician II,Active,Part-Time,Temporary,Unk,,,MA,Administrator,MALE,82061,Needs Improvement,3,False,361,False,2026-08-31 17:32:05,1164,79713.27,USD,2026-08-31 17:32:05
1450,Raina,Vaughan,2020-02-07,2022-04-20,Production Technician II,Voluntarily Terminated,Full-Time,Temporary,Retirement,,,MA,Manager,MALE,19127,Needs Improvement,3,False,98,False,2026-08-31 17:32:05,2294,63599.48,USD,2026-08-31 17:32:05
1451,Sienna,Bullock,2022-12-31,,Production Technician II,Active,Part-Time,Part-Time,Unk,,,MA,Technician,FEMALE,26670,Needs Improvement,3,False,137,False,2026-08-31 17:32:05,1316,68099.85,USD,2026-08-31 17:32:05
1452,Tyrese,Goodman,2019-03-26,,Production Technician II,Active,Full-Time,Full-Time,Unk,,,MA,Driver,FEMALE,86883,Needs Improvement,3,False,107,False,2026-08-31 17:32:05,2296,55586.81,USD,2026-08-31 17:32:05
1453,Giovanni,Landry,2023-03-22,,Production Technician II,Active,Full-Time,Temporary,Unk,,,MA,Engineer,MALE,83496,Needs Improvement,3,False,108,False,2026-08-31 17:32:05,1316,78163.75,USD,2026-08-31 17:32:05
1454,Javon,Moses,2022-12-23,2022-12-25,Production Technician II,Voluntarily Terminated,Full-Time,Temporary,Voluntary,,1977-12-03,MA,Lineman,MALE,5270,Needs Improvement,3,False,88,False,2026-08-31 17:32:05,2398,57821.74,USD,2026-08-31 17:32:05
1455,Alonso,Williams,2019-12-27,,Production Technician I,Active,Contract,Full-Time,Unk,,,MA,Administrator,FEMALE,18041,Needs Improvement,3,False,361,False,2026-08-31 17:32:05,1164,70847.87,USD,2026-08-31 17:32:05
1456,Kamila,Rosales,2019-06-25,2019-07-09,Production Technician I,Terminated,Full-Time,Full-Time,Resignation,Left due to lack of flexibility around hybrid work policies and long commute times.,1956-08-10,MA,Engineer,FEMALE,55931,Exceeds,3,False,160,False,2026-08-31 17:32:05,2435,59109.91,USD,2026-08-31 17:32:05
1457,Jadiel,French,2018-11-23,,Production Technician I,Active,Contract,Part-Time,Unk,,1977-03-08,MA,Driller,FEMALE,84889,Exceeds,3,False,106,False,2026-08-31 17:32:05,2295,64663.66,USD,2026-08-31 17:32:05
1458,Brennan,Jefferson,2021-01-17,,Production Technician I,Active,Full-Time,Part-Time,Unk,,,MA,Foreman,FEMALE,20292,Exceeds,3,False,365,False,2026-08-31 17:32:05,1316,70192.39,USD,2026-08-31 17:32:05
1459,Noe,Glenn,2021-09-08,,Production Technician I,Active,Contract,Temporary,Unk,,1946-12-08,MA,Technician,MALE,46927,Exceeds,3,False,108,False,2026-08-31 17:32:05,1316,62812.7,USD,2026-08-31 17:32:05
1460,Vaughn,Kim,2021-02-24,2022-06-18,Production Technician I,Terminated,Full-Time,Temporary,Retirement,Terminated due to persistent low performance scores and disengagement following team restructuring.,,MA,Foreman,MALE,14170,Exceeds,3,False,113,False,2026-08-31 17:32:05,1144,76748.02,USD,2026-08-31 17:32:05
1461,Anabel,Evans,2019-04-12,2020-09-28,Production Technician I,Terminated,Full-Time,Full-Time,Retirement,Resigned citing below-market compensation and lack of annual salary adjustments.,2001-03-03,MA,Technician,FEMALE,82370,Exceeds,3,False,381,False,2026-08-31 17:32:05,2315,59675.53,USD,2026-08-31 17:32:05
1462,Elisabeth,Irwin,2023-07-13,,Production Technician I,Active,Contract,Temporary,Unk,,1960-07-03,MA,Engineer,FEMALE,83401,Exceeds,3,False,192,False,2026-08-31 17:32:05,1185,67647.51,USD,2026-08-31 17:32:05
1463,Bo,Bradford,2020-10-05,,Production Technician I,Active,Contract,Temporary,Unk,,,MA,Technician,FEMALE,28372,Exceeds,3,False,83,False,2026-08-31 17:32:05,2318,56982.69,USD,2026-08-31 17:32:05
1464,Dustin,Beasley,2019-01-27,,Production Technician I,Active,Part-Time,Full-Time,Unk,,1957-01-10,MA,Supervisor,FEMALE,7304,Exceeds,3,False,382,False,2026-08-31 17:32:05,1273,59285.48,USD,2026-08-31 17:32:05
1465,Dean,Winters,2020-12-17,2021-11-20,Production Technician I,Terminated,Part-Time,Full-Time,Retirement,Left due to lack of flexibility around hybrid work policies and long commute times.,,MA,Analyst,FEMALE,7717,Exceeds,3,False,169,False,2026-08-31 17:32:05,1316,60401.75,USD,2026-08-31 17:32:05
1466,Chanel,Dougherty,2021-03-04,,Production Technician I,Active,Full-Time,Temporary,Unk,,1989-08-03,MA,Engineer,FEMALE,50559,Exceeds,3,False,438,False,2026-08-31 17:32:05,1316,49403.25,USD,2026-08-31 17:32:05
1467,Phoebe,Dorsey,2023-03-30,,Production Technician I,Active,Full-Time,Temporary,Unk,,,MA,Generalist,FEMALE,18652,Fully Meets,3,False,439,False,2026-08-31 17:32:05,1316,48210.33,USD,2026-08-31 17:32:05
1468,Coleman,Bridges,2018-12-27,,Production Technician I,Active,Contract,Part-Time,Unk,,,MA,Laborer,FEMALE,24605,Exceeds,3,False,107,False,2026-08-31 17:32:05,2296,68362.15,USD,2026-08-31 17:32:05
1469,Juliet,Bautista,2021-09-20,,Production Technician I,Active,Full-Time,Temporary,Unk,,,MA,Lineman,FEMALE,59499,Exceeds,3,False,86,False,2026-08-31 17:32:05,2298,67943.12,USD,2026-08-31 17:32:05
1470,Julia,Lawrence,2023-02-08,,Production Technician I,Active,Part-Time,Part-Time,Unk,,,MA,Administrator,FEMALE,62387,Exceeds,3,False,162,False,2026-08-31 17:32:05,1316,68201.84,USD,2026-08-31 17:32:05
1471,Kinley,Dean,2019-10-16,2022-01-12,Production Technician II,Voluntarily Terminated,Full-Time,Part-Time,Retirement,,1960-09-04,MA,Lineman,MALE,4589,Exceeds,3,False,130,False,2026-08-31 17:32:05,2277,45691.83,USD,2026-08-31 17:32:05
1472,Karina,Mccarthy,2021-08-31,,Production Technician II,Active,Contract,Full-Time,Unk,,,MA,Field Project Manager,MALE,46068,Exceeds,3,False,157,False,2026-08-31 17:32:05,2326,56429.14,USD,2026-08-31 17:32:05
1473,Ruben,Kirby,2020-09-25,,Production Technician II,Active,Contract,Full-Time,Unk,,1942-06-10,MA,Laborer,FEMALE,24519,Exceeds,3,False,91,False,2026-08-31 17:32:05,2364,51923.34,USD,2026-08-31 17:32:05
1474,Alexia,Hughes,2023-02-01,2023-02-03,Production Technician II,Voluntarily Terminated,Full-Time,Part-Time,Voluntary,,,MA,Engineer,FEMALE,46511,Exceeds,3,False,176,False,2026-08-31 17:32:05,2365,72235.3,USD,2026-08-31 17:32:05
1475,Miles,Gill,2023-01-17,2023-05-21,Production Technician II,Terminated,Full-Time,Temporary,Resignation,Terminated due to persistent low performance scores and disengagement following team restructuring.,,MA,Laborer,MALE,86113,Exceeds,3,False,365,False,2026-08-31 17:32:05,1316,75122.06,USD,2026-08-31 17:32:05
1476,Kaden,Woodard,2019-12-07,2020-09-02,Production Technician II,Voluntarily Terminated,Contract,Part-Time,Voluntary,,1962-07-11,MA,Foreman,MALE,16157,PIP,3,False,98,False,2026-08-31 17:32:05,2294,53633.81,USD,2026-08-31 17:32:05
1477,Frida,Wilkins,2018-11-21,2022-01-11,Production Technician I,Terminated,Contract,Full-Time,Retirement,Left due to lack of flexibility around hybrid work policies and long commute times.,1963-12-09,MA,Laborer,FEMALE,75398,Exceeds,3,False,368,False,2026-08-31 17:32:05,2363,68374.72,USD,2026-08-31 17:32:05
1478,Kamron,Doyle,2021-02-15,2023-07-18,Production Technician I,Terminated,Part-Time,Part-Time,Voluntary,Terminated due to persistent low performance scores and disengagement following team restructuring.,,MA,Locator,FEMALE,35244,Exceeds,3,False,106,False,2026-08-31 17:32:05,2295,49527.7,USD,2026-08-31 17:32:05
1479,Blaine,Rose,2021-01-06,,Production Technician I,Active,Part-Time,Full-Time,Unk,,1951-04-12,MA,Coordinator,FEMALE,31819,Exceeds,3,False,116,False,2026-08-31 17:32:05,1252,54630.34,USD,2026-08-31 17:32:05
1480,Elena,Gilmore,2019-01-18,,Production Technician I,Active,Part-Time,Part-Time,Unk,,,MA,Mechanic,MALE,77316,Needs Improvement,3,False,440,False,2026-08-31 17:32:05,1316,49852.91,USD,2026-08-31 17:32:05
1481,Ashlynn,Moses,2023-03-15,,Production Technician I,Active,Full-Time,Part-Time,Unk,,2000-09-07,MA,Technician,MALE,71882,Exceeds,3,False,107,False,2026-08-31 17:32:05,2296,54923.23,USD,2026-08-31 17:32:05
1482,Esmeralda,Galvan,2019-11-11,,Production Technician I,Active,Contract,Temporary,Unk,,1952-02-02,MA,Vp,FEMALE,81260,Exceeds,3,False,375,False,2026-08-31 17:32:05,1316,68615.78,USD,2026-08-31 17:32:05
1483,Ignacio,Wiley,2022-08-21,2023-01-20,Production Technician I,Terminated,Full-Time,Full-Time,Retirement,Left due to lack of flexibility around hybrid work policies and long commute times.,,MA,Shop,FEMALE,74813,Exceeds,3,False,441,False,2026-08-31 17:32:05,1316,76861.44,USD,2026-08-31 17:32:05
1484,Lorena,Mahoney,2020-05-05,,Production Technician I,Active,Full-Time,Full-Time,Unk,,1991-02-07,MA,Laborer,FEMALE,43208,Exceeds,3,False,189,False,2026-08-31 17:32:05,2291,52088.28,USD,2026-08-31 17:32:05
1485,Krystal,Atkinson,2021-03-05,2023-04-02,Production Technician I,Terminated,Contract,Part-Time,Involuntary,Resigned citing below-market compensation and lack of annual salary adjustments.,,MA,Laborer,FEMALE,92712,Exceeds,3,False,89,False,2026-08-31 17:32:05,1316,63972.77,USD,2026-08-31 17:32:05
1486,Soren,Merritt,2019-03-07,,Production Technician I,Active,Part-Time,Full-Time,Unk,,,MA,Engineer,FEMALE,53726,Fully Meets,3,False,150,False,2026-08-31 17:32:05,2417,69548.69,USD,2026-08-31 17:32:05
1487,Frida,Salazar,2022-05-08,2023-03-27,Production Technician I,Terminated,Full-Time,Part-Time,Involuntary,Terminated due to persistent low performance scores and disengagement following team restructuring.,,MA,Operator,FEMALE,31742,Fully Meets,3,False,120,False,2026-08-31 17:32:05,2336,78352.29,USD,2026-08-31 17:32:05
1488,Annie,Peters,2020-08-21,,Production Technician I,Future Start,Part-Time,Full-Time,Retirement,,,MA,Project Manager,FEMALE,7547,Fully Meets,3,False,141,False,2026-08-31 17:32:05,2337,66352.12,USD,2026-08-31 17:32:05
1489,Zoie,Mercado,2020-12-01,,Production Technician I,Active,Contract,Part-Time,Unk,,,MA,Technician,FEMALE,42750,Fully Meets,3,False,192,False,2026-08-31 17:32:05,1185,53928.74,USD,2026-08-31 17:32:05
1490,Joanna,Arias,2019-08-13,,Production Technician I,Active,Contract,Temporary,Unk,,,MA,Director,FEMALE,40934,Needs Improvement,3,False,176,False,2026-08-31 17:32:05,2365,66891.74,USD,2026-08-31 17:32:05
1491,Tristian,Wilcox,2020-03-09,,Production Technician I,Active,Part-Time,Temporary,Unk,,,MA,Manager,FEMALE,4664,Exceeds,3,False,380,False,2026-08-31 17:32:05,2276,56217.19,USD,2026-08-31 17:32:05
1492,Zoey,Spence,2020-05-06,,Production Technician II,Active,Full-Time,Temporary,Unk,,1955-08-12,MA,Engineer,MALE,73153,Exceeds,3,False,114,False,2026-08-31 17:32:05,1316,79164.49,USD,2026-08-31 17:32:05
1493,Bradley,Barnes,2022-08-03,,Production Technician II,Active,Full-Time,Temporary,Unk,,,MA,Laborer,MALE,57107,Fully Meets,3,False,106,False,2026-08-31 17:32:05,2295,58988.66,USD,2026-08-31 17:32:05
1494,Juliana,Schroeder,2018-10-13,2019-12-04,Production Technician II,Voluntarily Terminated,Contract,Full-Time,Retirement,,1949-12-03,MA,Coordinator,FEMALE,18325,Fully Meets,3,False,147,False,2026-08-31 17:32:05,1316,68989.97,USD,2026-08-31 17:32:05
1495,Yasmin,Warren,2021-07-04,,Production Technician II,Active,Part-Time,Temporary,Unk,,1971-11-01,MA,Laborer,MALE,38175,Fully Meets,3,False,148,False,2026-08-31 17:32:05,1122,45812.97,USD,2026-08-31 17:32:05
1496,Izabella,Barron,2019-04-30,2020-05-04,Production Technician II,Terminated,Part-Time,Full-Time,Retirement,Terminated due to persistent low performance scores and disengagement following team restructuring.,,MA,Technician,MALE,27412,Fully Meets,3,False,167,False,2026-08-31 17:32:05,1316,59002.15,USD,2026-08-31 17:32:05
1497,Victoria,Soto,2020-11-03,,Production Technician II,Active,Contract,Temporary,Unk,,1995-11-12,MA,Drafter,MALE,26808,Needs Improvement,3,False,160,False,2026-08-31 17:32:05,2435,75628.77,USD,2026-08-31 17:32:05
1498,Cody,Beard,2022-08-15,2022-08-20,Production Technician I,Terminated,Full-Time,Part-Time,Retirement,Left due to lack of flexibility around hybrid work policies and long commute times.,,MA,Director,FEMALE,43193,Exceeds,3,False,150,False,2026-08-31 17:32:05,2417,66357.96,USD,2026-08-31 17:32:05
1499,Abigayle,Mccann,2022-02-26,2022-10-16,Production Technician I,Terminated,Contract,Full-Time,Resignation,Terminated due to persistent low performance scores and disengagement following team restructuring.,,MA,Operator,FEMALE,94816,Fully Meets,3,False,120,False,2026-08-31 17:32:05,2336,60538.0,USD,2026-08-31 17:32:05
1500,Brenden,Marks,2019-05-13,,Production Technician I,Active,Part-Time,Part-Time,Unk,,1985-02-02,MA,Tower Hand,FEMALE,92438,Fully Meets,3,False,106,False,2026-08-31 17:32:05,2295,77757.81,USD,2026-08-31 17:32:05
1501,Jaqueline,Gallagher,2021-10-24,2022-10-03,Production Technician I,Terminated,Contract,Part-Time,Retirement,Left due to lack of flexibility around hybrid work policies and long commute times.,1999-01-10,MA,Tower Hand,MALE,12961,Fully Meets,3,False,91,False,2026-08-31 17:32:05,2364,74889.45,USD,2026-08-31 17:32:05
1502,Abagail,Banks,2021-05-10,2023-04-10,Production Technician I,Terminated,Full-Time,Full-Time,Retirement,Terminated due to persistent low performance scores and disengagement following team restructuring.,,MA,Administrative,MALE,96477,Fully Meets,3,False,103,False,2026-08-31 17:32:05,1316,56277.55,USD,2026-08-31 17:32:05
1503,Nickolas,Guzman,2021-06-13,2021-06-20,Production Technician I,Terminated,Contract,Part-Time,Retirement,Resigned citing below-market compensation and lack of annual salary adjustments.,,MA,Business Development,FEMALE,31097,Fully Meets,3,False,385,False,2026-08-31 17:32:05,2319,64059.19,USD,2026-08-31 17:32:05
1504,Guillermo,Rose,2019-11-04,2021-07-28,Production Technician I,Terminated,Full-Time,Full-Time,Resignation,Left due to lack of flexibility around hybrid work policies and long commute times.,,MA,Technician,FEMALE,11962,Needs Improvement,3,False,160,False,2026-08-31 17:32:05,2435,62143.85,USD,2026-08-31 17:32:05
1505,Moises,Brock,2020-01-29,,Production Technician I,Active,Full-Time,Part-Time,Unk,,,MA,Supervisor,FEMALE,29145,Exceeds,3,False,195,False,2026-08-31 17:32:05,1316,67127.09,USD,2026-08-31 17:32:05
1506,Hayden,Richmond,2018-09-05,2020-09-08,Production Technician I,Terminated,Part-Time,Part-Time,Retirement,Resigned citing below-market compensation and lack of annual salary adjustments.,,MA,Engineer,FEMALE,25033,Exceeds,3,False,129,False,2026-08-31 17:32:05,2393,56693.89,USD,2026-08-31 17:32:05
1507,Evelin,Sellers,2021-07-21,,Production Technician I,Active,Full-Time,Full-Time,Unk,,,MA,Administrator,FEMALE,58830,Fully Meets,3,False,361,False,2026-08-31 17:32:05,1164,53547.18,USD,2026-08-31 17:32:05
1508,Dereon,Hayes,2023-05-20,,Production Technician I,Active,Part-Time,Temporary,Unk,,,MA,Lineman,FEMALE,64063,Fully Meets,3,False,84,False,2026-08-31 17:32:05,2324,76943.51,USD,2026-08-31 17:32:05
1509,Marlee,Mathis,2022-05-16,,Production Technician I,Active,Full-Time,Full-Time,Unk,,,MA,Assistant,FEMALE,92210,Fully Meets,3,False,183,False,2026-08-31 17:32:05,1316,77335.61,USD,2026-08-31 17:32:05
1510,Alice,House,2021-03-15,,Production Technician I,Active,Contract,Temporary,Unk,,,MA,Technician,FEMALE,79031,Fully Meets,3,False,194,False,2026-08-31 17:32:05,2441,74516.3,USD,2026-08-31 17:32:05
1511,Jonathon,Thompson,2023-06-26,,Production Technician I,Future Start,Full-Time,Full-Time,Retirement,,1995-05-07,MA,Groundman,FEMALE,47284,Fully Meets,3,False,91,False,2026-08-31 17:32:05,2364,79237.16,USD,2026-08-31 17:32:05
1512,Kendal,Abbott,2019-10-11,2021-04-24,Production Technician I,On Leave,Contract,Part-Time,Involuntary,,,MA,Laborer,FEMALE,42058,Fully Meets,3,False,83,False,2026-08-31 17:32:05,2318,71074.7,USD,2026-08-31 17:32:05
1513,Holly,Taylor,2019-12-21,,Production Technician II,Active,Contract,Temporary,Unk,,1993-03-10,MA,Engineer,MALE,75433,Fully Meets,3,False,354,False,2026-08-31 17:32:05,1316,71763.35,USD,2026-08-31 17:32:05
1514,Hadassah,Blackburn,2022-07-15,,Production Technician II,Active,Contract,Part-Time,Unk,,1983-05-12,MA,Manager,MALE,22316,Fully Meets,3,False,164,False,2026-08-31 17:32:05,1316,71690.65,USD,2026-08-31 17:32:05
1515,Shaylee,Hall,2018-09-26,,Production Technician II,Active,Full-Time,Part-Time,Unk,,,MA,Laborer,FEMALE,96974,Fully Meets,3,False,121,False,2026-08-31 17:32:05,2414,61821.27,USD,2026-08-31 17:32:05
1516,Richard,Nelson,2022-10-16,,Production Technician II,Active,Contract,Full-Time,Unk,,1943-05-06,MA,Manager,MALE,46694,Fully Meets,3,False,387,False,2026-08-31 17:32:05,1316,60975.83,USD,2026-08-31 17:32:05
1517,Leyla,Davila,2021-12-02,2022-04-25,Production Technician II,Terminated,Full-Time,Part-Time,Involuntary,Terminated due to persistent low performance scores and disengagement following team restructuring.,1986-05-03,MA,Splicer,MALE,4704,Fully Meets,3,False,366,False,2026-08-31 17:32:05,2451,53407.92,USD,2026-08-31 17:32:05
1518,Kolten,Calhoun,2019-03-07,2023-03-06,Production Technician II,Voluntarily Terminated,Full-Time,Temporary,Retirement,,,MA,Engineer,MALE,35960,Fully Meets,3,False,442,False,2026-08-31 17:32:05,1316,67568.67,USD,2026-08-31 17:32:05
1519,Camille,Livingston,2023-05-02,2023-07-26,Production Technician I,Terminated,Part-Time,Full-Time,Voluntary,Left due to lack of flexibility around hybrid work policies and long commute times.,,MA,Supervisor,FEMALE,76669,Fully Meets,3,False,119,False,2026-08-31 17:32:05,2285,55126.2,USD,2026-08-31 17:32:05
1520,Lilianna,Colon,2020-08-24,2023-02-26,Production Technician I,Terminated,Full-Time,Full-Time,Involuntary,Terminated due to persistent low performance scores and disengagement following team restructuring.,1976-04-07,MA,Vp,FEMALE,34189,Fully Meets,3,False,443,False,2026-08-31 17:32:05,1316,54023.29,USD,2026-08-31 17:32:05
1521,Chaim,Patrick,2020-12-08,2021-09-07,Production Technician I,Terminated,Contract,Temporary,Voluntary,Resigned citing below-market compensation and lack of annual salary adjustments.,,MA,Groundman,MALE,16162,Needs Improvement,3,False,99,False,2026-08-31 17:32:05,1316,65508.65,USD,2026-08-31 17:32:05
1522,Amara,Castillo,2021-02-15,,Production Technician I,Active,Full-Time,Full-Time,Unk,,,MA,Operator,MALE,49777,Fully Meets,3,False,91,False,2026-08-31 17:32:05,2364,59349.38,USD,2026-08-31 17:32:05
1523,Joel,Eaton,2020-09-15,2023-06-24,Production Technician I,Terminated,Contract,Full-Time,Involuntary,Terminated due to persistent low performance scores and disengagement following team restructuring.,,MA,Director,MALE,18628,Fully Meets,3,False,171,False,2026-08-31 17:32:05,1232,52659.98,USD,2026-08-31 17:32:05
1524,Priscilla,Walters,2023-03-16,,Production Technician I,Active,Full-Time,Temporary,Unk,,,MA,Engineer,FEMALE,5112,Fully Meets,3,False,128,False,2026-08-31 17:32:05,1316,73561.96,USD,2026-08-31 17:32:05
1525,Nehemiah,Leach,2021-11-14,2022-10-07,Production Technician I,Terminated,Full-Time,Temporary,Involuntary,Left due to lack of flexibility around hybrid work policies and long commute times.,,MA,Laborer,FEMALE,42288,Needs Improvement,3,False,84,False,2026-08-31 17:32:05,2324,75119.95,USD,2026-08-31 17:32:05
1526,Ashtyn,Huynh,2021-04-23,,Production Technician I,Active,Contract,Full-Time,Unk,,1987-04-04,MA,Foreman,FEMALE,13579,Fully Meets,3,False,130,False,2026-08-31 17:32:05,2277,50869.48,USD,2026-08-31 17:32:05
1527,Tristen,Reed,2022-06-05,2022-08-26,Production Technician I,Terminated,Part-Time,Full-Time,Voluntary,Resigned citing below-market compensation and lack of annual salary adjustments.,,MA,Engineer,FEMALE,39855,Fully Meets,3,False,126,False,2026-08-31 17:32:05,2467,45262.75,USD,2026-08-31 17:32:05
1528,Braedon,Chandler,2022-11-19,,Production Technician I,Active,Part-Time,Part-Time,Unk,,,MA,Laborer,FEMALE,47571,Fully Meets,3,False,83,False,2026-08-31 17:32:05,2318,56764.55,USD,2026-08-31 17:32:05
1529,Nikolas,Hancock,2023-04-14,,Production Technician I,Active,Full-Time,Part-Time,Unk,,,MA,Laborer,FEMALE,90069,Fully Meets,3,False,82,False,2026-08-31 17:32:05,1123,72912.88,USD,2026-08-31 17:32:05
1530,Demetrius,Sanders,2022-12-13,,Production Technician I,Active,Contract,Full-Time,Unk,,2000-02-02,MA,Top Hand,FEMALE,25072,Fully Meets,3,False,105,False,2026-08-31 17:32:05,1143,74371.09,USD,2026-08-31 17:32:05
1531,Tiana,Perry,2023-03-11,,Production Technician I,Future Start,Part-Time,Full-Time,Voluntary,,1985-05-09,MA,Lineman,FEMALE,2315,Fully Meets,3,False,140,False,2026-08-31 17:32:05,1316,49841.52,USD,2026-08-31 17:32:05
1532,Rene,Pena,2019-11-22,2020-02-18,Production Technician I,On Leave,Part-Time,Full-Time,Retirement,,1944-10-03,MA,Technician,FEMALE,74746,Fully Meets,3,False,121,False,2026-08-31 17:32:05,2414,72101.76,USD,2026-08-31 17:32:05
1533,Angelo,Fox,2021-03-13,2021-11-19,Production Technician I,On Leave,Contract,Full-Time,Resignation,,,MA,Technician,FEMALE,20157,Fully Meets,3,False,177,False,2026-08-31 17:32:05,2292,49049.65,USD,2026-08-31 17:32:05
1534,Ernesto,Madden,2022-02-27,,Production Technician II,Active,Full-Time,Temporary,Unk,,1964-10-11,MA,Operator,MALE,11719,Fully Meets,3,False,130,False,2026-08-31 17:32:05,2277,58652.19,USD,2026-08-31 17:32:05
1535,Amari,Christian,2021-05-08,,Production Technician II,Active,Contract,Part-Time,Unk,,2000-11-11,MA,Foreman,FEMALE,30912,Fully Meets,3,False,121,False,2026-08-31 17:32:05,2414,79951.33,USD,2026-08-31 17:32:05
1536,Lilly,Turner,2022-12-27,,Production Technician II,Active,Contract,Part-Time,Unk,,,MA,Locator,FEMALE,35052,Fully Meets,3,False,135,False,2026-08-31 17:32:05,1316,51740.68,USD,2026-08-31 17:32:05
1537,Rayne,Simpson,2020-08-16,,Production Technician II,Active,Contract,Full-Time,Unk,,1950-12-01,MA,Vp,MALE,13235,Fully Meets,3,False,373,False,2026-08-31 17:32:05,1253,50388.73,USD,2026-08-31 17:32:05
1538,Aaron,Tapia,2023-01-20,,Production Technician II,Active,Contract,Full-Time,Unk,,,MA,Splicer,MALE,27010,Fully Meets,3,False,167,False,2026-08-31 17:32:05,1316,59798.01,USD,2026-08-31 17:32:05
1539,Aimee,Santana,2020-12-28,2021-10-01,Production Technician II,Voluntarily Terminated,Part-Time,Full-Time,Voluntary,,1961-02-03,MA,Laborer,MALE,79458,Fully Meets,3,False,434,False,2026-08-31 17:32:05,1316,66688.4,USD,2026-08-31 17:32:05
1540,Raegan,Stanton,2021-02-18,,Production Technician I,Active,Contract,Temporary,Unk,,,MA,Cio,FEMALE,62937,Fully Meets,3,False,444,False,2026-08-31 17:32:05,1316,77651.53,USD,2026-08-31 17:32:05
1541,Johan,Sosa,2021-01-16,,Production Technician I,Active,Part-Time,Full-Time,Unk,,,MA,Assistant,FEMALE,7598,Fully Meets,3,False,183,False,2026-08-31 17:32:05,1316,79328.74,USD,2026-08-31 17:32:05
1542,Stacy,Bonilla,2022-04-07,,Production Technician I,Active,Full-Time,Temporary,Unk,,1992-11-12,MA,Construction Manager,MALE,26161,Fully Meets,3,False,137,False,2026-08-31 17:32:05,1316,47437.42,USD,2026-08-31 17:32:05
1543,Valery,Holder,2019-07-11,2021-05-04,Production Technician I,Terminated,Part-Time,Part-Time,Involuntary,Left due to lack of flexibility around hybrid work policies and long commute times.,,MA,Laborer,MALE,43421,Fully Meets,3,False,91,False,2026-08-31 17:32:05,2364,49829.91,USD,2026-08-31 17:32:05
1544,Skye,Cochran,2020-08-09,2022-11-06,Production Technician I,Terminated,Part-Time,Temporary,Retirement,Terminated due to persistent low performance scores and disengagement following team restructuring.,,MA,Technician,FEMALE,53393,Fully Meets,3,False,103,False,2026-08-31 17:32:05,1316,72675.83,USD,2026-08-31 17:32:05
1545,Jerimiah,Mendez,2018-09-20,,Production Technician I,Active,Contract,Part-Time,Unk,,1957-08-05,MA,Laborer,FEMALE,33362,Fully Meets,3,False,107,False,2026-08-31 17:32:05,2296,54472.13,USD,2026-08-31 17:32:05
1546,Madden,Lam,2020-01-21,2021-05-19,Production Technician I,Terminated,Part-Time,Part-Time,Voluntary,Left due to lack of flexibility around hybrid work policies and long commute times.,,MA,Construction Manager,FEMALE,61239,Fully Meets,3,False,164,False,2026-08-31 17:32:05,1316,75969.72,USD,2026-08-31 17:32:05
1547,Nicole,Stone,2022-02-17,2023-02-14,Production Technician I,Terminated,Contract,Temporary,Retirement,Terminated due to persistent low performance scores and disengagement following team restructuring.,,MA,Intern,FEMALE,31989,Fully Meets,3,False,445,False,2026-08-31 17:32:05,1316,68220.86,USD,2026-08-31 17:32:05
1548,Brice,Christian,2019-06-11,,Production Technician I,Active,Part-Time,Full-Time,Unk,,1964-01-08,MA,Engineer,MALE,75761,Needs Improvement,3,False,129,False,2026-08-31 17:32:05,2393,48914.57,USD,2026-08-31 17:32:05
1549,Sage,Potter,2022-05-05,,Production Technician I,Active,Part-Time,Full-Time,Unk,,,MA,Executive,FEMALE,25854,Fully Meets,3,False,180,False,2026-08-31 17:32:05,1316,74138.52,USD,2026-08-31 17:32:05
1550,Kyle,Peck,2018-09-19,2020-08-12,Production Technician I,Terminated,Full-Time,Temporary,Retirement,Terminated due to persistent low performance scores and disengagement following team restructuring.,,MA,Technician,FEMALE,92807,Fully Meets,3,False,97,False,2026-08-31 17:32:05,1165,51172.47,USD,2026-08-31 17:32:05
1551,Zaniyah,Roman,2021-06-01,,Production Technician I,Future Start,Contract,Full-Time,Resignation,,,MA,Project Manager,FEMALE,5288,Fully Meets,3,False,114,False,2026-08-31 17:32:05,1316,59822.34,USD,2026-08-31 17:32:05
1552,Katie,Gutierrez,2023-07-05,,Production Technician I,Future Start,Part-Time,Part-Time,Voluntary,,1953-03-04,MA,Laborer,FEMALE,66412,Fully Meets,3,False,99,False,2026-08-31 17:32:05,1316,64326.47,USD,2026-08-31 17:32:05
1553,Walker,Baird,2022-12-17,,Production Technician I,Active,Part-Time,Part-Time,Unk,,1960-04-10,MA,Technician,FEMALE,20484,Fully Meets,3,False,91,False,2026-08-31 17:32:05,2364,62526.82,USD,2026-08-31 17:32:05
1554,Zackery,Sutton,2021-07-06,2022-09-15,Production Technician I,On Leave,Full-Time,Part-Time,Voluntary,,,MA,Project Manager,MALE,73854,Fully Meets,3,False,127,False,2026-08-31 17:32:05,1316,69015.7,USD,2026-08-31 17:32:05
1555,Hazel,Ponce,2019-03-27,,Production Technician II,Active,Part-Time,Part-Time,Unk,,,MA,Technician,FEMALE,86977,Fully Meets,3,False,105,False,2026-08-31 17:32:05,1143,67844.04,USD,2026-08-31 17:32:05
1556,Joey,Alvarez,2023-05-08,,Production Technician II,Active,Full-Time,Temporary,Unk,,1993-11-02,MA,Manager,FEMALE,40039,Fully Meets,3,False,434,False,2026-08-31 17:32:05,1316,79721.47,USD,2026-08-31 17:32:05
1557,Titus,Day,2018-12-12,2020-12-24,Production Technician II,Voluntarily Terminated,Part-Time,Temporary,Voluntary,,,MA,Project Manager,MALE,25683,Fully Meets,3,False,157,False,2026-08-31 17:32:05,2326,79979.77,USD,2026-08-31 17:32:05
1558,Bella,Norris,2020-08-25,,Production Technician II,Active,Part-Time,Temporary,Unk,,,MA,Project Manager,MALE,3170,Fully Meets,3,False,107,False,2026-08-31 17:32:05,2296,63076.08,USD,2026-08-31 17:32:05
1559,Braden,Ballard,2022-04-22,2022-08-29,Production Technician II,Voluntarily Terminated,Full-Time,Full-Time,Involuntary,,1965-02-12,MA,Coordinator,MALE,32042,Fully Meets,3,False,118,False,2026-08-31 17:32:05,2361,48331.97,USD,2026-08-31 17:32:05
1560,Aron,Graham,2021-12-20,2022-12-02,Production Technician II,Voluntarily Terminated,Full-Time,Full-Time,Retirement,,1947-08-09,MA,Model Assistant,MALE,52047,Fully Meets,3,False,110,False,2026-08-31 17:32:05,2287,70474.52,USD,2026-08-31 17:32:05
1561,Shamar,Cross,2021-02-12,,Production Technician I,Active,Contract,Full-Time,Unk,,,MA,Clerk,FEMALE,88833,Fully Meets,3,False,139,False,2026-08-31 17:32:05,2357,79183.24,USD,2026-08-31 17:32:05
1562,Kailee,Harmon,2020-09-29,2021-10-19,Production Technician I,Terminated,Full-Time,Temporary,Involuntary,Terminated due to persistent low performance scores and disengagement following team restructuring.,1944-09-03,MA,Administrator,FEMALE,3211,Fully Meets,3,False,162,False,2026-08-31 17:32:05,1316,56141.42,USD,2026-08-31 17:32:05
1563,Alice,Kaufman,2022-09-10,2023-02-09,Production Technician I,Terminated,Contract,Temporary,Resignation,Resigned citing below-market compensation and lack of annual salary adjustments.,,MA,Engineer,FEMALE,5789,Fully Meets,3,False,130,False,2026-08-31 17:32:05,2277,61142.31,USD,2026-08-31 17:32:05
1564,Cesar,House,2023-03-11,2023-06-03,Production Technician I,Terminated,Contract,Full-Time,Resignation,Left due to lack of flexibility around hybrid work policies and long commute times.,1991-04-03,MA,Technician,MALE,14685,Exceeds,3,False,121,False,2026-08-31 17:32:05,2414,59867.19,USD,2026-08-31 17:32:05
1565,Guillermo,Lynn,2022-04-28,2023-03-12,Production Technician I,Terminated,Full-Time,Full-Time,Voluntary,Terminated due to persistent low performance scores and disengagement following team restructuring.,,MA,Foreman,MALE,6954,Fully Meets,3,False,91,False,2026-08-31 17:32:05,2364,46799.67,USD,2026-08-31 17:32:05
1566,Myles,Hart,2022-03-20,2023-06-18,Production Technician I,Terminated,Full-Time,Temporary,Retirement,Resigned citing below-market compensation and lack of annual salary adjustments.,,MA,Technician,FEMALE,69989,Exceeds,3,False,81,False,2026-08-31 17:32:05,1316,68529.26,USD,2026-08-31 17:32:05
1567,Deborah,Kline,2022-03-04,2022-07-29,Production Technician I,Terminated,Contract,Part-Time,Involuntary,Left due to lack of flexibility around hybrid work policies and long commute times.,,MA,Manager,FEMALE,19999,Fully Meets,3,False,107,False,2026-08-31 17:32:05,2296,57366.82,USD,2026-08-31 17:32:05
1568,Patricia,Pruitt,2023-02-01,,Production Technician I,Active,Part-Time,Full-Time,Unk,,,MA,Coordinator,FEMALE,15282,Fully Meets,3,False,186,False,2026-08-31 17:32:05,1316,72561.24,USD,2026-08-31 17:32:05
1569,Alice,Craig,2021-02-05,,Production Technician I,Active,Part-Time,Full-Time,Unk,,,MA,Engineer,MALE,65852,Fully Meets,3,False,108,False,2026-08-31 17:32:05,1316,74124.2,USD,2026-08-31 17:32:05
1570,Mariana,Copeland,2022-11-23,2023-05-26,Production Technician I,Terminated,Contract,Part-Time,Retirement,Left due to lack of flexibility around hybrid work policies and long commute times.,1992-01-01,MA,Laborer,MALE,79576,Fully Meets,3,False,189,False,2026-08-31 17:32:05,2291,73743.08,USD,2026-08-31 17:32:05
1571,Nick,Merritt,2021-05-24,,Production Technician I,Active,Part-Time,Full-Time,Unk,,1986-12-09,MA,Specialist,FEMALE,47974,Exceeds,3,False,446,False,2026-08-31 17:32:05,2344,59583.31,USD,2026-08-31 17:32:05
1572,Chance,Warner,2021-09-28,2022-10-09,Production Technician I,Terminated,Part-Time,Part-Time,Resignation,Resigned citing below-market compensation and lack of annual salary adjustments.,1951-08-04,MA,Engineer,FEMALE,18550,Fully Meets,3,False,442,False,2026-08-31 17:32:05,1316,56254.1,USD,2026-08-31 17:32:05
1573,Ryann,Tapia,2021-03-17,,Production Technician I,Active,Contract,Part-Time,Unk,,,MA,Manager,FEMALE,21985,Fully Meets,3,False,85,False,2026-08-31 17:32:05,1316,71208.73,USD,2026-08-31 17:32:05
1574,Diego,Hays,2023-07-03,,Production Technician I,Future Start,Full-Time,Temporary,Voluntary,,,MA,Foreman,FEMALE,17356,Fully Meets,3,False,121,False,2026-08-31 17:32:05,2414,73048.63,USD,2026-08-31 17:32:05
1575,Gabriel,Adams,2019-08-11,2021-07-10,Production Technician I,On Leave,Contract,Temporary,Involuntary,,,MA,Laborer,FEMALE,82586,Fully Meets,3,False,91,False,2026-08-31 17:32:05,2364,62194.01,USD,2026-08-31 17:32:05
1576,Rohan,Mcdowell,2019-11-11,2020-09-29,Production Technician I,Voluntarily Terminated,Full-Time,Full-Time,Resignation,,,MA,Lineman,MALE,74406,Needs Improvement,3,False,138,False,2026-08-31 17:32:05,1316,76256.09,USD,2026-08-31 17:32:05
1577,Sullivan,Whitehead,2020-12-15,,Production Technician II,Active,Full-Time,Temporary,Unk,,,MA,Cfo,FEMALE,11134,Fully Meets,3,False,447,False,2026-08-31 17:32:05,1316,50036.8,USD,2026-08-31 17:32:05
1578,Lilliana,Randolph,2021-05-06,2023-04-08,Production Technician II,Voluntarily Terminated,Part-Time,Part-Time,Retirement,,,MA,Tower Hand,MALE,71705,Needs Improvement,3,False,98,False,2026-08-31 17:32:05,2294,75767.41,USD,2026-08-31 17:32:05
1579,Presley,Salazar,2021-07-08,,Production Technician II,Active,Part-Time,Full-Time,Unk,,,MA,Foreman,MALE,48643,Fully Meets,3,False,121,False,2026-08-31 17:32:05,2414,48363.33,USD,2026-08-31 17:32:05
1580,Lilianna,Lynn,2023-04-04,,Production Technician II,Active,Part-Time,Full-Time,Unk,,1972-10-04,MA,Administration,MALE,66491,Needs Improvement,3,False,156,False,2026-08-31 17:32:05,1316,50373.39,USD,2026-08-31 17:32:05
1581,Gerardo,Sampson,2022-08-05,2023-01-30,Production Technician II,Voluntarily Terminated,Full-Time,Part-Time,Voluntary,,,MA,Foreman,MALE,40823,Fully Meets,3,False,88,False,2026-08-31 17:32:05,2398,63684.4,USD,2026-08-31 17:32:05
1582,Miguel,Kim,2020-04-06,2021-12-08,Production Technician II,Voluntarily Terminated,Part-Time,Temporary,Resignation,,1995-01-04,MA,Engineer,FEMALE,95601,Needs Improvement,3,False,97,False,2026-08-31 17:32:05,1165,47363.15,USD,2026-08-31 17:32:05
1583,Muhammad,Mcpherson,2023-03-02,2023-03-12,Production Technician I,Voluntarily Terminated,Full-Time,Part-Time,Involuntary,,1973-01-07,MA,Coordinator,FEMALE,60634,Fully Meets,3,False,179,False,2026-08-31 17:32:05,1142,46848.25,USD,2026-08-31 17:32:05
1584,Myles,Jensen,2020-04-09,,Production Technician I,Active,Contract,Part-Time,Unk,,,MA,Engineer,FEMALE,2053,Fully Meets,3,False,448,False,2026-08-31 17:32:05,2282,45018.16,USD,2026-08-31 17:32:05
1585,Alessandro,Harris,2022-09-17,2023-07-10,Production Technician I,Terminated,Part-Time,Temporary,Retirement,Left due to lack of flexibility around hybrid work policies and long commute times.,1956-04-05,MA,Tester,FEMALE,77910,Fully Meets,3,False,355,False,2026-08-31 17:32:05,1316,60271.08,USD,2026-08-31 17:32:05
1586,Eugene,Reyes,2022-01-15,,Production Technician I,Active,Full-Time,Full-Time,Unk,,1973-05-01,MA,Technician,FEMALE,16737,Fully Meets,3,False,120,False,2026-08-31 17:32:05,2336,72111.84,USD,2026-08-31 17:32:05
1587,Shamar,Guzman,2022-05-23,,Production Technician I,Active,Part-Time,Part-Time,Unk,,1984-12-12,MA,Splicer,MALE,12898,Fully Meets,3,False,137,False,2026-08-31 17:32:05,1316,46219.34,USD,2026-08-31 17:32:05
1588,Mohammed,Mcintyre,2021-07-15,,Production Technician I,Active,Full-Time,Temporary,Unk,,,MA,Technician,MALE,51245,Fully Meets,3,False,147,False,2026-08-31 17:32:05,1316,67829.02,USD,2026-08-31 17:32:05
1589,Travis,Morgan,2020-08-28,2022-08-25,Production Technician I,Terminated,Contract,Part-Time,Involuntary,Terminated due to persistent low performance scores and disengagement following team restructuring.,1996-02-07,MA,Technician,FEMALE,22497,Fully Meets,3,False,83,False,2026-08-31 17:32:05,2318,73809.46,USD,2026-08-31 17:32:05
1590,Alessandro,Fuller,2021-09-09,,Production Technician I,Active,Part-Time,Full-Time,Unk,,1983-09-09,MA,Foreman,MALE,30814,Fully Meets,3,False,365,False,2026-08-31 17:32:05,1316,50880.03,USD,2026-08-31 17:32:05
1591,Kamden,Ochoa,2023-02-10,2023-05-23,Production Technician I,Terminated,Contract,Part-Time,Voluntary,Left due to lack of flexibility around hybrid work policies and long commute times.,,MA,Technician,FEMALE,69254,Fully Meets,3,False,110,False,2026-08-31 17:32:05,2287,50140.23,USD,2026-08-31 17:32:05
1592,Charlee,Wiggins,2020-06-14,2023-07-18,Production Technician I,Terminated,Full-Time,Full-Time,Retirement,Terminated due to persistent low performance scores and disengagement following team restructuring.,,MA,Engineer,MALE,20973,Exceeds,3,False,108,False,2026-08-31 17:32:05,1316,75128.03,USD,2026-08-31 17:32:05
1593,Natalia,Hamilton,2020-12-05,,Production Technician I,Active,Part-Time,Full-Time,Unk,,,MA,Laborer,MALE,43757,Exceeds,3,False,134,False,2026-08-31 17:32:05,1316,73809.36,USD,2026-08-31 17:32:05
1594,Kierra,Boone,2022-07-16,,Production Technician I,Active,Part-Time,Full-Time,Unk,,,MA,Lineman,FEMALE,32811,Exceeds,3,False,89,False,2026-08-31 17:32:05,1316,63862.96,USD,2026-08-31 17:32:05
1595,Charlie,Ramirez,2023-06-09,,Production Technician I,Active,Part-Time,Full-Time,Unk,,1969-11-09,MA,Administrative,FEMALE,75995,Exceeds,3,False,449,False,2026-08-31 17:32:05,1316,73672.0,USD,2026-08-31 17:32:05
1596,Chris,Johnson,2020-03-02,,Production Technician I,Future Start,Contract,Temporary,Voluntary,,,MA,Administrator,FEMALE,2999,Exceeds,3,False,183,False,2026-08-31 17:32:05,1316,48246.46,USD,2026-08-31 17:32:05
1597,John,Bentley,2018-11-23,,Production Technician I,Future Start,Part-Time,Temporary,Voluntary,,,MA,Coordinator,FEMALE,75959,Exceeds,3,False,157,False,2026-08-31 17:32:05,2326,58806.85,USD,2026-08-31 17:32:05
1598,Myla,Mcintyre,2019-05-27,2023-06-19,Production Technician I,On Leave,Contract,Part-Time,Resignation,,1978-05-03,MA,Groundman,FEMALE,8372,Needs Improvement,3,False,135,False,2026-08-31 17:32:05,1316,70822.91,USD,2026-08-31 17:32:05
1599,Demarcus,Ware,2022-05-18,2023-04-10,Production Technician II,Voluntarily Terminated,Full-Time,Full-Time,Resignation,,,MA,Laborer,MALE,82257,Exceeds,3,False,97,False,2026-08-31 17:32:05,1165,54010.82,USD,2026-08-31 17:32:05
1600,Devon,Daniels,2018-11-06,,Production Technician II,Active,Contract,Full-Time,Unk,,,MA,Technician,FEMALE,23314,Exceeds,3,False,120,False,2026-08-31 17:32:05,2336,71331.51,USD,2026-08-31 17:32:05
1601,Odin,Heath,2022-03-29,2023-07-24,Production Technician II,Terminated,Part-Time,Temporary,Resignation,Terminated due to persistent low performance scores and disengagement following team restructuring.,1990-08-10,MA,Engineer,MALE,45740,Exceeds,3,False,141,False,2026-08-31 17:32:05,2337,62646.25,USD,2026-08-31 17:32:05
1602,Bryanna,Mahoney,2021-11-04,2022-05-10,Production Technician II,Terminated,Full-Time,Part-Time,Voluntary,Resigned citing below-market compensation and lack of annual salary adjustments.,2000-10-10,MA,Technician,FEMALE,60262,Exceeds,3,False,135,False,2026-08-31 17:32:05,1316,71259.31,USD,2026-08-31 17:32:05
1603,Ashlynn,Thompson,2023-04-27,,Production Technician II,Active,Part-Time,Part-Time,Unk,,,MA,Locator,MALE,29223,Exceeds,3,False,148,False,2026-08-31 17:32:05,1122,61263.79,USD,2026-08-31 17:32:05
1604,Ansley,Duke,2020-03-08,,Production Technician II,Active,Full-Time,Full-Time,Unk,,,MA,Operator,MALE,80948,Exceeds,3,False,112,False,2026-08-31 17:32:05,2340,57876.65,USD,2026-08-31 17:32:05
1605,Izaiah,Quinn,2019-04-27,2020-10-08,Production Technician I,Voluntarily Terminated,Full-Time,Full-Time,Resignation,,,MA,Laborer,FEMALE,95266,Exceeds,3,False,82,False,2026-08-31 17:32:05,1123,52671.62,USD,2026-08-31 17:32:05
1606,Hillary,Clements,2019-05-11,,Production Technician I,Active,Full-Time,Full-Time,Unk,,1944-06-03,MA,Laborer,FEMALE,33304,Exceeds,3,False,105,False,2026-08-31 17:32:05,1143,52293.28,USD,2026-08-31 17:32:05
1607,Diana,Cameron,2021-03-09,,Production Technician I,Active,Contract,Temporary,Unk,,1987-10-12,MA,Shop,FEMALE,36632,Needs Improvement,3,False,173,False,2026-08-31 17:32:05,1316,71302.18,USD,2026-08-31 17:32:05
1608,Rhianna,Allison,2020-11-05,,Production Technician I,Active,Part-Time,Temporary,Unk,,,MA,Technician,FEMALE,20625,PIP,3,False,130,False,2026-08-31 17:32:05,2277,49161.86,USD,2026-08-31 17:32:05
1609,Ramon,Watson,2018-09-12,2023-02-25,Production Technician I,Terminated,Contract,Full-Time,Retirement,Left due to lack of flexibility around hybrid work policies and long commute times.,,MA,Engineer,MALE,26283,PIP,3,False,152,False,2026-08-31 17:32:05,2396,48009.38,USD,2026-08-31 17:32:05
1610,Raegan,Spence,2019-11-09,2019-11-18,Production Technician I,Terminated,Part-Time,Full-Time,Involuntary,Terminated due to persistent low performance scores and disengagement following team restructuring.,,MA,Flagger,FEMALE,67750,Needs Improvement,3,False,135,False,2026-08-31 17:32:05,1316,51170.2,USD,2026-08-31 17:32:05
1611,Jacoby,Singleton,2018-11-29,2022-07-09,Production Technician I,Terminated,Full-Time,Part-Time,Voluntary,Resigned citing below-market compensation and lack of annual salary adjustments.,,MA,Coordinator,FEMALE,53913,Needs Improvement,3,False,373,False,2026-08-31 17:32:05,1253,51137.13,USD,2026-08-31 17:32:05
1612,Kara,Yates,2022-07-03,2023-02-22,Production Technician I,Terminated,Part-Time,Temporary,Retirement,Left due to lack of flexibility around hybrid work policies and long commute times.,,MA,Lineman,MALE,76052,Needs Improvement,3,False,385,False,2026-08-31 17:32:05,2319,73808.77,USD,2026-08-31 17:32:05
1613,Beau,Barron,2019-09-26,2020-08-01,Production Technician I,Terminated,Contract,Full-Time,Voluntary,Terminated due to persistent low performance scores and disengagement following team restructuring.,1995-03-07,MA,Laborer,FEMALE,61768,Exceeds,3,False,98,False,2026-08-31 17:32:05,2294,58947.73,USD,2026-08-31 17:32:05
1614,Giovanna,Morton,2022-12-23,,Production Technician I,Active,Part-Time,Part-Time,Unk,,,MA,Director,MALE,33335,Needs Improvement,3,False,86,False,2026-08-31 17:32:05,2298,79663.6,USD,2026-08-31 17:32:05
1615,Braelyn,Dominguez,2023-01-19,,Production Technician I,Active,Part-Time,Part-Time,Unk,,,MA,Foreman,MALE,69290,Exceeds,3,False,189,False,2026-08-31 17:32:05,2291,49802.39,USD,2026-08-31 17:32:05
1616,Rhett,Andrews,2018-10-01,,Production Technician I,Active,Full-Time,Part-Time,Unk,,1991-03-06,MA,Laborer,FEMALE,65106,Needs Improvement,3,False,105,False,2026-08-31 17:32:05,1143,67873.89,USD,2026-08-31 17:32:05
1617,Terrell,Crosby,2022-02-18,,Production Technician I,Active,Full-Time,Full-Time,Unk,,,MA,Lineman,FEMALE,12740,Needs Improvement,3,False,131,False,2026-08-31 17:32:05,1316,60705.53,USD,2026-08-31 17:32:05
1618,Corbin,Roberson,2021-12-09,,Production Technician I,Active,Full-Time,Temporary,Unk,,,MA,Laborer,MALE,58121,Needs Improvement,3,False,130,False,2026-08-31 17:32:05,2277,58752.14,USD,2026-08-31 17:32:05
1619,Micheal,Drake,2019-01-01,2021-09-23,Production Technician I,On Leave,Part-Time,Full-Time,Retirement,,1964-08-08,MA,Foreman,FEMALE,95591,Needs Improvement,3,False,121,False,2026-08-31 17:32:05,2414,75627.95,USD,2026-08-31 17:32:05
1620,Evie,Mclaughlin,2020-05-27,,Production Technician I,Active,Contract,Full-Time,Unk,,1967-04-03,MA,Executive Assistant,MALE,70072,Needs Improvement,3,False,450,False,2026-08-31 17:32:05,1316,79145.85,USD,2026-08-31 17:32:05
1621,Robert,Hubert,2021-09-21,2023-01-28,BI Developer,Terminated,Full-Time,Temporary,Involuntary,Left due to lack of flexibility around hybrid work policies and long commute times.,1975-09-12,MA,Supervisor,MALE,2134,Needs Improvement,3,False,282,False,2026-08-31 17:32:05,2494,75550.06,USD,2026-08-31 17:32:05
1622,Matthew,Westinghouse,2021-08-30,2022-03-22,BI Developer,Terminated,Contract,Part-Time,Retirement,Terminated due to persistent low performance scores and disengagement following team restructuring.,,MA,Director,MALE,2134,Needs Improvement,3,False,451,False,2026-08-31 17:32:05,1644,51730.52,USD,2026-08-31 17:32:05
1623,Jason,Smith,2023-06-19,2023-07-31,BI Developer,Terminated,Full-Time,Temporary,Voluntary,Resigned citing below-market compensation and lack of annual salary adjustments.,,MA,Intern,MALE,2045,Needs Improvement,3,False,452,False,2026-08-31 17:32:05,1316,77727.93,USD,2026-08-31 17:32:05
1624,Charlie,Wang,2023-05-12,2023-05-16,Senior BI Developer,Terminated,Full-Time,Temporary,Resignation,Left due to lack of flexibility around hybrid work policies and long commute times.,,MA,Top Hand,MALE,1887,Needs Improvement,3,False,206,False,2026-08-31 17:32:05,2252,67962.59,USD,2026-08-31 17:32:05
1625,Kurt,Navathe,2022-06-05,,Senior BI Developer,Active,Part-Time,Part-Time,Unk,,,MA,Manager,MALE,2056,Exceeds,3,False,276,False,2026-08-31 17:32:05,1316,55117.93,USD,2026-08-31 17:32:05
1626,Katie,Roper,2020-09-17,2021-06-08,Data Architect,Terminated,Full-Time,Temporary,Resignation,Resigned citing below-market compensation and lack of annual salary adjustments.,1947-12-05,MA,Technician,FEMALE,2056,Needs Improvement,3,False,224,False,2026-08-31 17:32:05,2503,70715.38,USD,2026-08-31 17:32:05
1627,Maggie,Rachael,2023-05-15,,BI Developer,Active,Full-Time,Full-Time,Unk,,,MA,Technician,FEMALE,2110,Exceeds,3,False,226,False,2026-08-31 17:32:05,1316,64824.72,USD,2026-08-31 17:32:05
1628,Binh,Le,2018-12-15,2019-11-14,Senior BI Developer,Terminated,Part-Time,Temporary,Retirement,Terminated due to persistent low performance scores and disengagement following team restructuring.,1974-12-04,MA,Foreman,FEMALE,1886,Needs Improvement,3,False,453,False,2026-08-31 17:32:05,1316,64281.81,USD,2026-08-31 17:32:05
1629,Lucia,Peterson,2019-11-06,2023-03-22,BI Developer,Terminated For Cause,Part-Time,Full-Time,Voluntary,,1946-04-01,MA,Engineer,FEMALE,2970,Fully Meets,3,False,214,False,2026-08-31 17:32:05,2488,73999.14,USD,2026-08-31 17:32:05
1630,Nola,Moss,2021-04-25,2022-10-25,BI Developer,Terminated For Cause,Contract,Temporary,Involuntary,,1944-05-02,MA,Foreman,FEMALE,13058,Fully Meets,3,False,246,False,2026-08-31 17:32:05,2523,69868.65,USD,2026-08-31 17:32:05
1631,Chance,Braun,2023-06-17,2023-07-19,BI Developer,Terminated For Cause,Full-Time,Full-Time,Voluntary,,,MA,Executive Assistant,FEMALE,20602,Fully Meets,3,False,454,False,2026-08-31 17:32:05,1316,45930.22,USD,2026-08-31 17:32:05
1632,Alma,Pennington,2022-01-14,,BI Developer,Active,Full-Time,Full-Time,Unk,,1970-06-08,MA,Driller,FEMALE,40731,Fully Meets,3,False,219,False,2026-08-31 17:32:05,1669,46731.07,USD,2026-08-31 17:32:05
1633,Miley,French,2018-10-22,2019-03-13,Area Sales Manager,Terminated,Contract,Temporary,Involuntary,Left due to lack of flexibility around hybrid work policies and long commute times.,1994-05-05,MA,Laborer,FEMALE,94379,Fully Meets,3,False,76,False,2026-08-31 17:32:05,1639,91054.55,USD,2026-08-31 17:32:05
1634,Kole,Levine,2021-10-17,2022-11-13,Area Sales Manager,Terminated,Contract,Part-Time,Voluntary,Terminated due to persistent low performance scores and disengagement following team restructuring.,,MA,Administration,MALE,62674,Fully Meets,3,False,284,False,2026-08-31 17:32:05,1316,87016.72,USD,2026-08-31 17:32:05
1635,Azul,Watkins,2021-10-19,2023-04-10,Area Sales Manager,Terminated,Full-Time,Part-Time,Retirement,Resigned citing below-market compensation and lack of annual salary adjustments.,,MA,Safety,MALE,18618,Fully Meets,3,False,455,False,2026-08-31 17:32:05,1316,79106.46,USD,2026-08-31 17:32:05
1636,Landen,Blanchard,2018-10-16,2018-12-17,Sales Manager,Terminated,Contract,Part-Time,Involuntary,Left due to lack of flexibility around hybrid work policies and long commute times.,1998-07-11,MA,Lineman,MALE,6067,Fully Meets,3,False,456,False,2026-08-31 17:32:05,1316,84652.96,USD,2026-08-31 17:32:05
1637,Leroy,Norman,2020-04-26,2020-07-21,Sales Manager,Terminated,Full-Time,Part-Time,Resignation,Terminated due to persistent low performance scores and disengagement following team restructuring.,,MA,Foreman,MALE,78952,Fully Meets,3,False,420,False,2026-08-31 17:32:05,1316,96526.86,USD,2026-08-31 17:32:05
1638,Nikhil,Pineda,2020-01-22,2022-10-26,Sales Manager,Terminated,Full-Time,Full-Time,Involuntary,Resigned citing below-market compensation and lack of annual salary adjustments.,,MA,Accounting,MALE,82541,Fully Meets,3,False,457,False,2026-08-31 17:32:05,1316,98931.4,USD,2026-08-31 17:32:05
1639,Kadence,Simon,2022-03-30,2022-07-21,BI Director,Terminated For Cause,Full-Time,Full-Time,Resignation,,1958-10-01,MA,Technician,MALE,87307,Fully Meets,3,False,76,False,2026-08-31 17:32:05,1316,123061.15,USD,2026-08-31 17:32:05
1640,Elliot,Phillips,2021-05-29,2022-09-03,BI Developer,Terminated For Cause,Contract,Full-Time,Voluntary,,,MA,Field Project Manager,FEMALE,59443,Fully Meets,3,False,273,False,2026-08-31 17:32:05,1654,58487.93,USD,2026-08-31 17:32:05
1641,Taniya,Daniels,2023-03-09,2023-05-30,BI Developer,Terminated For Cause,Part-Time,Temporary,Voluntary,,1989-06-10,MA,Laborer,FEMALE,40835,Fully Meets,3,False,244,False,2026-08-31 17:32:05,2232,54474.39,USD,2026-08-31 17:32:05
1642,Julia,Jimenez,2019-11-22,2019-12-28,BI Developer,Terminated For Cause,Contract,Part-Time,Retirement,,,MA,Project Manager,FEMALE,9049,Fully Meets,3,False,458,False,2026-08-31 17:32:05,1316,63267.15,USD,2026-08-31 17:32:05
1643,Kamden,Paul,2019-04-07,2020-12-22,Area Sales Manager,Terminated,Full-Time,Full-Time,Involuntary,Terminated due to persistent low performance scores and disengagement following team restructuring.,,MA,Supervisor,MALE,12567,Fully Meets,3,False,228,False,2026-08-31 17:32:05,1316,81016.24,USD,2026-08-31 17:32:05
1644,Octavio,Hicks,2023-03-23,2023-03-28,Area Sales Manager,Terminated,Contract,Temporary,Voluntary,Resigned citing below-market compensation and lack of annual salary adjustments.,2000-05-10,MA,Foreman,MALE,94154,Fully Meets,3,False,451,False,2026-08-31 17:32:05,1316,89743.33,USD,2026-08-31 17:32:05
1645,Jaidyn,Malone,2021-02-18,2022-10-28,Area Sales Manager,Terminated,Part-Time,Temporary,Resignation,Left due to lack of flexibility around hybrid work policies and long commute times.,,MA,Engineer,MALE,42258,Fully Meets,3,False,459,False,2026-08-31 17:32:05,1316,93682.83,USD,2026-08-31 17:32:05
1646,Cora,Perez,2019-04-05,2021-05-07,Sales Manager,Terminated,Contract,Full-Time,Voluntary,Terminated due to persistent low performance scores and disengagement following team restructuring.,,MA,Engineer,MALE,74220,Fully Meets,3,False,460,False,2026-08-31 17:32:05,1316,72312.77,USD,2026-08-31 17:32:05
1647,Isis,Ayala,2019-10-23,2022-07-09,Sales Manager,Terminated,Contract,Part-Time,Involuntary,Resigned citing below-market compensation and lack of annual salary adjustments.,1986-03-02,MA,Foreman,MALE,47015,Fully Meets,3,False,461,False,2026-08-31 17:32:05,1316,70037.36,USD,2026-08-31 17:32:05
1648,Charlee,Calhoun,2021-05-14,,Sales Manager,Active,Part-Time,Part-Time,Unk,,,MA,Driver,MALE,96848,Fully Meets,3,False,462,False,2026-08-31 17:32:05,1316,77429.7,USD,2026-08-31 17:32:05
1649,Walter,Pruitt,2019-03-19,,CIO,Active,Full-Time,Part-Time,Unk,,1964-10-03,TX,Groundman,MALE,87451,Fully Meets,3,False,271,False,2026-08-31 17:32:05,1316,76307.9,USD,2026-08-31 17:32:05
1650,Julie,Harrington,2019-05-08,2020-10-01,BI Director,Terminated For Cause,Part-Time,Temporary,Resignation,,,MA,Technician,MALE,29739,Fully Meets,3,False,285,False,2026-08-31 17:32:05,1316,127314.54,USD,2026-08-31 17:32:05
1651,Amara,Wood,2019-10-05,2023-05-21,BI Developer,Terminated For Cause,Part-Time,Temporary,Involuntary,,,MA,Laborer,FEMALE,13117,Fully Meets,3,False,216,False,2026-08-31 17:32:05,2481,51018.61,USD,2026-08-31 17:32:05
1652,Nevaeh,Ponce,2021-11-29,2022-05-31,BI Developer,Terminated For Cause,Full-Time,Full-Time,Resignation,,1985-01-06,MA,Driver,FEMALE,2581,Fully Meets,3,False,226,False,2026-08-31 17:32:05,1316,76159.24,USD,2026-08-31 17:32:05
1653,Greta,Fields,2018-11-06,2019-12-26,Area Sales Manager,Terminated,Part-Time,Temporary,Involuntary,Resigned citing below-market compensation and lack of annual salary adjustments.,1957-07-01,MA,Foreman,MALE,63435,Fully Meets,3,False,76,False,2026-08-31 17:32:05,1639,86448.46,USD,2026-08-31 17:32:05
1654,Zackery,Hess,2021-07-27,2021-11-23,Area Sales Manager,Terminated,Full-Time,Temporary,Resignation,Left due to lack of flexibility around hybrid work policies and long commute times.,,MA,Administrative,MALE,87224,Fully Meets,3,False,273,False,2026-08-31 17:32:05,1316,86663.21,USD,2026-08-31 17:32:05
1655,Chloe,Gould,2023-07-18,,Area Sales Manager,Active,Part-Time,Temporary,Unk,,1942-01-09,MA,Project Manager,MALE,3563,Fully Meets,3,False,286,False,2026-08-31 17:32:05,1316,102743.97,USD,2026-08-31 17:32:05
1656,Elyse,Chandler,2022-09-04,,Senior BI Developer,Active,Part-Time,Temporary,Unk,,,MA,Tower Hand,MALE,10497,Fully Meets,3,False,429,False,2026-08-31 17:32:05,1316,47082.03,USD,2026-08-31 17:32:05
1657,Isaias,Briggs,2019-05-24,,Sales Manager,Active,Contract,Part-Time,Unk,,,MA,Engineer,MALE,38675,Fully Meets,3,False,203,False,2026-08-31 17:32:05,1316,77531.24,USD,2026-08-31 17:32:05
1658,Allison,Frank,2019-11-03,,Sales Manager,Active,Contract,Part-Time,Unk,,,MA,Laborer,MALE,72313,Fully Meets,3,False,76,False,2026-08-31 17:32:05,1639,90502.0,USD,2026-08-31 17:32:05
1659,Joaquin,Hahn,2019-11-26,2021-03-19,Sales Manager,Terminated,Full-Time,Part-Time,Involuntary,Resigned citing below-market compensation and lack of annual salary adjustments.,,MA,Laborer,FEMALE,39930,Fully Meets,3,False,22,False,2026-08-31 17:32:05,1316,76842.03,USD,2026-08-31 17:32:05
1660,Drake,Nicholson,2022-08-09,2022-09-01,CIO,Terminated For Cause,Contract,Full-Time,Retirement,,1971-02-07,MA,Technician,MALE,47536,Fully Meets,3,False,251,False,2026-08-31 17:32:05,3965,68783.45,USD,2026-08-31 17:32:05
1661,Kenna,Porter,2019-03-19,,BI Director,Active,Contract,Full-Time,Unk,,,MA,Clerk,MALE,91255,Fully Meets,3,False,463,False,2026-08-31 17:32:05,1316,105704.61,USD,2026-08-31 17:32:05
1662,Peter,Wong,2018-11-25,,BI Developer,Active,Contract,Full-Time,Unk,,1963-04-11,MA,Engineer,FEMALE,19115,Fully Meets,3,False,255,False,2026-08-31 17:32:05,2514,48470.49,USD,2026-08-31 17:32:05
1663,Fatima,Pennington,2022-04-10,2023-04-03,BI Developer,Terminated For Cause,Full-Time,Full-Time,Retirement,,,MA,Lineman,FEMALE,32063,Fully Meets,3,False,464,False,2026-08-31 17:32:05,2274,52244.48,USD,2026-08-31 17:32:05
1664,Lainey,Ayers,2021-04-02,,Area Sales Manager,Active,Full-Time,Full-Time,Unk,,1991-10-09,MA,Laborer,MALE,2597,Fully Meets,3,False,465,False,2026-08-31 17:32:05,1316,84795.69,USD,2026-08-31 17:32:05
1665,Tania,Jennings,2019-12-22,,Area Sales Manager,Active,Contract,Part-Time,Unk,,1963-10-07,MA,Coordinator,MALE,30018,Fully Meets,3,False,466,False,2026-08-31 17:32:05,1316,76164.84,USD,2026-08-31 17:32:05
1666,Kara,Ferrell,2021-08-14,,Area Sales Manager,Active,Full-Time,Part-Time,Unk,,,OR,Locator,MALE,38619,Fully Meets,3,False,270,False,2026-08-31 17:32:05,1316,74714.22,USD,2026-08-31 17:32:05
1667,George,Sheppard,2018-08-28,,Senior BI Developer,Active,Full-Time,Full-Time,Unk,,,MA,Splicer,MALE,62112,Fully Meets,3,False,467,False,2026-08-31 17:32:05,1316,75109.87,USD,2026-08-31 17:32:05
1668,Taniyah,Mcmillan,2023-07-10,,Senior BI Developer,Active,Part-Time,Part-Time,Unk,,1947-07-09,MA,Laborer,MALE,35842,Fully Meets,3,False,468,False,2026-08-31 17:32:05,1316,56213.9,USD,2026-08-31 17:32:05
1669,Kole,Avila,2020-09-18,,Sales Manager,Active,Part-Time,Temporary,Unk,,,MA,Executive Assistant,MALE,78813,Fully Meets,3,False,219,False,2026-08-31 17:32:05,2484,82626.55,USD,2026-08-31 17:32:05
1670,Ernest,Munoz,2019-07-18,,Sales Manager,Active,Contract,Full-Time,Unk,,1960-06-11,MA,Laborer,FEMALE,4772,Fully Meets,3,False,465,False,2026-08-31 17:32:05,1316,71934.46,USD,2026-08-31 17:32:05
1671,Rose,Jordan,2021-11-21,2021-12-12,Sales Manager,Terminated,Contract,Full-Time,Involuntary,Resigned citing below-market compensation and lack of annual salary adjustments.,1964-10-10,MA,Coordinator,FEMALE,83162,Fully Meets,3,False,469,False,2026-08-31 17:32:05,1316,82507.94,USD,2026-08-31 17:32:05
1672,Amaris,Torres,2021-03-08,,CIO,Active,Full-Time,Part-Time,Unk,,,MA,Tester,MALE,21426,Fully Meets,3,False,218,False,2026-08-31 17:32:05,2567,54268.25,USD,2026-08-31 17:32:05
1673,Titus,Lowe,2019-08-21,,BI Director,Active,Part-Time,Full-Time,Unk,,1950-07-11,MA,Laborer,FEMALE,74874,Fully Meets,3,False,210,False,2026-08-31 17:32:05,1316,125524.25,USD,2026-08-31 17:32:05
1674,Savanah,Prince,2022-04-30,2023-06-09,BI Developer,Terminated For Cause,Part-Time,Full-Time,Involuntary,,,MA,Laborer,FEMALE,56043,Fully Meets,3,False,279,False,2026-08-31 17:32:05,1316,52188.66,USD,2026-08-31 17:32:05
1675,Dawson,Pollard,2023-02-03,2023-04-16,Area Sales Manager,Terminated,Full-Time,Part-Time,Resignation,Left due to lack of flexibility around hybrid work policies and long commute times.,1959-02-11,MA,Technician,MALE,59192,Fully Meets,3,False,219,False,2026-08-31 17:32:05,2484,101092.79,USD,2026-08-31 17:32:05
1676,Moises,Day,2023-05-08,,Area Sales Manager,Active,Part-Time,Full-Time,Unk,,1963-12-08,MA,Foreman,MALE,82767,Fully Meets,3,False,290,False,2026-08-31 17:32:05,1316,102538.33,USD,2026-08-31 17:32:05
1677,Sadie,Sheppard,2022-07-29,,Area Sales Manager,Active,Part-Time,Part-Time,Unk,,,OR,Foreman,FEMALE,44156,Fully Meets,3,False,251,False,2026-08-31 17:32:05,1316,73494.09,USD,2026-08-31 17:32:05
1678,Soren,Coleman,2020-11-18,2021-05-22,Senior BI Developer,Terminated,Part-Time,Part-Time,Resignation,Left due to lack of flexibility around hybrid work policies and long commute times.,,MA,Technician,FEMALE,59433,Fully Meets,3,False,319,False,2026-08-31 17:32:05,1316,48759.1,USD,2026-08-31 17:32:05
1679,Sage,Morris,2021-05-16,2022-04-14,Senior BI Developer,Terminated,Part-Time,Part-Time,Voluntary,Terminated due to persistent low performance scores and disengagement following team restructuring.,,MA,Project Manager,MALE,42691,Fully Meets,3,False,320,False,2026-08-31 17:32:05,1316,49036.43,USD,2026-08-31 17:32:05
1680,Lillian,Steele,2019-10-25,2020-10-16,Senior BI Developer,Terminated,Full-Time,Temporary,Involuntary,Resigned citing below-market compensation and lack of annual salary adjustments.,1976-01-09,MA,Laborer,MALE,33673,Fully Meets,3,False,207,False,2026-08-31 17:32:05,1316,66684.92,USD,2026-08-31 17:32:05
1681,Deanna,Meza,2023-03-05,2023-05-04,Sales Manager,Terminated,Contract,Temporary,Retirement,Left due to lack of flexibility around hybrid work policies and long commute times.,1974-10-10,MA,Engineer,FEMALE,34659,Fully Meets,3,False,203,False,2026-08-31 17:32:05,1316,74268.91,USD,2026-08-31 17:32:05
1682,Troy,Todd,2021-06-01,,Sales Manager,Active,Part-Time,Part-Time,Unk,,,MA,Foreman,FEMALE,65125,Fully Meets,3,False,470,False,2026-08-31 17:32:05,1316,99833.38,USD,2026-08-31 17:32:05
1683,Beckett,Shea,2022-01-22,2022-07-25,Sales Manager,Voluntarily Terminated,Full-Time,Part-Time,Voluntary,,,MA,Lineman,FEMALE,97969,Fully Meets,3,False,462,False,2026-08-31 17:32:05,1316,96399.5,USD,2026-08-31 17:32:05
1684,Eve,Barker,2023-07-09,2023-07-31,CIO,Terminated For Cause,Contract,Part-Time,Involuntary,,1963-07-03,MA,Engineer,MALE,18894,Fully Meets,3,False,471,False,2026-08-31 17:32:05,2245,73693.31,USD,2026-08-31 17:32:05
1685,Lillie,Wilkerson,2018-11-11,2019-05-27,BI Director,Terminated For Cause,Full-Time,Full-Time,Retirement,,,MA,Foreman,FEMALE,16287,Fully Meets,3,False,259,False,2026-08-31 17:32:05,1316,121303.03,USD,2026-08-31 17:32:05
1686,Alexis,Harrell,2021-01-05,2021-06-18,BI Developer,Terminated,Contract,Full-Time,Retirement,Resigned citing below-market compensation and lack of annual salary adjustments.,1954-06-03,MA,Intern,MALE,63472,Fully Meets,3,False,472,False,2026-08-31 17:32:05,1316,79883.7,USD,2026-08-31 17:32:05
1687,Mylee,Snow,2022-11-25,,Area Sales Manager,Active,Part-Time,Full-Time,Unk,,,MA,Drafter,MALE,19801,Fully Meets,3,False,204,False,2026-08-31 17:32:05,1316,71546.13,USD,2026-08-31 17:32:05
1688,Elsa,Mckenzie,2020-03-30,2023-07-21,Area Sales Manager,Terminated,Full-Time,Full-Time,Voluntary,Terminated due to persistent low performance scores and disengagement following team restructuring.,,OR,Mechanic,MALE,34107,Fully Meets,3,False,473,False,2026-08-31 17:32:05,1316,84044.27,USD,2026-08-31 17:32:05
1689,Kolby,Reed,2021-01-02,2022-09-22,Senior BI Developer,Terminated,Part-Time,Temporary,Retirement,Resigned citing below-market compensation and lack of annual salary adjustments.,1985-04-12,MA,Technician,MALE,35372,Fully Meets,3,False,413,False,2026-08-31 17:32:05,1316,56337.78,USD,2026-08-31 17:32:05
1690,Kyler,Morales,2019-02-26,2019-07-26,Senior BI Developer,Terminated,Contract,Temporary,Voluntary,Left due to lack of flexibility around hybrid work policies and long commute times.,,MA,Administrative,MALE,56249,Fully Meets,3,False,474,False,2026-08-31 17:32:05,1316,78202.59,USD,2026-08-31 17:32:05
1691,Jasiah,Walton,2019-10-06,,Senior BI Developer,Active,Contract,Part-Time,Unk,,,MA,Technician,MALE,77562,Fully Meets,3,False,245,False,2026-08-31 17:32:05,1316,65190.13,USD,2026-08-31 17:32:05
1692,Urijah,Brandt,2020-04-19,2022-07-30,Sales Manager,Terminated,Part-Time,Part-Time,Voluntary,Resigned citing below-market compensation and lack of annual salary adjustments.,,MA,Engineer,FEMALE,23764,Fully Meets,3,False,237,False,2026-08-31 17:32:05,1316,98216.68,USD,2026-08-31 17:32:05
1693,Gianna,Pope,2022-12-24,,Sales Manager,Active,Contract,Part-Time,Unk,,,MA,Tower Hand,FEMALE,2558,Fully Meets,3,False,219,False,2026-08-31 17:32:05,2484,75961.94,USD,2026-08-31 17:32:05
1694,Malia,Reynolds,2021-04-09,2021-05-29,CIO,Terminated For Cause,Part-Time,Temporary,Resignation,,1961-04-10,MA,Foreman,MALE,82773,Fully Meets,3,False,451,False,2026-08-31 17:32:05,1644,79252.2,USD,2026-08-31 17:32:05
1695,Claire,Gordon,2018-09-04,2022-12-16,BI Director,Terminated For Cause,Contract,Full-Time,Voluntary,,,MA,Specialist,FEMALE,20654,Fully Meets,3,False,475,False,2026-08-31 17:32:05,1316,119931.98,USD,2026-08-31 17:32:05
1696,Joshua,Hall,2021-11-07,,BI Developer,Active,Full-Time,Temporary,Unk,,,MA,Coordinator,MALE,74846,Fully Meets,3,False,215,False,2026-08-31 17:32:05,1316,62278.52,USD,2026-08-31 17:32:05
1697,Mattie,Peters,2023-05-24,2023-07-21,BI Developer,Terminated,Full-Time,Part-Time,Retirement,Terminated due to persistent low performance scores and disengagement following team restructuring.,,MA,Foreman,MALE,3758,Fully Meets,3,False,476,False,2026-08-31 17:32:05,2490,78980.97,USD,2026-08-31 17:32:05
1698,Makai,Nolan,2021-02-15,2021-06-05,Area Sales Manager,Terminated,Full-Time,Part-Time,Resignation,Resigned citing below-market compensation and lack of annual salary adjustments.,,MA,Engineer,MALE,5156,Fully Meets,3,False,477,False,2026-08-31 17:32:05,1316,83325.63,USD,2026-08-31 17:32:05
1699,Trevon,Briggs,2021-11-03,2022-08-19,Senior BI Developer,Terminated,Contract,Part-Time,Voluntary,Left due to lack of flexibility around hybrid work policies and long commute times.,,MA,Manager,MALE,64233,Fully Meets,3,False,478,False,2026-08-31 17:32:05,1316,58913.38,USD,2026-08-31 17:32:05
1700,Gretchen,Weeks,2018-09-20,,Senior BI Developer,Active,Contract,Temporary,Unk,,1958-08-04,MA,Engineer,MALE,61270,Fully Meets,3,False,257,False,2026-08-31 17:32:05,2504,65466.34,USD,2026-08-31 17:32:05
1701,Corey,Hurst,2019-07-23,2023-01-07,Senior BI Developer,Terminated,Contract,Full-Time,Involuntary,Resigned citing below-market compensation and lack of annual salary adjustments.,1954-06-11,MA,Flagger,MALE,36731,Fully Meets,3,False,479,False,2026-08-31 17:32:05,1316,49481.84,USD,2026-08-31 17:32:05
1702,Alison,Pugh,2022-05-12,,Sales Manager,Active,Contract,Part-Time,Unk,,1989-08-09,MA,Contracts,FEMALE,49479,Fully Meets,3,False,205,False,2026-08-31 17:32:05,1316,81238.0,USD,2026-08-31 17:32:05
1703,Kadence,Sandoval,2018-10-03,,Sales Manager,Active,Full-Time,Part-Time,Unk,,,MA,Lineman,FEMALE,26140,Fully Meets,3,False,480,False,2026-08-31 17:32:05,1316,76762.29,USD,2026-08-31 17:32:05
1704,Mckenzie,Kim,2020-11-26,,CIO,Active,Part-Time,Part-Time,Unk,,,MA,Project Manager,FEMALE,59091,Fully Meets,3,False,479,False,2026-08-31 17:32:05,1316,48614.92,USD,2026-08-31 17:32:05
1705,Randall,Miller,2018-10-04,,BI Director,Active,Part-Time,Full-Time,Unk,,,MA,Intern,FEMALE,50425,Fully Meets,3,False,481,False,2026-08-31 17:32:05,2729,138307.23,USD,2026-08-31 17:32:05
1706,Lailah,Hughes,2020-12-02,2023-02-25,BI Developer,Terminated,Contract,Full-Time,Involuntary,Terminated due to persistent low performance scores and disengagement following team restructuring.,1990-03-04,MA,Supervisor,FEMALE,81407,Fully Meets,3,False,259,False,2026-08-31 17:32:05,3961,65626.59,USD,2026-08-31 17:32:05
1707,Quentin,Calderon,2021-09-24,2023-07-20,BI Developer,Terminated,Part-Time,Full-Time,Voluntary,Resigned citing below-market compensation and lack of annual salary adjustments.,,MA,Clerk,MALE,93935,Fully Meets,3,False,458,False,2026-08-31 17:32:05,1316,57553.55,USD,2026-08-31 17:32:05
1708,Molly,Fischer,2020-09-10,2021-05-22,BI Developer,Terminated,Full-Time,Temporary,Involuntary,Left due to lack of flexibility around hybrid work policies and long commute times.,1990-12-05,MA,Associate,MALE,65055,Fully Meets,3,False,482,False,2026-08-31 17:32:05,2487,59303.43,USD,2026-08-31 17:32:05
1709,Anaya,Stanton,2022-05-25,2022-11-17,Area Sales Manager,Terminated,Full-Time,Temporary,Involuntary,Terminated due to persistent low performance scores and disengagement following team restructuring.,,OR,Manager,MALE,55354,Fully Meets,3,False,213,False,2026-08-31 17:32:05,1316,85103.17,USD,2026-08-31 17:32:05
1710,Jaden,Houston,2019-02-15,2019-12-09,Senior BI Developer,Terminated,Part-Time,Part-Time,Resignation,Resigned citing below-market compensation and lack of annual salary adjustments.,,MA,Technician,MALE,46239,Fully Meets,3,False,319,False,2026-08-31 17:32:05,1316,67160.22,USD,2026-08-31 17:32:05
1711,Lance,Bailey,2018-09-28,2023-02-01,Senior BI Developer,Terminated,Full-Time,Temporary,Voluntary,Left due to lack of flexibility around hybrid work policies and long commute times.,,MA,Laborer,MALE,43594,Fully Meets,3,False,246,False,2026-08-31 17:32:05,2523,77436.93,USD,2026-08-31 17:32:05
1712,Quintin,Hicks,2018-12-12,,Senior BI Developer,Active,Full-Time,Temporary,Unk,,,MA,Engineer,FEMALE,72035,Fully Meets,3,False,247,False,2026-08-31 17:32:05,1316,77647.29,USD,2026-08-31 17:32:05
1713,Mauricio,Meyers,2021-12-01,,Sales Manager,Active,Contract,Full-Time,Unk,,,MA,Flagger,FEMALE,1218,Fully Meets,3,False,277,False,2026-08-31 17:32:05,1316,83702.22,USD,2026-08-31 17:32:05
1714,Tess,Reilly,2022-01-12,,Sales Manager,Active,Full-Time,Temporary,Unk,,,MA,Laborer,FEMALE,5062,Fully Meets,3,False,50,False,2026-08-31 17:32:05,1316,81524.19,USD,2026-08-31 17:32:05
1715,Reece,Callahan,2020-10-27,2022-09-28,CIO,Terminated,Full-Time,Part-Time,Involuntary,Terminated due to persistent low performance scores and disengagement following team restructuring.,1966-10-01,MA,Foreman,FEMALE,86362,Fully Meets,3,False,267,False,2026-08-31 17:32:05,1316,60786.63,USD,2026-08-31 17:32:05
1716,Tyrell,Fuentes,2020-11-02,2022-06-21,BI Director,Terminated,Contract,Part-Time,Involuntary,Resigned citing below-market compensation and lack of annual salary adjustments.,,MA,Flagger,FEMALE,21457,Fully Meets,3,False,254,False,2026-08-31 17:32:05,1316,123396.71,USD,2026-08-31 17:32:05
1717,Benjamin,Kaufman,2021-04-24,2023-02-28,BI Developer,Terminated,Part-Time,Part-Time,Retirement,Left due to lack of flexibility around hybrid work policies and long commute times.,,MA,Model Assistant,MALE,49370,Fully Meets,3,False,246,False,2026-08-31 17:32:05,2523,61163.63,USD,2026-08-31 17:32:05
1718,Ayla,Mcgrath,2020-06-29,2023-08-03,BI Developer,Terminated,Full-Time,Temporary,Involuntary,Terminated due to persistent low performance scores and disengagement following team restructuring.,2001-04-01,MA,Driller,MALE,17318,Fully Meets,3,False,218,False,2026-08-31 17:32:05,2567,68056.37,USD,2026-08-31 17:32:05
1719,Katelyn,Stevens,2021-07-15,,BI Developer,Active,Contract,Temporary,Unk,,1993-10-05,MA,Laborer,MALE,93155,Fully Meets,3,False,219,False,2026-08-31 17:32:05,1669,64403.97,USD,2026-08-31 17:32:05
1720,Jaiden,Christian,2023-06-20,,Senior BI Developer,Active,Part-Time,Part-Time,Unk,,1965-08-03,MA,Laborer,MALE,32840,Fully Meets,3,False,282,False,2026-08-31 17:32:05,2494,56225.04,USD,2026-08-31 17:32:05
1721,Elliott,Odonnell,2019-09-22,2022-11-10,Senior BI Developer,Terminated,Full-Time,Full-Time,Retirement,Terminated due to persistent low performance scores and disengagement following team restructuring.,,MA,Assistant,MALE,46552,Fully Meets,3,False,463,False,2026-08-31 17:32:05,1661,57100.58,USD,2026-08-31 17:32:05
1722,Ronnie,Dillon,2022-02-22,,Senior BI Developer,Active,Full-Time,Full-Time,Unk,,,MA,Groundman,FEMALE,26893,Fully Meets,3,False,252,False,2026-08-31 17:32:05,1932,58250.75,USD,2026-08-31 17:32:05
1723,Gideon,Saunders,2020-07-01,2022-06-26,Sales Manager,Terminated,Full-Time,Full-Time,Retirement,Left due to lack of flexibility around hybrid work policies and long commute times.,1969-07-04,MA,Coordinator,FEMALE,34649,Fully Meets,3,False,483,False,2026-08-31 17:32:05,1316,73312.39,USD,2026-08-31 17:32:05
1724,Valerie,Davis,2021-05-13,2021-12-11,CIO,Terminated,Part-Time,Part-Time,Retirement,Terminated due to persistent low performance scores and disengagement following team restructuring.,,MA,Coordinator,FEMALE,46050,Fully Meets,3,False,484,False,2026-08-31 17:32:05,1316,50812.19,USD,2026-08-31 17:32:05
1725,Jamarcus,Thomas,2021-05-30,,BI Developer,Active,Contract,Part-Time,Unk,,,MA,Technician,MALE,55738,Fully Meets,3,False,214,False,2026-08-31 17:32:05,2488,70308.98,USD,2026-08-31 17:32:05
1726,Alden,Powers,2019-07-04,,BI Developer,Active,Contract,Full-Time,Unk,,,MA,Clerk,MALE,71994,Fully Meets,3,False,230,False,2026-08-31 17:32:05,1316,58618.38,USD,2026-08-31 17:32:05
1727,Haylie,Arnold,2019-05-31,2022-05-31,BI Developer,Terminated,Full-Time,Full-Time,Involuntary,Terminated due to persistent low performance scores and disengagement following team restructuring.,,MA,Foreman,MALE,50024,Fully Meets,3,False,476,False,2026-08-31 17:32:05,2490,52508.86,USD,2026-08-31 17:32:05
1728,James,Cockel,2020-03-13,,Production Technician I,Active,Full-Time,Temporary,Unk,,1972-11-01,MA,Foreman,MALE,2452,Fully Meets,3,False,88,False,2026-08-31 17:32:05,2398,64693.53,USD,2026-08-31 17:32:05
1729,Donna,Brill,2020-01-06,2020-12-24,Production Technician I,Voluntarily Terminated,Contract,Part-Time,Voluntary,,,MA,Foreman,FEMALE,1701,Fully Meets,3,False,135,False,2026-08-31 17:32:05,1316,71443.88,USD,2026-08-31 17:32:05
1730,Kristen,Squatrito,2023-04-30,,Production Technician I,Active,Full-Time,Part-Time,Unk,,1976-10-06,MA,Technician,FEMALE,2359,Fully Meets,3,False,384,False,2026-08-31 17:32:05,1316,54009.78,USD,2026-08-31 17:32:05
1731,Erasumus,Monkfish,2021-07-11,2022-02-08,Production Technician II,Terminated,Contract,Temporary,Retirement,Resigned citing below-market compensation and lack of annual salary adjustments.,,MA,Engineer,MALE,1450,Fully Meets,3,False,108,False,2026-08-31 17:32:05,1316,73937.65,USD,2026-08-31 17:32:05
1732,May,Roberson,2021-07-02,2021-12-13,Production Technician II,Voluntarily Terminated,Contract,Temporary,Voluntary,,,MA,Engineer,FEMALE,1902,Fully Meets,3,False,94,False,2026-08-31 17:32:05,1316,77462.67,USD,2026-08-31 17:32:05
1733,Shana,Maurice,2019-10-23,2020-12-03,Production Technician I,Terminated,Full-Time,Temporary,Resignation,Terminated due to persistent low performance scores and disengagement following team restructuring.,,MA,Laborer,FEMALE,2330,Fully Meets,3,False,91,False,2026-08-31 17:32:05,2364,65908.81,USD,2026-08-31 17:32:05
1734,Raul,Garcia,2019-01-19,,Production Technician I,Active,Contract,Full-Time,Unk,,,MA,Driver,MALE,1905,Fully Meets,3,False,82,False,2026-08-31 17:32:05,1123,68413.17,USD,2026-08-31 17:32:05
1735,Rachael,Baczenski,2021-01-08,2023-01-14,Production Technician I,Voluntarily Terminated,Full-Time,Full-Time,Resignation,,1942-08-04,MA,Mechanic,FEMALE,1902,Fully Meets,3,False,104,False,2026-08-31 17:32:05,2437,46840.16,USD,2026-08-31 17:32:05
1736,Enrico,Langton,2019-01-29,2022-07-08,Production Technician I,Terminated,Contract,Part-Time,Involuntary,Terminated due to persistent low performance scores and disengagement following team restructuring.,,MA,Technician,MALE,2048,Fully Meets,3,False,107,False,2026-08-31 17:32:05,2296,78093.2,USD,2026-08-31 17:32:05
1737,Colleen,Zima,2018-10-27,,Production Technician I,Active,Contract,Full-Time,Unk,,,MA,Engineer,FEMALE,1730,Fully Meets,3,False,387,False,2026-08-31 17:32:05,1316,58736.97,USD,2026-08-31 17:32:05
1738,Phil,Close,2023-05-30,2023-07-05,Production Technician II,Voluntarily Terminated,Contract,Part-Time,Involuntary,,,MA,Coordinator,MALE,2169,Fully Meets,3,False,383,False,2026-08-31 17:32:05,1316,77336.51,USD,2026-08-31 17:32:05
1739,Hang T,Wolk,2019-07-15,2023-05-01,Production Technician II,Terminated,Contract,Full-Time,Involuntary,Terminated due to persistent low performance scores and disengagement following team restructuring.,1982-11-01,MA,Laborer,FEMALE,2302,Fully Meets,3,False,181,False,2026-08-31 17:32:05,1316,65264.21,USD,2026-08-31 17:32:05
1740,Lei-Ming,Nguyen,2020-03-17,2021-08-02,Production Technician I,Terminated,Contract,Part-Time,Voluntary,Resigned citing below-market compensation and lack of annual salary adjustments.,1963-03-04,MA,Laborer,FEMALE,2132,Fully Meets,3,False,189,False,2026-08-31 17:32:05,2291,45161.66,USD,2026-08-31 17:32:05
1741,Denisa S,Dobrin,2022-09-16,,Production Technician I,Active,Contract,Temporary,Unk,,1981-11-01,MA,Drafter,FEMALE,2125,Fully Meets,3,False,103,False,2026-08-31 17:32:05,1316,46348.97,USD,2026-08-31 17:32:05
1742,Maryellen,Jackson,2021-01-04,,Production Technician I,Active,Part-Time,Part-Time,Unk,,1971-02-03,MA,Laborer,FEMALE,2081,Fully Meets,3,False,365,False,2026-08-31 17:32:05,1316,68814.66,USD,2026-08-31 17:32:05
1743,David,Gordon,2018-11-30,,Production Technician I,Active,Full-Time,Temporary,Unk,,2001-03-06,MA,Supervisor,MALE,2169,Fully Meets,3,False,137,False,2026-08-31 17:32:05,1316,64693.38,USD,2026-08-31 17:32:05
1744,Mei,Trang,2022-07-24,,Production Technician I,Active,Full-Time,Full-Time,Unk,,1947-05-05,MA,Driller,FEMALE,2021,Fully Meets,3,False,105,False,2026-08-31 17:32:05,1143,45928.64,USD,2026-08-31 17:32:05
1745,Lindsey,Langford,2022-02-05,,Production Technician II,Active,Contract,Part-Time,Unk,,,MA,Foreman,FEMALE,2090,Fully Meets,3,False,2,False,2026-08-31 17:32:05,1121,71021.1,USD,2026-08-31 17:32:05
1746,Brad,Pitt,2020-04-23,2022-01-07,Production Technician I,Terminated,Full-Time,Full-Time,Voluntary,Resigned citing below-market compensation and lack of annual salary adjustments.,1962-06-04,MA,Vp,MALE,2451,Fully Meets,3,False,369,False,2026-08-31 17:32:05,2400,74825.09,USD,2026-08-31 17:32:05
1747,Susan,Good,2023-06-23,2023-07-10,Production Technician II,On Leave,Full-Time,Temporary,Resignation,,1992-02-08,MA,Splicer,FEMALE,1886,Fully Meets,3,False,105,False,2026-08-31 17:32:05,1143,62374.61,USD,2026-08-31 17:32:05
1748,Ashley,Rose,2022-01-13,2022-07-05,Production Technician I,Terminated,Part-Time,Temporary,Retirement,Terminated due to persistent low performance scores and disengagement following team restructuring.,1973-09-01,MA,Laborer,FEMALE,1886,Fully Meets,3,False,485,False,2026-08-31 17:32:05,2301,61301.51,USD,2026-08-31 17:32:05
1749,Kaeden,Gonzales,2020-11-26,,Production Technician I,Active,Contract,Temporary,Unk,,1964-03-02,MA,Project Manager,FEMALE,70227,Fully Meets,3,False,98,False,2026-08-31 17:32:05,2294,45191.56,USD,2026-08-31 17:32:05
1750,Alissa,Frey,2018-12-07,,Production Technician I,Active,Full-Time,Full-Time,Unk,,1977-11-04,MA,Tower Hand,FEMALE,3204,Fully Meets,3,False,86,False,2026-08-31 17:32:05,2298,72532.74,USD,2026-08-31 17:32:05
1751,Presley,Steele,2023-04-19,,Production Technician I,Active,Contract,Temporary,Unk,,,MA,Lineman,FEMALE,81228,Fully Meets,3,False,189,False,2026-08-31 17:32:05,2291,56575.06,USD,2026-08-31 17:32:05
1752,Boston,Avila,2022-03-05,2022-04-08,Production Technician I,Terminated,Part-Time,Temporary,Resignation,Resigned citing below-market compensation and lack of annual salary adjustments.,1982-04-11,MA,Mechanic,MALE,56894,Fully Meets,3,False,139,False,2026-08-31 17:32:05,2357,75756.73,USD,2026-08-31 17:32:05
1753,Rodolfo,Michael,2019-06-20,2019-10-14,Production Technician I,Terminated,Contract,Full-Time,Resignation,Left due to lack of flexibility around hybrid work policies and long commute times.,1943-07-03,MA,Assistant,MALE,42759,Fully Meets,3,False,97,False,2026-08-31 17:32:05,1165,58057.12,USD,2026-08-31 17:32:05
1754,Felix,Fritz,2022-09-13,,Production Technician I,Active,Part-Time,Temporary,Unk,,,MA,Manager,MALE,61961,Fully Meets,3,False,381,False,2026-08-31 17:32:05,2315,64777.73,USD,2026-08-31 17:32:05
1755,Amira,Mcmillan,2019-01-02,,Production Technician I,Active,Part-Time,Full-Time,Unk,,1994-05-10,MA,Foreman,MALE,45449,Fully Meets,3,False,121,False,2026-08-31 17:32:05,2414,54461.96,USD,2026-08-31 17:32:05
1756,Annabelle,Graham,2022-06-06,,Production Technician I,Active,Part-Time,Part-Time,Unk,,,MA,Operator,MALE,32636,Fully Meets,3,False,147,False,2026-08-31 17:32:05,1316,50620.59,USD,2026-08-31 17:32:05
1757,Leia,Mccann,2020-01-09,,Production Technician I,Active,Full-Time,Temporary,Unk,,1985-01-02,MA,Director,FEMALE,74346,Fully Meets,3,False,486,False,2026-08-31 17:32:05,1316,72121.78,USD,2026-08-31 17:32:05
1758,Henry,Gray,2019-01-03,,Production Technician I,Active,Part-Time,Part-Time,Unk,,,MA,Administrator,MALE,61791,Fully Meets,3,False,167,False,2026-08-31 17:32:05,1316,62380.67,USD,2026-08-31 17:32:05
1759,Jose,Houston,2021-01-23,2022-10-23,Production Technician I,Terminated,Contract,Part-Time,Retirement,Left due to lack of flexibility around hybrid work policies and long commute times.,1947-11-12,MA,Coordinator,MALE,40003,Fully Meets,3,False,110,False,2026-08-31 17:32:05,2287,63777.08,USD,2026-08-31 17:32:05
1760,Janessa,Mcconnell,2020-02-08,2020-05-04,Production Technician I,Terminated,Part-Time,Part-Time,Voluntary,Terminated due to persistent low performance scores and disengagement following team restructuring.,,MA,Foreman,MALE,93320,Fully Meets,3,False,88,False,2026-08-31 17:32:05,2398,78789.56,USD,2026-08-31 17:32:05
1761,Samson,Ellis,2021-10-29,2022-08-02,Production Technician I,Voluntarily Terminated,Contract,Temporary,Voluntary,,,MA,Technician,FEMALE,97689,Fully Meets,3,False,82,False,2026-08-31 17:32:05,1123,78725.3,USD,2026-08-31 17:32:05
1762,Lauren,Kent,2023-07-04,2023-07-12,Production Technician I,Voluntarily Terminated,Contract,Part-Time,Voluntary,,,MA,Foreman,FEMALE,37569,Fully Meets,3,False,487,False,2026-08-31 17:32:05,2438,74947.47,USD,2026-08-31 17:32:05
1763,Mckenzie,Mack,2023-04-06,,Production Technician I,Active,Part-Time,Full-Time,Unk,,,MA,Model Assistant,FEMALE,11574,Fully Meets,3,False,150,False,2026-08-31 17:32:05,2417,51566.33,USD,2026-08-31 17:32:05
1764,Donavan,Chavez,2023-01-17,,Production Technician I,Active,Full-Time,Temporary,Unk,,1949-02-01,MA,Engineer,FEMALE,18917,Fully Meets,3,False,114,False,2026-08-31 17:32:05,1316,65799.54,USD,2026-08-31 17:32:05
1765,Haiden,Coffey,2019-10-17,,Production Technician II,Active,Contract,Part-Time,Unk,,1991-07-09,MA,Field Project Manager,FEMALE,5819,Fully Meets,3,False,119,False,2026-08-31 17:32:05,2285,75735.16,USD,2026-08-31 17:32:05
1766,Kasey,Alexander,2019-06-22,2021-05-01,Production Technician I,Terminated,Contract,Temporary,Resignation,Terminated due to persistent low performance scores and disengagement following team restructuring.,,MA,Laborer,FEMALE,75004,Fully Meets,3,False,98,False,2026-08-31 17:32:05,2294,58106.24,USD,2026-08-31 17:32:05
1767,Kenneth,Peters,2023-02-10,2023-05-01,Production Technician I,Terminated,Contract,Full-Time,Retirement,Resigned citing below-market compensation and lack of annual salary adjustments.,,MA,Supervisor,FEMALE,39000,Fully Meets,3,False,88,False,2026-08-31 17:32:05,2398,48538.72,USD,2026-08-31 17:32:05
1768,Lucia,Hudson,2022-10-13,2023-05-02,Production Technician I,Terminated,Contract,Temporary,Voluntary,Left due to lack of flexibility around hybrid work policies and long commute times.,,MA,Lineman,FEMALE,73245,Fully Meets,3,False,172,False,2026-08-31 17:32:05,1187,73383.7,USD,2026-08-31 17:32:05
1769,Rashad,Randall,2023-03-07,2023-04-27,Production Technician I,Terminated,Contract,Temporary,Resignation,Terminated due to persistent low performance scores and disengagement following team restructuring.,,MA,Technician,MALE,83360,Fully Meets,3,False,96,False,2026-08-31 17:32:05,1124,61861.72,USD,2026-08-31 17:32:05
1770,Hayley,York,2018-09-12,,Production Technician I,Active,Part-Time,Full-Time,Unk,,1971-05-03,MA,Director,MALE,2072,Fully Meets,3,False,162,False,2026-08-31 17:32:05,1316,64753.74,USD,2026-08-31 17:32:05
1771,Salma,Shepard,2020-06-27,,Production Technician I,Active,Part-Time,Part-Time,Unk,,,MA,Mechanic,MALE,16902,Fully Meets,3,False,85,False,2026-08-31 17:32:05,1316,79375.05,USD,2026-08-31 17:32:05
1772,Hallie,Thornton,2018-12-28,2022-01-28,Production Technician I,Terminated,Contract,Part-Time,Resignation,Terminated due to persistent low performance scores and disengagement following team restructuring.,,MA,Laborer,MALE,70792,Fully Meets,3,False,121,False,2026-08-31 17:32:05,2414,66252.4,USD,2026-08-31 17:32:05
1773,Tiana,Bishop,2021-01-20,2023-03-08,Production Technician I,Terminated,Part-Time,Temporary,Retirement,Resigned citing below-market compensation and lack of annual salary adjustments.,,MA,Administrative,MALE,25699,Fully Meets,3,False,384,False,2026-08-31 17:32:05,1316,59874.28,USD,2026-08-31 17:32:05
1774,Regina,Garcia,2019-09-14,2023-02-06,Production Technician I,Terminated,Full-Time,Part-Time,Involuntary,Left due to lack of flexibility around hybrid work policies and long commute times.,,MA,Technician,FEMALE,96290,Fully Meets,3,False,83,False,2026-08-31 17:32:05,2318,57949.45,USD,2026-08-31 17:32:05
1775,Julie,Cochran,2018-10-06,2019-12-12,Production Technician I,Terminated,Contract,Full-Time,Involuntary,Terminated due to persistent low performance scores and disengagement following team restructuring.,1997-11-05,MA,Engineer,MALE,23434,Fully Meets,3,False,128,False,2026-08-31 17:32:05,1316,59616.68,USD,2026-08-31 17:32:05
1776,Yamilet,Pierce,2021-08-03,2022-11-01,Production Technician I,Terminated,Full-Time,Temporary,Retirement,Resigned citing below-market compensation and lack of annual salary adjustments.,1955-11-03,MA,Engineer,MALE,49243,Fully Meets,3,False,434,False,2026-08-31 17:32:05,1316,49143.97,USD,2026-08-31 17:32:05
1777,Amare,Hartman,2019-07-05,2021-05-26,Production Technician I,Terminated,Full-Time,Temporary,Involuntary,Left due to lack of flexibility around hybrid work policies and long commute times.,,MA,Splicer,FEMALE,64893,Fully Meets,3,False,366,False,2026-08-31 17:32:05,2451,72816.27,USD,2026-08-31 17:32:05
1778,Cannon,Lee,2019-04-25,,Production Technician I,Active,Full-Time,Full-Time,Unk,,,MA,Foreman,FEMALE,91836,Fully Meets,3,False,189,False,2026-08-31 17:32:05,2291,74320.09,USD,2026-08-31 17:32:05
1779,Yael,Hodge,2023-07-15,,Production Technician I,Active,Full-Time,Temporary,Unk,,1961-04-05,MA,Director,FEMALE,85791,Fully Meets,3,False,155,False,2026-08-31 17:32:05,2323,54953.9,USD,2026-08-31 17:32:05
1780,Colton,Booker,2022-12-10,2023-02-11,Production Technician I,Terminated,Contract,Temporary,Retirement,Left due to lack of flexibility around hybrid work policies and long commute times.,1993-11-07,MA,Engineer,FEMALE,17208,Fully Meets,3,False,97,False,2026-08-31 17:32:05,1165,55632.88,USD,2026-08-31 17:32:05
1781,Abril,Cunningham,2019-05-02,,Production Technician I,Active,Contract,Part-Time,Unk,,1983-11-12,MA,Supervisor,FEMALE,88454,Fully Meets,3,False,183,False,2026-08-31 17:32:05,1316,75601.7,USD,2026-08-31 17:32:05
1782,Braxton,House,2019-01-13,2023-07-02,Production Technician II,Voluntarily Terminated,Contract,Temporary,Retirement,,1950-08-10,MA,Groundman,FEMALE,69805,Fully Meets,3,False,82,False,2026-08-31 17:32:05,1123,45838.96,USD,2026-08-31 17:32:05
1783,Destiney,Pearson,2021-06-09,,Production Technician I,Active,Part-Time,Part-Time,Unk,,1981-07-12,MA,Laborer,FEMALE,27170,Fully Meets,3,False,110,False,2026-08-31 17:32:05,2287,63216.01,USD,2026-08-31 17:32:05
1784,Trystan,Ramos,2023-08-02,2023-08-02,Production Technician I,Terminated,Part-Time,Temporary,Retirement,Terminated due to persistent low performance scores and disengagement following team restructuring.,,MA,Technician,FEMALE,14325,Fully Meets,3,False,88,False,2026-08-31 17:32:05,2398,61228.65,USD,2026-08-31 17:32:05
1785,Miley,Gutierrez,2023-06-17,,Production Technician I,Active,Full-Time,Full-Time,Unk,,,MA,Director,FEMALE,39152,Fully Meets,3,False,488,False,2026-08-31 17:32:05,1316,69154.44,USD,2026-08-31 17:32:05
1786,Tara,Hoover,2022-03-31,2022-06-14,Production Technician I,Terminated,Full-Time,Temporary,Resignation,Left due to lack of flexibility around hybrid work policies and long commute times.,1979-10-11,MA,Laborer,MALE,67173,Fully Meets,3,False,105,False,2026-08-31 17:32:05,1143,50718.71,USD,2026-08-31 17:32:05
1787,Layla,Gutierrez,2019-04-06,2020-08-15,Production Technician I,Terminated,Contract,Temporary,Voluntary,Terminated due to persistent low performance scores and disengagement following team restructuring.,1956-10-07,MA,Engineer,MALE,76007,Fully Meets,3,False,150,False,2026-08-31 17:32:05,2417,68391.58,USD,2026-08-31 17:32:05
1788,Jakayla,Hall,2020-07-11,,Production Technician I,Active,Contract,Full-Time,Unk,,1976-08-02,MA,Engineer,MALE,50833,Fully Meets,3,False,130,False,2026-08-31 17:32:05,2277,58185.69,USD,2026-08-31 17:32:05
1789,Jayson,Ferguson,2023-04-22,,Production Technician I,Active,Contract,Part-Time,Unk,,,MA,Engineer,MALE,54218,Fully Meets,3,False,141,False,2026-08-31 17:32:05,2337,66655.02,USD,2026-08-31 17:32:05
1790,Nick,Daniels,2022-12-02,2023-04-08,Production Technician I,Terminated,Part-Time,Part-Time,Resignation,Terminated due to persistent low performance scores and disengagement following team restructuring.,1956-09-03,MA,Lineman,FEMALE,54589,Fully Meets,3,False,2,False,2026-08-31 17:32:05,1121,46403.33,USD,2026-08-31 17:32:05
1791,Marvin,Abbott,2021-03-06,2023-04-26,Production Technician I,Terminated,Contract,Temporary,Resignation,Resigned citing below-market compensation and lack of annual salary adjustments.,1981-02-08,MA,Clerk,FEMALE,9310,Fully Meets,3,False,489,False,2026-08-31 17:32:05,2425,61160.45,USD,2026-08-31 17:32:05
1792,Sawyer,Oliver,2019-05-21,,Production Technician I,Active,Full-Time,Temporary,Unk,,1950-02-04,MA,Planner,MALE,6449,Fully Meets,3,False,490,False,2026-08-31 17:32:05,1316,63278.78,USD,2026-08-31 17:32:05
1793,Linda,Barajas,2018-10-23,2022-12-02,Production Technician I,Terminated,Full-Time,Temporary,Resignation,Terminated due to persistent low performance scores and disengagement following team restructuring.,,MA,Director,FEMALE,77756,Fully Meets,3,False,491,False,2026-08-31 17:32:05,1316,52501.42,USD,2026-08-31 17:32:05
1794,Chance,Blackwell,2021-05-26,,Production Technician I,Active,Contract,Temporary,Unk,,,MA,Administrator,FEMALE,95802,Fully Meets,3,False,183,False,2026-08-31 17:32:05,1316,49886.83,USD,2026-08-31 17:32:05
1795,Antonio,Mccoy,2019-12-01,2020-06-08,Production Technician I,Voluntarily Terminated,Full-Time,Part-Time,Involuntary,,1960-04-04,MA,Manager,FEMALE,71561,Fully Meets,3,False,182,False,2026-08-31 17:32:05,2275,51596.6,USD,2026-08-31 17:32:05
1796,Emmett,Mercado,2021-06-07,2022-12-13,Production Technician I,Voluntarily Terminated,Contract,Full-Time,Involuntary,,,MA,Driver,FEMALE,9967,Fully Meets,3,False,431,False,2026-08-31 17:32:05,1316,57044.94,USD,2026-08-31 17:32:05
1797,Clara,Wheeler,2020-10-13,2022-11-09,Production Technician I,Terminated,Full-Time,Full-Time,Voluntary,Resigned citing below-market compensation and lack of annual salary adjustments.,,MA,Laborer,FEMALE,63255,Fully Meets,3,False,189,False,2026-08-31 17:32:05,2291,48388.36,USD,2026-08-31 17:32:05
1798,Kieran,Morse,2022-10-30,,Production Technician II,Active,Part-Time,Full-Time,Unk,,1985-07-12,MA,Splicer,FEMALE,34441,Fully Meets,3,False,432,False,2026-08-31 17:32:05,1316,78156.19,USD,2026-08-31 17:32:05
1799,Aliyah,Schmitt,2022-09-04,2023-05-30,Production Technician II,Voluntarily Terminated,Part-Time,Temporary,Involuntary,,,MA,Technician,MALE,12152,Fully Meets,3,False,97,False,2026-08-31 17:32:05,1165,59174.79,USD,2026-08-31 17:32:05
1800,Kyan,Morrison,2019-10-18,2021-04-19,Production Technician I,Terminated,Part-Time,Full-Time,Resignation,Resigned citing below-market compensation and lack of annual salary adjustments.,1976-05-04,MA,Lineman,FEMALE,57065,Fully Meets,3,False,365,False,2026-08-31 17:32:05,1316,73313.94,USD,2026-08-31 17:32:05
1801,Rayan,Stephenson,2021-07-25,2023-01-23,Production Technician I,Terminated,Full-Time,Temporary,Involuntary,Left due to lack of flexibility around hybrid work policies and long commute times.,1989-06-08,MA,Technician,FEMALE,17441,Fully Meets,3,False,110,False,2026-08-31 17:32:05,2287,79104.6,USD,2026-08-31 17:32:05
1802,Gael,Jacobs,2020-03-31,,Production Technician I,Active,Part-Time,Temporary,Unk,,,MA,Driller,FEMALE,1741,Fully Meets,3,False,86,False,2026-08-31 17:32:05,2298,47825.73,USD,2026-08-31 17:32:05
1803,Stephany,Neal,2019-11-11,2023-08-02,Production Technician I,Terminated,Full-Time,Full-Time,Resignation,Resigned citing below-market compensation and lack of annual salary adjustments.,1982-11-05,MA,Billing,FEMALE,69859,Fully Meets,3,False,370,False,2026-08-31 17:32:05,2286,67808.43,USD,2026-08-31 17:32:05
1804,Trevon,Deleon,2021-12-05,2022-03-02,Production Technician I,Terminated,Part-Time,Temporary,Voluntary,Left due to lack of flexibility around hybrid work policies and long commute times.,,MA,Laborer,MALE,94462,Fully Meets,3,False,105,False,2026-08-31 17:32:05,1143,75499.32,USD,2026-08-31 17:32:05
1805,Phoenix,Pitts,2018-12-17,2022-09-03,Production Technician I,Terminated,Contract,Temporary,Voluntary,Terminated due to persistent low performance scores and disengagement following team restructuring.,1969-03-02,MA,Laborer,MALE,50864,Fully Meets,3,False,131,False,2026-08-31 17:32:05,1316,67198.21,USD,2026-08-31 17:32:05
1806,Nola,Gillespie,2022-03-06,,Production Technician I,Active,Part-Time,Full-Time,Unk,,,MA,Laborer,MALE,8972,Fully Meets,3,False,120,False,2026-08-31 17:32:05,2336,60015.91,USD,2026-08-31 17:32:05
1807,Jeramiah,Schwartz,2019-09-04,,Production Technician I,Active,Contract,Full-Time,Unk,,,MA,Lineman,FEMALE,94163,Fully Meets,3,False,492,False,2026-08-31 17:32:05,1316,60087.67,USD,2026-08-31 17:32:05
1808,Aaden,Mercer,2023-07-26,,Production Technician I,Active,Part-Time,Part-Time,Unk,,,MA,Coordinator,FEMALE,37289,Fully Meets,3,False,147,False,2026-08-31 17:32:05,1316,46256.46,USD,2026-08-31 17:32:05
1809,Nathalia,Good,2022-12-19,2023-05-19,Production Technician I,Terminated,Contract,Part-Time,Involuntary,Resigned citing below-market compensation and lack of annual salary adjustments.,,MA,Supervisor,FEMALE,21417,Fully Meets,3,False,81,False,2026-08-31 17:32:05,1316,63711.03,USD,2026-08-31 17:32:05
1810,Zaria,Benton,2021-08-17,,Production Technician I,Active,Full-Time,Part-Time,Unk,,,MA,Engineer,MALE,22860,Fully Meets,3,False,112,False,2026-08-31 17:32:05,2340,79774.0,USD,2026-08-31 17:32:05
1811,Miley,Ortega,2022-06-11,,Production Technician I,Active,Contract,Full-Time,Unk,,1977-11-12,MA,Project Manager,FEMALE,50910,Fully Meets,3,False,493,False,2026-08-31 17:32:05,1316,78554.76,USD,2026-08-31 17:32:05
1812,Julia,Farmer,2021-10-01,2023-06-18,Production Technician I,Voluntarily Terminated,Contract,Full-Time,Involuntary,,,MA,Manager,FEMALE,78363,Fully Meets,3,False,88,False,2026-08-31 17:32:05,2398,46413.97,USD,2026-08-31 17:32:05
1813,Valentin,Lam,2020-08-04,,Production Technician I,Active,Contract,Temporary,Unk,,1980-12-01,MA,Lineman,FEMALE,61521,Fully Meets,3,False,172,False,2026-08-31 17:32:05,1187,69702.9,USD,2026-08-31 17:32:05
1814,Darnell,Ritter,2022-02-11,,Production Technician I,Active,Full-Time,Part-Time,Unk,,1980-08-03,MA,Laborer,FEMALE,43420,Fully Meets,3,False,161,False,2026-08-31 17:32:05,1209,55561.77,USD,2026-08-31 17:32:05
1815,Kierra,Lozano,2020-06-22,,Production Technician I,Active,Contract,Part-Time,Unk,,,MA,Manager,FEMALE,44224,Fully Meets,3,False,119,False,2026-08-31 17:32:05,2285,76604.62,USD,2026-08-31 17:32:05
1816,Jamari,Dunn,2020-08-28,,Production Technician II,Active,Contract,Temporary,Unk,,1951-10-05,MA,Supervisor,FEMALE,83618,Fully Meets,3,False,189,False,2026-08-31 17:32:05,2291,46579.02,USD,2026-08-31 17:32:05
1817,Zoey,Page,2019-05-06,2022-04-09,Production Technician II,Terminated,Contract,Temporary,Resignation,Terminated due to persistent low performance scores and disengagement following team restructuring.,1987-07-01,MA,Lineman,FEMALE,41874,Fully Meets,3,False,89,False,2026-08-31 17:32:05,1316,77755.59,USD,2026-08-31 17:32:05
1818,Kendra,Velez,2021-07-08,,Production Technician II,Active,Contract,Part-Time,Unk,,1956-07-01,MA,Laborer,MALE,32718,Fully Meets,3,False,151,False,2026-08-31 17:32:05,2385,74311.65,USD,2026-08-31 17:32:05
1819,Alison,Fuller,2022-07-02,,Production Technician I,Active,Full-Time,Temporary,Unk,,,MA,Technician,FEMALE,24932,Fully Meets,3,False,88,False,2026-08-31 17:32:05,2398,49112.65,USD,2026-08-31 17:32:05
1820,Toby,Cooley,2023-05-04,,Production Technician I,Active,Full-Time,Part-Time,Unk,,1980-01-02,MA,Shop,FEMALE,74525,Fully Meets,3,False,191,False,2026-08-31 17:32:05,2458,47093.85,USD,2026-08-31 17:32:05
1821,Emilie,Hood,2022-12-19,,Production Technician I,Active,Full-Time,Full-Time,Unk,,,MA,Accountant,FEMALE,43930,Fully Meets,3,False,369,False,2026-08-31 17:32:05,2400,74214.77,USD,2026-08-31 17:32:05
1822,Cortez,Pena,2022-03-26,,Production Technician I,Active,Contract,Part-Time,Unk,,,MA,Groundman,FEMALE,5184,Fully Meets,3,False,144,False,2026-08-31 17:32:05,1208,50451.52,USD,2026-08-31 17:32:05
1823,Abbigail,Blanchard,2021-05-09,2022-11-12,Production Technician I,Terminated,Contract,Full-Time,Voluntary,Terminated due to persistent low performance scores and disengagement following team restructuring.,,MA,Assistant,MALE,68971,Fully Meets,3,False,447,False,2026-08-31 17:32:05,1316,63721.44,USD,2026-08-31 17:32:05
1824,Abby,Curtis,2020-01-09,2022-03-10,Production Technician I,Terminated,Contract,Temporary,Voluntary,Resigned citing below-market compensation and lack of annual salary adjustments.,1960-02-03,MA,Vp,MALE,69340,Fully Meets,3,False,151,False,2026-08-31 17:32:05,2385,77051.07,USD,2026-08-31 17:32:05
1825,Giana,Moore,2021-05-16,2023-05-14,Production Technician I,Terminated,Contract,Part-Time,Voluntary,Left due to lack of flexibility around hybrid work policies and long commute times.,1996-05-12,MA,Laborer,MALE,45326,Fully Meets,3,False,193,False,2026-08-31 17:32:05,1316,64860.68,USD,2026-08-31 17:32:05
1826,Giada,Santos,2021-01-31,2022-06-03,Production Technician I,Terminated,Part-Time,Temporary,Resignation,Terminated due to persistent low performance scores and disengagement following team restructuring.,,MA,Foreman,FEMALE,57901,Exceeds,3,False,87,False,2026-08-31 17:32:05,2449,58903.17,USD,2026-08-31 17:32:05
1827,Jessie,Church,2021-09-19,2022-09-14,Production Technician I,Terminated,Contract,Full-Time,Involuntary,Resigned citing below-market compensation and lack of annual salary adjustments.,,MA,Operator,FEMALE,18674,Needs Improvement,3,False,91,False,2026-08-31 17:32:05,2364,60575.56,USD,2026-08-31 17:32:05
1828,Kaylah,Ramos,2020-03-01,2022-03-26,Production Technician I,Terminated,Part-Time,Temporary,Resignation,Left due to lack of flexibility around hybrid work policies and long commute times.,1983-09-04,MA,Foreman,MALE,64947,Exceeds,3,False,489,False,2026-08-31 17:32:05,2425,47209.1,USD,2026-08-31 17:32:05
1829,Camille,Fritz,2020-02-29,,Production Technician I,Active,Part-Time,Temporary,Unk,,,MA,Project Manager,MALE,37531,Exceeds,3,False,128,False,2026-08-31 17:32:05,1316,78906.33,USD,2026-08-31 17:32:05
1830,Deangelo,Murillo,2018-12-08,,Production Technician I,Active,Full-Time,Temporary,Unk,,,MA,Administrative,FEMALE,78846,Needs Improvement,3,False,375,False,2026-08-31 17:32:05,1316,55872.9,USD,2026-08-31 17:32:05
1831,Emerson,Gallagher,2022-06-26,2023-06-15,Production Technician I,Voluntarily Terminated,Part-Time,Temporary,Retirement,,,MA,Technician,FEMALE,40762,Needs Improvement,3,False,494,False,2026-08-31 17:32:05,1316,51627.72,USD,2026-08-31 17:32:05
1832,April,Bentley,2019-11-03,,Production Technician I,Active,Contract,Part-Time,Unk,,1956-01-06,MA,Engineer,FEMALE,70743,Needs Improvement,3,False,129,False,2026-08-31 17:32:05,2393,55011.66,USD,2026-08-31 17:32:05
1833,Ainsley,Booth,2023-01-01,,Production Technician I,Active,Part-Time,Full-Time,Unk,,,MA,Technician,FEMALE,3284,Needs Improvement,3,False,105,False,2026-08-31 17:32:05,1143,78753.06,USD,2026-08-31 17:32:05
1834,Dereon,Huffman,2020-07-31,2021-04-05,Production Technician II,Terminated,Contract,Full-Time,Resignation,Left due to lack of flexibility around hybrid work policies and long commute times.,,MA,Coordinator,FEMALE,80929,Needs Improvement,3,False,381,False,2026-08-31 17:32:05,2315,48300.01,USD,2026-08-31 17:32:05
1835,Colin,Cherry,2021-09-10,2022-07-19,Production Technician II,Terminated,Part-Time,Temporary,Resignation,Terminated due to persistent low performance scores and disengagement following team restructuring.,,MA,Laborer,FEMALE,5480,Needs Improvement,3,False,91,False,2026-08-31 17:32:05,2364,75355.61,USD,2026-08-31 17:32:05
1836,Karla,Hines,2019-06-19,,Production Technician II,Active,Part-Time,Temporary,Unk,,,MA,Laborer,MALE,35394,Needs Improvement,3,False,83,False,2026-08-31 17:32:05,2318,69774.54,USD,2026-08-31 17:32:05
1837,Colton,Decker,2021-08-16,,Production Technician II,Active,Part-Time,Full-Time,Unk,,,MA,Technician,FEMALE,5981,Needs Improvement,3,False,179,False,2026-08-31 17:32:05,1142,74050.67,USD,2026-08-31 17:32:05
1838,Jayleen,Tran,2019-07-08,,Production Technician I,Active,Part-Time,Temporary,Unk,,,MA,Laborer,FEMALE,4188,Exceeds,3,False,177,False,2026-08-31 17:32:05,2292,79156.41,USD,2026-08-31 17:32:05
1839,Aydin,Perry,2021-08-17,2022-08-31,Production Technician I,Terminated,Full-Time,Part-Time,Voluntary,Resigned citing below-market compensation and lack of annual salary adjustments.,,MA,Assistant,FEMALE,74361,Exceeds,3,False,495,False,2026-08-31 17:32:05,1316,74475.41,USD,2026-08-31 17:32:05
1840,Jenna,Casey,2021-01-08,,Production Technician I,Active,Full-Time,Part-Time,Unk,,1969-07-08,MA,Drafter,FEMALE,56925,Exceeds,3,False,190,False,2026-08-31 17:32:05,1316,78018.38,USD,2026-08-31 17:32:05
1841,Remington,Bullock,2018-08-14,,Production Technician I,Active,Contract,Part-Time,Unk,,,MA,Operator,FEMALE,62148,Exceeds,3,False,82,False,2026-08-31 17:32:05,1123,49442.73,USD,2026-08-31 17:32:05
1842,Delaney,Stewart,2021-07-30,,Production Technician I,Active,Part-Time,Temporary,Unk,,1998-10-05,MA,Coordinator,MALE,20467,Exceeds,3,False,139,False,2026-08-31 17:32:05,2357,72852.6,USD,2026-08-31 17:32:05
1843,Saige,Jones,2023-04-08,,Production Technician I,Active,Full-Time,Temporary,Unk,,1963-12-01,MA,Engineer,MALE,43130,Needs Improvement,3,False,150,False,2026-08-31 17:32:05,2417,64098.65,USD,2026-08-31 17:32:05
1844,Camryn,Fritz,2019-09-11,,Production Technician I,Active,Part-Time,Part-Time,Unk,,,MA,Model Assistant,FEMALE,52114,Exceeds,3,False,120,False,2026-08-31 17:32:05,2336,64022.35,USD,2026-08-31 17:32:05
1845,Amanda,Lambert,2020-03-05,2021-08-22,Production Technician I,Terminated,Part-Time,Temporary,Voluntary,Resigned citing below-market compensation and lack of annual salary adjustments.,,MA,Laborer,FEMALE,78947,Needs Improvement,3,False,87,False,2026-08-31 17:32:05,2449,76462.26,USD,2026-08-31 17:32:05
1846,Winston,Callahan,2019-12-02,,Production Technician I,Active,Full-Time,Temporary,Unk,,,MA,Foreman,MALE,85558,Needs Improvement,3,False,2,False,2026-08-31 17:32:05,1121,79013.13,USD,2026-08-31 17:32:05
1847,Maverick,Lang,2022-12-03,2022-12-24,Production Technician I,Terminated,Full-Time,Part-Time,Resignation,Terminated due to persistent low performance scores and disengagement following team restructuring.,,MA,Project Manager,MALE,16653,Needs Improvement,3,False,373,False,2026-08-31 17:32:05,1253,69669.34,USD,2026-08-31 17:32:05
1848,Harold,Reid,2021-12-23,,Production Technician I,Active,Contract,Part-Time,Unk,,,MA,Engineer,MALE,40621,PIP,3,False,128,False,2026-08-31 17:32:05,1316,61902.84,USD,2026-08-31 17:32:05
1849,Cindy,York,2022-01-28,,Production Technician I,Active,Part-Time,Full-Time,Unk,,,MA,Project Manager,FEMALE,31815,PIP,3,False,434,False,2026-08-31 17:32:05,1316,60974.14,USD,2026-08-31 17:32:05
1850,Breanna,Cardenas,2019-12-15,2021-06-25,Production Technician I,Voluntarily Terminated,Contract,Full-Time,Voluntary,,,MA,Lineman,FEMALE,78073,PIP,3,False,357,False,2026-08-31 17:32:05,2297,58521.95,USD,2026-08-31 17:32:05
1851,Tripp,Blake,2021-11-11,2022-08-01,Production Technician I,Voluntarily Terminated,Full-Time,Temporary,Retirement,,,MA,Laborer,FEMALE,57276,PIP,3,False,189,False,2026-08-31 17:32:05,2291,57655.97,USD,2026-08-31 17:32:05
1852,Elaine,Moon,2019-02-15,2023-07-28,Production Technician I,Voluntarily Terminated,Full-Time,Part-Time,Voluntary,,,MA,Technician,FEMALE,47682,PIP,3,False,139,False,2026-08-31 17:32:05,2357,58702.74,USD,2026-08-31 17:32:05
1853,Jaime,Morrow,2022-03-31,,Production Technician II,Active,Contract,Temporary,Unk,,,MA,Lineman,FEMALE,26452,PIP,3,False,360,False,2026-08-31 17:32:05,2368,48141.36,USD,2026-08-31 17:32:05
1854,Leslie,Potts,2020-10-25,2022-04-18,Production Technician II,Terminated,Contract,Full-Time,Involuntary,Resigned citing below-market compensation and lack of annual salary adjustments.,,MA,Mechanic,FEMALE,68252,PIP,3,False,441,False,2026-08-31 17:32:05,1316,47710.26,USD,2026-08-31 17:32:05
1855,Keith,Haas,2022-07-25,2023-04-26,Production Technician II,Voluntarily Terminated,Part-Time,Part-Time,Retirement,,,MA,Locator,MALE,42024,Exceeds,3,False,189,False,2026-08-31 17:32:05,2291,72295.44,USD,2026-08-31 17:32:05
1856,Matteo,Oneal,2021-08-02,,Production Technician II,Active,Full-Time,Full-Time,Unk,,,MA,Technician,FEMALE,45723,Exceeds,3,False,105,False,2026-08-31 17:32:05,1143,60612.55,USD,2026-08-31 17:32:05
1857,Erik,Graham,2021-11-13,2023-03-17,Production Technician II,Voluntarily Terminated,Contract,Temporary,Involuntary,,1956-04-06,MA,Engineer,MALE,93336,Exceeds,3,False,496,False,2026-08-31 17:32:05,1316,77573.96,USD,2026-08-31 17:32:05
1858,Lailah,Haney,2019-05-07,2019-11-27,Production Technician I,Terminated,Contract,Full-Time,Resignation,Left due to lack of flexibility around hybrid work policies and long commute times.,,MA,Lineman,FEMALE,16981,Exceeds,3,False,365,False,2026-08-31 17:32:05,1316,66427.74,USD,2026-08-31 17:32:05
1859,Mohamed,Gay,2020-12-31,2021-03-04,Production Technician I,Terminated,Contract,Part-Time,Voluntary,Terminated due to persistent low performance scores and disengagement following team restructuring.,,MA,Field Technician,FEMALE,66623,Exceeds,3,False,98,False,2026-08-31 17:32:05,2294,46231.16,USD,2026-08-31 17:32:05
1860,Frankie,Banks,2019-12-10,2020-03-07,Production Technician I,Voluntarily Terminated,Part-Time,Full-Time,Involuntary,,2000-09-06,MA,Coordinator,FEMALE,34484,Exceeds,3,False,118,False,2026-08-31 17:32:05,2361,50513.32,USD,2026-08-31 17:32:05
1861,Lorelei,Glass,2020-06-11,,Production Technician I,Active,Contract,Full-Time,Unk,,1951-11-11,MA,Apprentice,MALE,97856,Exceeds,3,False,144,False,2026-08-31 17:32:05,1208,52203.69,USD,2026-08-31 17:32:05
1862,Marie,Moyer,2021-08-30,,Production Technician I,Active,Full-Time,Temporary,Unk,,,MA,Laborer,MALE,25103,Exceeds,3,False,89,False,2026-08-31 17:32:05,1316,79150.76,USD,2026-08-31 17:32:05
1863,Amari,Bowen,2019-11-04,2021-12-29,Production Technician I,Terminated,Part-Time,Full-Time,Involuntary,Resigned citing below-market compensation and lack of annual salary adjustments.,,MA,Engineer,FEMALE,87036,Exceeds,3,False,150,False,2026-08-31 17:32:05,2417,52654.65,USD,2026-08-31 17:32:05
1864,Prince,Dickerson,2023-06-03,2023-07-18,Production Technician I,Terminated,Full-Time,Temporary,Resignation,Left due to lack of flexibility around hybrid work policies and long commute times.,,MA,Splicer,FEMALE,51953,Exceeds,3,False,130,False,2026-08-31 17:32:05,2277,63051.45,USD,2026-08-31 17:32:05
1865,Lane,Church,2021-02-14,,Production Technician I,Active,Part-Time,Part-Time,Unk,,,MA,Lineman,FEMALE,67354,Exceeds,3,False,106,False,2026-08-31 17:32:05,2295,77766.19,USD,2026-08-31 17:32:05
1866,Cassie,Nolan,2023-02-28,,Production Technician I,Active,Contract,Temporary,Unk,,,MA,Operator,MALE,81653,Exceeds,3,False,91,False,2026-08-31 17:32:05,2364,79201.75,USD,2026-08-31 17:32:05
1867,Mauricio,Buchanan,2021-01-09,2021-08-17,Production Technician I,Terminated,Full-Time,Temporary,Involuntary,Left due to lack of flexibility around hybrid work policies and long commute times.,1942-01-11,MA,Technician,MALE,25698,Needs Improvement,3,False,176,False,2026-08-31 17:32:05,2365,53272.62,USD,2026-08-31 17:32:05
1868,Briana,Wang,2022-03-22,2023-05-15,Production Technician I,Terminated,Part-Time,Full-Time,Resignation,Terminated due to persistent low performance scores and disengagement following team restructuring.,,MA,Laborer,MALE,6756,Needs Improvement,3,False,107,False,2026-08-31 17:32:05,2296,46719.12,USD,2026-08-31 17:32:05
1869,Salma,Blackwell,2019-11-11,,Production Technician I,Active,Part-Time,Temporary,Unk,,,MA,Foreman,FEMALE,70511,Exceeds,3,False,497,False,2026-08-31 17:32:05,2280,50376.06,USD,2026-08-31 17:32:05
1870,Shelby,Frazier,2022-10-04,,Production Technician I,Active,Contract,Full-Time,Unk,,,MA,Engineer,FEMALE,73361,Fully Meets,3,False,108,False,2026-08-31 17:32:05,1316,47216.5,USD,2026-08-31 17:32:05
1871,Lindsay,Becker,2021-08-23,,Production Technician I,Active,Contract,Full-Time,Unk,,1996-09-08,MA,Laborer,FEMALE,51310,Fully Meets,3,False,144,False,2026-08-31 17:32:05,1208,51829.35,USD,2026-08-31 17:32:05
1872,Reyna,Good,2022-12-05,2023-06-18,Production Technician I,Terminated,Full-Time,Temporary,Retirement,Resigned citing below-market compensation and lack of annual salary adjustments.,,MA,Laborer,FEMALE,64371,Fully Meets,3,False,105,False,2026-08-31 17:32:05,1143,64899.94,USD,2026-08-31 17:32:05
1873,Nathalie,Rivera,2019-07-20,2019-08-28,Production Technician II,Terminated,Contract,Temporary,Involuntary,Left due to lack of flexibility around hybrid work policies and long commute times.,,MA,Technician,FEMALE,76588,Fully Meets,3,False,150,False,2026-08-31 17:32:05,2417,76935.71,USD,2026-08-31 17:32:05
1874,Saniyah,Schroeder,2021-11-05,,Production Technician II,Active,Full-Time,Part-Time,Unk,,1960-08-12,MA,Technician,MALE,35018,Fully Meets,3,False,174,False,2026-08-31 17:32:05,1316,63802.66,USD,2026-08-31 17:32:05
1875,Taylor,Mann,2021-01-04,2023-03-04,Production Technician II,Voluntarily Terminated,Full-Time,Full-Time,Involuntary,,1953-01-08,MA,Foreman,MALE,24806,Fully Meets,3,False,135,False,2026-08-31 17:32:05,1316,66909.63,USD,2026-08-31 17:32:05
1876,Rylee,Stevenson,2022-10-14,2023-03-02,Production Technician II,On Leave,Full-Time,Part-Time,Resignation,,,MA,Operator,FEMALE,40691,Fully Meets,3,False,83,False,2026-08-31 17:32:05,2318,52065.35,USD,2026-08-31 17:32:05
1877,Waylon,Pennington,2021-10-30,,Production Technician II,Active,Part-Time,Full-Time,Unk,,,MA,Foreman,MALE,5750,Fully Meets,3,False,189,False,2026-08-31 17:32:05,2291,73020.43,USD,2026-08-31 17:32:05
1878,Kobe,Crosby,2022-10-02,2023-06-28,Production Technician I,Terminated,Part-Time,Part-Time,Voluntary,Resigned citing below-market compensation and lack of annual salary adjustments.,,MA,Manager,FEMALE,78562,Fully Meets,3,False,366,False,2026-08-31 17:32:05,2451,66622.61,USD,2026-08-31 17:32:05
1879,Carmen,Davidson,2018-11-25,2020-06-14,Production Technician I,Voluntarily Terminated,Part-Time,Temporary,Involuntary,,,MA,Engineer,FEMALE,56517,Fully Meets,3,False,150,False,2026-08-31 17:32:05,2417,75244.79,USD,2026-08-31 17:32:05
1880,Sidney,Moran,2021-07-09,2023-01-28,Production Technician I,Voluntarily Terminated,Full-Time,Full-Time,Voluntary,,1966-07-01,MA,Foreman,FEMALE,10781,Fully Meets,3,False,381,False,2026-08-31 17:32:05,2315,78209.51,USD,2026-08-31 17:32:05
1881,Alena,Bonilla,2019-05-01,,Production Technician I,Active,Full-Time,Part-Time,Unk,,,MA,Technician,MALE,54917,Fully Meets,3,False,91,False,2026-08-31 17:32:05,2364,57176.53,USD,2026-08-31 17:32:05
1882,Baron,Luna,2021-11-09,2023-01-13,Production Technician I,Terminated,Full-Time,Part-Time,Retirement,Left due to lack of flexibility around hybrid work policies and long commute times.,1945-06-02,MA,Engineer,FEMALE,91039,Fully Meets,3,False,498,False,2026-08-31 17:32:05,2379,48170.27,USD,2026-08-31 17:32:05
1883,Giselle,Butler,2018-08-27,2019-03-23,Production Technician I,Terminated,Full-Time,Temporary,Voluntary,Terminated due to persistent low performance scores and disengagement following team restructuring.,1967-03-07,MA,Project Manager,FEMALE,26876,Fully Meets,3,False,179,False,2026-08-31 17:32:05,1142,52907.51,USD,2026-08-31 17:32:05
1884,Sophie,Horne,2019-03-16,,Production Technician I,Active,Part-Time,Part-Time,Unk,,,MA,Engineer,FEMALE,57831,Fully Meets,3,False,354,False,2026-08-31 17:32:05,1316,60324.45,USD,2026-08-31 17:32:05
1885,Jabari,Guerrero,2022-01-07,,Production Technician I,Active,Contract,Full-Time,Unk,,,MA,Technician,MALE,67723,Fully Meets,3,False,110,False,2026-08-31 17:32:05,2287,78099.28,USD,2026-08-31 17:32:05
1886,Ahmed,Montgomery,2022-10-04,2023-03-05,Production Technician I,Terminated,Contract,Temporary,Involuntary,Terminated due to persistent low performance scores and disengagement following team restructuring.,1984-06-12,MA,Administrator,MALE,79888,Fully Meets,3,False,436,False,2026-08-31 17:32:05,2377,58240.84,USD,2026-08-31 17:32:05
1887,Esther,Spears,2022-03-23,,Production Technician I,Active,Full-Time,Full-Time,Unk,,,MA,Tower Hand,MALE,78957,Fully Meets,3,False,107,False,2026-08-31 17:32:05,2296,71977.06,USD,2026-08-31 17:32:05
1888,Darian,Wall,2020-05-05,2023-07-25,Production Technician I,Terminated,Full-Time,Temporary,Voluntary,Left due to lack of flexibility around hybrid work policies and long commute times.,,MA,Engineer,FEMALE,36015,Fully Meets,3,False,108,False,2026-08-31 17:32:05,1316,63916.68,USD,2026-08-31 17:32:05
1889,Kaleb,Cole,2020-11-23,,Production Technician I,Active,Contract,Temporary,Unk,,,MA,Laborer,FEMALE,19032,Fully Meets,3,False,110,False,2026-08-31 17:32:05,2287,51398.31,USD,2026-08-31 17:32:05
1890,Anthony,Terrell,2022-03-28,,Production Technician I,Active,Contract,Full-Time,Unk,,,MA,Laborer,FEMALE,55466,Fully Meets,3,False,366,False,2026-08-31 17:32:05,2451,56225.69,USD,2026-08-31 17:32:05
1891,William,Douglas,2020-03-25,,Production Technician I,Active,Full-Time,Full-Time,Unk,,,MA,Labor,FEMALE,6790,Fully Meets,3,False,172,False,2026-08-31 17:32:05,1187,67861.72,USD,2026-08-31 17:32:05
1892,Saniya,Buck,2018-08-07,,Production Technician II,Active,Contract,Temporary,Unk,,,MA,Technician,FEMALE,91219,Fully Meets,3,False,177,False,2026-08-31 17:32:05,2292,68549.87,USD,2026-08-31 17:32:05
1893,Kristopher,Owen,2020-02-11,,Production Technician II,Active,Contract,Full-Time,Unk,,,MA,Clerk,MALE,84422,Fully Meets,3,False,84,False,2026-08-31 17:32:05,2324,60216.59,USD,2026-08-31 17:32:05
1894,Hadley,Tapia,2023-01-01,,Production Technician II,Active,Full-Time,Full-Time,Unk,,,MA,Laborer,MALE,12371,Fully Meets,3,False,130,False,2026-08-31 17:32:05,2277,53002.6,USD,2026-08-31 17:32:05
1895,Lillie,Bush,2022-12-07,,Production Technician II,Active,Part-Time,Part-Time,Unk,,,MA,Lineman,FEMALE,23076,Fully Meets,3,False,122,False,2026-08-31 17:32:05,1294,70266.74,USD,2026-08-31 17:32:05
1896,Lamont,Cook,2023-03-13,,Production Technician II,Active,Full-Time,Part-Time,Unk,,,MA,Engineer,FEMALE,80925,Fully Meets,3,False,176,False,2026-08-31 17:32:05,2365,50910.56,USD,2026-08-31 17:32:05
1897,Danna,Rollins,2021-11-14,,Production Technician II,Active,Full-Time,Temporary,Unk,,,MA,Laborer,MALE,38371,Fully Meets,3,False,82,False,2026-08-31 17:32:05,1123,77783.44,USD,2026-08-31 17:32:05
1898,Shaun,Velazquez,2019-06-05,2020-10-20,Production Technician I,Terminated,Full-Time,Temporary,Voluntary,Terminated due to persistent low performance scores and disengagement following team restructuring.,,MA,Laborer,FEMALE,5154,Fully Meets,3,False,83,False,2026-08-31 17:32:05,2318,51576.63,USD,2026-08-31 17:32:05
1899,Kolton,Duarte,2020-12-12,2023-05-28,Production Technician I,Terminated,Contract,Full-Time,Retirement,Resigned citing below-market compensation and lack of annual salary adjustments.,1982-06-09,MA,Laborer,FEMALE,57914,Fully Meets,3,False,107,False,2026-08-31 17:32:05,2296,48755.93,USD,2026-08-31 17:32:05
1900,Jonas,Braun,2020-04-06,,Production Technician I,Active,Full-Time,Full-Time,Unk,,,MA,Clerk,FEMALE,46828,Fully Meets,3,False,110,False,2026-08-31 17:32:05,2287,62417.67,USD,2026-08-31 17:32:05
1901,Meadow,Howe,2023-01-30,,Production Technician I,Active,Full-Time,Full-Time,Unk,,1959-09-08,MA,Engineer,FEMALE,51699,Fully Meets,3,False,108,False,2026-08-31 17:32:05,1316,63184.24,USD,2026-08-31 17:32:05
1902,Sarahi,Raymond,2020-09-08,2022-09-19,Production Technician I,Terminated,Full-Time,Temporary,Retirement,Resigned citing below-market compensation and lack of annual salary adjustments.,1952-11-02,MA,Project Manager,MALE,86441,Fully Meets,3,False,129,False,2026-08-31 17:32:05,2393,62786.75,USD,2026-08-31 17:32:05
1903,Taylor,Wiggins,2020-12-14,2021-12-07,Production Technician I,Terminated,Part-Time,Part-Time,Resignation,Left due to lack of flexibility around hybrid work policies and long commute times.,1960-11-04,MA,Foreman,FEMALE,39875,Fully Meets,3,False,105,False,2026-08-31 17:32:05,1143,60283.36,USD,2026-08-31 17:32:05
1904,Ezra,Zhang,2022-11-07,,Production Technician I,Active,Contract,Part-Time,Unk,,1982-11-10,MA,Laborer,FEMALE,73332,Fully Meets,3,False,84,False,2026-08-31 17:32:05,2324,79818.52,USD,2026-08-31 17:32:05
1905,Sonia,Chung,2022-04-06,,Production Technician I,Active,Part-Time,Temporary,Unk,,1972-10-03,MA,Vp,FEMALE,85085,Fully Meets,3,False,368,False,2026-08-31 17:32:05,2363,62019.82,USD,2026-08-31 17:32:05
1906,Bryce,Mills,2021-02-22,,Production Technician I,Active,Part-Time,Full-Time,Unk,,1947-03-08,MA,Laborer,MALE,11009,Fully Meets,3,False,106,False,2026-08-31 17:32:05,2295,61728.13,USD,2026-08-31 17:32:05
1907,Wade,Wiggins,2022-05-16,,Production Technician I,Active,Full-Time,Part-Time,Unk,,1988-04-11,MA,Operator,MALE,89719,Fully Meets,3,False,91,False,2026-08-31 17:32:05,2364,59761.81,USD,2026-08-31 17:32:05
1908,Selina,Gonzalez,2020-01-18,,Production Technician I,Active,Contract,Part-Time,Unk,,,MA,Technician,FEMALE,71466,Fully Meets,3,False,83,False,2026-08-31 17:32:05,2318,47338.9,USD,2026-08-31 17:32:05
1909,Tyree,Parsons,2021-10-21,,Production Technician I,Active,Full-Time,Part-Time,Unk,,,MA,Groundman,FEMALE,68175,Fully Meets,3,False,112,False,2026-08-31 17:32:05,2340,65753.48,USD,2026-08-31 17:32:05
1910,Adrian,Murray,2019-01-05,,Production Technician I,Active,Full-Time,Full-Time,Unk,,1942-07-11,MA,Drafter,FEMALE,48973,Fully Meets,3,False,124,False,2026-08-31 17:32:05,2395,52978.87,USD,2026-08-31 17:32:05
1911,Kael,Fisher,2021-01-24,2022-01-27,Production Technician I,Voluntarily Terminated,Part-Time,Temporary,Resignation,,1991-12-06,MA,Laborer,FEMALE,36064,Fully Meets,3,False,195,False,2026-08-31 17:32:05,1316,67316.31,USD,2026-08-31 17:32:05
1912,Erica,French,2020-03-06,2021-03-06,Production Technician II,Terminated,Part-Time,Temporary,Retirement,Left due to lack of flexibility around hybrid work policies and long commute times.,,MA,Engineer,FEMALE,7544,Fully Meets,3,False,128,False,2026-08-31 17:32:05,1316,46779.17,USD,2026-08-31 17:32:05
1913,Damaris,Oneal,2022-11-19,2023-02-15,Production Technician II,Voluntarily Terminated,Full-Time,Full-Time,Involuntary,,,MA,Lineman,MALE,70057,Fully Meets,3,False,110,False,2026-08-31 17:32:05,2287,79348.55,USD,2026-08-31 17:32:05
1914,Rebecca,Craig,2019-03-15,2019-10-02,Production Technician II,Voluntarily Terminated,Part-Time,Full-Time,Resignation,,1981-04-04,MA,Project Manager,FEMALE,34085,Fully Meets,3,False,108,False,2026-08-31 17:32:05,1316,61415.18,USD,2026-08-31 17:32:05
1915,Carley,Waters,2023-05-11,2023-07-05,Production Technician II,On Leave,Part-Time,Temporary,Voluntary,,,MA,Laborer,FEMALE,25099,Fully Meets,3,False,189,False,2026-08-31 17:32:05,2291,76386.44,USD,2026-08-31 17:32:05
1916,Kadyn,Harrison,2022-02-05,2023-02-07,Production Technician II,On Leave,Full-Time,Full-Time,Involuntary,,,MA,Technician,MALE,86671,Fully Meets,3,False,139,False,2026-08-31 17:32:05,2357,61644.64,USD,2026-08-31 17:32:05
1917,Megan,Huang,2019-05-29,,Production Technician I,Active,Contract,Full-Time,Unk,,1960-03-11,MA,Engineer,FEMALE,39874,Fully Meets,3,False,384,False,2026-08-31 17:32:05,1316,47111.58,USD,2026-08-31 17:32:05
1918,Callum,Blair,2023-01-09,2023-03-14,Production Technician I,Terminated,Contract,Temporary,Involuntary,Left due to lack of flexibility around hybrid work policies and long commute times.,1990-12-09,MA,Supervisor,FEMALE,36065,Fully Meets,3,False,83,False,2026-08-31 17:32:05,2318,73777.47,USD,2026-08-31 17:32:05
1919,Emilie,Donaldson,2022-05-01,2022-11-21,Production Technician I,Voluntarily Terminated,Contract,Full-Time,Involuntary,,,MA,Shop,FEMALE,7972,Fully Meets,3,False,117,False,2026-08-31 17:32:05,1316,67686.43,USD,2026-08-31 17:32:05
1920,Darius,Duke,2021-01-26,2021-08-06,Production Technician I,Voluntarily Terminated,Full-Time,Full-Time,Retirement,,1948-03-08,MA,Tower Hand,FEMALE,81226,Fully Meets,3,False,98,False,2026-08-31 17:32:05,2294,72361.5,USD,2026-08-31 17:32:05
1921,Kenya,Decker,2021-09-06,2023-07-02,Production Technician I,Terminated,Contract,Full-Time,Voluntary,Left due to lack of flexibility around hybrid work policies and long commute times.,,MA,Engineer,MALE,10345,Fully Meets,3,False,108,False,2026-08-31 17:32:05,1316,59985.95,USD,2026-08-31 17:32:05
1922,Tyrese,Sloan,2020-07-29,,Production Technician I,Active,Full-Time,Part-Time,Unk,,1958-11-02,MA,Technician,MALE,89245,Fully Meets,3,False,189,False,2026-08-31 17:32:05,2291,67327.79,USD,2026-08-31 17:32:05
1923,Giana,Roach,2023-03-31,2023-04-30,Production Technician I,Terminated,Full-Time,Full-Time,Involuntary,Resigned citing below-market compensation and lack of annual salary adjustments.,1966-05-11,MA,Director,FEMALE,46757,Fully Meets,3,False,499,False,2026-08-31 17:32:05,1316,74968.02,USD,2026-08-31 17:32:05
1924,Teagan,Swanson,2023-05-16,2023-05-29,Production Technician I,Terminated,Part-Time,Full-Time,Voluntary,Left due to lack of flexibility around hybrid work policies and long commute times.,,MA,Foreman,FEMALE,53602,Fully Meets,3,False,97,False,2026-08-31 17:32:05,1165,67087.29,USD,2026-08-31 17:32:05
1925,Jerome,Fischer,2023-04-29,2023-07-07,Production Technician I,Terminated,Contract,Full-Time,Voluntary,Terminated due to persistent low performance scores and disengagement following team restructuring.,,MA,Laborer,MALE,91520,Fully Meets,3,False,193,False,2026-08-31 17:32:05,1316,57168.58,USD,2026-08-31 17:32:05
1926,Grayson,Preston,2019-11-27,,Production Technician I,Active,Contract,Temporary,Unk,,2000-02-01,MA,Director,MALE,95240,Fully Meets,3,False,106,False,2026-08-31 17:32:05,2295,68188.54,USD,2026-08-31 17:32:05
1927,Turner,Bradley,2022-11-03,2023-04-02,Production Technician I,Terminated,Full-Time,Full-Time,Involuntary,Left due to lack of flexibility around hybrid work policies and long commute times.,1976-06-04,MA,Technician,MALE,4497,Fully Meets,3,False,91,False,2026-08-31 17:32:05,2364,68514.9,USD,2026-08-31 17:32:05
1928,Elvis,Daniels,2022-08-08,,Production Technician I,Active,Full-Time,Part-Time,Unk,,,MA,Laborer,FEMALE,89914,Fully Meets,3,False,148,False,2026-08-31 17:32:05,1122,78620.54,USD,2026-08-31 17:32:05
1929,Rose,Travis,2023-07-27,,Production Technician I,Active,Contract,Full-Time,Unk,,1988-03-03,MA,Coordinator,FEMALE,97011,Fully Meets,3,False,107,False,2026-08-31 17:32:05,2296,57981.93,USD,2026-08-31 17:32:05
1930,Frank,Williams,2023-07-15,,Production Technician I,Active,Full-Time,Temporary,Unk,,,MA,Technician,FEMALE,70906,Fully Meets,3,False,110,False,2026-08-31 17:32:05,2287,59877.86,USD,2026-08-31 17:32:05
1931,Yurem,Donovan,2022-11-09,,Production Technician I,Active,Full-Time,Temporary,Unk,,,MA,Engineer,FEMALE,17678,Fully Meets,3,False,94,False,2026-08-31 17:32:05,1316,73424.3,USD,2026-08-31 17:32:05
1932,John,Smith,2019-12-24,2022-06-12,Sales Manager,Terminated,Full-Time,Temporary,Voluntary,Resigned citing below-market compensation and lack of annual salary adjustments.,,MA,Project Manager,MALE,1886,Fully Meets,3,False,48,False,2026-08-31 17:32:05,1316,87701.68,USD,2026-08-31 17:32:05
1933,Lynn,Daneault,2019-03-08,,Sales Manager,Active,Contract,Part-Time,Unk,,1989-01-11,VT,Lineman,FEMALE,5473,Fully Meets,3,False,500,False,2026-08-31 17:32:05,1316,95780.06,USD,2026-08-31 17:32:05
1934,Donysha,Kampew,2019-06-25,2020-10-04,Sales Manager,Voluntarily Terminated,Contract,Full-Time,Voluntary,,,PA,Supervisor,FEMALE,19444,Fully Meets,3,False,7,False,2026-08-31 17:32:05,1316,86089.83,USD,2026-08-31 17:32:05
1935,Jordin,Lozano,2019-01-03,,Production Technician II,Active,Part-Time,Temporary,Unk,,1974-01-12,MA,Coordinator,MALE,60994,Fully Meets,3,False,501,False,2026-08-31 17:32:05,1316,52542.33,USD,2026-08-31 17:32:05
1936,Ronald,Gross,2023-02-02,,Production Technician II,Active,Full-Time,Part-Time,Unk,,,PA,Technician,FEMALE,78866,Fully Meets,3,False,6,False,2026-08-31 17:32:05,3432,71082.13,USD,2026-08-31 17:32:05
1937,Maryjane,Choi,2022-03-30,2023-01-30,Production Technician II,Voluntarily Terminated,Full-Time,Temporary,Involuntary,,,PA,Technician,FEMALE,34825,Fully Meets,3,False,8,False,2026-08-31 17:32:05,2974,49590.43,USD,2026-08-31 17:32:05
1938,Madalynn,Yates,2020-03-23,,Production Technician II,Active,Part-Time,Full-Time,Unk,,,MA,Technician,FEMALE,52524,Fully Meets,3,False,502,False,2026-08-31 17:32:05,1316,51950.43,USD,2026-08-31 17:32:05
1939,Angelina,Peck,2019-06-06,,Production Technician II,Active,Contract,Temporary,Unk,,1942-05-03,PA,Engineer,FEMALE,19068,Fully Meets,3,False,503,False,2026-08-31 17:32:05,2717,66938.87,USD,2026-08-31 17:32:05
1940,Dario,Shaw,2023-05-28,,Production Technician II,Active,Contract,Temporary,Unk,,1942-07-08,MA,Project Manager,FEMALE,18285,Fully Meets,3,False,73,False,2026-08-31 17:32:05,3534,71154.44,USD,2026-08-31 17:32:05
1941,Deven,Frazier,2021-02-03,,Production Technician II,Active,Contract,Part-Time,Unk,,1941-06-10,PA,Engineer,FEMALE,13977,Fully Meets,3,False,79,False,2026-08-31 17:32:05,3551,76314.08,USD,2026-08-31 17:32:05
1942,Jett,Kent,2019-07-30,2022-11-09,Production Technician II,Voluntarily Terminated,Part-Time,Part-Time,Retirement,,1964-11-02,MA,Laborer,FEMALE,37830,Fully Meets,3,False,55,False,2026-08-31 17:32:05,3495,54540.53,USD,2026-08-31 17:32:05
1943,Zander,Aguilar,2022-05-08,2022-11-17,Production Technician II,Voluntarily Terminated,Contract,Part-Time,Retirement,,,PA,Mechanic,FEMALE,34057,Fully Meets,3,False,32,False,2026-08-31 17:32:05,3464,48875.35,USD,2026-08-31 17:32:05
1944,Alessandro,Chavez,2020-05-12,,Production Technician II,Active,Part-Time,Full-Time,Unk,,,PA,Technician,FEMALE,80132,Fully Meets,3,False,31,False,2026-08-31 17:32:05,3463,78461.63,USD,2026-08-31 17:32:05
1945,Jaxson,Brady,2019-03-28,2022-12-10,Sales Manager,Voluntarily Terminated,Full-Time,Temporary,Resignation,,,MA,Engineer,FEMALE,36863,Fully Meets,3,False,73,False,2026-08-31 17:32:05,1316,75404.81,USD,2026-08-31 17:32:05
1946,Giovanni,Whitaker,2019-07-22,,Production Technician II,Active,Full-Time,Full-Time,Unk,,,PA,Lineman,FEMALE,76522,Fully Meets,3,False,504,False,2026-08-31 17:32:05,2713,51918.34,USD,2026-08-31 17:32:05
1947,Karen,Goodman,2020-09-17,,Sales Manager,Active,Part-Time,Temporary,Unk,,,PA,Manager,FEMALE,42775,Fully Meets,3,False,51,False,2026-08-31 17:32:05,1316,80196.53,USD,2026-08-31 17:32:05
1948,Skyla,Lambert,2022-07-02,2022-08-09,Production Technician II,Voluntarily Terminated,Part-Time,Temporary,Retirement,,1963-08-12,PA,Splicer,FEMALE,46619,Fully Meets,3,False,502,False,2026-08-31 17:32:05,1316,63528.7,USD,2026-08-31 17:32:05
1949,Ashlynn,Duffy,2019-11-30,,Sales Manager,Active,Contract,Part-Time,Unk,,1950-04-04,PA,Technician,FEMALE,63764,Fully Meets,3,False,22,False,2026-08-31 17:32:05,1316,100898.89,USD,2026-08-31 17:32:05
1950,Lilliana,Walker,2023-07-21,2023-07-21,Production Technician II,Voluntarily Terminated,Contract,Temporary,Involuntary,,,PA,Splicer,FEMALE,30495,Fully Meets,3,False,167,False,2026-08-31 17:32:05,1316,71619.11,USD,2026-08-31 17:32:05
1951,Lindsay,Copeland,2020-08-26,2021-05-30,Sales Manager,Voluntarily Terminated,Full-Time,Temporary,Voluntary,,1960-09-10,MA,Foreman,FEMALE,32929,Fully Meets,3,False,29,False,2026-08-31 17:32:05,1316,94785.51,USD,2026-08-31 17:32:05
1952,Kristin,Mccarty,2020-05-16,,Sales Manager,Active,Full-Time,Full-Time,Unk,,,PA,Laborer,FEMALE,57392,Fully Meets,3,False,505,False,2026-08-31 17:32:05,1316,76131.32,USD,2026-08-31 17:32:05
1953,Barbara,Sutwell,2023-04-06,2023-05-24,Production Technician I,Terminated,Full-Time,Full-Time,Retirement,Resigned citing below-market compensation and lack of annual salary adjustments.,,MA,Cfo,FEMALE,2718,Fully Meets,3,False,447,False,2026-08-31 17:32:05,1316,57518.89,USD,2026-08-31 17:32:05
1954,Lenora,Tejeda,2019-02-18,2022-10-31,Production Technician II,Voluntarily Terminated,Part-Time,Temporary,Voluntary,,,MA,Administration,FEMALE,2129,Fully Meets,3,False,506,False,2026-08-31 17:32:05,1316,61744.17,USD,2026-08-31 17:32:05
1955,Ludwick,Harrell,2020-10-10,,Production Technician I,Active,Full-Time,Temporary,Unk,,1998-04-04,MA,Engineer,MALE,1776,Fully Meets,3,False,83,False,2026-08-31 17:32:05,2318,50159.91,USD,2026-08-31 17:32:05
1956,Courtney,Beatrice,2021-05-15,,Production Technician I,Active,Part-Time,Full-Time,Unk,,,MA,Engineer,FEMALE,1915,Fully Meets,3,False,359,False,2026-08-31 17:32:05,1316,54570.04,USD,2026-08-31 17:32:05
1957,Melisa,Gerke,2019-05-13,2022-05-30,Production Technician I,Voluntarily Terminated,Part-Time,Full-Time,Retirement,,,MA,Manager,FEMALE,2330,Fully Meets,3,False,107,False,2026-08-31 17:32:05,2296,55791.66,USD,2026-08-31 17:32:05
1958,Lin,Chan,2019-07-04,,Production Technician I,Active,Contract,Full-Time,Unk,,,MA,Assistant,FEMALE,2170,Fully Meets,3,False,507,False,2026-08-31 17:32:05,1316,49454.67,USD,2026-08-31 17:32:05
1959,Kamrin,Sander,2022-04-01,2022-04-28,Production Technician I,Terminated,Part-Time,Temporary,Voluntary,Resigned citing below-market compensation and lack of annual salary adjustments.,1989-02-08,MA,Coordinator,FEMALE,2154,Fully Meets,3,False,381,False,2026-08-31 17:32:05,2315,64258.39,USD,2026-08-31 17:32:05
1960,Thomas,Rhoads,2018-11-03,,Production Technician I,Active,Full-Time,Part-Time,Unk,,,MA,Administrator,MALE,2176,Fully Meets,3,False,140,False,2026-08-31 17:32:05,1316,69675.99,USD,2026-08-31 17:32:05
1961,Nina,Panjwani,2018-10-11,2022-05-04,Production Technician I,Voluntarily Terminated,Part-Time,Full-Time,Voluntary,,,MA,Drafter,FEMALE,2351,Fully Meets,3,False,387,False,2026-08-31 17:32:05,1316,47447.61,USD,2026-08-31 17:32:05
1962,Megan,Faller,2023-06-25,2023-07-25,Production Technician II,Terminated,Contract,Part-Time,Involuntary,Resigned citing below-market compensation and lack of annual salary adjustments.,,MA,Clerk,FEMALE,1824,Fully Meets,3,False,120,False,2026-08-31 17:32:05,2336,61839.31,USD,2026-08-31 17:32:05
1963,Judy,Jung,2020-09-14,2021-08-31,Production Technician I,Voluntarily Terminated,Contract,Full-Time,Resignation,,1972-08-05,MA,Technician,FEMALE,2446,Fully Meets,3,False,120,False,2026-08-31 17:32:05,2336,72377.39,USD,2026-08-31 17:32:05
1964,April,Evensen,2022-12-20,2023-03-11,Production Technician I,Terminated For Cause,Part-Time,Part-Time,Voluntary,,,MA,Manager,FEMALE,2458,Fully Meets,3,False,450,False,2026-08-31 17:32:05,1316,71179.65,USD,2026-08-31 17:32:05
1965,Julissa,Hunts,2022-02-23,,Production Technician II,Active,Full-Time,Temporary,Unk,,,MA,Specialist,FEMALE,2021,Fully Meets,3,False,120,False,2026-08-31 17:32:05,2336,73527.56,USD,2026-08-31 17:32:05
1966,Kristie,Nowlan,2019-05-31,,Production Technician II,Active,Full-Time,Part-Time,Unk,,1971-04-03,MA,Technician,FEMALE,1040,Fully Meets,3,False,112,False,2026-08-31 17:32:05,2340,60688.42,USD,2026-08-31 17:32:05
1967,Dawn,Motlagh,2019-01-29,,Production Technician I,Active,Part-Time,Part-Time,Unk,,1994-11-12,MA,Flagger,FEMALE,2453,Fully Meets,3,False,139,False,2026-08-31 17:32:05,2357,73719.5,USD,2026-08-31 17:32:05
1968,Theresa,Wallace,2019-09-01,,Production Technician I,Active,Full-Time,Temporary,Unk,,,MA,Laborer,FEMALE,1887,Fully Meets,3,False,189,False,2026-08-31 17:32:05,2291,53426.36,USD,2026-08-31 17:32:05
1969,Allison,Lydon,2021-01-17,2021-06-08,Production Technician I,On Leave,Full-Time,Part-Time,Retirement,,1975-10-02,MA,Foreman,FEMALE,2122,Fully Meets,3,False,148,False,2026-08-31 17:32:05,1122,57628.37,USD,2026-08-31 17:32:05
1970,Trina,Alagbe,2022-04-21,2022-04-21,Production Technician I,Terminated,Part-Time,Temporary,Retirement,Terminated due to persistent low performance scores and disengagement following team restructuring.,,MA,Foreman,FEMALE,1886,Fully Meets,3,False,98,False,2026-08-31 17:32:05,2294,51172.45,USD,2026-08-31 17:32:05
1971,Betsy,Bondwell,2018-09-15,2023-07-14,Production Technician II,Voluntarily Terminated,Part-Time,Full-Time,Voluntary,,1994-10-02,MA,Lineman,FEMALE,2210,Fully Meets,3,False,148,False,2026-08-31 17:32:05,1122,61361.96,USD,2026-08-31 17:32:05
1972,Joe,Smith,2021-12-04,2022-01-07,Production Technician II,Terminated,Contract,Temporary,Involuntary,Left due to lack of flexibility around hybrid work policies and long commute times.,,MA,Laborer,MALE,2045,Fully Meets,3,False,91,False,2026-08-31 17:32:05,2364,58722.1,USD,2026-08-31 17:32:05
1973,Lisa,Lunquist,2019-11-14,,Production Technician II,Active,Full-Time,Full-Time,Unk,,1991-10-10,MA,Laborer,FEMALE,2324,Fully Meets,3,False,84,False,2026-08-31 17:32:05,2324,53432.45,USD,2026-08-31 17:32:05
1974,Jene'Ya,Darson,2021-04-14,,Production Technician I,Active,Part-Time,Temporary,Unk,,,MA,Supervisor,FEMALE,2110,Fully Meets,3,False,172,False,2026-08-31 17:32:05,1187,71312.32,USD,2026-08-31 17:32:05
1975,Hunter,Cannon,2019-04-14,,Production Technician I,Active,Contract,Temporary,Unk,,,MA,Manager,FEMALE,10062,Fully Meets,3,False,157,False,2026-08-31 17:32:05,2326,55984.64,USD,2026-08-31 17:32:05
1976,Jon,Lynn,2021-01-09,,Production Technician I,Active,Full-Time,Full-Time,Unk,,,MA,Administration,FEMALE,82592,Fully Meets,3,False,184,False,2026-08-31 17:32:05,1316,54548.15,USD,2026-08-31 17:32:05
1977,Paxton,Clarke,2022-12-26,2023-07-04,Production Technician I,Voluntarily Terminated,Contract,Full-Time,Voluntary,,,MA,Technician,FEMALE,4549,Fully Meets,3,False,83,False,2026-08-31 17:32:05,2318,49581.16,USD,2026-08-31 17:32:05
1978,Lillian,Hines,2021-10-05,2023-07-02,Production Technician I,Voluntarily Terminated,Full-Time,Part-Time,Voluntary,,,MA,Administration,FEMALE,61287,Fully Meets,3,False,156,False,2026-08-31 17:32:05,1316,60358.76,USD,2026-08-31 17:32:05
1979,Liam,Snow,2022-09-25,2023-03-27,Production Technician I,Terminated,Part-Time,Temporary,Voluntary,Terminated due to persistent low performance scores and disengagement following team restructuring.,,MA,Engineer,FEMALE,61958,Fully Meets,3,False,160,False,2026-08-31 17:32:05,2435,55603.76,USD,2026-08-31 17:32:05
1980,Arianna,Horton,2021-11-10,,Production Technician I,Active,Part-Time,Full-Time,Unk,,,MA,Manager,FEMALE,37701,Fully Meets,3,False,88,False,2026-08-31 17:32:05,2398,57924.55,USD,2026-08-31 17:32:05
1981,Ayanna,Short,2021-04-08,2023-07-16,Production Technician I,Terminated,Contract,Temporary,Involuntary,Left due to lack of flexibility around hybrid work policies and long commute times.,,MA,Foreman,MALE,19755,Fully Meets,3,False,189,False,2026-08-31 17:32:05,2291,53259.9,USD,2026-08-31 17:32:05
1982,Steve,Charles,2018-11-14,,Production Technician I,Active,Full-Time,Temporary,Unk,,,MA,Manager,FEMALE,48632,Fully Meets,3,False,361,False,2026-08-31 17:32:05,1164,71710.44,USD,2026-08-31 17:32:05
1983,Ricardo,Bruce,2020-03-14,2022-10-22,Production Technician I,Terminated,Part-Time,Full-Time,Resignation,Resigned citing below-market compensation and lack of annual salary adjustments.,,MA,Laborer,FEMALE,31391,Fully Meets,3,False,84,False,2026-08-31 17:32:05,2324,77550.12,USD,2026-08-31 17:32:05
1984,Laura,Gutierrez,2020-06-24,,Production Technician I,Active,Full-Time,Temporary,Unk,,1948-11-02,MA,Splicer,FEMALE,8522,Fully Meets,3,False,508,False,2026-08-31 17:32:05,1316,62427.61,USD,2026-08-31 17:32:05
1985,Braxton,Rojas,2023-03-19,2023-04-04,Production Technician I,Terminated,Contract,Temporary,Resignation,Terminated due to persistent low performance scores and disengagement following team restructuring.,1963-09-11,MA,Lineman,FEMALE,88359,Fully Meets,3,False,121,False,2026-08-31 17:32:05,2414,67504.94,USD,2026-08-31 17:32:05
1986,Sage,Mercer,2022-08-15,,Production Technician I,Active,Contract,Full-Time,Unk,,,MA,Director,FEMALE,21326,Fully Meets,3,False,450,False,2026-08-31 17:32:05,1316,75351.03,USD,2026-08-31 17:32:05
1987,Chase,Horn,2018-11-09,,Production Technician I,Active,Full-Time,Part-Time,Unk,,,MA,Administrator,FEMALE,75570,Fully Meets,3,False,185,False,2026-08-31 17:32:05,2339,79959.04,USD,2026-08-31 17:32:05
1988,Juliana,Dyer,2018-11-23,2019-08-19,Production Technician I,Terminated,Contract,Temporary,Retirement,Terminated due to persistent low performance scores and disengagement following team restructuring.,,MA,Laborer,FEMALE,97548,Fully Meets,3,False,107,False,2026-08-31 17:32:05,2296,66473.08,USD,2026-08-31 17:32:05
1989,Alec,Stephens,2020-02-25,,Production Technician II,Active,Full-Time,Temporary,Unk,,,MA,Groundman,FEMALE,51952,Fully Meets,3,False,105,False,2026-08-31 17:32:05,1143,76142.28,USD,2026-08-31 17:32:05
1990,Adriana,Weber,2020-05-16,2022-05-18,Production Technician II,Terminated,Full-Time,Temporary,Resignation,Left due to lack of flexibility around hybrid work policies and long commute times.,,MA,Laborer,FEMALE,46806,Fully Meets,3,False,97,False,2026-08-31 17:32:05,1165,76801.29,USD,2026-08-31 17:32:05
1991,Lola,Hensley,2019-06-18,2023-07-05,Production Technician II,Terminated,Contract,Temporary,Involuntary,Terminated due to persistent low performance scores and disengagement following team restructuring.,1949-01-01,MA,Technician,FEMALE,67662,Fully Meets,3,False,120,False,2026-08-31 17:32:05,2336,72700.8,USD,2026-08-31 17:32:05
1992,Shamar,Delgado,2019-05-20,2021-03-30,Production Technician II,Terminated,Contract,Part-Time,Involuntary,Resigned citing below-market compensation and lack of annual salary adjustments.,,MA,Laborer,FEMALE,74114,Fully Meets,3,False,121,False,2026-08-31 17:32:05,2414,61132.6,USD,2026-08-31 17:32:05
1993,Emmanuel,Huang,2020-10-16,2021-02-12,Production Technician II,Terminated,Full-Time,Full-Time,Voluntary,Left due to lack of flexibility around hybrid work policies and long commute times.,,MA,Technician,FEMALE,54589,Fully Meets,3,False,91,False,2026-08-31 17:32:05,2364,47840.39,USD,2026-08-31 17:32:05
1994,Brenna,Decker,2022-07-01,2022-11-03,Production Technician II,Terminated,Full-Time,Full-Time,Voluntary,Terminated due to persistent low performance scores and disengagement following team restructuring.,,MA,Lineman,FEMALE,43526,Fully Meets,3,False,148,False,2026-08-31 17:32:05,1122,45553.19,USD,2026-08-31 17:32:05
1995,Averie,Wolfe,2022-12-17,,Production Technician II,Active,Contract,Full-Time,Unk,,1978-06-08,MA,Driller,FEMALE,22396,Fully Meets,3,False,107,False,2026-08-31 17:32:05,2296,61702.02,USD,2026-08-31 17:32:05
1996,Gaige,Marsh,2021-10-24,2021-11-21,Production Technician II,Terminated,Part-Time,Temporary,Resignation,Left due to lack of flexibility around hybrid work policies and long commute times.,1992-10-07,MA,Lineman,FEMALE,92216,Fully Meets,3,False,140,False,2026-08-31 17:32:05,1316,62301.01,USD,2026-08-31 17:32:05
1997,Karli,Ross,2019-02-28,2019-10-11,Production Technician II,Terminated,Part-Time,Full-Time,Retirement,Terminated due to persistent low performance scores and disengagement following team restructuring.,1990-09-06,MA,Project Manager,FEMALE,64180,Fully Meets,3,False,195,False,2026-08-31 17:32:05,1316,59257.68,USD,2026-08-31 17:32:05
1998,Amiyah,Beasley,2022-03-24,,Production Technician II,Active,Full-Time,Part-Time,Unk,,,MA,Laborer,FEMALE,34377,Fully Meets,3,False,189,False,2026-08-31 17:32:05,2291,64885.86,USD,2026-08-31 17:32:05
1999,Kayla,Gibbs,2021-10-17,2022-11-12,Production Technician II,Terminated,Contract,Temporary,Involuntary,Left due to lack of flexibility around hybrid work policies and long commute times.,,MA,Locator,FEMALE,65306,Fully Meets,3,False,105,False,2026-08-31 17:32:05,1143,64325.69,USD,2026-08-31 17:32:05
2000,Jocelyn,Jackson,2022-05-13,2022-09-12,Production Technician I,Terminated,Full-Time,Part-Time,Involuntary,Terminated due to persistent low performance scores and disengagement following team restructuring.,1963-07-07,MA,Flagger,FEMALE,29557,Fully Meets,3,False,110,False,2026-08-31 17:32:05,2287,74281.46,USD,2026-08-31 17:32:05
2001,Gilbert,Newman,2019-10-09,2023-01-06,Production Technician I,Voluntarily Terminated,Contract,Full-Time,Resignation,,,MA,Coordinator,FEMALE,18299,Fully Meets,3,False,492,False,2026-08-31 17:32:05,1316,48803.0,USD,2026-08-31 17:32:05
2002,Roberto,Rosales,2018-10-12,2023-07-21,Production Technician I,Voluntarily Terminated,Contract,Temporary,Involuntary,,,MA,Laborer,FEMALE,81634,Fully Meets,3,False,112,False,2026-08-31 17:32:05,2340,52881.22,USD,2026-08-31 17:32:05
2003,Justice,Rhodes,2020-04-13,2022-11-28,Production Technician I,Voluntarily Terminated,Contract,Part-Time,Voluntary,,1985-01-07,MA,Welder,FEMALE,48650,Fully Meets,3,False,441,False,2026-08-31 17:32:05,1316,72755.17,USD,2026-08-31 17:32:05
2004,Adyson,Esparza,2021-04-25,,Production Technician I,Active,Contract,Full-Time,Unk,,2001-05-04,MA,Engineer,FEMALE,72181,Fully Meets,3,False,160,False,2026-08-31 17:32:05,2435,74674.29,USD,2026-08-31 17:32:05
2005,Laci,Baird,2018-12-21,2022-11-16,Production Technician I,Terminated,Part-Time,Part-Time,Retirement,Left due to lack of flexibility around hybrid work policies and long commute times.,1947-09-03,MA,Laborer,FEMALE,53844,Fully Meets,3,False,366,False,2026-08-31 17:32:05,2451,79818.85,USD,2026-08-31 17:32:05
2006,Samson,Meza,2021-09-19,,Production Technician I,Active,Contract,Temporary,Unk,,,MA,Chief Operating Officer,MALE,72825,Fully Meets,3,False,509,False,2026-08-31 17:32:05,2446,75551.92,USD,2026-08-31 17:32:05
2007,Deacon,Bass,2020-12-15,,Production Technician I,Active,Full-Time,Temporary,Unk,,1979-05-05,MA,Splicer,FEMALE,10308,Fully Meets,3,False,432,False,2026-08-31 17:32:05,1316,76146.47,USD,2026-08-31 17:32:05
2008,Kaila,Johnston,2019-07-15,2020-01-13,Production Technician I,Terminated,Part-Time,Temporary,Voluntary,Left due to lack of flexibility around hybrid work policies and long commute times.,1941-03-09,MA,Lineman,FEMALE,67443,Fully Meets,3,False,97,False,2026-08-31 17:32:05,1165,56002.18,USD,2026-08-31 17:32:05
2009,Cayden,Maynard,2021-11-17,,Production Technician I,Active,Contract,Temporary,Unk,,1997-01-10,MA,Engineer,FEMALE,9141,Fully Meets,3,False,381,False,2026-08-31 17:32:05,2315,59058.16,USD,2026-08-31 17:32:05
2010,Araceli,Mcguire,2023-02-04,2023-06-24,Production Technician I,Terminated,Part-Time,Part-Time,Resignation,Resigned citing below-market compensation and lack of annual salary adjustments.,1949-07-03,MA,Laborer,FEMALE,71663,Fully Meets,3,False,187,False,2026-08-31 17:32:05,1316,54382.98,USD,2026-08-31 17:32:05
2011,Naomi,Hardin,2022-07-03,2022-07-12,Production Technician I,Terminated,Contract,Temporary,Retirement,Left due to lack of flexibility around hybrid work policies and long commute times.,1994-06-08,MA,Clerk,FEMALE,91439,Fully Meets,3,False,184,False,2026-08-31 17:32:05,1316,66220.48,USD,2026-08-31 17:32:05
2012,Darnell,Eaton,2020-01-24,2022-09-14,Production Technician I,Terminated,Contract,Full-Time,Voluntary,Terminated due to persistent low performance scores and disengagement following team restructuring.,1984-06-06,MA,Vp,FEMALE,44651,Fully Meets,3,False,185,False,2026-08-31 17:32:05,2339,77858.19,USD,2026-08-31 17:32:05
2013,Zariah,Ritter,2019-07-07,2021-03-27,Production Technician I,Terminated,Contract,Temporary,Voluntary,Resigned citing below-market compensation and lack of annual salary adjustments.,1952-08-04,MA,Foreman,FEMALE,61363,Fully Meets,3,False,112,False,2026-08-31 17:32:05,2340,57062.43,USD,2026-08-31 17:32:05
2014,Malaki,Richards,2022-03-13,,Production Technician II,Active,Part-Time,Temporary,Unk,,1984-11-11,MA,Technician,FEMALE,6175,Fully Meets,3,False,147,False,2026-08-31 17:32:05,1316,64495.06,USD,2026-08-31 17:32:05
2015,Markus,Robles,2023-06-02,,Production Technician II,Active,Part-Time,Part-Time,Unk,,1992-05-03,MA,Engineer,FEMALE,23634,Fully Meets,3,False,176,False,2026-08-31 17:32:05,2365,55370.49,USD,2026-08-31 17:32:05
2016,Angela,Kaufman,2021-04-08,,Production Technician II,Active,Contract,Full-Time,Unk,,1958-01-10,MA,Lineman,FEMALE,66919,Fully Meets,3,False,82,False,2026-08-31 17:32:05,1123,50943.0,USD,2026-08-31 17:32:05
2017,Shaniya,Wolfe,2019-12-02,,Production Technician II,Active,Full-Time,Part-Time,Unk,,,MA,Laborer,FEMALE,10719,Fully Meets,3,False,89,False,2026-08-31 17:32:05,1316,51831.49,USD,2026-08-31 17:32:05
2018,Anya,Morton,2022-03-09,2023-05-18,Production Technician II,Terminated,Contract,Temporary,Retirement,Terminated due to persistent low performance scores and disengagement following team restructuring.,,MA,Runner,FEMALE,86107,Fully Meets,3,False,186,False,2026-08-31 17:32:05,1316,47028.09,USD,2026-08-31 17:32:05
2019,Emery,Peck,2022-03-26,,Production Technician II,Active,Full-Time,Temporary,Unk,,1977-08-01,MA,Laborer,FEMALE,65810,Fully Meets,3,False,106,False,2026-08-31 17:32:05,2295,78225.27,USD,2026-08-31 17:32:05
2020,Angelique,Mathis,2021-05-08,2022-08-05,Production Technician II,Terminated,Part-Time,Full-Time,Involuntary,Left due to lack of flexibility around hybrid work policies and long commute times.,,MA,Billing,FEMALE,47869,Fully Meets,3,False,365,False,2026-08-31 17:32:05,1316,59100.79,USD,2026-08-31 17:32:05
2021,Marlee,Woods,2022-11-29,,Production Technician II,Active,Part-Time,Temporary,Unk,,1955-11-12,MA,Foreman,FEMALE,54120,Fully Meets,3,False,86,False,2026-08-31 17:32:05,2298,74194.23,USD,2026-08-31 17:32:05
2022,Jocelyn,Valentine,2019-05-24,,Production Technician II,Active,Contract,Part-Time,Unk,,,MA,Operator,FEMALE,21322,Fully Meets,3,False,510,False,2026-08-31 17:32:05,1316,68846.53,USD,2026-08-31 17:32:05
2023,Sophie,Moran,2022-01-29,2022-04-23,Production Technician II,Terminated,Part-Time,Part-Time,Retirement,Left due to lack of flexibility around hybrid work policies and long commute times.,1962-04-08,MA,Foreman,FEMALE,31287,Fully Meets,3,False,120,False,2026-08-31 17:32:05,2336,51717.24,USD,2026-08-31 17:32:05
2024,Yair,Snyder,2021-07-06,2022-03-14,Production Technician II,Terminated,Full-Time,Full-Time,Retirement,Terminated due to persistent low performance scores and disengagement following team restructuring.,,MA,Coordinator,FEMALE,5063,Fully Meets,3,False,91,False,2026-08-31 17:32:05,2364,51141.18,USD,2026-08-31 17:32:05
2025,Shamar,Herman,2021-01-29,2023-02-12,Production Technician II,Terminated,Part-Time,Temporary,Resignation,Resigned citing below-market compensation and lack of annual salary adjustments.,1975-11-04,MA,Laborer,FEMALE,90678,Fully Meets,3,False,83,False,2026-08-31 17:32:05,2318,73419.59,USD,2026-08-31 17:32:05
2026,Ishaan,Schaefer,2023-05-13,2023-06-10,Production Technician I,Terminated,Contract,Full-Time,Resignation,Left due to lack of flexibility around hybrid work policies and long commute times.,,MA,Locator,FEMALE,5306,Fully Meets,3,False,106,False,2026-08-31 17:32:05,2295,54264.91,USD,2026-08-31 17:32:05
2027,Liam,Figueroa,2019-05-22,,Production Technician I,Active,Part-Time,Full-Time,Unk,,1974-04-08,MA,Engineer,FEMALE,42458,Fully Meets,3,False,192,False,2026-08-31 17:32:05,1185,76964.98,USD,2026-08-31 17:32:05
2028,Linda,Combs,2021-09-30,2021-11-14,Production Technician I,Voluntarily Terminated,Full-Time,Temporary,Retirement,,1981-02-05,MA,Tower Hand,FEMALE,77958,Fully Meets,3,False,83,False,2026-08-31 17:32:05,2318,49901.94,USD,2026-08-31 17:32:05
2029,Marilyn,Moss,2019-09-09,,Production Technician I,Active,Contract,Full-Time,Unk,,,MA,Billing,FEMALE,84191,Fully Meets,3,False,387,False,2026-08-31 17:32:05,1316,68719.8,USD,2026-08-31 17:32:05
2030,Yuliana,Nelson,2019-04-26,2019-05-13,Production Technician I,Terminated,Full-Time,Full-Time,Resignation,Terminated due to persistent low performance scores and disengagement following team restructuring.,,MA,Operator,FEMALE,34988,Fully Meets,3,False,360,False,2026-08-31 17:32:05,2368,73506.59,USD,2026-08-31 17:32:05
2031,August,Wiley,2022-02-19,2023-04-05,Production Technician I,Terminated,Full-Time,Full-Time,Involuntary,Resigned citing below-market compensation and lack of annual salary adjustments.,,MA,Manager,MALE,8786,Fully Meets,3,False,118,False,2026-08-31 17:32:05,2361,53233.97,USD,2026-08-31 17:32:05
2032,Lindsay,Pennington,2022-04-16,2022-12-25,Production Technician I,Terminated,Contract,Part-Time,Retirement,Left due to lack of flexibility around hybrid work policies and long commute times.,1996-05-11,MA,Technician,MALE,19087,Fully Meets,3,False,82,False,2026-08-31 17:32:05,1123,54667.26,USD,2026-08-31 17:32:05
2033,Nico,Villarreal,2022-05-12,,Production Technician I,Active,Full-Time,Full-Time,Unk,,,MA,Laborer,FEMALE,47570,Fully Meets,3,False,139,False,2026-08-31 17:32:05,2357,78758.16,USD,2026-08-31 17:32:05
2034,Jaliyah,Conway,2021-08-26,2023-08-03,Production Technician I,Terminated,Full-Time,Part-Time,Voluntary,Resigned citing below-market compensation and lack of annual salary adjustments.,,MA,Driver,FEMALE,95951,Fully Meets,3,False,97,False,2026-08-31 17:32:05,1165,54260.92,USD,2026-08-31 17:32:05
2035,Raymond,Gillespie,2020-06-06,2021-11-23,Production Technician I,Terminated,Full-Time,Full-Time,Retirement,Left due to lack of flexibility around hybrid work policies and long commute times.,,MA,Lineman,FEMALE,44292,Fully Meets,3,False,181,False,2026-08-31 17:32:05,1316,60048.5,USD,2026-08-31 17:32:05
2036,Joey,Montes,2022-06-26,,Production Technician I,Active,Contract,Part-Time,Unk,,,MA,Laborer,FEMALE,1372,Fully Meets,3,False,87,False,2026-08-31 17:32:05,2449,60138.05,USD,2026-08-31 17:32:05
2037,Ian,Hester,2021-01-09,2022-05-14,Production Technician I,Terminated,Contract,Full-Time,Involuntary,Resigned citing below-market compensation and lack of annual salary adjustments.,,MA,Clerk,FEMALE,14973,Fully Meets,3,False,135,False,2026-08-31 17:32:05,1316,53856.22,USD,2026-08-31 17:32:05
2038,Weston,Rios,2018-09-02,,Production Technician I,Active,Part-Time,Temporary,Unk,,2001-04-05,MA,Foreman,FEMALE,81445,Fully Meets,3,False,123,False,2026-08-31 17:32:05,1186,72152.69,USD,2026-08-31 17:32:05
2039,Carson,Pennington,2022-04-22,,Production Technician I,Active,Full-Time,Full-Time,Unk,,1957-04-10,MA,Operator,FEMALE,29345,Fully Meets,3,False,107,False,2026-08-31 17:32:05,2296,72014.73,USD,2026-08-31 17:32:05
2040,Brynlee,Crawford,2021-12-05,,Production Technician II,Future Start,Contract,Temporary,Involuntary,,1949-04-12,MA,Lineman,FEMALE,33621,Fully Meets,3,False,189,False,2026-08-31 17:32:05,2291,58241.13,USD,2026-08-31 17:32:05
2041,Sanai,Rose,2022-09-13,,Production Technician II,Active,Part-Time,Part-Time,Unk,,,MA,Laborer,FEMALE,91981,Fully Meets,3,False,139,False,2026-08-31 17:32:05,2357,74229.4,USD,2026-08-31 17:32:05
2042,Luna,Arroyo,2019-11-24,,Production Technician II,Active,Part-Time,Part-Time,Unk,,,MA,Technician,FEMALE,79529,Fully Meets,3,False,84,False,2026-08-31 17:32:05,2324,52457.62,USD,2026-08-31 17:32:05
2043,Lorelai,Hale,2020-03-19,,Production Technician II,Active,Contract,Part-Time,Unk,,,MA,Technician,FEMALE,7492,Fully Meets,3,False,511,False,2026-08-31 17:32:05,1316,45150.7,USD,2026-08-31 17:32:05
2044,Darrell,Horne,2022-09-14,,Production Technician II,Active,Contract,Full-Time,Unk,,,MA,Operator,FEMALE,16589,Fully Meets,3,False,99,False,2026-08-31 17:32:05,1316,64990.86,USD,2026-08-31 17:32:05
2045,Itzel,Nunez,2021-09-21,,Production Technician II,Active,Part-Time,Part-Time,Unk,,,MA,Engineer,FEMALE,39813,Fully Meets,3,False,192,False,2026-08-31 17:32:05,1185,79792.72,USD,2026-08-31 17:32:05
2046,Serena,Lutz,2020-05-22,,Production Technician II,Active,Part-Time,Part-Time,Unk,,,MA,Manager,FEMALE,31663,Fully Meets,3,False,373,False,2026-08-31 17:32:05,1253,46352.55,USD,2026-08-31 17:32:05
2047,Gwendolyn,Gray,2022-12-13,,Production Technician II,Active,Contract,Part-Time,Unk,,,MA,Laborer,FEMALE,26502,Fully Meets,3,False,177,False,2026-08-31 17:32:05,2292,52279.93,USD,2026-08-31 17:32:05
2048,Khalil,Lee,2022-02-07,,Production Technician II,Active,Contract,Part-Time,Unk,,1995-06-04,MA,Laborer,FEMALE,4321,Fully Meets,3,False,140,False,2026-08-31 17:32:05,1316,63162.01,USD,2026-08-31 17:32:05
2049,Corinne,Navarro,2020-10-06,,Production Technician II,Active,Contract,Full-Time,Unk,,1942-07-05,MA,Laborer,FEMALE,93573,Fully Meets,3,False,86,False,2026-08-31 17:32:05,2298,73347.93,USD,2026-08-31 17:32:05
2050,Meadow,Atkins,2022-01-11,2022-12-16,Production Technician II,Terminated,Full-Time,Full-Time,Retirement,Left due to lack of flexibility around hybrid work policies and long commute times.,1953-03-02,MA,Safety,FEMALE,17084,Fully Meets,3,False,512,False,2026-08-31 17:32:05,2343,48116.47,USD,2026-08-31 17:32:05
2051,Jaden,Charles,2022-02-26,,Production Technician I,Active,Part-Time,Temporary,Unk,,,MA,Laborer,FEMALE,18433,Fully Meets,3,False,130,False,2026-08-31 17:32:05,2277,58833.21,USD,2026-08-31 17:32:05
2052,Blaine,Contreras,2020-06-10,2022-11-13,Production Technician I,Terminated,Part-Time,Part-Time,Involuntary,Resigned citing below-market compensation and lack of annual salary adjustments.,1956-12-05,MA,Laborer,FEMALE,61020,Fully Meets,3,False,106,False,2026-08-31 17:32:05,2295,71147.65,USD,2026-08-31 17:32:05
2053,Kolten,Kim,2021-09-27,,Production Technician I,Active,Part-Time,Temporary,Unk,,1989-09-02,MA,Engineer,FEMALE,34501,Fully Meets,3,False,126,False,2026-08-31 17:32:05,2467,58004.01,USD,2026-08-31 17:32:05
2054,Erika,Mata,2018-10-25,2021-10-15,Production Technician I,Terminated,Contract,Temporary,Voluntary,Terminated due to persistent low performance scores and disengagement following team restructuring.,,MA,Coordinator,FEMALE,41617,Fully Meets,3,False,373,False,2026-08-31 17:32:05,1253,51609.27,USD,2026-08-31 17:32:05
2055,Beau,Olsen,2020-11-25,,Production Technician I,Active,Contract,Full-Time,Unk,,,MA,Executive,FEMALE,70318,Fully Meets,3,False,128,False,2026-08-31 17:32:05,1316,51842.35,USD,2026-08-31 17:32:05
2056,Kelly,Ellis,2020-04-17,2022-02-26,Production Technician I,Terminated,Contract,Full-Time,Voluntary,Left due to lack of flexibility around hybrid work policies and long commute times.,,MA,Laborer,FEMALE,69455,Fully Meets,3,False,98,False,2026-08-31 17:32:05,2294,59351.71,USD,2026-08-31 17:32:05
2057,Nikhil,Rivas,2021-04-15,,Production Technician I,Active,Contract,Part-Time,Unk,,,MA,Laborer,MALE,28907,Fully Meets,3,False,86,False,2026-08-31 17:32:05,2298,61779.6,USD,2026-08-31 17:32:05
2058,Brady,Boyd,2022-04-17,2022-06-03,Production Technician I,Terminated,Full-Time,Temporary,Resignation,Resigned citing below-market compensation and lack of annual salary adjustments.,,MA,Laborer,MALE,9125,Fully Meets,3,False,82,False,2026-08-31 17:32:05,1123,75163.5,USD,2026-08-31 17:32:05
2059,Alfred,Manning,2023-07-29,2023-08-06,Production Technician I,Voluntarily Terminated,Full-Time,Temporary,Retirement,,,MA,Laborer,FEMALE,7499,Fully Meets,3,False,139,False,2026-08-31 17:32:05,2357,67478.83,USD,2026-08-31 17:32:05
2060,Angelina,Russell,2023-01-26,,Production Technician I,Active,Part-Time,Part-Time,Unk,,,MA,Tower Hand,FEMALE,96077,Fully Meets,3,False,97,False,2026-08-31 17:32:05,1165,69164.07,USD,2026-08-31 17:32:05
2061,King,Garrison,2018-12-12,,Production Technician I,Active,Full-Time,Full-Time,Unk,,1946-06-08,MA,Field Project Manager,FEMALE,55355,Fully Meets,3,False,114,False,2026-08-31 17:32:05,1316,79404.55,USD,2026-08-31 17:32:05
2062,Kale,Middleton,2018-10-25,,Production Technician I,Active,Contract,Temporary,Unk,,,MA,Laborer,FEMALE,35346,Fully Meets,3,False,157,False,2026-08-31 17:32:05,2326,59414.52,USD,2026-08-31 17:32:05
2063,Kailyn,Montgomery,2021-05-20,,Production Technician I,Active,Contract,Full-Time,Unk,,,MA,Groundman,FEMALE,72585,Fully Meets,3,False,2,False,2026-08-31 17:32:05,1121,59117.4,USD,2026-08-31 17:32:05
2064,Philip,Cobb,2020-08-28,2020-12-26,Production Technician I,Terminated,Part-Time,Full-Time,Resignation,Resigned citing below-market compensation and lack of annual salary adjustments.,1964-10-05,MA,Executive,FEMALE,32823,Fully Meets,3,False,486,False,2026-08-31 17:32:05,1316,77317.14,USD,2026-08-31 17:32:05
2065,Bria,Spence,2020-05-10,,Production Technician II,Active,Contract,Full-Time,Unk,,,MA,Laborer,FEMALE,18169,Fully Meets,3,False,91,False,2026-08-31 17:32:05,2364,53605.65,USD,2026-08-31 17:32:05
2066,Ellie,Holder,2023-08-04,2023-08-04,Production Technician II,Terminated,Contract,Full-Time,Voluntary,Terminated due to persistent low performance scores and disengagement following team restructuring.,,MA,Manager,FEMALE,71853,Fully Meets,3,False,373,False,2026-08-31 17:32:05,1253,70543.53,USD,2026-08-31 17:32:05
2067,Denzel,Clark,2022-04-22,,Production Technician II,Active,Full-Time,Part-Time,Unk,,,MA,Project Manager,FEMALE,97487,Fully Meets,3,False,129,False,2026-08-31 17:32:05,2393,71410.06,USD,2026-08-31 17:32:05
2068,Sidney,Lewis,2021-06-05,,Production Technician II,Active,Contract,Part-Time,Unk,,1962-07-09,MA,Laborer,FEMALE,53645,Fully Meets,3,False,105,False,2026-08-31 17:32:05,1143,48422.58,USD,2026-08-31 17:32:05
2069,Simon,Rivers,2022-06-29,,Production Technician II,Active,Full-Time,Temporary,Unk,,,MA,Manager,FEMALE,43569,Fully Meets,3,False,360,False,2026-08-31 17:32:05,2368,61388.1,USD,2026-08-31 17:32:05
2070,Branson,Schneider,2022-07-02,,Production Technician II,Active,Contract,Full-Time,Unk,,,MA,Operator,FEMALE,38800,Fully Meets,3,False,106,False,2026-08-31 17:32:05,2295,52019.69,USD,2026-08-31 17:32:05
2071,Maren,Whitehead,2023-01-04,,Production Technician II,Active,Contract,Full-Time,Unk,,,MA,Laborer,FEMALE,72287,Fully Meets,3,False,365,False,2026-08-31 17:32:05,1316,51488.13,USD,2026-08-31 17:32:05
2072,Gilbert,Hensley,2023-07-08,,Production Technician II,Active,Contract,Temporary,Unk,,1980-07-09,MA,Engineer,FEMALE,37599,Fully Meets,3,False,118,False,2026-08-31 17:32:05,2361,61233.98,USD,2026-08-31 17:32:05
2073,Armani,Barker,2023-03-03,2023-08-06,Production Technician II,Terminated,Part-Time,Full-Time,Involuntary,Resigned citing below-market compensation and lack of annual salary adjustments.,,MA,Manager,FEMALE,52861,Fully Meets,3,False,98,False,2026-08-31 17:32:05,2294,55130.04,USD,2026-08-31 17:32:05
2074,Tamia,Byrd,2019-08-19,,Production Technician II,Active,Part-Time,Full-Time,Unk,,,MA,Supervisor,FEMALE,11079,Fully Meets,3,False,86,False,2026-08-31 17:32:05,2298,72862.12,USD,2026-08-31 17:32:05
2075,Oliver,Richardson,2018-10-30,,Production Technician I,Active,Contract,Full-Time,Unk,,,MA,Manager,FEMALE,88221,Fully Meets,3,False,179,False,2026-08-31 17:32:05,1142,76766.17,USD,2026-08-31 17:32:05
2076,Nathalia,Larson,2021-12-07,2023-01-02,Production Technician I,Terminated,Full-Time,Full-Time,Voluntary,Resigned citing below-market compensation and lack of annual salary adjustments.,,MA,Project Manager,FEMALE,83667,Fully Meets,3,False,105,False,2026-08-31 17:32:05,1143,73095.22,USD,2026-08-31 17:32:05
2077,Laurel,Chan,2020-11-18,2021-02-13,Production Technician I,Terminated,Full-Time,Temporary,Resignation,Left due to lack of flexibility around hybrid work policies and long commute times.,,MA,Foreman,FEMALE,50403,Fully Meets,3,False,110,False,2026-08-31 17:32:05,2287,54311.08,USD,2026-08-31 17:32:05
2078,Alejandra,Barnes,2018-09-26,2019-10-15,Production Technician I,Voluntarily Terminated,Full-Time,Temporary,Voluntary,,,MA,Laborer,FEMALE,50499,Fully Meets,3,False,106,False,2026-08-31 17:32:05,2295,54594.7,USD,2026-08-31 17:32:05
2079,Emilio,Daniel,2022-06-19,,Production Technician I,Active,Part-Time,Part-Time,Unk,,1956-12-06,MA,Flagger,FEMALE,60487,Fully Meets,3,False,112,False,2026-08-31 17:32:05,2340,53915.49,USD,2026-08-31 17:32:05
2080,Ellie,Robbins,2022-09-15,2023-02-14,Production Technician I,Terminated,Contract,Temporary,Involuntary,Left due to lack of flexibility around hybrid work policies and long commute times.,1960-03-11,MA,Supervisor,FEMALE,34104,Fully Meets,3,False,159,False,2026-08-31 17:32:05,2382,49726.33,USD,2026-08-31 17:32:05
2081,Vicente,Hansen,2020-05-09,,Production Technician I,Active,Part-Time,Temporary,Unk,,1988-08-06,MA,Supervisor,FEMALE,84354,Fully Meets,3,False,150,False,2026-08-31 17:32:05,2417,78032.94,USD,2026-08-31 17:32:05
2082,Jordan,Kemp,2021-02-17,,Production Technician I,Active,Contract,Temporary,Unk,,1961-08-01,MA,Laborer,MALE,53786,Fully Meets,3,False,130,False,2026-08-31 17:32:05,2277,59071.67,USD,2026-08-31 17:32:05
2083,Edith,Richard,2020-04-12,,Production Technician I,Active,Contract,Temporary,Unk,,,MA,Technician,FEMALE,92893,Fully Meets,3,False,126,False,2026-08-31 17:32:05,2467,52864.13,USD,2026-08-31 17:32:05
2084,Dustin,Snow,2021-03-30,,Production Technician I,Active,Contract,Full-Time,Unk,,1971-06-02,MA,Assistant,FEMALE,77142,Fully Meets,3,False,240,False,2026-08-31 17:32:05,1316,74633.49,USD,2026-08-31 17:32:05
2085,Layton,Goodwin,2019-05-05,2022-01-11,Production Technician I,Terminated,Contract,Full-Time,Voluntary,Resigned citing below-market compensation and lack of annual salary adjustments.,1999-12-07,MA,Engineer,FEMALE,8666,Fully Meets,3,False,129,False,2026-08-31 17:32:05,2393,58971.84,USD,2026-08-31 17:32:05
2086,Eliza,Munoz,2021-05-31,2021-11-12,Production Technician I,Terminated,Contract,Part-Time,Retirement,Left due to lack of flexibility around hybrid work policies and long commute times.,,MA,Laborer,FEMALE,26272,Fully Meets,3,False,139,False,2026-08-31 17:32:05,2357,46229.09,USD,2026-08-31 17:32:05
2087,Arianna,Durham,2019-11-21,2020-06-24,Production Technician I,Terminated,Part-Time,Full-Time,Involuntary,Terminated due to persistent low performance scores and disengagement following team restructuring.,,MA,Laborer,FEMALE,11105,Fully Meets,3,False,98,False,2026-08-31 17:32:05,2294,50667.95,USD,2026-08-31 17:32:05
2088,Lia,Orr,2019-07-19,,Production Technician I,Active,Contract,Full-Time,Unk,,,MA,Coordinator,FEMALE,37040,Fully Meets,3,False,492,False,2026-08-31 17:32:05,1316,67373.76,USD,2026-08-31 17:32:05
2089,Ethan,Rhodes,2018-12-29,2020-07-04,Production Technician I,Terminated,Contract,Part-Time,Voluntary,Left due to lack of flexibility around hybrid work policies and long commute times.,1966-04-06,MA,Director,FEMALE,93414,Fully Meets,3,False,435,False,2026-08-31 17:32:05,1316,72401.68,USD,2026-08-31 17:32:05
2090,Alexis,Nielsen,2023-01-12,,Production Technician II,Active,Part-Time,Full-Time,Unk,,,MA,Assistant,FEMALE,33206,Fully Meets,3,False,90,False,2026-08-31 17:32:05,1316,52382.7,USD,2026-08-31 17:32:05
2091,Adalyn,Bass,2022-11-25,,Production Technician II,Active,Contract,Part-Time,Unk,,,MA,Locator,FEMALE,72118,Fully Meets,3,False,83,False,2026-08-31 17:32:05,2318,77108.85,USD,2026-08-31 17:32:05
2092,Hadley,Benson,2019-11-13,,Production Technician II,Active,Part-Time,Full-Time,Unk,,1987-09-09,MA,Laborer,FEMALE,36134,Fully Meets,3,False,82,False,2026-08-31 17:32:05,1123,74784.9,USD,2026-08-31 17:32:05
2093,Carlee,Lang,2020-09-08,2022-08-24,Production Technician II,Terminated,Contract,Temporary,Resignation,Terminated due to persistent low performance scores and disengagement following team restructuring.,1948-06-05,MA,Technician,FEMALE,18116,Fully Meets,3,False,139,False,2026-08-31 17:32:05,2357,74693.33,USD,2026-08-31 17:32:05
2094,Eli,Flores,2019-06-16,2021-09-07,Production Technician II,Terminated,Part-Time,Part-Time,Involuntary,Resigned citing below-market compensation and lack of annual salary adjustments.,1964-12-01,MA,Groundman,FEMALE,67210,Fully Meets,3,False,98,False,2026-08-31 17:32:05,2294,52968.14,USD,2026-08-31 17:32:05
2095,Lyric,Solomon,2023-07-14,2023-07-16,Production Technician II,Terminated,Full-Time,Full-Time,Retirement,Left due to lack of flexibility around hybrid work policies and long commute times.,,MA,Manager,FEMALE,60616,Fully Meets,3,False,157,False,2026-08-31 17:32:05,2326,46768.76,USD,2026-08-31 17:32:05
2096,Jerome,Howard,2023-07-18,,Production Technician II,Active,Contract,Full-Time,Unk,,,MA,Construction Manager,FEMALE,17358,Fully Meets,3,False,107,False,2026-08-31 17:32:05,2296,75359.82,USD,2026-08-31 17:32:05
2097,Parker,Fritz,2018-12-06,2019-04-09,Production Technician II,Terminated,Part-Time,Full-Time,Retirement,Resigned citing below-market compensation and lack of annual salary adjustments.,,MA,Lineman,FEMALE,29605,PIP,2,False,357,False,2026-08-31 17:32:05,2297,55703.01,USD,2026-08-31 17:32:05
2098,Phillip,Fuentes,2020-07-15,,Production Technician II,Active,Part-Time,Temporary,Unk,,,MA,Laborer,FEMALE,51886,PIP,5,False,367,False,2026-08-31 17:32:05,1316,66662.07,USD,2026-08-31 17:32:05
2099,Drake,Wiggins,2018-10-30,,Production Technician I,Active,Full-Time,Part-Time,Unk,,,MA,Vp,FEMALE,66261,PIP,4,False,162,False,2026-08-31 17:32:05,1316,71598.84,USD,2026-08-31 17:32:05
2100,Lucy,Santos,2022-09-13,,Production Technician I,Active,Contract,Temporary,Unk,,,MA,Coordinator,FEMALE,26880,Exceeds,4,False,181,False,2026-08-31 17:32:05,1316,49490.26,USD,2026-08-31 17:32:05
2101,Justice,Curry,2022-12-28,2023-05-13,Production Technician I,Voluntarily Terminated,Full-Time,Temporary,Involuntary,,,MA,Engineer,FEMALE,35098,PIP,5,False,163,False,2026-08-31 17:32:05,2466,72329.34,USD,2026-08-31 17:32:05
2102,Valeria,Zavala,2023-03-24,,Production Technician I,Active,Part-Time,Part-Time,Unk,,,MA,Driller,FEMALE,90728,Exceeds,2,False,91,False,2026-08-31 17:32:05,2364,77847.9,USD,2026-08-31 17:32:05
2103,Nola,Sellers,2020-10-02,,Production Technician I,Active,Contract,Full-Time,Unk,,,MA,Construction Manager,FEMALE,49149,Exceeds,5,False,83,False,2026-08-31 17:32:05,2318,70493.12,USD,2026-08-31 17:32:05
2104,Andre,Fields,2020-09-14,,Production Technician I,Active,Contract,Temporary,Unk,,,MA,Laborer,FEMALE,73771,Exceeds,2,False,107,False,2026-08-31 17:32:05,2296,60442.8,USD,2026-08-31 17:32:05
2105,Joel,Hanson,2020-01-19,,Production Technician I,Active,Part-Time,Part-Time,Unk,,,MA,Supervisor,FEMALE,92541,Needs Improvement,4,False,132,False,2026-08-31 17:32:05,2341,75683.73,USD,2026-08-31 17:32:05
2106,Tony,Mendoza,2019-04-14,2023-01-20,Production Technician I,Terminated,Contract,Temporary,Resignation,Resigned citing below-market compensation and lack of annual salary adjustments.,,MA,Foreman,MALE,47601,Exceeds,2,False,195,False,2026-08-31 17:32:05,1316,63461.02,USD,2026-08-31 17:32:05
2107,Jacqueline,Black,2023-06-02,2023-07-24,Production Technician I,Terminated,Contract,Temporary,Retirement,Left due to lack of flexibility around hybrid work policies and long commute times.,,MA,Project Manager,FEMALE,68361,Exceeds,1,False,82,False,2026-08-31 17:32:05,1123,71066.98,USD,2026-08-31 17:32:05
2108,Denise,Mccullough,2022-05-09,2023-01-03,Production Technician I,Voluntarily Terminated,Part-Time,Temporary,Retirement,,,MA,Driller,FEMALE,71922,Needs Improvement,2,False,105,False,2026-08-31 17:32:05,1143,73717.71,USD,2026-08-31 17:32:05
2109,Zain,Tanner,2021-02-23,,Production Technician I,Active,Part-Time,Part-Time,Unk,,,MA,Tower Hand,FEMALE,51689,Exceeds,5,False,97,False,2026-08-31 17:32:05,1165,71227.35,USD,2026-08-31 17:32:05
2110,Richard,Deleon,2021-06-04,,Production Technician I,Active,Contract,Temporary,Unk,,,MA,Vp,FEMALE,97553,Exceeds,4,False,183,False,2026-08-31 17:32:05,1316,55074.92,USD,2026-08-31 17:32:05
2111,Carmelo,Hayden,2022-03-29,2022-07-30,Production Technician I,Terminated,Full-Time,Temporary,Involuntary,Terminated due to persistent low performance scores and disengagement following team restructuring.,,MA,Lineman,FEMALE,92067,Needs Improvement,5,False,121,False,2026-08-31 17:32:05,2414,49124.54,USD,2026-08-31 17:32:05
2112,Emilio,Pierce,2019-07-30,2020-01-21,Production Technician I,Terminated,Part-Time,Temporary,Voluntary,Resigned citing below-market compensation and lack of annual salary adjustments.,,MA,Technician,FEMALE,65114,Exceeds,4,False,126,False,2026-08-31 17:32:05,2467,53341.85,USD,2026-08-31 17:32:05
2113,Emerson,Wood,2020-07-09,2022-12-10,Production Technician I,Terminated,Part-Time,Full-Time,Involuntary,Left due to lack of flexibility around hybrid work policies and long commute times.,,MA,Clerk,FEMALE,9677,Exceeds,2,False,148,False,2026-08-31 17:32:05,1122,62600.62,USD,2026-08-31 17:32:05
2114,Abagail,Moran,2019-08-24,,Production Technician II,Active,Contract,Part-Time,Unk,,,MA,Project Manager,FEMALE,38475,Exceeds,4,False,129,False,2026-08-31 17:32:05,2393,62684.69,USD,2026-08-31 17:32:05
2115,Nikhil,Cummings,2019-04-15,2023-05-10,Production Technician II,Terminated,Contract,Part-Time,Voluntary,Resigned citing below-market compensation and lack of annual salary adjustments.,,MA,Engineer,FEMALE,25166,Exceeds,2,False,359,False,2026-08-31 17:32:05,1316,65392.55,USD,2026-08-31 17:32:05
2116,Stanley,Bowen,2021-08-21,,Production Technician II,Active,Part-Time,Full-Time,Unk,,1946-03-09,MA,Engineer,FEMALE,81288,Needs Improvement,4,False,150,False,2026-08-31 17:32:05,2417,58828.56,USD,2026-08-31 17:32:05
2117,Terrell,Hanna,2020-06-22,,Production Technician II,Active,Full-Time,Full-Time,Unk,,,MA,Laborer,FEMALE,45637,Exceeds,2,False,130,False,2026-08-31 17:32:05,2277,72541.2,USD,2026-08-31 17:32:05
2118,Dale,Mendoza,2020-01-28,,Production Technician II,Active,Part-Time,Temporary,Unk,,2000-06-11,MA,Coordinator,FEMALE,41529,Exceeds,5,False,111,False,2026-08-31 17:32:05,1316,76960.38,USD,2026-08-31 17:32:05
2119,Marcos,Carey,2019-03-29,,Production Technician II,Active,Part-Time,Temporary,Unk,,1941-10-09,MA,Foreman,FEMALE,72491,Exceeds,5,False,135,False,2026-08-31 17:32:05,1316,53635.38,USD,2026-08-31 17:32:05
2120,Simeon,Pittman,2018-10-05,,Production Technician II,Active,Contract,Full-Time,Unk,,,MA,Lineman,FEMALE,66867,Needs Improvement,2,False,489,False,2026-08-31 17:32:05,2425,70778.31,USD,2026-08-31 17:32:05
2121,Jenna,Cochran,2020-08-20,,Production Technician II,Active,Part-Time,Full-Time,Unk,,1998-11-09,MA,Splicer,FEMALE,12265,Exceeds,5,False,167,False,2026-08-31 17:32:05,1316,68729.01,USD,2026-08-31 17:32:05
2122,Tia,Kent,2021-06-11,2022-11-14,Production Technician I,Terminated,Full-Time,Temporary,Resignation,Left due to lack of flexibility around hybrid work policies and long commute times.,,MA,Locator,FEMALE,65636,Needs Improvement,5,False,84,False,2026-08-31 17:32:05,2324,63308.17,USD,2026-08-31 17:32:05
2123,Chace,Farley,2021-09-10,,Production Technician I,Active,Contract,Temporary,Unk,,1979-12-02,MA,Project Manager,FEMALE,96364,Exceeds,2,False,508,False,2026-08-31 17:32:05,1316,51598.56,USD,2026-08-31 17:32:05
2124,Spencer,Hicks,2023-02-21,2023-07-09,Production Technician I,Voluntarily Terminated,Contract,Temporary,Voluntary,,1950-09-08,MA,Laborer,FEMALE,42707,Exceeds,2,False,99,False,2026-08-31 17:32:05,1316,72833.13,USD,2026-08-31 17:32:05
2125,Leslie,Zamora,2019-08-09,,Production Technician I,Active,Full-Time,Part-Time,Unk,,,MA,Project Manager,FEMALE,1514,Exceeds,4,False,126,False,2026-08-31 17:32:05,2467,78621.92,USD,2026-08-31 17:32:05
2126,Chasity,Kennedy,2021-03-08,2022-10-07,Production Technician I,Terminated,Part-Time,Temporary,Involuntary,Terminated due to persistent low performance scores and disengagement following team restructuring.,,MA,Helpdesk,FEMALE,35121,PIP,1,False,127,False,2026-08-31 17:32:05,1316,70264.27,USD,2026-08-31 17:32:05
2127,Makena,Benitez,2019-07-20,,Production Technician I,Active,Contract,Part-Time,Unk,,,MA,Foreman,FEMALE,36490,Needs Improvement,4,False,107,False,2026-08-31 17:32:05,2296,77125.1,USD,2026-08-31 17:32:05
2128,Remington,Walton,2023-03-27,,Production Technician I,Active,Full-Time,Temporary,Unk,,1955-02-10,MA,Foreman,FEMALE,85293,Needs Improvement,2,False,98,False,2026-08-31 17:32:05,2294,79446.48,USD,2026-08-31 17:32:05
2129,Raina,Best,2019-10-07,,Production Technician I,Active,Part-Time,Temporary,Unk,,1988-02-02,MA,Technician,MALE,40632,Needs Improvement,2,False,86,False,2026-08-31 17:32:05,2298,57321.77,USD,2026-08-31 17:32:05
2130,Paulina,Henderson,2022-12-13,,Production Technician I,Active,Contract,Part-Time,Unk,,,MA,Tower Hand,FEMALE,54337,Needs Improvement,1,False,82,False,2026-08-31 17:32:05,1123,67337.82,USD,2026-08-31 17:32:05
2131,Kaiya,Marsh,2020-06-06,2022-03-12,Production Technician I,Voluntarily Terminated,Part-Time,Part-Time,Resignation,,1951-12-03,MA,Laborer,FEMALE,88590,Needs Improvement,4,False,105,False,2026-08-31 17:32:05,1143,61587.65,USD,2026-08-31 17:32:05
2132,Scarlett,Brooks,2022-04-25,,Production Technician I,Active,Full-Time,Full-Time,Unk,,,MA,Technician,FEMALE,70052,Needs Improvement,2,False,442,False,2026-08-31 17:32:05,1316,79532.01,USD,2026-08-31 17:32:05
2133,Makhi,Kramer,2020-07-28,,Production Technician I,Active,Contract,Full-Time,Unk,,,MA,Tower Hand,FEMALE,88134,PIP,1,False,130,False,2026-08-31 17:32:05,2277,48283.27,USD,2026-08-31 17:32:05
2134,Beatrice,Faulkner,2022-02-28,2023-05-31,Production Technician I,Terminated,Part-Time,Temporary,Resignation,Left due to lack of flexibility around hybrid work policies and long commute times.,2001-09-07,MA,Foreman,FEMALE,36904,Exceeds,2,False,87,False,2026-08-31 17:32:05,2449,59433.12,USD,2026-08-31 17:32:05
2135,Valeria,Mayo,2021-10-25,2023-02-18,Production Technician I,Terminated,Contract,Part-Time,Voluntary,Terminated due to persistent low performance scores and disengagement following team restructuring.,,MA,Technician,FEMALE,65653,Exceeds,2,False,126,False,2026-08-31 17:32:05,2467,75643.87,USD,2026-08-31 17:32:05
2136,Darrell,Vaughan,2018-09-12,2020-07-11,Production Technician I,Terminated,Part-Time,Part-Time,Involuntary,Resigned citing below-market compensation and lack of annual salary adjustments.,1991-08-10,MA,Labor,FEMALE,19006,Exceeds,1,False,153,False,2026-08-31 17:32:05,1316,54941.8,USD,2026-08-31 17:32:05
2137,Carlos,Murphy,2022-12-31,,Production Technician II,Future Start,Contract,Full-Time,Involuntary,,,MA,Laborer,FEMALE,53948,Exceeds,5,False,120,False,2026-08-31 17:32:05,2336,72572.75,USD,2026-08-31 17:32:05
2138,Wilson,Sloan,2021-11-04,2023-06-10,Production Technician II,Terminated,Contract,Temporary,Involuntary,Terminated due to persistent low performance scores and disengagement following team restructuring.,1966-11-08,MA,Evp,FEMALE,69346,Exceeds,2,False,116,False,2026-08-31 17:32:05,1252,58397.41,USD,2026-08-31 17:32:05
2139,Kaleb,Elliott,2020-05-05,,Production Technician II,Active,Part-Time,Full-Time,Unk,,,MA,Laborer,FEMALE,3763,Exceeds,2,False,138,False,2026-08-31 17:32:05,1316,79299.25,USD,2026-08-31 17:32:05
2140,Harley,Jones,2020-12-08,,Production Technician II,Active,Contract,Part-Time,Unk,,,MA,Supervisor,FEMALE,74489,Exceeds,2,False,129,False,2026-08-31 17:32:05,2393,75923.54,USD,2026-08-31 17:32:05
2141,Casey,Dixon,2018-09-29,2023-05-20,Production Technician II,Terminated,Contract,Full-Time,Resignation,Terminated due to persistent low performance scores and disengagement following team restructuring.,,MA,Foreman,FEMALE,73814,Exceeds,2,False,89,False,2026-08-31 17:32:05,1316,55546.21,USD,2026-08-31 17:32:05
2142,Josue,Gentry,2020-01-09,2020-11-02,Production Technician II,Terminated,Contract,Temporary,Involuntary,Resigned citing below-market compensation and lack of annual salary adjustments.,,MA,Engineer,FEMALE,40697,Exceeds,2,False,160,False,2026-08-31 17:32:05,2435,71956.76,USD,2026-08-31 17:32:05
2143,Adelaide,Meyer,2020-07-01,,Production Technician II,Future Start,Contract,Temporary,Involuntary,,,MA,Coordinator,FEMALE,46121,Exceeds,1,False,492,False,2026-08-31 17:32:05,1316,56789.98,USD,2026-08-31 17:32:05
2144,Pierre,Craig,2022-08-25,,Production Technician II,Active,Full-Time,Temporary,Unk,,,MA,Laborer,FEMALE,80572,Exceeds,2,False,107,False,2026-08-31 17:32:05,2296,66222.7,USD,2026-08-31 17:32:05
2145,Leo,Hickman,2019-02-27,,Production Technician II,Active,Full-Time,Full-Time,Unk,,1989-04-10,MA,Coordinator,FEMALE,58886,Exceeds,1,False,369,False,2026-08-31 17:32:05,2400,68046.83,USD,2026-08-31 17:32:05
2146,Frankie,Franklin,2019-12-25,2023-06-04,Production Technician I,Voluntarily Terminated,Full-Time,Temporary,Resignation,,1943-03-11,MA,Model Assistant,FEMALE,73772,Exceeds,2,False,123,False,2026-08-31 17:32:05,1186,74035.84,USD,2026-08-31 17:32:05
2147,Vance,Cain,2020-08-14,2021-10-27,Production Technician I,Terminated,Contract,Temporary,Involuntary,Terminated due to persistent low performance scores and disengagement following team restructuring.,1981-06-11,MA,Lineman,FEMALE,80599,Exceeds,4,False,172,False,2026-08-31 17:32:05,1187,45855.78,USD,2026-08-31 17:32:05
2148,Joel,Koch,2021-07-30,,Production Technician I,Active,Full-Time,Full-Time,Unk,,,MA,Splicer,FEMALE,75427,Exceeds,5,False,432,False,2026-08-31 17:32:05,1316,52705.53,USD,2026-08-31 17:32:05
2149,Cheyanne,Hess,2021-05-02,2023-06-27,Production Technician I,Voluntarily Terminated,Full-Time,Temporary,Involuntary,,,MA,Coordinator,FEMALE,90636,Exceeds,5,False,434,False,2026-08-31 17:32:05,1316,69917.12,USD,2026-08-31 17:32:05
2150,Ishaan,Sheppard,2023-01-21,2023-03-29,Production Technician I,Terminated,Full-Time,Full-Time,Voluntary,Terminated due to persistent low performance scores and disengagement following team restructuring.,1971-06-10,MA,Splicer,FEMALE,73850,Exceeds,5,False,137,False,2026-08-31 17:32:05,1316,64723.31,USD,2026-08-31 17:32:05
2151,Areli,Mitchell,2021-01-20,2023-06-27,Production Technician I,Terminated,Contract,Temporary,Involuntary,Resigned citing below-market compensation and lack of annual salary adjustments.,1950-05-12,MA,Engineer,FEMALE,47622,Exceeds,1,False,93,False,2026-08-31 17:32:05,2360,62346.18,USD,2026-08-31 17:32:05
2152,Alexis,Kirby,2020-10-07,,Production Technician I,Active,Part-Time,Temporary,Unk,,1956-07-01,MA,Project Manager,FEMALE,70069,Exceeds,2,False,108,False,2026-08-31 17:32:05,1316,46932.35,USD,2026-08-31 17:32:05
2153,Alfred,Caldwell,2019-06-15,,Production Technician I,Active,Contract,Part-Time,Unk,,1944-10-09,MA,Model Assistant,FEMALE,58613,Exceeds,4,False,119,False,2026-08-31 17:32:05,2285,57189.66,USD,2026-08-31 17:32:05
2154,Julianna,Vang,2022-04-28,,Production Technician I,Active,Part-Time,Temporary,Unk,,1975-08-09,MA,Driller,MALE,3793,Exceeds,4,False,130,False,2026-08-31 17:32:05,2277,75278.51,USD,2026-08-31 17:32:05
2155,Arthur,Wilson,2019-06-29,2023-02-19,Production Technician I,Voluntarily Terminated,Part-Time,Full-Time,Resignation,,,MA,Coordinator,FEMALE,72455,Exceeds,4,False,184,False,2026-08-31 17:32:05,1316,46081.25,USD,2026-08-31 17:32:05
2156,Ariel,Osborn,2018-09-11,2020-03-14,Production Technician I,Terminated,Part-Time,Temporary,Voluntary,Terminated due to persistent low performance scores and disengagement following team restructuring.,,MA,Manager,FEMALE,94916,Exceeds,3,False,143,False,2026-08-31 17:32:05,1316,58875.27,USD,2026-08-31 17:32:05
2157,Ansley,Arias,2020-05-15,2021-12-22,Production Technician I,Terminated,Contract,Full-Time,Retirement,Resigned citing below-market compensation and lack of annual salary adjustments.,1950-02-02,MA,Assistant,FEMALE,1687,Exceeds,4,False,382,False,2026-08-31 17:32:05,1273,78080.19,USD,2026-08-31 17:32:05
2158,Melany,Stafford,2023-02-23,,Production Technician I,Active,Full-Time,Full-Time,Unk,,1962-07-07,MA,Foreman,FEMALE,54978,Exceeds,3,False,105,False,2026-08-31 17:32:05,1143,46780.83,USD,2026-08-31 17:32:05
2159,Matias,Burns,2021-03-23,2022-03-22,Production Technician I,Terminated,Full-Time,Temporary,Resignation,Terminated due to persistent low performance scores and disengagement following team restructuring.,,MA,Lineman,FEMALE,73141,Exceeds,5,False,140,False,2026-08-31 17:32:05,1316,71239.7,USD,2026-08-31 17:32:05
2160,Aden,George,2022-11-07,2023-04-06,Production Technician I,Terminated,Full-Time,Part-Time,Involuntary,Resigned citing below-market compensation and lack of annual salary adjustments.,,MA,Laborer,FEMALE,5804,Exceeds,3,False,121,False,2026-08-31 17:32:05,2414,54016.44,USD,2026-08-31 17:32:05
2161,Rodolfo,Franklin,2021-05-19,,Production Technician I,Active,Contract,Full-Time,Unk,,,MA,Engineer,FEMALE,61393,Exceeds,3,False,380,False,2026-08-31 17:32:05,2276,75331.31,USD,2026-08-31 17:32:05
2162,Juliet,Wall,2021-01-02,,Production Technician II,Active,Full-Time,Temporary,Unk,,1970-05-04,MA,Project Manager,FEMALE,53999,Exceeds,3,False,118,False,2026-08-31 17:32:05,2361,71112.38,USD,2026-08-31 17:32:05
2163,London,Contreras,2019-03-26,,Production Technician II,Active,Contract,Full-Time,Unk,,,MA,Lineman,FEMALE,32240,Exceeds,1,False,382,False,2026-08-31 17:32:05,1273,75999.68,USD,2026-08-31 17:32:05
2164,Kyler,Burton,2020-09-28,,Production Technician II,Active,Part-Time,Full-Time,Unk,,,MA,Technician,FEMALE,95333,Exceeds,3,False,354,False,2026-08-31 17:32:05,1316,52557.37,USD,2026-08-31 17:32:05
2165,Yasmine,Hughes,2019-03-16,2020-04-26,Production Technician II,Terminated,Contract,Full-Time,Involuntary,Terminated due to persistent low performance scores and disengagement following team restructuring.,1948-06-02,MA,Laborer,FEMALE,26451,Exceeds,3,False,97,False,2026-08-31 17:32:05,1165,63595.25,USD,2026-08-31 17:32:05
2166,Dillon,Sullivan,2019-03-20,,Production Technician II,Active,Contract,Part-Time,Unk,,1997-09-09,MA,Operator,FEMALE,7438,Exceeds,3,False,130,False,2026-08-31 17:32:05,2277,72274.45,USD,2026-08-31 17:32:05
2167,Kendrick,Ashley,2018-12-30,,Production Technician II,Future Start,Part-Time,Temporary,Voluntary,,,MA,Administrator,FEMALE,5348,Exceeds,3,False,358,False,2026-08-31 17:32:05,1316,53599.49,USD,2026-08-31 17:32:05
2168,Rashad,Mayo,2018-08-08,,Production Technician II,Active,Part-Time,Full-Time,Unk,,,MA,Technician,FEMALE,26000,Exceeds,3,False,91,False,2026-08-31 17:32:05,2364,53076.12,USD,2026-08-31 17:32:05
2169,Larissa,Warner,2020-07-04,2022-05-11,Production Technician II,Terminated,Full-Time,Full-Time,Retirement,Resigned citing below-market compensation and lack of annual salary adjustments.,,MA,Flagger,FEMALE,81396,Exceeds,3,False,148,False,2026-08-31 17:32:05,1122,45951.37,USD,2026-08-31 17:32:05
2170,Delilah,Cooke,2023-01-29,,Production Technician I,Active,Full-Time,Part-Time,Unk,,,MA,Billing,FEMALE,65842,Exceeds,3,False,161,False,2026-08-31 17:32:05,1209,78548.04,USD,2026-08-31 17:32:05
2171,Simone,Sharp,2021-08-09,2022-05-27,Production Technician I,Terminated,Full-Time,Part-Time,Resignation,Terminated due to persistent low performance scores and disengagement following team restructuring.,1992-11-02,MA,Executive Assistant,FEMALE,34460,Exceeds,3,False,491,False,2026-08-31 17:32:05,1316,69850.59,USD,2026-08-31 17:32:05
2172,Cristofer,Mcbride,2021-05-16,2023-06-30,Production Technician I,Voluntarily Terminated,Part-Time,Temporary,Retirement,,1994-01-06,MA,Laborer,FEMALE,84884,Exceeds,3,False,130,False,2026-08-31 17:32:05,2277,67244.61,USD,2026-08-31 17:32:05
2173,Charlize,Wong,2021-08-14,2021-10-08,Production Technician I,Voluntarily Terminated,Contract,Part-Time,Retirement,,1987-04-10,MA,Engineer,FEMALE,6115,Exceeds,3,False,141,False,2026-08-31 17:32:05,2337,71039.82,USD,2026-08-31 17:32:05
2174,Adelaide,Herman,2022-02-08,,Production Technician I,Active,Full-Time,Temporary,Unk,,,MA,Coordinator,FEMALE,6918,Exceeds,3,False,384,False,2026-08-31 17:32:05,1316,63606.45,USD,2026-08-31 17:32:05
2175,Kason,Ellison,2019-12-16,2020-06-21,Production Technician I,Terminated,Contract,Temporary,Voluntary,Resigned citing below-market compensation and lack of annual salary adjustments.,1987-02-10,MA,Technician,FEMALE,71740,Exceeds,2,False,83,False,2026-08-31 17:32:05,2318,61664.68,USD,2026-08-31 17:32:05
2176,Tyree,Weaver,2021-10-07,,Production Technician I,Active,Full-Time,Full-Time,Unk,,,MA,Foreman,FEMALE,4056,Exceeds,2,False,107,False,2026-08-31 17:32:05,2296,60733.63,USD,2026-08-31 17:32:05
2177,Landen,Figueroa,2020-12-23,,Production Technician I,Active,Full-Time,Full-Time,Unk,,1951-02-09,MA,Supervisor,MALE,35807,PIP,4,False,497,False,2026-08-31 17:32:05,2280,67415.37,USD,2026-08-31 17:32:05
2178,Francis,Robbins,2022-11-01,,Production Technician I,Active,Contract,Part-Time,Unk,,,MA,Engineer,FEMALE,86281,PIP,4,False,94,False,2026-08-31 17:32:05,1316,52053.72,USD,2026-08-31 17:32:05
2179,Raphael,Solomon,2022-10-28,2023-05-27,Production Technician I,Voluntarily Terminated,Contract,Full-Time,Retirement,,1996-04-01,MA,Supervisor,FEMALE,28181,PIP,4,False,179,False,2026-08-31 17:32:05,1142,76082.05,USD,2026-08-31 17:32:05
2180,Zariah,Castaneda,2018-11-03,2023-05-03,Production Technician I,Terminated,Full-Time,Full-Time,Resignation,Terminated due to persistent low performance scores and disengagement following team restructuring.,1980-10-08,MA,Technician,FEMALE,74027,PIP,5,False,105,False,2026-08-31 17:32:05,1143,73411.33,USD,2026-08-31 17:32:05
2181,Trevin,Lambert,2019-03-05,2020-03-16,Production Technician I,Terminated,Contract,Temporary,Resignation,Resigned citing below-market compensation and lack of annual salary adjustments.,,MA,Foreman,FEMALE,94011,PIP,5,False,97,False,2026-08-31 17:32:05,1165,57234.73,USD,2026-08-31 17:32:05
2182,Nathalie,Hays,2021-03-14,,Production Technician I,Active,Full-Time,Part-Time,Unk,,,MA,Engineer,FEMALE,96129,Exceeds,4,False,383,False,2026-08-31 17:32:05,1316,65251.33,USD,2026-08-31 17:32:05
2183,Bria,Bush,2018-12-13,,Production Technician I,Active,Contract,Full-Time,Unk,,1949-12-09,MA,Manager,FEMALE,81415,Exceeds,5,False,506,False,2026-08-31 17:32:05,1316,49935.96,USD,2026-08-31 17:32:05
2184,Mason,Brewer,2021-09-05,2023-03-31,Production Technician I,Terminated,Full-Time,Part-Time,Retirement,Resigned citing below-market compensation and lack of annual salary adjustments.,,MA,Laborer,FEMALE,22258,Exceeds,2,False,2,False,2026-08-31 17:32:05,1121,79032.12,USD,2026-08-31 17:32:05
2185,Salvatore,Snyder,2020-05-17,2022-02-18,Production Technician II,Voluntarily Terminated,Contract,Full-Time,Involuntary,,,MA,Groundman,FEMALE,13138,Exceeds,5,False,357,False,2026-08-31 17:32:05,2297,76601.24,USD,2026-08-31 17:32:05
2186,Vivian,Hickman,2023-03-03,2023-03-23,Production Technician II,Terminated,Part-Time,Temporary,Voluntary,Terminated due to persistent low performance scores and disengagement following team restructuring.,,MA,Technician,MALE,74447,Exceeds,1,False,82,False,2026-08-31 17:32:05,1123,77266.41,USD,2026-08-31 17:32:05
2187,Amaris,Kirk,2020-02-28,,Production Technician II,Active,Part-Time,Full-Time,Unk,,,MA,Program Manager,FEMALE,31571,Exceeds,5,False,96,False,2026-08-31 17:32:05,1124,56625.71,USD,2026-08-31 17:32:05
2188,Grant,York,2021-02-11,2023-06-28,Production Technician II,Terminated,Part-Time,Part-Time,Involuntary,Left due to lack of flexibility around hybrid work policies and long commute times.,,MA,Laborer,FEMALE,1509,Exceeds,2,False,97,False,2026-08-31 17:32:05,1165,50919.71,USD,2026-08-31 17:32:05
2189,Tyree,Mahoney,2019-01-25,,Production Technician II,Active,Part-Time,Temporary,Unk,,1944-04-07,MA,Shop,FEMALE,15861,Needs Improvement,5,False,85,False,2026-08-31 17:32:05,1316,52412.03,USD,2026-08-31 17:32:05
2190,Kimberly,Horn,2023-04-25,2023-06-15,Production Technician II,Terminated,Part-Time,Full-Time,Voluntary,Resigned citing below-market compensation and lack of annual salary adjustments.,,MA,Laborer,FEMALE,46637,Needs Improvement,5,False,121,False,2026-08-31 17:32:05,2414,48150.05,USD,2026-08-31 17:32:05
2191,Paul,Moreno,2021-02-14,2023-04-19,Production Technician II,Terminated,Contract,Part-Time,Retirement,Left due to lack of flexibility around hybrid work policies and long commute times.,,MA,Engineer,FEMALE,47342,Needs Improvement,5,False,126,False,2026-08-31 17:32:05,2467,49203.87,USD,2026-08-31 17:32:05
2192,Macey,Christian,2020-10-07,2023-01-18,Production Technician II,Terminated,Part-Time,Part-Time,Voluntary,Terminated due to persistent low performance scores and disengagement following team restructuring.,,MA,Administration,FEMALE,41219,Needs Improvement,1,False,148,False,2026-08-31 17:32:05,1122,47495.66,USD,2026-08-31 17:32:05
2193,Joel,Bowen,2019-02-28,2023-06-01,Production Technician I,Voluntarily Terminated,Part-Time,Part-Time,Involuntary,,1963-01-08,MA,Laborer,MALE,67704,Needs Improvement,4,False,82,False,2026-08-31 17:32:05,1123,79643.81,USD,2026-08-31 17:32:05
2194,Isis,Vega,2019-07-27,,Production Technician I,Active,Full-Time,Temporary,Unk,,,MA,Laborer,FEMALE,57434,Needs Improvement,2,False,105,False,2026-08-31 17:32:05,1143,47592.02,USD,2026-08-31 17:32:05
2195,Josie,Mercer,2023-06-02,2023-07-07,Production Technician I,Terminated,Contract,Part-Time,Voluntary,Terminated due to persistent low performance scores and disengagement following team restructuring.,,MA,Laborer,FEMALE,46366,Needs Improvement,2,False,146,False,2026-08-31 17:32:05,1316,49638.97,USD,2026-08-31 17:32:05
2196,Ellie,Ortega,2022-11-14,2023-01-04,Production Technician I,Voluntarily Terminated,Full-Time,Full-Time,Resignation,,,MA,Operator,MALE,15989,Needs Improvement,5,False,362,False,2026-08-31 17:32:05,2453,73953.91,USD,2026-08-31 17:32:05
2197,Adrien,Maddox,2018-08-22,2021-11-10,Production Technician I,Voluntarily Terminated,Contract,Full-Time,Involuntary,,1983-12-04,MA,Operator,FEMALE,77437,Needs Improvement,4,False,99,False,2026-08-31 17:32:05,1316,65308.41,USD,2026-08-31 17:32:05
2198,Landyn,Velez,2022-12-15,2022-12-29,Production Technician I,Terminated,Contract,Temporary,Retirement,Terminated due to persistent low performance scores and disengagement following team restructuring.,1963-01-07,MA,Driver,FEMALE,63184,Exceeds,1,False,91,False,2026-08-31 17:32:05,2364,72104.6,USD,2026-08-31 17:32:05
2199,Lilly,Haynes,2020-05-31,,Production Technician I,Active,Full-Time,Full-Time,Unk,,1977-10-07,MA,Manager,FEMALE,15120,Exceeds,4,False,148,False,2026-08-31 17:32:05,1122,67081.92,USD,2026-08-31 17:32:05
2200,Bianca,Cardenas,2022-07-19,,Production Technician I,Active,Contract,Full-Time,Unk,,,MA,Laborer,FEMALE,4751,Exceeds,4,False,107,False,2026-08-31 17:32:05,2296,75876.13,USD,2026-08-31 17:32:05
2201,Cayden,Bartlett,2020-07-01,,Production Technician I,Active,Contract,Part-Time,Unk,,,MA,Technician,MALE,37225,Exceeds,2,False,434,False,2026-08-31 17:32:05,1316,67346.36,USD,2026-08-31 17:32:05
2202,Desiree,Walker,2020-11-18,,Production Technician I,Active,Contract,Part-Time,Unk,,1969-01-01,MA,Project Manager,FEMALE,92017,Exceeds,4,False,118,False,2026-08-31 17:32:05,2361,63274.38,USD,2026-08-31 17:32:05
2203,Colton,Le,2020-02-29,2021-05-20,Production Technician I,Voluntarily Terminated,Contract,Part-Time,Involuntary,,1986-05-04,MA,Technician,FEMALE,42742,Exceeds,1,False,189,False,2026-08-31 17:32:05,2291,69946.24,USD,2026-08-31 17:32:05
2204,Leonidas,Bridges,2021-09-24,2022-01-28,Production Technician I,Terminated,Part-Time,Part-Time,Retirement,Terminated due to persistent low performance scores and disengagement following team restructuring.,,MA,Supervisor,FEMALE,58905,Needs Improvement,2,False,513,False,2026-08-31 17:32:05,2402,60658.75,USD,2026-08-31 17:32:05
2205,Gia,Franco,2022-04-13,2023-07-30,Production Technician I,Terminated,Full-Time,Full-Time,Involuntary,Resigned citing below-market compensation and lack of annual salary adjustments.,,MA,Administrator,FEMALE,32235,Needs Improvement,4,False,162,False,2026-08-31 17:32:05,1316,57112.23,USD,2026-08-31 17:32:05
2206,Audrina,Williams,2022-10-25,,Production Technician I,Active,Contract,Temporary,Unk,,1942-09-01,MA,Tower Hand,FEMALE,40461,Needs Improvement,5,False,130,False,2026-08-31 17:32:05,2277,61367.84,USD,2026-08-31 17:32:05
2207,Sam,Knight,2021-01-27,,Production Technician I,Active,Full-Time,Full-Time,Unk,,1953-06-06,MA,Welder,FEMALE,97669,Needs Improvement,5,False,106,False,2026-08-31 17:32:05,2295,50939.99,USD,2026-08-31 17:32:05
2208,Lisa,Galia,2018-09-21,,IT Support,Active,Full-Time,Full-Time,Unk,,,CT,Technician,FEMALE,6040,Needs Improvement,5,False,459,False,2026-08-31 17:32:05,1645,72880.01,USD,2026-08-31 17:32:05
2209,Rick,Clayton,2020-04-14,,IT Support,Active,Part-Time,Part-Time,Unk,,,MA,Groundman,MALE,2170,Needs Improvement,5,False,514,False,2026-08-31 17:32:05,1316,54124.63,USD,2026-08-31 17:32:05
2210,Julia,Soto,2021-05-31,2022-10-31,IT Support,Terminated,Part-Time,Temporary,Resignation,Terminated due to persistent low performance scores and disengagement following team restructuring.,1965-12-02,MA,Vp,FEMALE,2360,Exceeds,4,False,458,False,2026-08-31 17:32:05,1316,50373.6,USD,2026-08-31 17:32:05
2211,Leonara,Lindsay,2020-04-10,,IT Support,Active,Contract,Temporary,Unk,,,CT,Administrator,FEMALE,6070,Exceeds,5,False,206,False,2026-08-31 17:32:05,2252,53622.33,USD,2026-08-31 17:32:05
2212,Savanna,Mayo,2022-07-03,2023-03-22,IT Support,Terminated,Full-Time,Part-Time,Involuntary,Left due to lack of flexibility around hybrid work policies and long commute times.,1991-11-05,MA,Cfo,FEMALE,74179,Exceeds,1,False,282,False,2026-08-31 17:32:05,2494,74472.46,USD,2026-08-31 17:32:05
2213,Branden,Khan,2023-03-15,2023-05-10,IT Support,Terminated,Part-Time,Full-Time,Retirement,Terminated due to persistent low performance scores and disengagement following team restructuring.,1965-03-09,MA,Shop,FEMALE,8415,Exceeds,5,False,515,False,2026-08-31 17:32:05,1316,56557.05,USD,2026-08-31 17:32:05
2214,Aiden,Wade,2021-07-29,2022-08-12,IT Support,Terminated,Contract,Full-Time,Resignation,Resigned citing below-market compensation and lack of annual salary adjustments.,,MA,Tower Hand,FEMALE,8196,Exceeds,4,False,218,False,2026-08-31 17:32:05,2567,69011.75,USD,2026-08-31 17:32:05
2215,Conrad,Ochoa,2022-02-05,2023-01-13,IT Support,Terminated,Contract,Temporary,Resignation,Left due to lack of flexibility around hybrid work policies and long commute times.,,MA,Engineer,FEMALE,95814,Exceeds,1,False,257,False,2026-08-31 17:32:05,2504,74974.34,USD,2026-08-31 17:32:05
2216,Jaylyn,Bruce,2022-11-09,,IT Manager - Support,Active,Part-Time,Temporary,Unk,,1972-10-02,MA,Technician,FEMALE,21899,Exceeds,1,False,251,False,2026-08-31 17:32:05,1316,72721.06,USD,2026-08-31 17:32:05
2217,Kaylie,Ayers,2020-11-23,2020-12-14,IT Manager - Infra,Terminated,Part-Time,Temporary,Voluntary,Resigned citing below-market compensation and lack of annual salary adjustments.,,CT,Director,FEMALE,52244,Exceeds,4,False,516,False,2026-08-31 17:32:05,1316,96775.85,USD,2026-08-31 17:32:05
2218,Abdullah,Arellano,2019-02-21,2022-10-21,IT Manager - DB,Terminated,Part-Time,Part-Time,Resignation,Left due to lack of flexibility around hybrid work policies and long commute times.,1967-08-11,MA,Foreman,FEMALE,29237,Exceeds,4,False,219,False,2026-08-31 17:32:05,2484,80768.29,USD,2026-08-31 17:32:05
2219,Hazel,Lane,2022-09-25,2023-05-06,IT Support,Terminated,Part-Time,Part-Time,Retirement,Terminated due to persistent low performance scores and disengagement following team restructuring.,,MA,Laborer,FEMALE,8635,Exceeds,5,False,517,False,2026-08-31 17:32:05,1316,52581.78,USD,2026-08-31 17:32:05
2220,Lilah,Harrison,2022-09-17,,IT Support,Active,Contract,Temporary,Unk,,1961-03-09,MA,Engineer,FEMALE,30879,Exceeds,4,False,272,False,2026-08-31 17:32:05,1316,69111.55,USD,2026-08-31 17:32:05
2221,Cedric,Sawyer,2019-05-31,,IT Support,Active,Contract,Part-Time,Unk,,,MA,Laborer,FEMALE,49637,Exceeds,4,False,282,False,2026-08-31 17:32:05,2494,76842.88,USD,2026-08-31 17:32:05
2222,Caiden,Lam,2020-07-21,2021-08-18,IT Support,Terminated,Part-Time,Temporary,Resignation,Terminated due to persistent low performance scores and disengagement following team restructuring.,,MA,Laborer,FEMALE,77955,Exceeds,4,False,286,False,2026-08-31 17:32:05,1655,55325.67,USD,2026-08-31 17:32:05
2223,Isla,Hawkins,2020-07-04,,IT Manager - Support,Active,Full-Time,Temporary,Unk,,,MA,Vp,FEMALE,43748,Exceeds,2,False,518,False,2026-08-31 17:32:05,1623,89909.18,USD,2026-08-31 17:32:05
2224,Hadley,Nash,2020-10-13,,IT Manager - Infra,Active,Full-Time,Temporary,Unk,,,CT,Groundman,FEMALE,8958,Exceeds,4,False,227,False,2026-08-31 17:32:05,1316,80144.19,USD,2026-08-31 17:32:05
2225,Milo,Jensen,2023-05-01,,IT Manager - DB,Active,Part-Time,Full-Time,Unk,,1971-03-12,MA,Project Manager,MALE,84923,Exceeds,2,False,204,False,2026-08-31 17:32:05,1316,89400.0,USD,2026-08-31 17:32:05
2226,Zechariah,Strong,2019-03-22,2021-06-17,IT Support,Terminated,Contract,Full-Time,Resignation,Resigned citing below-market compensation and lack of annual salary adjustments.,1960-07-09,MA,Administrative,FEMALE,73392,Exceeds,1,False,293,False,2026-08-31 17:32:05,1316,66765.17,USD,2026-08-31 17:32:05
2227,Raymond,Maldonado,2021-12-27,,IT Support,Active,Contract,Full-Time,Unk,,1995-05-06,MA,Lineman,FEMALE,13915,Needs Improvement,5,False,470,False,2026-08-31 17:32:05,1682,66361.74,USD,2026-08-31 17:32:05
2228,Kayley,Romero,2018-08-12,2022-06-13,IT Support,Terminated,Part-Time,Part-Time,Resignation,Terminated due to persistent low performance scores and disengagement following team restructuring.,,MA,Laborer,FEMALE,58630,PIP,4,False,253,False,2026-08-31 17:32:05,1316,66824.12,USD,2026-08-31 17:32:05
2229,Antonio,Gray,2022-12-28,,IT Support,Active,Part-Time,Temporary,Unk,,1977-01-10,MA,Laborer,FEMALE,11746,PIP,4,False,519,False,2026-08-31 17:32:05,1316,49727.79,USD,2026-08-31 17:32:05
2230,Kane,Mcfarland,2018-11-25,,IT Manager - Support,Active,Part-Time,Full-Time,Unk,,,CT,Supervisor,FEMALE,51949,Fully Meets,2,False,25,False,2026-08-31 17:32:05,1316,94273.92,USD,2026-08-31 17:32:05
2231,Kylie,Ellis,2020-12-26,,IT Manager - Infra,Active,Full-Time,Part-Time,Unk,,,CT,Laborer,FEMALE,54795,Fully Meets,2,False,251,False,2026-08-31 17:32:05,1316,93616.26,USD,2026-08-31 17:32:05
2232,Jovan,Giles,2022-12-16,,IT Manager - DB,Active,Part-Time,Full-Time,Unk,,1942-05-10,MA,Engineer,MALE,79191,Fully Meets,5,False,244,False,2026-08-31 17:32:05,2489,93890.58,USD,2026-08-31 17:32:05
2233,Sheldon,Castillo,2019-09-27,,IT Support,Active,Contract,Full-Time,Unk,,,MA,Lineman,FEMALE,93777,Fully Meets,1,False,520,False,2026-08-31 17:32:05,1316,47592.47,USD,2026-08-31 17:32:05
2234,Ariel,Barnes,2021-02-20,2022-01-09,IT Support,Terminated,Part-Time,Full-Time,Resignation,Terminated due to persistent low performance scores and disengagement following team restructuring.,,MA,Laborer,FEMALE,87474,Fully Meets,2,False,288,False,2026-08-31 17:32:05,1316,60639.36,USD,2026-08-31 17:32:05
2235,Kyson,Grimes,2022-02-26,,IT Support,Active,Full-Time,Full-Time,Unk,,,MA,Model Assistant,FEMALE,37994,Fully Meets,1,False,521,False,2026-08-31 17:32:05,1316,59316.23,USD,2026-08-31 17:32:05
2236,Princess,Long,2018-12-23,2021-10-11,IT Support,Terminated,Full-Time,Temporary,Involuntary,Left due to lack of flexibility around hybrid work policies and long commute times.,,CT,Project Manager,FEMALE,44145,Fully Meets,1,False,257,False,2026-08-31 17:32:05,2504,48034.9,USD,2026-08-31 17:32:05
2237,Lyla,Wong,2022-01-10,2023-01-04,IT Manager - Support,Terminated,Full-Time,Temporary,Resignation,Terminated due to persistent low performance scores and disengagement following team restructuring.,,CT,Laborer,FEMALE,25760,Fully Meets,2,False,522,False,2026-08-31 17:32:05,1316,77782.88,USD,2026-08-31 17:32:05
2238,Shyanne,Livingston,2021-03-04,2021-12-06,IT Manager - Infra,Terminated,Part-Time,Temporary,Resignation,Resigned citing below-market compensation and lack of annual salary adjustments.,,CT,Purchasing,MALE,55252,Fully Meets,2,False,523,False,2026-08-31 17:32:05,1316,85433.69,USD,2026-08-31 17:32:05
2239,Dario,Whitney,2023-03-10,2023-04-04,IT Manager - DB,Terminated,Full-Time,Part-Time,Retirement,Left due to lack of flexibility around hybrid work policies and long commute times.,1962-11-12,MA,Manager,MALE,62468,Fully Meets,5,False,524,False,2026-08-31 17:32:05,1316,96001.72,USD,2026-08-31 17:32:05
2240,Pedro,Nelson,2018-12-05,,IT Support,Active,Part-Time,Part-Time,Unk,,,MA,Accounting,FEMALE,91567,Fully Meets,2,False,472,False,2026-08-31 17:32:05,1316,53297.17,USD,2026-08-31 17:32:05
2241,Carlo,Carr,2021-06-24,,IT Support,Active,Part-Time,Part-Time,Unk,,1981-01-06,MA,Engineer,FEMALE,5139,Fully Meets,2,False,525,False,2026-08-31 17:32:05,1316,74041.25,USD,2026-08-31 17:32:05
2242,Aileen,Pacheco,2022-05-10,2022-07-16,IT Support,Terminated,Full-Time,Temporary,Resignation,Left due to lack of flexibility around hybrid work policies and long commute times.,,MA,Runner,FEMALE,48114,Fully Meets,4,False,282,False,2026-08-31 17:32:05,2494,64102.94,USD,2026-08-31 17:32:05
2243,Dorian,Wu,2023-04-13,2023-05-03,IT Support,Terminated,Full-Time,Part-Time,Involuntary,Terminated due to persistent low performance scores and disengagement following team restructuring.,,CT,Accounting,FEMALE,90316,Fully Meets,4,False,526,False,2026-08-31 17:32:05,1316,71614.76,USD,2026-08-31 17:32:05
2244,Monica,Pham,2022-08-04,,IT Manager - Support,Active,Contract,Temporary,Unk,,1949-08-12,CT,Driller,FEMALE,47299,Fully Meets,4,False,15,False,2026-08-31 17:32:05,2497,86539.46,USD,2026-08-31 17:32:05
2245,Londyn,Underwood,2021-02-28,2022-07-13,IT Manager - Infra,Terminated,Part-Time,Part-Time,Resignation,Left due to lack of flexibility around hybrid work policies and long commute times.,,MA,Supervisor,MALE,54056,Fully Meets,5,False,471,False,2026-08-31 17:32:05,1316,87471.8,USD,2026-08-31 17:32:05
2246,Britney,Logan,2020-10-14,2022-04-10,IT Manager - DB,Terminated,Contract,Part-Time,Resignation,Terminated due to persistent low performance scores and disengagement following team restructuring.,,MA,Technician,MALE,7728,Fully Meets,4,False,244,False,2026-08-31 17:32:05,2489,91690.18,USD,2026-08-31 17:32:05
2247,Alessandra,Novak,2018-09-10,2023-06-08,IT Support,Terminated,Part-Time,Temporary,Resignation,Resigned citing below-market compensation and lack of annual salary adjustments.,1983-10-04,MA,Engineer,FEMALE,70092,Fully Meets,2,False,236,False,2026-08-31 17:32:05,1316,77478.97,USD,2026-08-31 17:32:05
2248,Ariel,Powers,2022-12-16,2023-05-28,IT Support,Terminated,Part-Time,Temporary,Retirement,Left due to lack of flexibility around hybrid work policies and long commute times.,,MA,Laborer,FEMALE,71142,Fully Meets,2,False,76,False,2026-08-31 17:32:05,3545,62213.44,USD,2026-08-31 17:32:05
2249,Jewel,Bryant,2018-09-28,2019-01-26,IT Support,Terminated,Contract,Part-Time,Voluntary,Terminated due to persistent low performance scores and disengagement following team restructuring.,1994-07-11,MA,Laborer,FEMALE,2760,Fully Meets,4,False,282,False,2026-08-31 17:32:05,2494,63503.01,USD,2026-08-31 17:32:05
2250,Irene,Kim,2022-03-08,2022-04-26,IT Support,Terminated,Contract,Temporary,Involuntary,Resigned citing below-market compensation and lack of annual salary adjustments.,1962-02-09,CT,Groundman,FEMALE,13557,Fully Meets,5,False,451,False,2026-08-31 17:32:05,1644,66069.89,USD,2026-08-31 17:32:05
2251,Carla,Willis,2022-01-12,,IT Manager - Support,Active,Part-Time,Temporary,Unk,,1978-03-10,MA,Program Manager,FEMALE,81938,Fully Meets,2,False,527,False,2026-08-31 17:32:05,1316,95813.03,USD,2026-08-31 17:32:05
2252,Ricardo,Fitzgerald,2020-12-08,,IT Manager - Infra,Active,Contract,Part-Time,Unk,,1973-12-11,MA,Coordinator,MALE,73648,Fully Meets,4,False,206,False,2026-08-31 17:32:05,1316,72514.76,USD,2026-08-31 17:32:05
2253,Steven,Jarvis,2020-11-17,,IT Support,Active,Full-Time,Full-Time,Unk,,1982-05-02,MA,Technician,FEMALE,73024,Fully Meets,1,False,15,False,2026-08-31 17:32:05,3442,63049.06,USD,2026-08-31 17:32:05
2254,Benjamin,Marquez,2021-01-18,,IT Support,Active,Full-Time,Part-Time,Unk,,,MA,Administrator,FEMALE,44031,Fully Meets,2,False,213,False,2026-08-31 17:32:05,1709,61855.71,USD,2026-08-31 17:32:05
2255,Gabrielle,Mercer,2020-09-15,2021-10-01,IT Support,Terminated,Full-Time,Part-Time,Involuntary,Terminated due to persistent low performance scores and disengagement following team restructuring.,,MA,Lineman,FEMALE,67812,Fully Meets,2,False,286,False,2026-08-31 17:32:05,1655,77258.97,USD,2026-08-31 17:32:05
2256,Kaylyn,Pham,2019-12-11,,IT Support,Active,Part-Time,Full-Time,Unk,,,CT,Driller,FEMALE,67840,Fully Meets,5,False,206,False,2026-08-31 17:32:05,2252,62272.73,USD,2026-08-31 17:32:05
2257,Ingrid,Lucero,2021-04-29,2022-06-10,IT Manager - Support,Terminated,Contract,Full-Time,Voluntary,Left due to lack of flexibility around hybrid work policies and long commute times.,,MA,Administrative,MALE,77019,Fully Meets,2,False,528,False,2026-08-31 17:32:05,1316,86391.22,USD,2026-08-31 17:32:05
2258,Keshawn,Gilmore,2021-04-03,,IT Manager - Infra,Active,Full-Time,Part-Time,Unk,,,MA,Engineer,MALE,88137,Fully Meets,2,False,529,False,2026-08-31 17:32:05,1316,103677.0,USD,2026-08-31 17:32:05
2259,Connor,Wang,2022-02-01,,IT Support,Active,Part-Time,Temporary,Unk,,,MA,Drafter,FEMALE,76781,Fully Meets,1,False,293,False,2026-08-31 17:32:05,1316,60770.18,USD,2026-08-31 17:32:05
2260,Rocco,Vaughan,2020-01-17,2021-09-30,IT Support,Terminated,Part-Time,Temporary,Voluntary,Left due to lack of flexibility around hybrid work policies and long commute times.,,MA,Billing,FEMALE,17501,Fully Meets,1,False,204,False,2026-08-31 17:32:05,1687,51330.96,USD,2026-08-31 17:32:05
2261,Samuel,Jennings,2022-06-01,,IT Support,Active,Full-Time,Part-Time,Unk,,1958-01-06,CT,Foreman,FEMALE,24054,Fully Meets,2,False,279,False,2026-08-31 17:32:05,1316,52592.06,USD,2026-08-31 17:32:05
2262,Shane,Harper,2019-03-17,,IT Support,Active,Contract,Temporary,Unk,,1950-03-10,CT,Engineer,FEMALE,84506,Fully Meets,2,False,529,False,2026-08-31 17:32:05,2258,48331.56,USD,2026-08-31 17:32:05
2263,Kali,Yates,2020-01-07,,IT Manager - Support,Active,Contract,Temporary,Unk,,1965-09-10,MA,Assistant,MALE,10273,Fully Meets,2,False,198,False,2026-08-31 17:32:05,1316,70019.88,USD,2026-08-31 17:32:05
2264,Piper,Guzman,2021-02-24,2021-12-29,IT Manager - Infra,Terminated,Part-Time,Part-Time,Involuntary,Terminated due to persistent low performance scores and disengagement following team restructuring.,1979-05-03,MA,Manager,MALE,4377,Fully Meets,5,False,422,False,2026-08-31 17:32:05,1316,85118.1,USD,2026-08-31 17:32:05
2265,Halle,Pena,2019-12-30,,IT Support,Active,Contract,Part-Time,Unk,,,MA,Construction Manager,FEMALE,87370,Fully Meets,1,False,219,False,2026-08-31 17:32:05,1669,71923.49,USD,2026-08-31 17:32:05
2266,Jameson,Eaton,2020-05-12,2021-03-17,IT Support,Terminated,Full-Time,Temporary,Resignation,Left due to lack of flexibility around hybrid work policies and long commute times.,1975-10-02,MA,Construction Manager,FEMALE,84988,Fully Meets,5,False,76,False,2026-08-31 17:32:05,3545,70671.33,USD,2026-08-31 17:32:05
2267,Antony,Brandt,2023-04-04,,IT Support,Active,Full-Time,Part-Time,Unk,,,CT,Technician,FEMALE,43148,Fully Meets,4,False,476,False,2026-08-31 17:32:05,2490,46125.22,USD,2026-08-31 17:32:05
2268,Armani,Rogers,2021-01-04,2022-04-28,IT Support,Terminated,Contract,Full-Time,Resignation,Resigned citing below-market compensation and lack of annual salary adjustments.,1963-06-08,CT,Technician,MALE,58818,Fully Meets,2,False,270,False,2026-08-31 17:32:05,1666,64949.4,USD,2026-08-31 17:32:05
2269,Jacoby,Lyons,2020-04-28,2022-12-01,IT Manager - Support,Terminated,Full-Time,Full-Time,Resignation,Left due to lack of flexibility around hybrid work policies and long commute times.,,MA,Ceo,MALE,42997,Fully Meets,1,False,530,False,2026-08-31 17:32:05,1316,75399.91,USD,2026-08-31 17:32:05
2270,Dylan,Livingston,2019-04-16,2021-07-31,IT Support,Terminated,Contract,Part-Time,Resignation,Terminated due to persistent low performance scores and disengagement following team restructuring.,,MA,Manager,FEMALE,93829,Fully Meets,4,False,527,False,2026-08-31 17:32:05,2251,77937.67,USD,2026-08-31 17:32:05
2271,Raelynn,Compton,2022-07-09,,IT Support,Active,Full-Time,Temporary,Unk,,,MA,Tower Hand,FEMALE,48655,Fully Meets,2,False,219,False,2026-08-31 17:32:05,1669,50857.77,USD,2026-08-31 17:32:05
2272,Darryl,Richmond,2022-08-29,2023-01-15,IT Support,Terminated,Part-Time,Full-Time,Retirement,Left due to lack of flexibility around hybrid work policies and long commute times.,1987-04-04,CT,Laborer,FEMALE,62715,Fully Meets,2,False,199,False,2026-08-31 17:32:05,1316,66932.37,USD,2026-08-31 17:32:05
2273,Ana,Stafford,2020-01-26,2020-12-11,IT Support,Terminated,Full-Time,Part-Time,Resignation,Terminated due to persistent low performance scores and disengagement following team restructuring.,,CT,Planner,MALE,75785,Fully Meets,4,False,531,False,2026-08-31 17:32:05,1316,56418.34,USD,2026-08-31 17:32:05
2274,Carlos,Mccoy,2020-02-18,,IT Manager - Support,Active,Full-Time,Temporary,Unk,,,MA,Lineman,MALE,52491,Fully Meets,4,False,464,False,2026-08-31 17:32:05,1316,92454.65,USD,2026-08-31 17:32:05
2275,Michael,Albert,2022-01-25,,Production Manager,Active,Part-Time,Full-Time,Unk,,1950-09-12,MA,Runner,MALE,2169,Fully Meets,2,False,182,False,2026-08-31 17:32:05,1316,84429.05,USD,2026-08-31 17:32:05
2276,Courtney E,Wallace,2023-07-10,,Production Manager,Active,Full-Time,Temporary,Unk,,,MA,Project Manager,FEMALE,2478,Fully Meets,1,False,380,False,2026-08-31 17:32:05,1316,96587.51,USD,2026-08-31 17:32:05
2277,Amy,Dunn,2022-04-14,,Production Manager,Active,Contract,Temporary,Unk,,,MA,Technician,FEMALE,1731,Fully Meets,5,False,130,False,2026-08-31 17:32:05,1316,78073.77,USD,2026-08-31 17:32:05
2278,Kissy,Sullivan,2022-07-10,,Production Manager,Active,Part-Time,Temporary,Unk,,,MA,Operator,FEMALE,1776,Fully Meets,4,False,532,False,2026-08-31 17:32:05,1316,101702.71,USD,2026-08-31 17:32:05
2279,Walter,Immediato,2022-06-27,,Production Manager,Active,Contract,Full-Time,Unk,,1977-12-02,MA,Safety,MALE,2128,Fully Meets,1,False,533,False,2026-08-31 17:32:05,1316,87507.34,USD,2026-08-31 17:32:05
2280,Ebonee,Peterson,2018-12-04,2023-07-07,Production Manager,Voluntarily Terminated,Contract,Temporary,Retirement,,1985-06-03,MA,Foreman,FEMALE,2030,Fully Meets,4,False,497,False,2026-08-31 17:32:05,1316,96463.26,USD,2026-08-31 17:32:05
2281,Elijiah,Gray,2019-09-10,,Production Manager,Active,Full-Time,Full-Time,Unk,,1998-12-09,MA,Laborer,MALE,1752,Fully Meets,4,False,105,False,2026-08-31 17:32:05,1316,99740.56,USD,2026-08-31 17:32:05
2282,Charles,Bozzi,2019-04-25,,Production Manager,Active,Part-Time,Full-Time,Unk,,,MA,Engineer,MALE,1901,Fully Meets,4,False,448,False,2026-08-31 17:32:05,1316,104959.0,USD,2026-08-31 17:32:05
2283,Sean,Quinn,2018-10-03,2019-06-27,Shared Services Manager,Voluntarily Terminated,Part-Time,Temporary,Retirement,,,MA,Technician,MALE,2045,Fully Meets,4,False,391,False,2026-08-31 17:32:05,1316,77838.1,USD,2026-08-31 17:32:05
2284,Jennifer,Zamora,2022-06-14,,CIO,Active,Part-Time,Part-Time,Unk,,,MA,Foreman,FEMALE,2067,Fully Meets,2,False,288,False,2026-08-31 17:32:05,1316,55041.23,USD,2026-08-31 17:32:05
2285,Webster L,Butler,2022-02-15,,Production Manager,Active,Full-Time,Temporary,Unk,,,MA,Coordinator,MALE,2169,Fully Meets,5,False,119,False,2026-08-31 17:32:05,1316,78765.16,USD,2026-08-31 17:32:05
2286,Brannon,Miller,2018-09-24,2021-01-18,Production Manager,Terminated,Contract,Temporary,Voluntary,Resigned citing below-market compensation and lack of annual salary adjustments.,1981-10-10,MA,Specialist,MALE,2045,Fully Meets,2,False,370,False,2026-08-31 17:32:05,1316,79200.5,USD,2026-08-31 17:32:05
2287,Ketsia,Liebig,2022-03-09,2023-04-08,Production Manager,Terminated,Contract,Part-Time,Involuntary,Left due to lack of flexibility around hybrid work policies and long commute times.,,MA,Technician,FEMALE,2110,Fully Meets,2,False,110,False,2026-08-31 17:32:05,2423,90385.57,USD,2026-08-31 17:32:05
2288,Kelley,Spirea,2018-11-07,2020-05-25,Production Manager,Terminated,Full-Time,Temporary,Involuntary,Terminated due to persistent low performance scores and disengagement following team restructuring.,1984-09-09,MA,Engineer,FEMALE,2451,Fully Meets,5,False,166,False,2026-08-31 17:32:05,1316,104773.29,USD,2026-08-31 17:32:05
2289,Brandon R,Leblanc,2019-08-31,,Shared Services Manager,Active,Full-Time,Part-Time,Unk,,1962-05-03,MA,Laborer,MALE,1460,Fully Meets,4,False,312,False,2026-08-31 17:32:05,1316,104659.73,USD,2026-08-31 17:32:05
2290,Debra,Houlihan,2020-11-27,2023-07-05,Director of Sales,Terminated,Full-Time,Temporary,Retirement,Left due to lack of flexibility around hybrid work policies and long commute times.,,RI,Groundman,FEMALE,2908,Fully Meets,2,False,534,False,2026-08-31 17:32:05,1316,121338.66,USD,2026-08-31 17:32:05
2291,Elisa,Bramante,2020-07-07,,Director of Operations,Active,Contract,Part-Time,Unk,,,MA,Technician,FEMALE,2030,Fully Meets,4,False,189,False,2026-08-31 17:32:05,1316,126951.36,USD,2026-08-31 17:32:05
2292,Jonathan,Hogland,2020-01-11,,Production Manager,Active,Contract,Temporary,Unk,,1963-07-04,MA,Foreman,MALE,1890,Fully Meets,2,False,177,False,2026-08-31 17:32:05,1316,100098.97,USD,2026-08-31 17:32:05
2293,David,Stanley,2020-06-15,2021-09-05,Production Manager,Terminated,Contract,Full-Time,Involuntary,Left due to lack of flexibility around hybrid work policies and long commute times.,1998-01-04,MA,Laborer,MALE,1803,Fully Meets,2,False,130,False,2026-08-31 17:32:05,1316,102652.67,USD,2026-08-31 17:32:05
2294,Ariana,Strickland,2020-10-10,,Production Manager,Active,Contract,Part-Time,Unk,,1975-03-12,MA,Engineer,MALE,6930,Fully Meets,4,False,98,False,2026-08-31 17:32:05,1316,77135.12,USD,2026-08-31 17:32:05
2295,Everett,Jordan,2022-05-19,2023-04-10,Production Manager,Terminated,Full-Time,Temporary,Involuntary,Resigned citing below-market compensation and lack of annual salary adjustments.,,MA,Driller,FEMALE,53295,Fully Meets,5,False,106,False,2026-08-31 17:32:05,2347,88498.96,USD,2026-08-31 17:32:05
2296,Ronnie,Middleton,2021-08-25,,Production Manager,Active,Full-Time,Temporary,Unk,,,MA,Driller,FEMALE,85028,Fully Meets,1,False,107,False,2026-08-31 17:32:05,1316,99149.3,USD,2026-08-31 17:32:05
2297,Deandre,Richard,2018-12-18,2019-09-25,Production Manager,Voluntarily Terminated,Part-Time,Full-Time,Resignation,,,MA,Laborer,FEMALE,92649,Fully Meets,2,False,357,False,2026-08-31 17:32:05,1316,80612.07,USD,2026-08-31 17:32:05
2298,Terry,Gay,2023-08-05,,Production Manager,Active,Full-Time,Full-Time,Unk,,,MA,Laborer,FEMALE,9493,Fully Meets,4,False,86,False,2026-08-31 17:32:05,1316,85393.32,USD,2026-08-31 17:32:05
2299,Emiliano,Rich,2022-04-13,2023-04-17,Production Manager,Terminated,Part-Time,Temporary,Resignation,Left due to lack of flexibility around hybrid work policies and long commute times.,,MA,Laborer,FEMALE,12684,Fully Meets,2,False,107,False,2026-08-31 17:32:05,1316,104496.74,USD,2026-08-31 17:32:05
2300,Wesley,Nguyen,2020-09-26,,Production Manager,Active,Full-Time,Full-Time,Unk,,1947-04-09,MA,Laborer,FEMALE,37470,Fully Meets,5,False,364,False,2026-08-31 17:32:05,1316,104476.63,USD,2026-08-31 17:32:05
2301,Lauren,Keith,2021-02-12,2022-08-03,Production Manager,Terminated,Part-Time,Temporary,Voluntary,Resigned citing below-market compensation and lack of annual salary adjustments.,1946-12-08,MA,Operator,FEMALE,1425,Fully Meets,1,False,485,False,2026-08-31 17:32:05,1316,101713.74,USD,2026-08-31 17:32:05
2302,Marlene,Rhodes,2019-01-02,2020-10-09,Production Manager,Terminated For Cause,Contract,Temporary,Resignation,,,MA,Operator,FEMALE,23761,Fully Meets,4,False,161,False,2026-08-31 17:32:05,1316,97945.69,USD,2026-08-31 17:32:05
2303,Penelope,Jordan,2019-10-26,2023-07-22,Production Manager,Terminated For Cause,Contract,Temporary,Resignation,,,MA,Driver,FEMALE,73691,Fully Meets,5,False,82,False,2026-08-31 17:32:05,1316,79419.57,USD,2026-08-31 17:32:05
2304,Marlon,Stanton,2021-04-11,,President & CEO,Active,Full-Time,Part-Time,Unk,,,MA,Manager,FEMALE,66973,Fully Meets,2,False,148,False,2026-08-31 17:32:05,,182085.01,USD,2026-08-31 17:32:05
2305,Rosemary,Thornton,2019-12-11,2021-05-12,Network Engineer,Terminated,Part-Time,Full-Time,Resignation,Left due to lack of flexibility around hybrid work policies and long commute times.,1970-03-10,MA,Laborer,FEMALE,18379,Fully Meets,2,False,91,False,2026-08-31 17:32:05,2364,64154.9,USD,2026-08-31 17:32:05
2306,Ayanna,Lutz,2020-10-21,2023-05-14,Network Engineer,Terminated,Part-Time,Full-Time,Resignation,Terminated due to persistent low performance scores and disengagement following team restructuring.,1999-06-11,MA,Technician,MALE,91517,Fully Meets,1,False,381,False,2026-08-31 17:32:05,2315,64627.21,USD,2026-08-31 17:32:05
2307,Case,Hahn,2020-05-08,,Network Engineer,Active,Part-Time,Part-Time,Unk,,1988-05-05,MA,Project Manager,MALE,1057,Fully Meets,2,False,535,False,2026-08-31 17:32:05,1316,62692.6,USD,2026-08-31 17:32:05
2308,Asia,Rivers,2022-05-24,2022-10-13,Data Analyst,Terminated,Full-Time,Full-Time,Retirement,Left due to lack of flexibility around hybrid work policies and long commute times.,1999-09-05,MA,Coordinator,MALE,20854,Fully Meets,5,False,91,False,2026-08-31 17:32:05,2364,67283.46,USD,2026-08-31 17:32:05
2309,Alexa,Mercer,2019-06-05,,Data Analyst,Active,Part-Time,Part-Time,Unk,,1991-07-04,MA,Technician,MALE,39014,Fully Meets,2,False,120,False,2026-08-31 17:32:05,2336,59291.31,USD,2026-08-31 17:32:05
2310,Jade,Sloan,2022-04-21,,Data Analyst,Active,Part-Time,Part-Time,Unk,,,MA,Engineer,MALE,10223,Fully Meets,5,False,442,False,2026-08-31 17:32:05,1316,71221.1,USD,2026-08-31 17:32:05
2311,Araceli,Castillo,2019-12-10,2023-02-21,Data Analyst,Terminated,Part-Time,Full-Time,Voluntary,Left due to lack of flexibility around hybrid work policies and long commute times.,,MA,Laborer,FEMALE,85441,Fully Meets,2,False,98,False,2026-08-31 17:32:05,2294,56674.25,USD,2026-08-31 17:32:05
2312,Maximilian,Carney,2019-11-26,,Data Analyst,Active,Full-Time,Part-Time,Unk,,1951-11-12,MA,Laborer,MALE,96303,Fully Meets,4,False,206,False,2026-08-31 17:32:05,2252,56573.69,USD,2026-08-31 17:32:05
2313,Ayanna,Bowman,2021-09-13,,Data Analyst,Active,Part-Time,Full-Time,Unk,,,MA,Shop,MALE,40706,Fully Meets,2,False,276,False,2026-08-31 17:32:05,1316,49452.91,USD,2026-08-31 17:32:05
2314,Lia,Blair,2019-08-19,,Data Analyst,Active,Part-Time,Part-Time,Unk,,,MA,Technician,FEMALE,48955,Fully Meets,1,False,214,False,2026-08-31 17:32:05,2488,51604.93,USD,2026-08-31 17:32:05
2315,Marcelo,Flowers,2022-06-12,2023-07-09,Production Manager,Terminated,Full-Time,Full-Time,Voluntary,Terminated due to persistent low performance scores and disengagement following team restructuring.,,MA,Project Manager,FEMALE,83033,Fully Meets,4,False,381,False,2026-08-31 17:32:05,1316,99768.23,USD,2026-08-31 17:32:05
2316,Antwan,Gay,2021-07-21,,Production Manager,Active,Full-Time,Full-Time,Unk,,,MA,Technician,MALE,14556,Fully Meets,2,False,106,False,2026-08-31 17:32:05,2347,85619.88,USD,2026-08-31 17:32:05
2317,Jaydan,Hoffman,2020-11-13,,Production Manager,Active,Full-Time,Temporary,Unk,,,MA,Manager,FEMALE,76366,Fully Meets,1,False,182,False,2026-08-31 17:32:05,1316,77975.37,USD,2026-08-31 17:32:05
2318,Faith,Golden,2022-02-20,,Production Manager,Active,Part-Time,Temporary,Unk,,,MA,Laborer,FEMALE,57512,Fully Meets,2,False,83,False,2026-08-31 17:32:05,1316,96576.94,USD,2026-08-31 17:32:05
2319,Kaylee,Harvey,2019-03-28,2022-04-14,Production Manager,Voluntarily Terminated,Contract,Part-Time,Voluntary,,,MA,Administrator,FEMALE,31008,Fully Meets,5,False,385,False,2026-08-31 17:32:05,1316,89389.34,USD,2026-08-31 17:32:05
2320,Kristen,Peters,2022-10-26,2023-06-17,Production Manager,Voluntarily Terminated,Part-Time,Full-Time,Voluntary,,1964-09-09,MA,Engineer,FEMALE,64961,Fully Meets,4,False,188,False,2026-08-31 17:32:05,1316,70740.46,USD,2026-08-31 17:32:05
2321,Hadassah,Gallegos,2023-05-10,2023-05-14,Production Manager,Terminated,Full-Time,Full-Time,Voluntary,Terminated due to persistent low performance scores and disengagement following team restructuring.,,MA,Technician,FEMALE,1269,Fully Meets,2,False,86,False,2026-08-31 17:32:05,1316,81072.65,USD,2026-08-31 17:32:05
2322,Ariel,Cervantes,2022-09-01,,Production Manager,Active,Contract,Part-Time,Unk,,,MA,Driller,FEMALE,73596,Fully Meets,5,False,82,False,2026-08-31 17:32:05,1316,76195.05,USD,2026-08-31 17:32:05
2323,Aubree,Villanueva,2021-04-21,2021-08-17,Production Manager,Terminated,Part-Time,Temporary,Retirement,Left due to lack of flexibility around hybrid work policies and long commute times.,1959-05-07,MA,Manager,FEMALE,35263,Fully Meets,5,False,155,False,2026-08-31 17:32:05,1316,92955.55,USD,2026-08-31 17:32:05
2324,Aspen,Dixon,2021-07-23,2023-02-15,Production Manager,Terminated For Cause,Part-Time,Temporary,Involuntary,,,MA,Splicer,FEMALE,94592,Fully Meets,4,False,84,False,2026-08-31 17:32:05,1316,79626.09,USD,2026-08-31 17:32:05
2325,Keenan,Jensen,2020-12-29,,Production Manager,Active,Part-Time,Temporary,Unk,,,MA,Laborer,FEMALE,60295,Fully Meets,1,False,130,False,2026-08-31 17:32:05,1316,72273.14,USD,2026-08-31 17:32:05
2326,Malakai,Whitehead,2022-08-08,,President & CEO,Active,Contract,Temporary,Unk,,,MA,Safety,FEMALE,25257,Fully Meets,2,False,157,False,2026-08-31 17:32:05,,155493.5,USD,2026-08-31 17:32:05
2327,Parker,Cunningham,2020-07-30,,Network Engineer,Active,Full-Time,Part-Time,Unk,,,MA,Laborer,MALE,43033,Fully Meets,4,False,91,False,2026-08-31 17:32:05,2364,65360.46,USD,2026-08-31 17:32:05
2328,Kadyn,Herring,2019-03-18,,Network Engineer,Active,Full-Time,Part-Time,Unk,,,MA,Splicer,MALE,48068,Fully Meets,4,False,148,False,2026-08-31 17:32:05,1122,45760.32,USD,2026-08-31 17:32:05
2329,Aubree,Anderson,2019-07-25,2022-09-03,Network Engineer,Terminated,Full-Time,Full-Time,Retirement,Left due to lack of flexibility around hybrid work policies and long commute times.,,MA,Lineman,MALE,82740,Fully Meets,2,False,536,False,2026-08-31 17:32:05,1316,74707.72,USD,2026-08-31 17:32:05
2330,John,Forbes,2021-10-16,,Data Analyst,Active,Full-Time,Part-Time,Unk,,,MA,Vp,MALE,57688,Fully Meets,2,False,436,False,2026-08-31 17:32:05,2377,50438.9,USD,2026-08-31 17:32:05
2331,Violet,Willis,2019-12-06,2021-10-29,Data Analyst,Terminated,Contract,Part-Time,Retirement,Resigned citing below-market compensation and lack of annual salary adjustments.,,MA,Supervisor,MALE,34849,Fully Meets,1,False,365,False,2026-08-31 17:32:05,1316,66229.82,USD,2026-08-31 17:32:05
2332,Jaime,Austin,2019-06-29,2020-07-21,Data Analyst,Terminated,Contract,Full-Time,Involuntary,Left due to lack of flexibility around hybrid work policies and long commute times.,,MA,Engineer,MALE,31351,Fully Meets,4,False,94,False,2026-08-31 17:32:05,1316,60564.08,USD,2026-08-31 17:32:05
2333,Natalee,Lane,2019-04-03,,Data Analyst,Active,Full-Time,Temporary,Unk,,,MA,Associate,FEMALE,17611,Fully Meets,1,False,537,False,2026-08-31 17:32:05,1316,60499.8,USD,2026-08-31 17:32:05
2334,Iris,Preston,2021-07-21,2022-09-03,Data Analyst,Terminated,Contract,Temporary,Retirement,Resigned citing below-market compensation and lack of annual salary adjustments.,,MA,Engineer,MALE,93589,Fully Meets,4,False,247,False,2026-08-31 17:32:05,1316,47512.9,USD,2026-08-31 17:32:05
2335,Magdalena,Fischer,2022-07-27,,Data Analyst,Active,Full-Time,Temporary,Unk,,,MA,Foreman,MALE,58353,Fully Meets,4,False,210,False,2026-08-31 17:32:05,1673,73096.33,USD,2026-08-31 17:32:05
2336,Walter,Dominguez,2019-10-06,,Production Manager,Active,Contract,Full-Time,Unk,,1984-06-05,MA,Foreman,FEMALE,61633,Fully Meets,4,False,120,False,2026-08-31 17:32:05,1316,101256.84,USD,2026-08-31 17:32:05
2337,Hallie,Macias,2021-04-16,,Production Manager,Active,Full-Time,Part-Time,Unk,,,MA,Engineer,MALE,29639,Fully Meets,4,False,141,False,2026-08-31 17:32:05,1316,70385.58,USD,2026-08-31 17:32:05
2338,Ivan,Hull,2018-10-10,2022-05-02,Production Manager,Terminated,Part-Time,Temporary,Involuntary,Left due to lack of flexibility around hybrid work policies and long commute times.,1971-06-08,MA,Supervisor,FEMALE,6536,Fully Meets,4,False,116,False,2026-08-31 17:32:05,1316,76251.15,USD,2026-08-31 17:32:05
2339,India,Kemp,2022-07-25,2022-11-08,Production Manager,Voluntarily Terminated,Full-Time,Part-Time,Retirement,,1972-06-08,MA,Administrator,FEMALE,19049,Fully Meets,1,False,185,False,2026-08-31 17:32:05,1316,101636.65,USD,2026-08-31 17:32:05
2340,Alice,Dudley,2021-03-17,2023-05-13,Production Manager,Voluntarily Terminated,Contract,Temporary,Resignation,,,MA,Laborer,FEMALE,29529,Fully Meets,5,False,112,False,2026-08-31 17:32:05,1316,89232.28,USD,2026-08-31 17:32:05
2341,Jesus,Hendricks,2018-10-13,,Production Manager,Active,Full-Time,Full-Time,Unk,,1984-02-11,MA,Mechanic,FEMALE,36574,Fully Meets,2,False,132,False,2026-08-31 17:32:05,1316,75251.39,USD,2026-08-31 17:32:05
2342,Eli,Owens,2020-01-09,,Production Manager,Active,Part-Time,Temporary,Unk,,,MA,Laborer,FEMALE,5298,Fully Meets,5,False,86,False,2026-08-31 17:32:05,1316,77097.67,USD,2026-08-31 17:32:05
2343,Emelia,Mcintyre,2019-09-18,,Production Manager,Active,Full-Time,Temporary,Unk,,,MA,Technician,FEMALE,38735,Fully Meets,4,False,512,False,2026-08-31 17:32:05,1316,93099.52,USD,2026-08-31 17:32:05
2344,Jaden,Bates,2019-10-26,2020-03-10,Production Manager,Terminated,Contract,Temporary,Retirement,Left due to lack of flexibility around hybrid work policies and long commute times.,,MA,Engineer,FEMALE,42542,Fully Meets,1,False,446,False,2026-08-31 17:32:05,1316,95368.59,USD,2026-08-31 17:32:05
2345,Nyla,Schwartz,2020-09-14,2023-05-30,Production Manager,Terminated For Cause,Full-Time,Temporary,Involuntary,,1971-10-01,MA,Specialist,FEMALE,7521,Fully Meets,2,False,97,False,2026-08-31 17:32:05,1316,90979.94,USD,2026-08-31 17:32:05
2346,Taryn,Black,2023-04-09,,Production Manager,Active,Part-Time,Full-Time,Unk,,,MA,Technician,FEMALE,9394,Fully Meets,4,False,130,False,2026-08-31 17:32:05,1316,103360.19,USD,2026-08-31 17:32:05
2347,Karley,Novak,2019-10-25,,President & CEO,Active,Full-Time,Part-Time,Unk,,1977-07-11,MA,Laborer,FEMALE,14720,Fully Meets,1,False,106,False,2026-08-31 17:32:05,,199406.36,USD,2026-08-31 17:32:05
2348,Payten,Harvey,2022-06-25,,Network Engineer,Active,Part-Time,Full-Time,Unk,,,MA,Technician,MALE,85605,Fully Meets,1,False,91,False,2026-08-31 17:32:05,2364,55509.52,USD,2026-08-31 17:32:05
2349,Reagan,Atkinson,2023-01-26,2023-02-27,Network Engineer,Terminated,Part-Time,Full-Time,Voluntary,Resigned citing below-market compensation and lack of annual salary adjustments.,1956-03-06,MA,Laborer,MALE,38286,Fully Meets,4,False,148,False,2026-08-31 17:32:05,1122,61703.15,USD,2026-08-31 17:32:05
2350,Rey,Werner,2020-02-19,,Network Engineer,Active,Part-Time,Temporary,Unk,,,MA,Laborer,MALE,59836,Fully Meets,2,False,235,False,2026-08-31 17:32:05,1316,57588.32,USD,2026-08-31 17:32:05
2351,Kendall,Mcintyre,2019-12-24,2020-06-21,Data Analyst,Terminated,Contract,Temporary,Retirement,Terminated due to persistent low performance scores and disengagement following team restructuring.,,MA,Technician,MALE,25767,Fully Meets,4,False,126,False,2026-08-31 17:32:05,2467,52854.56,USD,2026-08-31 17:32:05
2352,Anahi,Frye,2020-10-16,2020-11-15,Data Analyst,Terminated,Full-Time,Temporary,Retirement,Resigned citing below-market compensation and lack of annual salary adjustments.,,MA,Lineman,MALE,19689,Fully Meets,2,False,148,False,2026-08-31 17:32:05,1122,46608.71,USD,2026-08-31 17:32:05
2353,Dalia,Booth,2018-09-07,,Data Analyst,Active,Part-Time,Full-Time,Unk,,,MA,Foreman,FEMALE,19035,Fully Meets,2,False,199,False,2026-08-31 17:32:05,1316,57327.44,USD,2026-08-31 17:32:05
2354,Charlee,Navarro,2022-01-07,2022-06-29,Data Analyst,Terminated,Part-Time,Full-Time,Retirement,Terminated due to persistent low performance scores and disengagement following team restructuring.,1971-02-09,MA,Clerk,FEMALE,61793,Fully Meets,2,False,514,False,2026-08-31 17:32:05,1316,69899.33,USD,2026-08-31 17:32:05
2355,Karter,Perry,2019-03-25,2019-04-23,Data Analyst,Terminated,Contract,Temporary,Retirement,Resigned citing below-market compensation and lack of annual salary adjustments.,,MA,Civil Hand,MALE,91193,Fully Meets,1,False,206,False,2026-08-31 17:32:05,2252,45645.32,USD,2026-08-31 17:32:05
2356,Sariah,Little,2021-11-18,2022-12-17,Data Analyst,Terminated,Part-Time,Temporary,Retirement,Left due to lack of flexibility around hybrid work policies and long commute times.,,MA,Laborer,MALE,11058,Fully Meets,4,False,238,False,2026-08-31 17:32:05,1316,60371.25,USD,2026-08-31 17:32:05
2357,Antoine,Murray,2022-12-31,2023-07-21,Production Manager,Terminated,Contract,Temporary,Involuntary,Terminated due to persistent low performance scores and disengagement following team restructuring.,,MA,Foreman,FEMALE,48133,Fully Meets,1,False,139,False,2026-08-31 17:32:05,1316,92540.33,USD,2026-08-31 17:32:05
2358,Summer,Huang,2020-05-14,2022-11-29,Production Manager,Terminated,Part-Time,Temporary,Involuntary,Resigned citing below-market compensation and lack of annual salary adjustments.,,MA,Executive Assistant,MALE,14776,Fully Meets,4,False,538,False,2026-08-31 17:32:05,1316,91364.14,USD,2026-08-31 17:32:05
2359,Jaylyn,Contreras,2020-12-13,2023-02-12,Production Manager,Terminated,Full-Time,Part-Time,Retirement,Left due to lack of flexibility around hybrid work policies and long commute times.,1996-01-07,MA,Project Manager,FEMALE,87985,Fully Meets,2,False,141,False,2026-08-31 17:32:05,1316,97182.7,USD,2026-08-31 17:32:05
2360,Brenna,York,2021-11-16,2022-11-23,Production Manager,Voluntarily Terminated,Part-Time,Part-Time,Voluntary,,1990-06-10,MA,Engineer,FEMALE,26846,Fully Meets,1,False,93,False,2026-08-31 17:32:05,1316,98368.19,USD,2026-08-31 17:32:05
2361,Braden,Wiggins,2022-12-01,2023-07-06,Production Manager,Voluntarily Terminated,Full-Time,Full-Time,Involuntary,,1996-05-12,MA,Supervisor,FEMALE,66281,Fully Meets,2,False,118,False,2026-08-31 17:32:05,1316,94909.7,USD,2026-08-31 17:32:05
2362,Nola,Bullock,2020-10-30,2022-07-28,Production Manager,Terminated,Full-Time,Part-Time,Involuntary,Left due to lack of flexibility around hybrid work policies and long commute times.,1974-06-05,MA,Construction Manager,FEMALE,97050,Fully Meets,2,False,97,False,2026-08-31 17:32:05,1316,73597.92,USD,2026-08-31 17:32:05
2363,Kaleigh,Keller,2021-02-08,2022-09-25,Production Manager,Terminated,Full-Time,Temporary,Retirement,Terminated due to persistent low performance scores and disengagement following team restructuring.,,MA,Foreman,FEMALE,14808,Fully Meets,2,False,368,False,2026-08-31 17:32:05,1316,86625.79,USD,2026-08-31 17:32:05
2364,Milagros,Jimenez,2019-08-05,,Production Manager,Active,Full-Time,Temporary,Unk,,,MA,Technician,MALE,53839,Fully Meets,5,False,91,False,2026-08-31 17:32:05,1316,91119.21,USD,2026-08-31 17:32:05
2365,Timothy,Goodwin,2018-11-29,2023-03-09,Production Manager,Terminated For Cause,Contract,Temporary,Involuntary,,,MA,Technician,FEMALE,43609,Fully Meets,1,False,176,False,2026-08-31 17:32:05,1316,78594.81,USD,2026-08-31 17:32:05
2366,Reese,Kennedy,2018-11-16,2021-05-25,Production Manager,Terminated For Cause,Full-Time,Part-Time,Retirement,,,MA,Engineer,FEMALE,83442,Fully Meets,2,False,166,False,2026-08-31 17:32:05,1316,71489.31,USD,2026-08-31 17:32:05
2367,Mariam,Doyle,2020-08-23,2022-06-11,Production Manager,Terminated,Contract,Part-Time,Resignation,Resigned citing below-market compensation and lack of annual salary adjustments.,,MA,Foreman,FEMALE,6820,Fully Meets,5,False,161,False,2026-08-31 17:32:05,1316,77825.66,USD,2026-08-31 17:32:05
2368,Clinton,Brennan,2020-08-22,2023-03-09,President & CEO,Terminated,Full-Time,Temporary,Resignation,Left due to lack of flexibility around hybrid work policies and long commute times.,,MA,Splicer,FEMALE,50782,Fully Meets,1,False,360,False,2026-08-31 17:32:05,,195489.44,USD,2026-08-31 17:32:05
2369,Maximilian,Moyer,2021-10-19,2022-09-10,Network Engineer,Terminated,Part-Time,Full-Time,Retirement,Terminated due to persistent low performance scores and disengagement following team restructuring.,,MA,Engineer,MALE,59893,Fully Meets,5,False,106,False,2026-08-31 17:32:05,2295,59487.56,USD,2026-08-31 17:32:05
2370,Salvador,Robinson,2020-02-21,2021-11-29,Network Engineer,Terminated,Contract,Full-Time,Retirement,Resigned citing below-market compensation and lack of annual salary adjustments.,,MA,Locator,MALE,84707,Fully Meets,5,False,107,False,2026-08-31 17:32:05,2296,51183.34,USD,2026-08-31 17:32:05
2371,Ahmed,Mcmahon,2022-11-21,,Data Analyst,Active,Contract,Temporary,Unk,,,MA,Supervisor,MALE,59104,Fully Meets,1,False,91,False,2026-08-31 17:32:05,2364,73854.54,USD,2026-08-31 17:32:05
2372,Junior,York,2019-08-05,2021-12-06,Data Analyst,Terminated,Full-Time,Part-Time,Involuntary,Terminated due to persistent low performance scores and disengagement following team restructuring.,1992-10-03,MA,Driller,FEMALE,61932,Fully Meets,2,False,130,False,2026-08-31 17:32:05,2277,77399.03,USD,2026-08-31 17:32:05
2373,Marilyn,Wiley,2020-11-05,2022-06-04,Data Analyst,Terminated,Full-Time,Full-Time,Resignation,Resigned citing below-market compensation and lack of annual salary adjustments.,,MA,Foreman,FEMALE,62911,Fully Meets,2,False,539,False,2026-08-31 17:32:05,1316,52047.19,USD,2026-08-31 17:32:05
2374,Selena,Hebert,2021-06-12,2022-02-25,Data Analyst,Terminated,Part-Time,Part-Time,Retirement,Left due to lack of flexibility around hybrid work policies and long commute times.,1962-09-08,MA,Laborer,FEMALE,51977,Fully Meets,2,False,206,False,2026-08-31 17:32:05,2252,77535.05,USD,2026-08-31 17:32:05
2375,Selena,Adkins,2018-09-13,,Data Analyst,Active,Contract,Full-Time,Unk,,1958-02-11,MA,Foreman,MALE,90110,Fully Meets,1,False,270,False,2026-08-31 17:32:05,1666,45625.13,USD,2026-08-31 17:32:05
2376,Erica,Sloan,2023-04-09,2023-06-03,Production Manager,Terminated,Full-Time,Temporary,Involuntary,Resigned citing below-market compensation and lack of annual salary adjustments.,1983-10-10,MA,Technician,FEMALE,2573,Fully Meets,4,False,130,False,2026-08-31 17:32:05,1316,102373.69,USD,2026-08-31 17:32:05
2377,Payton,Nolan,2021-01-09,,Production Manager,Active,Contract,Part-Time,Unk,,,MA,Vp,MALE,2433,Fully Meets,4,False,436,False,2026-08-31 17:32:05,2442,103317.51,USD,2026-08-31 17:32:05
2378,Leticia,Parks,2020-03-23,,Production Manager,Active,Part-Time,Full-Time,Unk,,,MA,Administrative,FEMALE,16691,Fully Meets,2,False,175,False,2026-08-31 17:32:05,1316,70421.82,USD,2026-08-31 17:32:05
2379,Carolyn,Sosa,2019-10-19,2020-12-23,Production Manager,Voluntarily Terminated,Full-Time,Part-Time,Resignation,,,MA,Technician,FEMALE,28545,Fully Meets,2,False,498,False,2026-08-31 17:32:05,1316,96705.68,USD,2026-08-31 17:32:05
2380,German,Higgins,2023-07-02,2023-07-11,Production Manager,Terminated,Full-Time,Temporary,Retirement,Left due to lack of flexibility around hybrid work policies and long commute times.,,MA,Laborer,FEMALE,87440,Fully Meets,2,False,112,False,2026-08-31 17:32:05,1316,103957.06,USD,2026-08-31 17:32:05
2381,Heath,Romero,2019-08-29,,Production Manager,Active,Part-Time,Part-Time,Unk,,1988-08-04,MA,Foreman,FEMALE,10486,Fully Meets,2,False,497,False,2026-08-31 17:32:05,1316,101706.58,USD,2026-08-31 17:32:05
2382,Davion,Friedman,2023-07-17,2023-07-28,Production Manager,Terminated,Part-Time,Temporary,Involuntary,Resigned citing below-market compensation and lack of annual salary adjustments.,1943-10-12,MA,Laborer,MALE,59652,Fully Meets,1,False,159,False,2026-08-31 17:32:05,1316,103974.86,USD,2026-08-31 17:32:05
2383,Danny,Thomas,2020-02-02,,Production Manager,Active,Full-Time,Full-Time,Unk,,1973-08-04,MA,Laborer,MALE,87927,Fully Meets,4,False,82,False,2026-08-31 17:32:05,1316,89261.32,USD,2026-08-31 17:32:05
2384,Matthias,Dunlap,2021-10-14,2022-10-21,Production Manager,Terminated For Cause,Full-Time,Temporary,Resignation,,1979-11-09,MA,Foreman,FEMALE,47596,Fully Meets,5,False,105,False,2026-08-31 17:32:05,1316,72735.46,USD,2026-08-31 17:32:05
2385,Sawyer,Little,2020-04-10,,Production Manager,Active,Contract,Part-Time,Unk,,,MA,Associate,FEMALE,46287,Fully Meets,2,False,151,False,2026-08-31 17:32:05,1316,99742.62,USD,2026-08-31 17:32:05
2386,Uriel,Brennan,2018-12-14,,Production Manager,Active,Part-Time,Part-Time,Unk,,,MA,Administrative,FEMALE,87401,Fully Meets,1,False,1,False,2026-08-31 17:32:05,1316,91483.99,USD,2026-08-31 17:32:05
2387,Gretchen,Richards,2022-06-27,2023-01-05,President & CEO,Terminated,Contract,Temporary,Resignation,Terminated due to persistent low performance scores and disengagement following team restructuring.,,MA,Safety,MALE,40201,Fully Meets,1,False,540,False,2026-08-31 17:32:05,,211473.67,USD,2026-08-31 17:32:05
2388,Madden,Roman,2020-09-07,,Network Engineer,Active,Contract,Temporary,Unk,,,MA,Engineer,MALE,94290,Fully Meets,2,False,192,False,2026-08-31 17:32:05,1185,59603.88,USD,2026-08-31 17:32:05
2389,Keshawn,Singh,2019-11-03,2021-06-22,Data Analyst,Terminated,Contract,Part-Time,Resignation,Left due to lack of flexibility around hybrid work policies and long commute times.,,MA,Administrative,MALE,35338,Fully Meets,2,False,384,False,2026-08-31 17:32:05,1316,65014.47,USD,2026-08-31 17:32:05
2390,Barrett,Obrien,2020-05-15,2021-12-27,Data Analyst,Terminated,Part-Time,Part-Time,Involuntary,Terminated due to persistent low performance scores and disengagement following team restructuring.,,MA,Coordinator,FEMALE,94090,Fully Meets,1,False,176,False,2026-08-31 17:32:05,2365,50375.29,USD,2026-08-31 17:32:05
2391,Gisselle,Villanueva,2023-04-28,2023-05-13,Data Analyst,Terminated,Part-Time,Full-Time,Resignation,Resigned citing below-market compensation and lack of annual salary adjustments.,1964-11-02,MA,Splicer,FEMALE,44623,Fully Meets,1,False,541,False,2026-08-31 17:32:05,1316,70891.95,USD,2026-08-31 17:32:05
2392,Demetrius,Mendez,2019-08-05,,Data Analyst,Active,Full-Time,Full-Time,Unk,,,MA,Services,MALE,91306,Fully Meets,1,False,542,False,2026-08-31 17:32:05,1316,47625.61,USD,2026-08-31 17:32:05
2393,Rhett,Holmes,2018-12-05,2021-09-15,Production Manager,Terminated,Full-Time,Part-Time,Involuntary,Terminated due to persistent low performance scores and disengagement following team restructuring.,1993-04-09,MA,Engineer,FEMALE,79531,Fully Meets,5,False,129,False,2026-08-31 17:32:05,1316,95542.33,USD,2026-08-31 17:32:05
2394,Harold,David,2022-04-25,2023-06-23,Production Manager,Terminated,Full-Time,Full-Time,Involuntary,Resigned citing below-market compensation and lack of annual salary adjustments.,,MA,Laborer,MALE,57850,Fully Meets,2,False,105,False,2026-08-31 17:32:05,1316,99714.24,USD,2026-08-31 17:32:05
2395,Terrell,Guerra,2019-12-10,,Production Manager,Active,Part-Time,Part-Time,Unk,,,MA,Engineer,MALE,8880,Fully Meets,1,False,124,False,2026-08-31 17:32:05,1316,86536.4,USD,2026-08-31 17:32:05
2396,Reginald,Klein,2022-06-30,2022-07-13,Production Manager,Voluntarily Terminated,Contract,Part-Time,Resignation,,,MA,Engineer,FEMALE,11959,Fully Meets,1,False,152,False,2026-08-31 17:32:05,1316,87844.06,USD,2026-08-31 17:32:05
2397,Marcos,Sloan,2018-09-19,2019-04-29,Production Manager,Terminated,Part-Time,Full-Time,Retirement,Resigned citing below-market compensation and lack of annual salary adjustments.,,MA,Laborer,FEMALE,90692,Fully Meets,2,False,107,False,2026-08-31 17:32:05,1316,80927.5,USD,2026-08-31 17:32:05
2398,Davion,Hahn,2019-07-08,2022-08-16,Production Manager,Terminated,Contract,Temporary,Resignation,Left due to lack of flexibility around hybrid work policies and long commute times.,1959-11-06,MA,Foreman,FEMALE,75907,Fully Meets,5,False,88,False,2026-08-31 17:32:05,1316,103931.05,USD,2026-08-31 17:32:05
2399,Brice,Phillips,2023-05-25,2023-07-31,Production Manager,Terminated,Full-Time,Part-Time,Retirement,Terminated due to persistent low performance scores and disengagement following team restructuring.,,MA,Driver,MALE,2777,Fully Meets,4,False,360,False,2026-08-31 17:32:05,2368,95659.36,USD,2026-08-31 17:32:05
2400,Alvaro,Le,2018-11-03,,Production Manager,Active,Contract,Part-Time,Unk,,1961-12-06,MA,Supervisor,MALE,28115,Fully Meets,2,False,369,False,2026-08-31 17:32:05,1316,82914.6,USD,2026-08-31 17:32:05
2401,Darien,Young,2022-11-09,2023-01-10,Production Manager,Terminated For Cause,Full-Time,Part-Time,Resignation,,,MA,Technician,FEMALE,96954,Fully Meets,5,False,82,False,2026-08-31 17:32:05,1316,76118.26,USD,2026-08-31 17:32:05
2402,Hayley,Chung,2022-04-14,2022-09-22,Production Manager,Terminated For Cause,Full-Time,Full-Time,Resignation,,,MA,Supervisor,FEMALE,36118,Fully Meets,2,False,513,False,2026-08-31 17:32:05,1316,77685.29,USD,2026-08-31 17:32:05
2403,Ellis,Maldonado,2020-08-06,2022-07-29,Production Manager,Terminated,Full-Time,Temporary,Retirement,Resigned citing below-market compensation and lack of annual salary adjustments.,,MA,Administrative,FEMALE,48453,Fully Meets,4,False,433,False,2026-08-31 17:32:05,1316,86237.28,USD,2026-08-31 17:32:05
2404,Alena,Ibarra,2019-06-26,2020-01-27,Production Manager,Terminated,Contract,Temporary,Voluntary,Left due to lack of flexibility around hybrid work policies and long commute times.,,MA,Manager,FEMALE,25247,Fully Meets,2,False,120,False,2026-08-31 17:32:05,1316,102989.89,USD,2026-08-31 17:32:05
2405,Emily,Davidson,2020-09-13,2022-03-15,President & CEO,Voluntarily Terminated,Full-Time,Part-Time,Involuntary,,1950-06-04,MA,Lineman,MALE,3445,Fully Meets,4,False,106,False,2026-08-31 17:32:05,,223414.63,USD,2026-08-31 17:32:05
2406,Nickolas,Stephens,2018-11-13,,Network Engineer,Active,Part-Time,Part-Time,Unk,,,MA,Technician,MALE,73530,Fully Meets,1,False,126,False,2026-08-31 17:32:05,2467,52533.53,USD,2026-08-31 17:32:05
2407,Lamont,Prince,2019-10-06,2023-04-14,Data Analyst,Terminated,Full-Time,Temporary,Involuntary,Left due to lack of flexibility around hybrid work policies and long commute times.,,MA,Clerk,MALE,47723,Fully Meets,4,False,184,False,2026-08-31 17:32:05,1316,75084.64,USD,2026-08-31 17:32:05
2408,Gunner,Boone,2021-09-15,,Data Analyst,Active,Full-Time,Part-Time,Unk,,1962-10-01,MA,Foreman,FEMALE,46328,Fully Meets,5,False,282,False,2026-08-31 17:32:05,2494,58237.02,USD,2026-08-31 17:32:05
2409,Kaitlin,Cooke,2020-02-06,,Data Analyst,Active,Full-Time,Full-Time,Unk,,,MA,Program Manager,FEMALE,91289,Fully Meets,4,False,529,False,2026-08-31 17:32:05,2258,74810.28,USD,2026-08-31 17:32:05
2410,Sam,Gross,2022-10-21,,Data Analyst,Active,Full-Time,Part-Time,Unk,,,MA,Project Manager,MALE,39919,Fully Meets,2,False,237,False,2026-08-31 17:32:05,1692,53459.49,USD,2026-08-31 17:32:05
2411,Nathaly,Stuart,2022-10-11,,Production Manager,Active,Part-Time,Temporary,Unk,,,MA,Lineman,FEMALE,43601,Fully Meets,2,False,189,False,2026-08-31 17:32:05,2291,91653.12,USD,2026-08-31 17:32:05
2412,Frankie,Yang,2022-01-30,2023-03-22,Production Manager,Terminated,Full-Time,Part-Time,Voluntary,Resigned citing below-market compensation and lack of annual salary adjustments.,,MA,Engineer,MALE,63971,Fully Meets,2,False,96,False,2026-08-31 17:32:05,1316,102433.47,USD,2026-08-31 17:32:05
2413,Alexus,Greer,2022-07-27,2022-10-09,Production Manager,Terminated,Full-Time,Temporary,Resignation,Left due to lack of flexibility around hybrid work policies and long commute times.,1942-10-04,MA,Driver,FEMALE,18899,Fully Meets,4,False,110,False,2026-08-31 17:32:05,2423,79026.29,USD,2026-08-31 17:32:05
2414,Julianne,Shaw,2022-05-26,,Production Manager,Active,Part-Time,Part-Time,Unk,,,MA,Laborer,FEMALE,82519,Fully Meets,2,False,121,False,2026-08-31 17:32:05,1316,94252.43,USD,2026-08-31 17:32:05
2415,Raelynn,Lara,2021-02-08,2022-08-23,Production Manager,Terminated,Full-Time,Full-Time,Involuntary,Resigned citing below-market compensation and lack of annual salary adjustments.,1952-10-09,MA,Technician,FEMALE,25010,Fully Meets,4,False,107,False,2026-08-31 17:32:05,1316,104555.94,USD,2026-08-31 17:32:05
2416,Leland,Chang,2022-06-06,,Production Manager,Active,Contract,Full-Time,Unk,,1994-08-06,MA,Laborer,MALE,91822,Fully Meets,2,False,88,False,2026-08-31 17:32:05,1316,75270.94,USD,2026-08-31 17:32:05
2417,Hayley,Webb,2021-02-27,2023-07-30,Production Manager,Terminated,Contract,Full-Time,Retirement,Terminated due to persistent low performance scores and disengagement following team restructuring.,1986-10-11,MA,Program Manager,MALE,37752,Fully Meets,4,False,150,False,2026-08-31 17:32:05,1316,73094.08,USD,2026-08-31 17:32:05
2418,Teagan,Rodriguez,2022-01-26,2023-05-04,Production Manager,Terminated For Cause,Contract,Temporary,Involuntary,,,MA,Manager,MALE,16793,Fully Meets,1,False,381,False,2026-08-31 17:32:05,1316,93596.83,USD,2026-08-31 17:32:05
2419,Kaylyn,Joyce,2020-04-01,,Production Manager,Active,Part-Time,Temporary,Unk,,,MA,Driver,FEMALE,94808,Fully Meets,2,False,122,False,2026-08-31 17:32:05,1316,81890.76,USD,2026-08-31 17:32:05
2420,Carleigh,Garrison,2020-06-03,,Production Manager,Active,Contract,Full-Time,Unk,,1949-01-04,MA,Coordinator,FEMALE,22631,Fully Meets,5,False,373,False,2026-08-31 17:32:05,1316,72493.56,USD,2026-08-31 17:32:05
2421,Brycen,York,2021-11-20,,Production Manager,Active,Full-Time,Part-Time,Unk,,1986-03-09,MA,Engineer,FEMALE,70680,Fully Meets,2,False,129,False,2026-08-31 17:32:05,1316,86635.7,USD,2026-08-31 17:32:05
2422,Rigoberto,Gibson,2021-12-21,2022-04-07,Production Manager,Voluntarily Terminated,Part-Time,Temporary,Involuntary,,,MA,Laborer,MALE,86374,Fully Meets,2,False,139,False,2026-08-31 17:32:05,1316,96381.97,USD,2026-08-31 17:32:05
2423,Yael,Garcia,2018-10-10,,President & CEO,Active,Contract,Full-Time,Unk,,1977-10-11,MA,Laborer,MALE,93897,Fully Meets,1,False,110,False,2026-08-31 17:32:05,,178512.24,USD,2026-08-31 17:32:05
2424,Jonathon,Montes,2019-02-26,2021-03-24,Network Engineer,Terminated,Full-Time,Full-Time,Resignation,Resigned citing below-market compensation and lack of annual salary adjustments.,,MA,Technician,MALE,47083,Fully Meets,2,False,266,False,2026-08-31 17:32:05,1316,56726.64,USD,2026-08-31 17:32:05
2425,Alexzander,Guzman,2022-06-19,2023-05-20,Director of Operations,Terminated,Contract,Full-Time,Resignation,Left due to lack of flexibility around hybrid work policies and long commute times.,,MA,Driver,MALE,61895,Fully Meets,2,False,489,False,2026-08-31 17:32:05,1316,137284.97,USD,2026-08-31 17:32:05
2426,Gunnar,Gray,2020-07-20,2023-07-10,Data Analyst,Terminated,Full-Time,Part-Time,Retirement,Terminated due to persistent low performance scores and disengagement following team restructuring.,1959-03-03,MA,Foreman,FEMALE,43373,Fully Meets,2,False,135,False,2026-08-31 17:32:05,1316,63202.52,USD,2026-08-31 17:32:05
2427,Emilee,Thompson,2020-01-17,2020-04-20,Data Analyst,Terminated,Part-Time,Full-Time,Voluntary,Resigned citing below-market compensation and lack of annual salary adjustments.,,MA,Top Hand,FEMALE,87868,Fully Meets,5,False,218,False,2026-08-31 17:32:05,2567,74495.62,USD,2026-08-31 17:32:05
2428,Emmett,Chandler,2021-06-04,2022-02-11,Data Analyst,Terminated,Part-Time,Temporary,Voluntary,Left due to lack of flexibility around hybrid work policies and long commute times.,,MA,Shop,FEMALE,7404,Fully Meets,4,False,537,False,2026-08-31 17:32:05,1316,60623.63,USD,2026-08-31 17:32:05
2429,Vincent,Ramsey,2019-04-19,2020-07-02,Production Manager,Terminated,Part-Time,Temporary,Involuntary,Terminated due to persistent low performance scores and disengagement following team restructuring.,1999-01-05,MA,Laborer,MALE,68494,Fully Meets,4,False,97,False,2026-08-31 17:32:05,1316,103354.13,USD,2026-08-31 17:32:05
2430,Dallas,Ross,2018-11-17,2020-12-20,Production Manager,Terminated,Full-Time,Part-Time,Voluntary,Resigned citing below-market compensation and lack of annual salary adjustments.,,MA,Technician,MALE,69480,Fully Meets,2,False,120,False,2026-08-31 17:32:05,1316,92777.81,USD,2026-08-31 17:32:05
2431,Elvis,Kaufman,2022-08-18,2023-06-20,Production Manager,Terminated,Contract,Full-Time,Resignation,Left due to lack of flexibility around hybrid work policies and long commute times.,1942-12-03,MA,Laborer,FEMALE,16520,Fully Meets,4,False,121,False,2026-08-31 17:32:05,1316,74056.46,USD,2026-08-31 17:32:05
2432,Rayna,Gates,2023-02-10,2023-04-24,Production Manager,Voluntarily Terminated,Contract,Full-Time,Retirement,,,MA,Shop,FEMALE,44133,Fully Meets,2,False,182,False,2026-08-31 17:32:05,1316,100978.25,USD,2026-08-31 17:32:05
2433,Darryl,Wiley,2020-04-22,2022-08-03,Production Manager,Terminated,Contract,Temporary,Retirement,Resigned citing below-market compensation and lack of annual salary adjustments.,,MA,Project Manager,MALE,28492,Fully Meets,1,False,176,False,2026-08-31 17:32:05,1316,87124.28,USD,2026-08-31 17:32:05
2434,Liam,Blevins,2023-01-14,2023-05-07,Production Manager,Terminated,Part-Time,Full-Time,Involuntary,Left due to lack of flexibility around hybrid work policies and long commute times.,,MA,Foreman,MALE,34702,Fully Meets,5,False,112,False,2026-08-31 17:32:05,1316,74957.36,USD,2026-08-31 17:32:05
2435,Easton,Zavala,2023-03-13,2023-03-21,Production Manager,Terminated For Cause,Full-Time,Part-Time,Involuntary,,1982-05-06,MA,Planner,MALE,97893,Fully Meets,2,False,160,False,2026-08-31 17:32:05,1316,75344.15,USD,2026-08-31 17:32:05
2436,Susan,Wiggins,2022-12-30,2023-04-16,Production Manager,Terminated For Cause,Full-Time,Part-Time,Voluntary,,,MA,Driller,MALE,94765,Fully Meets,4,False,86,False,2026-08-31 17:32:05,1316,94063.69,USD,2026-08-31 17:32:05
2437,Alison,Evans,2020-06-04,2022-10-30,Production Manager,Terminated For Cause,Full-Time,Full-Time,Voluntary,,,MA,Mechanic,FEMALE,83290,Fully Meets,2,False,104,False,2026-08-31 17:32:05,1316,71658.04,USD,2026-08-31 17:32:05
2438,Humberto,Rocha,2022-03-13,,Production Manager,Active,Contract,Full-Time,Unk,,,MA,Operator,FEMALE,47253,Fully Meets,5,False,487,False,2026-08-31 17:32:05,1316,80030.78,USD,2026-08-31 17:32:05
2439,Cordell,Vazquez,2021-08-21,,Production Manager,Active,Contract,Part-Time,Unk,,1944-10-05,MA,Engineer,FEMALE,52238,Fully Meets,5,False,150,False,2026-08-31 17:32:05,1316,74892.57,USD,2026-08-31 17:32:05
2440,Teagan,Fletcher,2021-05-15,,Production Manager,Active,Contract,Temporary,Unk,,,MA,Laborer,MALE,72975,Fully Meets,1,False,120,False,2026-08-31 17:32:05,1316,85437.71,USD,2026-08-31 17:32:05
2441,Camden,Mcclure,2021-07-14,,President & CEO,Active,Contract,Part-Time,Unk,,,MA,Recruiter,MALE,94258,Fully Meets,2,False,194,False,2026-08-31 17:32:05,,191435.38,USD,2026-08-31 17:32:05
2442,Larissa,Garza,2023-01-31,2023-06-22,Director of Operations,Terminated,Contract,Full-Time,Resignation,Resigned citing below-market compensation and lack of annual salary adjustments.,,MA,Vp,FEMALE,53145,Fully Meets,1,False,436,False,2026-08-31 17:32:05,1316,121093.82,USD,2026-08-31 17:32:05
2443,Camron,Jenkins,2020-07-27,,Data Analyst,Active,Part-Time,Full-Time,Unk,,,MA,Foreman,FEMALE,8971,Fully Meets,1,False,122,False,2026-08-31 17:32:05,1294,54787.27,USD,2026-08-31 17:32:05
2444,America,Buchanan,2023-04-16,,Data Analyst,Active,Part-Time,Part-Time,Unk,,1957-07-09,MA,Traffic,FEMALE,53240,Fully Meets,4,False,279,False,2026-08-31 17:32:05,1316,46121.53,USD,2026-08-31 17:32:05
2445,Avery,Koch,2019-12-30,,Production Manager,Active,Contract,Temporary,Unk,,,MA,Technician,FEMALE,55950,Fully Meets,2,False,148,False,2026-08-31 17:32:05,2304,91503.51,USD,2026-08-31 17:32:05
2446,Devan,Hall,2021-12-06,2023-01-11,Production Manager,Terminated,Contract,Full-Time,Involuntary,Left due to lack of flexibility around hybrid work policies and long commute times.,,MA,Manager,MALE,59946,Fully Meets,5,False,509,False,2026-08-31 17:32:05,1316,83080.13,USD,2026-08-31 17:32:05
2447,Jensen,Mccullough,2020-02-02,2022-03-06,Production Manager,Terminated,Full-Time,Full-Time,Voluntary,Terminated due to persistent low performance scores and disengagement following team restructuring.,,MA,Administrative,FEMALE,7019,Fully Meets,4,False,96,False,2026-08-31 17:32:05,1316,92796.72,USD,2026-08-31 17:32:05
2448,Kristin,Hickman,2020-10-23,2021-03-14,Production Manager,Voluntarily Terminated,Full-Time,Part-Time,Voluntary,,,MA,Specialist,FEMALE,43686,Fully Meets,4,False,124,False,2026-08-31 17:32:05,1316,73803.34,USD,2026-08-31 17:32:05
2449,Chana,Fox,2020-04-29,2021-07-10,Production Manager,Voluntarily Terminated,Part-Time,Temporary,Retirement,,1986-10-02,MA,Lineman,FEMALE,63427,Fully Meets,4,False,87,False,2026-08-31 17:32:05,1316,70482.21,USD,2026-08-31 17:32:05
2450,Vivian,Bright,2022-08-18,2022-09-24,Production Manager,Terminated,Full-Time,Part-Time,Resignation,Terminated due to persistent low performance scores and disengagement following team restructuring.,,MA,Lineman,MALE,73413,Fully Meets,1,False,177,False,2026-08-31 17:32:05,1316,78690.3,USD,2026-08-31 17:32:05
2451,Rosa,Rosales,2020-09-08,,Production Manager,Active,Contract,Temporary,Unk,,,MA,Supervisor,MALE,78058,Fully Meets,5,False,366,False,2026-08-31 17:32:05,1316,85979.16,USD,2026-08-31 17:32:05
2452,Fabian,Mullins,2022-10-14,,Production Manager,Active,Full-Time,Part-Time,Unk,,,MA,Vp,MALE,15079,Fully Meets,2,False,119,False,2026-08-31 17:32:05,1316,83792.52,USD,2026-08-31 17:32:05
2453,Mila,Poole,2023-05-13,,Production Manager,Active,Full-Time,Full-Time,Unk,,,MA,Laborer,MALE,70878,Fully Meets,1,False,362,False,2026-08-31 17:32:05,1316,98360.59,USD,2026-08-31 17:32:05
2454,Callum,Mccormick,2021-02-28,,Production Manager,Active,Full-Time,Part-Time,Unk,,1989-12-03,MA,Engineer,FEMALE,5526,Fully Meets,5,False,192,False,2026-08-31 17:32:05,1316,83224.32,USD,2026-08-31 17:32:05
2455,Jakob,Luna,2020-03-03,,Production Manager,Active,Full-Time,Full-Time,Unk,,1991-06-12,MA,Specialist,FEMALE,50307,Fully Meets,2,False,148,False,2026-08-31 17:32:05,2304,88565.44,USD,2026-08-31 17:32:05
2456,Odin,Sampson,2021-11-29,,Production Manager,Active,Full-Time,Full-Time,Unk,,,MA,Laborer,MALE,70237,Fully Meets,5,False,144,False,2026-08-31 17:32:05,1316,90773.05,USD,2026-08-31 17:32:05
2457,George,Meyers,2018-08-24,,Production Manager,Active,Part-Time,Part-Time,Unk,,,MA,Groundman,MALE,82947,Fully Meets,2,False,105,False,2026-08-31 17:32:05,1316,70764.1,USD,2026-08-31 17:32:05
2458,Angelica,Gamble,2020-10-21,2022-03-24,President & CEO,Terminated,Part-Time,Temporary,Voluntary,Left due to lack of flexibility around hybrid work policies and long commute times.,1979-10-03,MA,Technician,MALE,59127,Fully Meets,2,False,191,False,2026-08-31 17:32:05,,201513.34,USD,2026-08-31 17:32:05
2459,Bradyn,Pham,2020-12-15,2021-06-24,Director of Operations,Terminated,Full-Time,Temporary,Retirement,Terminated due to persistent low performance scores and disengagement following team restructuring.,1995-10-07,RI,Laborer,FEMALE,89047,Fully Meets,4,False,106,False,2026-08-31 17:32:05,1316,112241.56,USD,2026-08-31 17:32:05
2460,Konner,Pierce,2018-09-05,2023-01-27,Data Analyst,Terminated,Contract,Full-Time,Retirement,Resigned citing below-market compensation and lack of annual salary adjustments.,,MA,Controller,FEMALE,15258,Fully Meets,2,False,280,False,2026-08-31 17:32:05,1316,59744.8,USD,2026-08-31 17:32:05
2461,Tucker,Haas,2021-09-27,,Shared Services Manager,Active,Part-Time,Full-Time,Unk,,1979-05-06,MA,Splicer,MALE,23555,Fully Meets,5,False,543,False,2026-08-31 17:32:05,1316,73510.06,USD,2026-08-31 17:32:05
2462,Lainey,York,2020-01-09,2021-01-27,Production Manager,Terminated,Part-Time,Full-Time,Voluntary,Terminated due to persistent low performance scores and disengagement following team restructuring.,1948-03-11,MA,Foreman,FEMALE,83298,Fully Meets,2,False,189,False,2026-08-31 17:32:05,2291,97398.72,USD,2026-08-31 17:32:05
2463,Ava,Chan,2018-12-06,,Production Manager,Active,Part-Time,Part-Time,Unk,,1986-03-04,MA,Engineer,FEMALE,27705,Fully Meets,4,False,448,False,2026-08-31 17:32:05,1316,102984.15,USD,2026-08-31 17:32:05
2464,Marquise,Pacheco,2022-08-11,,Production Manager,Active,Full-Time,Temporary,Unk,,,MA,Technician,MALE,78500,Fully Meets,2,False,97,False,2026-08-31 17:32:05,1316,70779.41,USD,2026-08-31 17:32:05
2465,Callum,Miles,2020-04-13,2021-06-26,Production Manager,Terminated,Contract,Full-Time,Retirement,Terminated due to persistent low performance scores and disengagement following team restructuring.,1961-09-11,MA,Laborer,FEMALE,42463,Fully Meets,2,False,130,False,2026-08-31 17:32:05,1316,91048.05,USD,2026-08-31 17:32:05
2466,Natasha,Valdez,2021-11-14,2023-01-22,Production Manager,Voluntarily Terminated,Contract,Full-Time,Voluntary,,,MA,Engineer,FEMALE,17484,Fully Meets,2,False,163,False,2026-08-31 17:32:05,1316,96734.54,USD,2026-08-31 17:32:05
2467,Talia,Barrett,2022-03-17,2023-06-23,Production Manager,Voluntarily Terminated,Full-Time,Full-Time,Involuntary,,1979-02-01,MA,Engineer,FEMALE,86392,Fully Meets,5,False,126,False,2026-08-31 17:32:05,1316,79968.27,USD,2026-08-31 17:32:05
2468,Kailyn,Torres,2019-05-06,,Production Manager,Active,Part-Time,Part-Time,Unk,,,MA,Laborer,MALE,53359,Fully Meets,5,False,148,False,2026-08-31 17:32:05,2304,97564.45,USD,2026-08-31 17:32:05
2469,Uriah,Pennington,2021-11-27,2023-06-22,Production Manager,Terminated,Part-Time,Part-Time,Involuntary,Resigned citing below-market compensation and lack of annual salary adjustments.,2001-04-02,MA,Supervisor,MALE,74482,Fully Meets,4,False,107,False,2026-08-31 17:32:05,1316,92132.43,USD,2026-08-31 17:32:05
2470,Cesar,Hunter,2021-02-09,,Production Manager,Active,Full-Time,Temporary,Unk,,,MA,Laborer,MALE,71766,Fully Meets,5,False,84,False,2026-08-31 17:32:05,1316,102520.69,USD,2026-08-31 17:32:05
2471,Brianna,Hurley,2022-01-06,,Production Manager,Active,Part-Time,Part-Time,Unk,,,MA,Engineer,MALE,84366,Fully Meets,2,False,168,False,2026-08-31 17:32:05,1316,104335.17,USD,2026-08-31 17:32:05
2472,Ariel,May,2023-07-28,,Production Manager,Active,Full-Time,Temporary,Unk,,,MA,Foreman,FEMALE,71843,Fully Meets,2,False,2,False,2026-08-31 17:32:05,1316,71482.11,USD,2026-08-31 17:32:05
2473,Anastasia,Hardy,2021-03-27,2022-06-23,Production Manager,Terminated,Contract,Full-Time,Involuntary,Left due to lack of flexibility around hybrid work policies and long commute times.,,MA,Administrative,MALE,55005,Fully Meets,4,False,544,False,2026-08-31 17:32:05,1316,85572.82,USD,2026-08-31 17:32:05
2474,Aliana,Blake,2023-03-12,2023-06-02,Production Manager,Terminated,Contract,Temporary,Involuntary,Terminated due to persistent low performance scores and disengagement following team restructuring.,,MA,Technician,MALE,38407,Fully Meets,4,False,82,False,2026-08-31 17:32:05,1068,89144.57,USD,2026-08-31 17:32:05
2475,Houston,Burnett,2022-10-05,2022-12-17,Production Manager,Voluntarily Terminated,Part-Time,Temporary,Retirement,,,MA,Splicer,MALE,14857,Fully Meets,4,False,139,False,2026-08-31 17:32:05,1316,75136.01,USD,2026-08-31 17:32:05
2476,Case,Conley,2021-10-01,2023-06-21,President & CEO,Terminated,Part-Time,Full-Time,Voluntary,Left due to lack of flexibility around hybrid work policies and long commute times.,1967-11-07,MA,Runner,MALE,6637,Fully Meets,2,False,545,False,2026-08-31 17:32:05,,183628.58,USD,2026-08-31 17:32:05
2477,Trevin,Shannon,2022-01-31,,Director of Sales,Active,Contract,Full-Time,Unk,,,RI,Laborer,FEMALE,92396,Fully Meets,2,False,36,False,2026-08-31 17:32:05,1316,144382.37,USD,2026-08-31 17:32:05
2478,Braden,Nicholson,2020-06-01,,Director of Operations,Active,Full-Time,Temporary,Unk,,,RI,Flagger,FEMALE,6085,Fully Meets,5,False,110,False,2026-08-31 17:32:05,1316,95811.52,USD,2026-08-31 17:32:05
2479,Mireya,Sutton,2023-04-18,2023-05-17,Data Analyst,Terminated,Contract,Part-Time,Involuntary,Left due to lack of flexibility around hybrid work policies and long commute times.,,MA,Laborer,FEMALE,67089,Fully Meets,4,False,277,False,2026-08-31 17:32:05,1713,60837.78,USD,2026-08-31 17:32:05
2480,Jason,Foss,2020-07-25,,IT Director,Active,Part-Time,Part-Time,Unk,,,MA,Technician,MALE,1460,Fully Meets,2,False,546,False,2026-08-31 17:32:05,1316,137132.73,USD,2026-08-31 17:32:05
2481,Simon,Roup,2018-12-12,,IT Manager - DB,Active,Full-Time,Part-Time,Unk,,1997-03-07,MA,Lineman,MALE,2481,Fully Meets,1,False,216,False,2026-08-31 17:32:05,1316,81336.54,USD,2026-08-31 17:32:05
2482,Eric,Dougall,2018-09-01,2022-06-20,IT Manager - Support,Terminated,Contract,Full-Time,Voluntary,Left due to lack of flexibility around hybrid work policies and long commute times.,,MA,Manager,MALE,1886,Fully Meets,4,False,547,False,2026-08-31 17:32:05,1316,86792.95,USD,2026-08-31 17:32:05
2483,Peter,Monroe,2019-11-24,,IT Manager - Infra,Active,Part-Time,Temporary,Unk,,,MA,Engineer,MALE,2134,Fully Meets,2,False,459,False,2026-08-31 17:32:05,1316,104231.6,USD,2026-08-31 17:32:05
2484,Brian,Champaigne,2021-12-26,,BI Director,Active,Part-Time,Part-Time,Unk,,,MA,Laborer,MALE,2045,Fully Meets,4,False,219,False,2026-08-31 17:32:05,1316,118743.84,USD,2026-08-31 17:32:05
2485,Alex,Sweetwater,2020-03-04,2021-09-08,Software Engineering Manager,Terminated,Part-Time,Part-Time,Retirement,Left due to lack of flexibility around hybrid work policies and long commute times.,,MA,Supervisor,MALE,2184,Fully Meets,4,False,548,False,2026-08-31 17:32:05,1316,74582.25,USD,2026-08-31 17:32:05
2486,Ricardo,Ruiz,2020-05-03,,IT Manager - DB,Active,Part-Time,Temporary,Unk,,,MA,Coordinator,MALE,1915,Fully Meets,5,False,270,False,2026-08-31 17:32:05,1316,71810.25,USD,2026-08-31 17:32:05
2487,Leo,Cooper,2019-07-20,,IT Manager - DB,Active,Part-Time,Temporary,Unk,,1978-09-12,MA,Laborer,MALE,86917,Fully Meets,4,False,482,False,2026-08-31 17:32:05,1316,103089.58,USD,2026-08-31 17:32:05
2488,Braedon,Welch,2022-05-26,2022-10-05,IT Director,Terminated,Contract,Full-Time,Resignation,Left due to lack of flexibility around hybrid work policies and long commute times.,,MA,Tower Hand,MALE,10930,Fully Meets,1,False,214,False,2026-08-31 17:32:05,1316,108290.47,USD,2026-08-31 17:32:05
2489,Graham,Villa,2021-07-24,,Director of Sales,Active,Contract,Part-Time,Unk,,,MA,Technician,MALE,38550,Fully Meets,5,False,244,False,2026-08-31 17:32:05,1316,120203.2,USD,2026-08-31 17:32:05
2490,Kyle,Ali,2021-09-27,,Director of Operations,Active,Contract,Part-Time,Unk,,,MA,Laborer,MALE,5891,Fully Meets,4,False,476,False,2026-08-31 17:32:05,1316,99535.09,USD,2026-08-31 17:32:05
2491,Giovanna,Romero,2019-04-07,,Software Engineer,Active,Contract,Full-Time,Unk,,,MA,Flagger,MALE,16917,Fully Meets,1,False,303,False,2026-08-31 17:32:05,1316,59827.93,USD,2026-08-31 17:32:05
2492,Natalya,Norman,2019-07-20,,Software Engineer,Active,Full-Time,Temporary,Unk,,1957-04-12,MA,Laborer,MALE,34504,Fully Meets,2,False,338,False,2026-08-31 17:32:05,1060,77553.69,USD,2026-08-31 17:32:05
2493,Connor,Carrillo,2022-12-03,2023-06-29,Software Engineer,Terminated,Contract,Full-Time,Retirement,Resigned citing below-market compensation and lack of annual salary adjustments.,,MA,Driller,MALE,13337,Fully Meets,4,False,300,False,2026-08-31 17:32:05,1316,62584.45,USD,2026-08-31 17:32:05
2494,Owen,Burch,2020-04-04,2022-11-10,IT Manager - DB,Terminated,Contract,Temporary,Retirement,Left due to lack of flexibility around hybrid work policies and long commute times.,1978-04-08,MA,Laborer,MALE,67346,Fully Meets,4,False,282,False,2026-08-31 17:32:05,2516,103989.73,USD,2026-08-31 17:32:05
2495,Abel,Bush,2020-03-08,2023-02-26,IT Director,Terminated,Contract,Part-Time,Resignation,Terminated due to persistent low performance scores and disengagement following team restructuring.,,MA,Engineer,MALE,71472,Fully Meets,1,False,549,False,2026-08-31 17:32:05,1316,107941.78,USD,2026-08-31 17:32:05
2496,Selina,Mullins,2020-09-28,2023-03-27,Director of Sales,Terminated,Part-Time,Temporary,Retirement,Resigned citing below-market compensation and lack of annual salary adjustments.,,MA,Operator,MALE,55912,Fully Meets,2,False,550,False,2026-08-31 17:32:05,1316,120227.26,USD,2026-08-31 17:32:05
2497,Marilyn,Chaney,2021-07-14,2022-08-09,Director of Operations,Terminated,Full-Time,Temporary,Voluntary,Left due to lack of flexibility around hybrid work policies and long commute times.,1955-05-09,MA,Technician,MALE,24639,Fully Meets,4,False,15,False,2026-08-31 17:32:05,1316,137976.54,USD,2026-08-31 17:32:05
2498,Camron,Keller,2019-10-17,2020-03-21,BI Developer,Terminated For Cause,Full-Time,Temporary,Involuntary,,1999-08-09,MA,Foreman,FEMALE,44117,Fully Meets,4,False,15,False,2026-08-31 17:32:05,3442,60688.83,USD,2026-08-31 17:32:05
2499,Ali,Benjamin,2023-04-08,2023-06-09,Software Engineer,Terminated,Contract,Full-Time,Resignation,Resigned citing below-market compensation and lack of annual salary adjustments.,1989-04-09,MA,Manager,MALE,32650,Fully Meets,4,False,551,False,2026-08-31 17:32:05,1316,54782.06,USD,2026-08-31 17:32:05
2500,Annabelle,Frederick,2019-07-25,,Software Engineer,Active,Full-Time,Part-Time,Unk,,,MA,Laborer,MALE,27273,Fully Meets,2,False,346,False,2026-08-31 17:32:05,1316,74941.64,USD,2026-08-31 17:32:05
2501,Joy,Sellers,2022-12-25,,Software Engineer,Active,Full-Time,Temporary,Unk,,1952-12-10,MA,Manager,MALE,89368,Fully Meets,2,False,552,False,2026-08-31 17:32:05,2540,58646.13,USD,2026-08-31 17:32:05
2502,Charlie,Brady,2019-01-27,,Software Engineer,Active,Part-Time,Temporary,Unk,,1999-06-06,MA,Supervisor,MALE,25819,Fully Meets,2,False,335,False,2026-08-31 17:32:05,1316,63575.32,USD,2026-08-31 17:32:05
2503,Ally,Goodman,2021-12-26,2022-01-29,IT Manager - DB,Terminated,Contract,Temporary,Voluntary,Left due to lack of flexibility around hybrid work policies and long commute times.,,MA,Clerk,MALE,6113,Fully Meets,5,False,224,False,2026-08-31 17:32:05,1316,104178.45,USD,2026-08-31 17:32:05
2504,Vanessa,Zuniga,2023-01-12,,IT Director,Active,Full-Time,Part-Time,Unk,,,MA,Engineer,MALE,60048,Fully Meets,4,False,257,False,2026-08-31 17:32:05,1316,104324.16,USD,2026-08-31 17:32:05
2505,Carleigh,Hendricks,2019-07-02,,Director of Sales,Active,Contract,Temporary,Unk,,1988-01-05,MA,Tester,MALE,23929,Fully Meets,1,False,546,False,2026-08-31 17:32:05,1316,110070.03,USD,2026-08-31 17:32:05
2506,Trey,Johnston,2022-06-30,,Director of Operations,Active,Full-Time,Full-Time,Unk,,1947-12-07,MA,Groundman,MALE,76072,Fully Meets,5,False,219,False,2026-08-31 17:32:05,1316,96553.48,USD,2026-08-31 17:32:05
2507,Adalyn,Hess,2023-01-05,2023-01-14,BI Developer,Terminated For Cause,Part-Time,Temporary,Resignation,,1985-06-09,MA,Foreman,FEMALE,93702,Fully Meets,5,False,239,False,2026-08-31 17:32:05,1316,58714.32,USD,2026-08-31 17:32:05
2508,Selina,Tapia,2018-11-18,,BI Developer,Active,Full-Time,Part-Time,Unk,,,MA,Technician,MALE,96865,Fully Meets,5,False,219,False,2026-08-31 17:32:05,1669,52006.42,USD,2026-08-31 17:32:05
2509,Madeleine,Paul,2020-09-21,2021-10-16,Software Engineer,Terminated,Part-Time,Full-Time,Involuntary,Left due to lack of flexibility around hybrid work policies and long commute times.,,MA,Engineer,FEMALE,68690,Fully Meets,2,False,553,False,2026-08-31 17:32:05,1316,68801.22,USD,2026-08-31 17:32:05
2510,Ronald,Lamb,2019-11-25,2023-02-24,Software Engineer,Terminated,Contract,Temporary,Retirement,Terminated due to persistent low performance scores and disengagement following team restructuring.,,MA,Lineman,MALE,87866,Fully Meets,1,False,554,False,2026-08-31 17:32:05,1316,51346.25,USD,2026-08-31 17:32:05
2511,Ernesto,Beltran,2021-02-05,2023-02-12,Software Engineer,Terminated,Full-Time,Part-Time,Involuntary,Resigned citing below-market compensation and lack of annual salary adjustments.,,MA,Technician,MALE,9299,Fully Meets,4,False,555,False,2026-08-31 17:32:05,1316,68618.45,USD,2026-08-31 17:32:05
2512,Lawrence,Obrien,2023-04-16,2023-05-25,Software Engineer,Terminated,Part-Time,Temporary,Retirement,Left due to lack of flexibility around hybrid work policies and long commute times.,1967-06-03,MA,Laborer,MALE,25059,Fully Meets,4,False,345,False,2026-08-31 17:32:05,1316,54221.64,USD,2026-08-31 17:32:05
2513,Trinity,Estes,2021-08-19,2022-02-16,IT Manager - DB,Terminated,Full-Time,Full-Time,Involuntary,Terminated due to persistent low performance scores and disengagement following team restructuring.,,MA,Engineer,MALE,6272,Fully Meets,2,False,556,False,2026-08-31 17:32:05,1316,82432.62,USD,2026-08-31 17:32:05
2514,Amina,Bush,2022-01-14,,IT Director,Active,Part-Time,Full-Time,Unk,,1957-09-09,MA,Engineer,MALE,28525,Fully Meets,1,False,255,False,2026-08-31 17:32:05,1316,112443.03,USD,2026-08-31 17:32:05
2515,Mayra,Lynn,2018-09-11,,Director of Sales,Active,Contract,Full-Time,Unk,,1996-10-06,MA,Administrator,MALE,88143,Fully Meets,4,False,557,False,2026-08-31 17:32:05,1316,130837.59,USD,2026-08-31 17:32:05
2516,Ally,Brennan,2022-02-18,,Director of Operations,Active,Full-Time,Temporary,Unk,,,MA,Laborer,MALE,41482,Fully Meets,5,False,282,False,2026-08-31 17:32:05,1316,118325.46,USD,2026-08-31 17:32:05
2517,Alina,Benson,2019-12-01,2023-01-25,BI Developer,Terminated,Full-Time,Full-Time,Retirement,Resigned citing below-market compensation and lack of annual salary adjustments.,1963-10-02,MA,Laborer,MALE,20916,Fully Meets,2,False,239,False,2026-08-31 17:32:05,1316,57645.46,USD,2026-08-31 17:32:05
2518,Rebekah,Delacruz,2021-02-28,2022-07-31,BI Developer,Terminated,Full-Time,Full-Time,Voluntary,Left due to lack of flexibility around hybrid work policies and long commute times.,,MA,Laborer,MALE,53499,Fully Meets,4,False,517,False,2026-08-31 17:32:05,1316,74841.8,USD,2026-08-31 17:32:05
2519,Melody,Wright,2021-11-13,,Software Engineer,Active,Part-Time,Part-Time,Unk,,,MA,Splicer,FEMALE,32395,Fully Meets,4,False,558,False,2026-08-31 17:32:05,1316,65018.27,USD,2026-08-31 17:32:05
2520,Richard,Oconnell,2020-09-27,,Software Engineer,Active,Part-Time,Part-Time,Unk,,,MA,Coordinator,MALE,47987,Fully Meets,1,False,551,False,2026-08-31 17:32:05,1316,52484.08,USD,2026-08-31 17:32:05
2521,Olivia,Goodman,2022-09-03,,Software Engineer,Active,Contract,Temporary,Unk,,,MA,Engineer,MALE,74262,Fully Meets,1,False,296,False,2026-08-31 17:32:05,1316,76503.19,USD,2026-08-31 17:32:05
2522,Zaniyah,Parks,2020-10-09,2021-11-09,IT Manager - DB,Terminated,Full-Time,Temporary,Voluntary,Terminated due to persistent low performance scores and disengagement following team restructuring.,,MA,Driller,MALE,54386,Fully Meets,4,False,214,False,2026-08-31 17:32:05,2488,81992.76,USD,2026-08-31 17:32:05
2523,Maximilian,Williamson,2021-11-06,,IT Director,Active,Full-Time,Temporary,Unk,,1970-08-09,MA,Lineman,MALE,25953,Fully Meets,5,False,246,False,2026-08-31 17:32:05,1316,96948.97,USD,2026-08-31 17:32:05
2524,Serena,Barajas,2023-06-24,,Director of Sales,Active,Contract,Part-Time,Unk,,,MA,Manager,MALE,88225,Fully Meets,1,False,559,False,2026-08-31 17:32:05,1316,119730.01,USD,2026-08-31 17:32:05
2525,Larry,Novak,2021-09-15,2023-07-02,Director of Operations,Terminated,Full-Time,Full-Time,Retirement,Terminated due to persistent low performance scores and disengagement following team restructuring.,1952-07-02,MA,Lineman,MALE,11241,Fully Meets,2,False,54,False,2026-08-31 17:32:05,1316,101196.9,USD,2026-08-31 17:32:05
2526,Kadyn,Marsh,2022-10-14,,BI Developer,Active,Contract,Part-Time,Unk,,,MA,Engineer,FEMALE,88079,Fully Meets,1,False,285,False,2026-08-31 17:32:05,1650,53346.33,USD,2026-08-31 17:32:05
2527,Nylah,Hood,2019-07-22,,BI Developer,Active,Full-Time,Temporary,Unk,,,MA,Project Manager,MALE,61715,Fully Meets,2,False,255,False,2026-08-31 17:32:05,2514,71148.88,USD,2026-08-31 17:32:05
2528,Rigoberto,Allen,2023-03-20,2023-05-06,BI Developer,Terminated,Part-Time,Part-Time,Retirement,Terminated due to persistent low performance scores and disengagement following team restructuring.,1985-09-06,MA,Coordinator,MALE,78254,Fully Meets,1,False,527,False,2026-08-31 17:32:05,2251,49576.31,USD,2026-08-31 17:32:05
2529,Gabriella,Clements,2022-05-02,,Software Engineer,Active,Full-Time,Part-Time,Unk,,,MA,Operator,FEMALE,53709,Fully Meets,2,False,560,False,2026-08-31 17:32:05,1316,73243.05,USD,2026-08-31 17:32:05
2530,Hana,Lucero,2022-10-20,2023-07-07,Software Engineer,Terminated,Part-Time,Temporary,Retirement,Left due to lack of flexibility around hybrid work policies and long commute times.,1980-11-04,MA,Attendant,MALE,75065,Fully Meets,2,False,561,False,2026-08-31 17:32:05,1316,77791.76,USD,2026-08-31 17:32:05
2531,Luciana,Gill,2023-07-24,2023-07-29,Software Engineer,Terminated,Part-Time,Full-Time,Voluntary,Terminated due to persistent low performance scores and disengagement following team restructuring.,,MA,Manager,MALE,10274,Fully Meets,2,False,562,False,2026-08-31 17:32:05,1316,66228.62,USD,2026-08-31 17:32:05
2532,Demetrius,Cooley,2020-07-18,,IT Manager - DB,Active,Contract,Part-Time,Unk,,1972-04-09,MA,Technician,MALE,85461,Fully Meets,4,False,254,False,2026-08-31 17:32:05,1716,94862.57,USD,2026-08-31 17:32:05
2533,Chandler,Reynolds,2021-05-05,,IT Manager - DB,Active,Full-Time,Temporary,Unk,,,MA,Technician,MALE,53235,Fully Meets,1,False,214,False,2026-08-31 17:32:05,2488,94975.53,USD,2026-08-31 17:32:05
2534,Iyana,Benjamin,2019-04-15,2021-05-23,IT Director,Terminated,Part-Time,Temporary,Retirement,Terminated due to persistent low performance scores and disengagement following team restructuring.,1960-05-07,MA,Coordinator,MALE,96561,Fully Meets,1,False,217,False,2026-08-31 17:32:05,1316,144640.4,USD,2026-08-31 17:32:05
2535,Antoine,Haney,2020-08-24,2023-05-02,Director of Sales,Terminated,Contract,Part-Time,Resignation,Resigned citing below-market compensation and lack of annual salary adjustments.,,MA,Engineer,MALE,6563,Fully Meets,2,False,37,False,2026-08-31 17:32:05,1316,112076.91,USD,2026-08-31 17:32:05
2536,Alfred,Rivas,2022-12-31,,Director of Operations,Active,Contract,Temporary,Unk,,1951-03-02,MA,Driller,MALE,67353,Fully Meets,2,False,11,False,2026-08-31 17:32:05,1316,103142.83,USD,2026-08-31 17:32:05
2537,Darien,Sawyer,2022-09-18,2023-06-07,BI Developer,Terminated,Full-Time,Full-Time,Involuntary,Terminated due to persistent low performance scores and disengagement following team restructuring.,,MA,Tower Hand,FEMALE,73238,Fully Meets,2,False,214,False,2026-08-31 17:32:05,2488,63170.85,USD,2026-08-31 17:32:05
2538,Isaias,Pineda,2019-09-14,,BI Developer,Active,Full-Time,Part-Time,Unk,,,MA,Groundman,FEMALE,95322,Fully Meets,5,False,563,False,2026-08-31 17:32:05,1316,63663.74,USD,2026-08-31 17:32:05
2539,Casey,Bradford,2019-03-19,,BI Developer,Active,Part-Time,Temporary,Unk,,1953-04-10,MA,Foreman,MALE,17448,Fully Meets,2,False,227,False,2026-08-31 17:32:05,2224,51226.94,USD,2026-08-31 17:32:05
2540,London,Bautista,2022-10-18,2023-01-10,Software Engineering Manager,Terminated,Contract,Part-Time,Resignation,Terminated due to persistent low performance scores and disengagement following team restructuring.,,MA,Svp,FEMALE,61856,Fully Meets,4,False,552,False,2026-08-31 17:32:05,1316,91458.83,USD,2026-08-31 17:32:05
2541,Kayleigh,Davenport,2022-07-31,,Software Engineer,Active,Full-Time,Temporary,Unk,,1973-09-01,MA,Engineer,FEMALE,60675,Fully Meets,1,False,341,False,2026-08-31 17:32:05,1316,45494.37,USD,2026-08-31 17:32:05
2542,Koen,Flores,2023-03-06,,Software Engineer,Active,Part-Time,Part-Time,Unk,,1959-01-09,MA,Engineer,MALE,55449,Fully Meets,4,False,301,False,2026-08-31 17:32:05,1316,77468.39,USD,2026-08-31 17:32:05
2543,Ernest,Finley,2019-01-30,2021-03-22,Software Engineer,Voluntarily Terminated,Full-Time,Full-Time,Resignation,,,MA,Operator,MALE,59271,Fully Meets,2,False,304,False,2026-08-31 17:32:05,1316,54260.1,USD,2026-08-31 17:32:05
2544,Wade,Hernandez,2023-05-22,2023-07-12,IT Manager - DB,Terminated,Full-Time,Temporary,Voluntary,Resigned citing below-market compensation and lack of annual salary adjustments.,,MA,Laborer,MALE,59420,Fully Meets,1,False,564,False,2026-08-31 17:32:05,1316,71384.61,USD,2026-08-31 17:32:05
2545,Odin,Key,2018-12-22,,IT Manager - DB,Active,Contract,Full-Time,Unk,,1951-08-10,MA,Coordinator,MALE,57785,Fully Meets,4,False,527,False,2026-08-31 17:32:05,1316,73788.73,USD,2026-08-31 17:32:05
2546,Deven,Huff,2022-11-08,,IT Director,Active,Part-Time,Part-Time,Unk,,,MA,Clerk,MALE,26419,Fully Meets,4,False,565,False,2026-08-31 17:32:05,1316,107012.45,USD,2026-08-31 17:32:05
2547,Kenna,Simon,2021-07-03,,Director of Sales,Active,Full-Time,Temporary,Unk,,,MA,Laborer,MALE,31784,Fully Meets,4,False,68,False,2026-08-31 17:32:05,1316,108695.31,USD,2026-08-31 17:32:05
2548,Luz,Garza,2018-11-14,2021-07-08,BI Developer,Terminated,Contract,Temporary,Resignation,Left due to lack of flexibility around hybrid work policies and long commute times.,,MA,Manager,FEMALE,70770,Fully Meets,1,False,198,False,2026-08-31 17:32:05,2263,46148.35,USD,2026-08-31 17:32:05
2549,Tristan,Reed,2021-09-18,,BI Developer,Active,Contract,Part-Time,Unk,,1963-04-07,MA,Project Manager,FEMALE,51516,Fully Meets,5,False,214,False,2026-08-31 17:32:05,2488,54777.42,USD,2026-08-31 17:32:05
2550,Beckett,Beck,2020-11-19,2021-11-03,Software Engineering Manager,Terminated,Contract,Part-Time,Involuntary,Resigned citing below-market compensation and lack of annual salary adjustments.,,MA,Flagger,FEMALE,69865,Fully Meets,5,False,317,False,2026-08-31 17:32:05,1316,76752.96,USD,2026-08-31 17:32:05
2551,Coby,Giles,2023-05-04,2023-07-02,Software Engineer,Terminated,Full-Time,Temporary,Voluntary,Left due to lack of flexibility around hybrid work policies and long commute times.,1988-12-05,MA,Manager,FEMALE,49964,Fully Meets,1,False,304,False,2026-08-31 17:32:05,1316,58251.73,USD,2026-08-31 17:32:05
2552,Jalen,Jennings,2023-01-21,,Software Engineer,Active,Full-Time,Temporary,Unk,,1954-03-11,MA,Foreman,MALE,72168,Fully Meets,5,False,551,False,2026-08-31 17:32:05,1316,58480.87,USD,2026-08-31 17:32:05
2553,Ralph,Barrera,2022-08-19,2023-01-18,IT Manager - DB,Terminated,Contract,Part-Time,Resignation,Resigned citing below-market compensation and lack of annual salary adjustments.,1973-09-10,MA,Laborer,MALE,87974,Fully Meets,2,False,259,False,2026-08-31 17:32:05,3961,81865.27,USD,2026-08-31 17:32:05
2554,Shania,Caldwell,2022-07-18,2023-05-09,IT Manager - DB,Terminated,Part-Time,Full-Time,Voluntary,Left due to lack of flexibility around hybrid work policies and long commute times.,1991-03-10,MA,Engineer,MALE,2505,Fully Meets,1,False,566,False,2026-08-31 17:32:05,1316,81477.34,USD,2026-08-31 17:32:05
2555,Colby,Horne,2019-08-14,2021-05-13,IT Director,Terminated,Full-Time,Temporary,Resignation,Terminated due to persistent low performance scores and disengagement following team restructuring.,,MA,Foreman,MALE,6633,Fully Meets,2,False,268,False,2026-08-31 17:32:05,1316,99486.56,USD,2026-08-31 17:32:05
2556,Kaiden,Cunningham,2020-12-10,2022-05-30,Director of Sales,Terminated,Part-Time,Full-Time,Voluntary,Resigned citing below-market compensation and lack of annual salary adjustments.,,MA,Manager,MALE,73638,Fully Meets,2,False,567,False,2026-08-31 17:32:05,1932,96260.25,USD,2026-08-31 17:32:05
2557,Davion,Vasquez,2019-09-20,,BI Developer,Active,Full-Time,Temporary,Unk,,,MA,Engineer,FEMALE,96051,Fully Meets,2,False,273,False,2026-08-31 17:32:05,1654,52074.0,USD,2026-08-31 17:32:05
2558,Maeve,Gordon,2021-11-19,2021-12-27,Software Engineering Manager,Terminated,Full-Time,Full-Time,Involuntary,Terminated due to persistent low performance scores and disengagement following team restructuring.,,MA,Operator,FEMALE,87152,Fully Meets,4,False,298,False,2026-08-31 17:32:05,1316,96482.73,USD,2026-08-31 17:32:05
2559,Monserrat,Ferguson,2022-04-29,,Software Engineer,Active,Part-Time,Full-Time,Unk,,,MA,Technician,MALE,79836,Fully Meets,1,False,283,False,2026-08-31 17:32:05,1044,79678.34,USD,2026-08-31 17:32:05
2560,Nathan,Schmitt,2021-06-30,2021-07-28,IT Manager - Infra,Terminated,Part-Time,Part-Time,Voluntary,Left due to lack of flexibility around hybrid work policies and long commute times.,1977-05-01,MA,Vp,MALE,43352,Fully Meets,4,False,206,False,2026-08-31 17:32:05,1316,102498.42,USD,2026-08-31 17:32:05
2561,Ashly,Mullen,2021-07-15,,IT Manager - DB,Active,Contract,Temporary,Unk,,1956-11-06,MA,Laborer,MALE,33873,Fully Meets,2,False,254,False,2026-08-31 17:32:05,1716,87647.68,USD,2026-08-31 17:32:05
2562,Angelique,Cochran,2021-04-12,2023-03-06,IT Manager - DB,Terminated,Contract,Full-Time,Retirement,Resigned citing below-market compensation and lack of annual salary adjustments.,,MA,Technician,MALE,83544,Fully Meets,4,False,214,False,2026-08-31 17:32:05,2488,88613.83,USD,2026-08-31 17:32:05
2563,Kenny,Rojas,2020-12-08,,IT Director,Active,Contract,Temporary,Unk,,,MA,Engineer,MALE,73171,Fully Meets,2,False,568,False,2026-08-31 17:32:05,1316,110729.08,USD,2026-08-31 17:32:05
2564,Deandre,Oneal,2019-10-31,2020-03-01,Director of Sales,Terminated,Contract,Full-Time,Voluntary,Terminated due to persistent low performance scores and disengagement following team restructuring.,1995-11-07,MA,Flagger,MALE,36351,Fully Meets,1,False,19,False,2026-08-31 17:32:05,1316,133696.97,USD,2026-08-31 17:32:05
2565,Adison,Huerta,2020-01-22,,BI Developer,Active,Contract,Temporary,Unk,,,MA,Technician,FEMALE,93447,Fully Meets,2,False,214,False,2026-08-31 17:32:05,2488,71766.48,USD,2026-08-31 17:32:05
2566,Elisabeth,Bradley,2022-09-20,,Software Engineering Manager,Active,Full-Time,Full-Time,Unk,,,MA,Coordinator,MALE,69590,Fully Meets,2,False,338,False,2026-08-31 17:32:05,1316,99549.53,USD,2026-08-31 17:32:05
2567,Sylvia,Price,2022-12-22,2023-07-26,IT Manager - Infra,Terminated,Full-Time,Part-Time,Voluntary,Terminated due to persistent low performance scores and disengagement following team restructuring.,,MA,Foreman,MALE,51819,Fully Meets,5,False,218,False,2026-08-31 17:32:05,1316,101342.66,USD,2026-08-31 17:32:05
2568,Eden,Choi,2019-03-12,,IT Manager - DB,Active,Full-Time,Full-Time,Unk,,,MA,Lineman,MALE,40294,Fully Meets,4,False,470,False,2026-08-31 17:32:05,1316,85202.22,USD,2026-08-31 17:32:05
2569,Emerson,Grimes,2021-10-07,2021-12-31,IT Manager - DB,Terminated,Full-Time,Temporary,Retirement,Left due to lack of flexibility around hybrid work policies and long commute times.,,MA,Laborer,MALE,53854,Fully Meets,2,False,476,False,2026-08-31 17:32:05,2490,96840.64,USD,2026-08-31 17:32:05
2570,Ayden,Wu,2019-06-16,2023-05-21,IT Director,Terminated,Contract,Full-Time,Voluntary,Terminated due to persistent low performance scores and disengagement following team restructuring.,,MA,Laborer,MALE,60717,Fully Meets,4,False,244,False,2026-08-31 17:32:05,1316,135319.94,USD,2026-08-31 17:32:05
2571,Hayley,Keller,2021-03-17,2022-09-08,BI Director,Terminated,Part-Time,Full-Time,Retirement,Resigned citing below-market compensation and lack of annual salary adjustments.,1989-11-02,MA,Technician,FEMALE,30960,Fully Meets,2,False,219,False,2026-08-31 17:32:05,1316,110422.98,USD,2026-08-31 17:32:05
2572,Alannah,Rivas,2022-08-07,2023-04-26,BI Developer,Terminated,Contract,Temporary,Resignation,Left due to lack of flexibility around hybrid work policies and long commute times.,,MA,Technician,MALE,81338,Fully Meets,4,False,237,False,2026-08-31 17:32:05,1692,77523.48,USD,2026-08-31 17:32:05
2573,Jessica,Bunbury,2020-01-17,2023-02-28,Area Sales Manager,Voluntarily Terminated,Contract,Temporary,Voluntary,,1987-02-01,VA,Laborer,FEMALE,21851,Fully Meets,4,False,27,False,2026-08-31 17:32:05,1316,73301.95,USD,2026-08-31 17:32:05
2574,Giovanni,Leruth,2022-06-11,2023-02-20,Area Sales Manager,Terminated,Full-Time,Full-Time,Involuntary,Resigned citing below-market compensation and lack of annual salary adjustments.,,UT,Engineer,MALE,84111,Fully Meets,2,False,569,False,2026-08-31 17:32:05,1316,104799.42,USD,2026-08-31 17:32:05
2575,Ricardo,Gonzales,2021-03-03,2023-01-30,Area Sales Manager,Terminated,Contract,Temporary,Retirement,Left due to lack of flexibility around hybrid work policies and long commute times.,,ID,Splicer,MALE,83706,Fully Meets,4,False,570,False,2026-08-31 17:32:05,1316,96953.18,USD,2026-08-31 17:32:05
2576,Caitrin,Strong,2020-04-16,2021-03-15,Area Sales Manager,Terminated,Contract,Part-Time,Resignation,Terminated due to persistent low performance scores and disengagement following team restructuring.,,MT,Supervisor,FEMALE,59102,Fully Meets,1,False,571,False,2026-08-31 17:32:05,1316,73264.48,USD,2026-08-31 17:32:05
2577,Jenna,Dietrich,2022-09-22,2023-01-28,Area Sales Manager,Terminated,Full-Time,Temporary,Voluntary,Resigned citing below-market compensation and lack of annual salary adjustments.,,WA,Lineman,FEMALE,98052,Fully Meets,2,False,572,False,2026-08-31 17:32:05,1316,92968.04,USD,2026-08-31 17:32:05
2578,Michelle,Carter,2023-05-30,,Area Sales Manager,Active,Part-Time,Full-Time,Unk,,,VT,Assistant,FEMALE,5664,Fully Meets,5,False,573,False,2026-08-31 17:32:05,1316,71196.28,USD,2026-08-31 17:32:05
2579,Jackie,Valentin,2021-01-14,,Area Sales Manager,Active,Full-Time,Full-Time,Unk,,,AZ,Administrative,FEMALE,85006,Fully Meets,2,False,66,False,2026-08-31 17:32:05,1316,96956.54,USD,2026-08-31 17:32:05
2580,Alfred,Digitale,2020-04-29,2021-10-20,Area Sales Manager,Terminated,Full-Time,Part-Time,Resignation,Resigned citing below-market compensation and lack of annual salary adjustments.,1954-07-04,NH,Administration,MALE,3062,Fully Meets,2,False,574,False,2026-08-31 17:32:05,1316,97972.8,USD,2026-08-31 17:32:05
2581,Howard,Mullaney,2021-07-07,,Area Sales Manager,Active,Full-Time,Full-Time,Unk,,1970-12-11,AL,Laborer,MALE,36006,Fully Meets,1,False,22,False,2026-08-31 17:32:05,1316,91084.36,USD,2026-08-31 17:32:05
2582,Whitney,Gill,2020-07-28,,Area Sales Manager,Active,Part-Time,Temporary,Unk,,,OH,Laborer,FEMALE,43050,Fully Meets,1,False,575,False,2026-08-31 17:32:05,1316,99990.11,USD,2026-08-31 17:32:05
2583,Gerry,Friedman,2020-09-16,,Area Sales Manager,Active,Contract,Temporary,Unk,,,NY,Project Manager,MALE,10171,Fully Meets,5,False,79,False,2026-08-31 17:32:05,1316,73425.91,USD,2026-08-31 17:32:05
2584,Noah,Villanueva,2023-04-23,,Area Sales Manager,Active,Part-Time,Part-Time,Unk,,,ME,Engineer,MALE,4063,Fully Meets,4,False,73,False,2026-08-31 17:32:05,1316,79657.33,USD,2026-08-31 17:32:05
2585,Mike,Guilianno,2021-06-04,,Area Sales Manager,Active,Contract,Temporary,Unk,,,TN,Laborer,MALE,37129,Fully Meets,2,False,23,False,2026-08-31 17:32:05,1316,84496.21,USD,2026-08-31 17:32:05
2586,Travis,Ozark,2020-04-15,,Area Sales Manager,Active,Full-Time,Temporary,Unk,,,NC,Laborer,MALE,27229,Fully Meets,4,False,37,False,2026-08-31 17:32:05,2535,71486.03,USD,2026-08-31 17:32:05
2587,Rylee,Frye,2019-09-04,2020-04-13,Area Sales Manager,Terminated,Full-Time,Part-Time,Involuntary,Left due to lack of flexibility around hybrid work policies and long commute times.,,MA,Technician,MALE,69470,Fully Meets,5,False,27,False,2026-08-31 17:32:05,1316,85687.56,USD,2026-08-31 17:32:05
2588,Callum,Ford,2020-08-18,,Area Sales Manager,Active,Full-Time,Full-Time,Unk,,,MA,Laborer,MALE,90985,Fully Meets,5,False,36,False,2026-08-31 17:32:05,2477,79282.47,USD,2026-08-31 17:32:05
2589,Jabari,Frank,2020-12-05,,Area Sales Manager,Active,Contract,Temporary,Unk,,,AZ,Engineer,MALE,62646,Fully Meets,5,False,576,False,2026-08-31 17:32:05,1316,83745.73,USD,2026-08-31 17:32:05
2590,Stephanie,Wilkinson,2023-01-13,2023-02-12,Area Sales Manager,Terminated,Part-Time,Full-Time,Retirement,Left due to lack of flexibility around hybrid work policies and long commute times.,1998-07-02,AZ,Engineer,MALE,47626,Fully Meets,5,False,8,False,2026-08-31 17:32:05,1316,84878.59,USD,2026-08-31 17:32:05
2591,Cruz,Arellano,2019-09-17,,Area Sales Manager,Active,Full-Time,Full-Time,Unk,,1993-08-08,AZ,Laborer,MALE,19215,Fully Meets,4,False,54,False,2026-08-31 17:32:05,2525,100779.41,USD,2026-08-31 17:32:05
2592,Rubi,Shields,2020-10-15,,Area Sales Manager,Active,Contract,Part-Time,Unk,,1949-12-06,TN,Splicer,MALE,80307,Fully Meets,2,False,50,False,2026-08-31 17:32:05,1316,79461.93,USD,2026-08-31 17:32:05
2593,Sage,Booker,2018-12-01,2021-06-23,Area Sales Manager,Terminated,Contract,Temporary,Voluntary,Left due to lack of flexibility around hybrid work policies and long commute times.,1972-08-02,TN,Laborer,MALE,64576,Fully Meets,1,False,12,False,2026-08-31 17:32:05,1316,101281.01,USD,2026-08-31 17:32:05
2594,Aileen,Wright,2023-07-24,,Area Sales Manager,Active,Part-Time,Temporary,Unk,,,TN,Engineer,MALE,1126,Fully Meets,1,False,47,False,2026-08-31 17:32:05,1316,84908.98,USD,2026-08-31 17:32:05
2595,Karly,Ho,2019-10-08,,Area Sales Manager,Active,Part-Time,Full-Time,Unk,,,TN,Administrator,MALE,68371,Fully Meets,4,False,577,False,2026-08-31 17:32:05,1316,81473.27,USD,2026-08-31 17:32:05
2596,Thaddeus,Lutz,2021-10-16,2022-05-04,Area Sales Manager,Terminated,Contract,Full-Time,Voluntary,Left due to lack of flexibility around hybrid work policies and long commute times.,,ID,Administrative,MALE,68985,Fully Meets,2,False,578,False,2026-08-31 17:32:05,1316,87587.92,USD,2026-08-31 17:32:05
2597,Layla,Kane,2020-04-03,,Area Sales Manager,Active,Contract,Full-Time,Unk,,,ID,Technician,MALE,92704,Fully Meets,2,False,27,False,2026-08-31 17:32:05,1316,84621.02,USD,2026-08-31 17:32:05
2598,Yesenia,Payne,2020-01-08,,Area Sales Manager,Active,Part-Time,Temporary,Unk,,1964-05-09,ID,Splicer,MALE,8573,Fully Meets,4,False,52,False,2026-08-31 17:32:05,1316,79008.03,USD,2026-08-31 17:32:05
2599,Jase,Waters,2022-03-27,2023-06-14,Administrative Assistant,Terminated,Contract,Temporary,Voluntary,Left due to lack of flexibility around hybrid work policies and long commute times.,1942-11-07,ID,Runner,FEMALE,40513,Fully Meets,2,False,579,False,2026-08-31 17:32:05,1316,62593.78,USD,2026-08-31 17:32:05
2600,Thomas,Sloan,2018-09-18,,Administrative Assistant,Active,Full-Time,Temporary,Unk,,,WA,Lineman,FEMALE,46029,Fully Meets,2,False,63,False,2026-08-31 17:32:05,3508,50313.06,USD,2026-08-31 17:32:05
2601,Anya,Baldwin,2019-11-29,2020-04-21,Administrative Assistant,Terminated,Full-Time,Part-Time,Involuntary,Resigned citing below-market compensation and lack of annual salary adjustments.,2001-02-03,WA,Laborer,FEMALE,44158,Fully Meets,1,False,54,False,2026-08-31 17:32:05,3494,57317.55,USD,2026-08-31 17:32:05
2602,Jacquelyn,Austin,2019-04-16,2022-08-05,Accountant I,Terminated,Full-Time,Full-Time,Involuntary,Left due to lack of flexibility around hybrid work policies and long commute times.,1982-07-08,MA,Clerk,FEMALE,27947,Fully Meets,2,False,580,False,2026-08-31 17:32:05,1316,64802.66,USD,2026-08-31 17:32:05
2603,Kaitlynn,Aguirre,2019-03-05,2019-10-12,Area Sales Manager,Terminated,Part-Time,Full-Time,Involuntary,Terminated due to persistent low performance scores and disengagement following team restructuring.,1999-08-06,MA,Splicer,MALE,18574,Fully Meets,2,False,581,False,2026-08-31 17:32:05,1316,84469.29,USD,2026-08-31 17:32:05
2604,Saniyah,Cantu,2018-12-20,2020-05-29,Area Sales Manager,Terminated,Contract,Full-Time,Voluntary,Resigned citing below-market compensation and lack of annual salary adjustments.,1987-10-03,MA,Engineer,MALE,68833,Fully Meets,5,False,69,False,2026-08-31 17:32:05,1316,98836.93,USD,2026-08-31 17:32:05
2605,Jakayla,Dickson,2021-03-08,2023-05-29,Area Sales Manager,Terminated,Full-Time,Part-Time,Retirement,Left due to lack of flexibility around hybrid work policies and long commute times.,1968-11-08,AZ,Supervisor,MALE,29838,Fully Meets,4,False,45,False,2026-08-31 17:32:05,1316,78985.26,USD,2026-08-31 17:32:05
2606,Aspen,Freeman,2020-10-23,,Area Sales Manager,Active,Full-Time,Part-Time,Unk,,1951-02-08,AZ,Project Manager,MALE,24803,Fully Meets,2,False,62,False,2026-08-31 17:32:05,1316,103942.01,USD,2026-08-31 17:32:05
2607,Lamont,Summers,2019-03-29,,Area Sales Manager,Active,Contract,Part-Time,Unk,,,AL,Engineer,MALE,89972,Fully Meets,2,False,582,False,2026-08-31 17:32:05,1316,97465.27,USD,2026-08-31 17:32:05
2608,Lewis,Hobbs,2020-10-25,,Area Sales Manager,Active,Contract,Full-Time,Unk,,1977-01-12,TN,Lineman,MALE,47864,Fully Meets,4,False,50,False,2026-08-31 17:32:05,1316,103865.76,USD,2026-08-31 17:32:05
2609,Harrison,Camacho,2019-12-06,2021-07-18,Area Sales Manager,Terminated,Part-Time,Temporary,Retirement,Terminated due to persistent low performance scores and disengagement following team restructuring.,,TN,Administrative,MALE,55114,Fully Meets,2,False,51,False,2026-08-31 17:32:05,1316,99334.78,USD,2026-08-31 17:32:05
2610,Ronald,Marquez,2022-09-23,2023-01-25,Area Sales Manager,Terminated,Full-Time,Full-Time,Retirement,Resigned citing below-market compensation and lack of annual salary adjustments.,,TN,Foreman,MALE,90224,Fully Meets,2,False,5,False,2026-08-31 17:32:05,1316,74973.64,USD,2026-08-31 17:32:05
2611,Arabella,Hunter,2019-12-26,2022-06-04,Area Sales Manager,Terminated,Part-Time,Temporary,Voluntary,Left due to lack of flexibility around hybrid work policies and long commute times.,,TN,Manager,MALE,22260,Fully Meets,2,False,572,False,2026-08-31 17:32:05,1316,88426.1,USD,2026-08-31 17:32:05
2612,Amiya,Richardson,2018-08-27,2019-12-19,Area Sales Manager,Terminated,Part-Time,Part-Time,Retirement,Terminated due to persistent low performance scores and disengagement following team restructuring.,1963-01-07,ID,Driller,MALE,95112,Fully Meets,4,False,59,False,2026-08-31 17:32:05,1316,75949.25,USD,2026-08-31 17:32:05
2613,Raquel,Sosa,2022-12-12,2023-03-07,Area Sales Manager,Terminated,Part-Time,Full-Time,Resignation,Resigned citing below-market compensation and lack of annual salary adjustments.,,ID,Project Manager,MALE,13814,Fully Meets,5,False,583,False,2026-08-31 17:32:05,1316,98637.96,USD,2026-08-31 17:32:05
2614,Andy,Stewart,2021-05-13,,Area Sales Manager,Active,Part-Time,Full-Time,Unk,,,ID,Foreman,MALE,29887,Fully Meets,5,False,36,False,2026-08-31 17:32:05,2477,90445.68,USD,2026-08-31 17:32:05
2615,Patrick,Padilla,2021-03-31,,Administrative Assistant,Active,Contract,Part-Time,Unk,,,WA,Controller,FEMALE,69576,Fully Meets,4,False,574,False,2026-08-31 17:32:05,2580,54220.73,USD,2026-08-31 17:32:05
2616,Destiney,Navarro,2019-08-14,2022-09-04,Administrative Assistant,Terminated,Full-Time,Part-Time,Involuntary,Resigned citing below-market compensation and lack of annual salary adjustments.,,WA,Engineer,FEMALE,62733,Fully Meets,1,False,8,False,2026-08-31 17:32:05,3434,77535.96,USD,2026-08-31 17:32:05
2617,Yadira,Barron,2020-08-02,2022-12-30,Administrative Assistant,Terminated,Full-Time,Full-Time,Retirement,Left due to lack of flexibility around hybrid work policies and long commute times.,,WA,Foreman,FEMALE,78047,Fully Meets,4,False,584,False,2026-08-31 17:32:05,1316,49031.51,USD,2026-08-31 17:32:05
2618,Anika,Bender,2019-06-04,,Accountant I,Active,Part-Time,Full-Time,Unk,,,MA,Laborer,FEMALE,22491,Fully Meets,4,False,580,False,2026-08-31 17:32:05,1316,64735.18,USD,2026-08-31 17:32:05
2619,Carlo,Giles,2020-06-17,2022-02-08,Area Sales Manager,Terminated,Contract,Temporary,Involuntary,Resigned citing below-market compensation and lack of annual salary adjustments.,1946-06-04,MA,Laborer,MALE,36412,Fully Meets,5,False,59,False,2026-08-31 17:32:05,1316,95236.42,USD,2026-08-31 17:32:05
2620,Kaylin,Dillon,2021-03-04,,Area Sales Manager,Active,Full-Time,Full-Time,Unk,,1973-02-10,MA,Laborer,MALE,14776,Fully Meets,1,False,68,False,2026-08-31 17:32:05,2547,72059.7,USD,2026-08-31 17:32:05
2621,Laura,Bullock,2018-09-14,,Area Sales Manager,Active,Part-Time,Temporary,Unk,,1942-06-08,AZ,Manager,MALE,57305,Fully Meets,2,False,585,False,2026-08-31 17:32:05,1316,90924.96,USD,2026-08-31 17:32:05
2622,Mary,Moore,2020-07-20,,Area Sales Manager,Active,Contract,Full-Time,Unk,,,AZ,Vp,MALE,95143,Fully Meets,4,False,586,False,2026-08-31 17:32:05,1316,98556.54,USD,2026-08-31 17:32:05
2623,Harper,Clark,2020-05-21,2021-06-13,Area Sales Manager,Terminated,Contract,Full-Time,Involuntary,Left due to lack of flexibility around hybrid work policies and long commute times.,,AZ,Tower Hand,MALE,55592,Fully Meets,2,False,37,False,2026-08-31 17:32:05,2535,72363.46,USD,2026-08-31 17:32:05
2624,Charles,Howard,2023-06-11,2023-07-28,Area Sales Manager,Terminated,Part-Time,Temporary,Retirement,Terminated due to persistent low performance scores and disengagement following team restructuring.,,AL,Supervisor,MALE,12964,Fully Meets,2,False,78,False,2026-08-31 17:32:05,1316,87928.5,USD,2026-08-31 17:32:05
2625,Jaron,Rojas,2022-11-27,2023-05-19,Area Sales Manager,Terminated,Full-Time,Full-Time,Retirement,Resigned citing below-market compensation and lack of annual salary adjustments.,1943-09-11,TN,Driller,MALE,88783,Fully Meets,2,False,13,False,2026-08-31 17:32:05,1316,79049.5,USD,2026-08-31 17:32:05
2626,Jordyn,Mcguire,2020-03-02,2022-05-27,Area Sales Manager,Terminated,Full-Time,Temporary,Resignation,Left due to lack of flexibility around hybrid work policies and long commute times.,1976-04-09,TN,Manager,MALE,11087,Fully Meets,4,False,469,False,2026-08-31 17:32:05,1316,93202.36,USD,2026-08-31 17:32:05
2627,Valentino,Myers,2023-01-29,2023-05-24,Area Sales Manager,Terminated,Full-Time,Part-Time,Retirement,Terminated due to persistent low performance scores and disengagement following team restructuring.,,TN,Foreman,MALE,43552,Fully Meets,4,False,55,False,2026-08-31 17:32:05,1316,74153.71,USD,2026-08-31 17:32:05
2628,Charles,Coleman,2021-12-07,,Area Sales Manager,Active,Part-Time,Temporary,Unk,,,TN,Vp,MALE,33113,Fully Meets,2,False,587,False,2026-08-31 17:32:05,1316,102796.8,USD,2026-08-31 17:32:05
2629,Kamden,Cummings,2023-03-19,2023-07-11,Area Sales Manager,Terminated,Contract,Temporary,Retirement,Left due to lack of flexibility around hybrid work policies and long commute times.,1975-04-02,ID,Laborer,MALE,12650,Fully Meets,1,False,588,False,2026-08-31 17:32:05,1316,101315.5,USD,2026-08-31 17:32:05
2630,Kiley,Wagner,2022-06-10,2023-02-14,Area Sales Manager,Terminated,Part-Time,Full-Time,Involuntary,Terminated due to persistent low performance scores and disengagement following team restructuring.,1994-04-11,ID,Laborer,MALE,34069,Fully Meets,5,False,50,False,2026-08-31 17:32:05,1316,76509.1,USD,2026-08-31 17:32:05
2631,Darien,Young,2021-03-03,,Area Sales Manager,Active,Full-Time,Full-Time,Unk,,1998-09-04,ID,Foreman,FEMALE,50389,Fully Meets,2,False,40,False,2026-08-31 17:32:05,1316,81314.31,USD,2026-08-31 17:32:05
2632,Madeline,Suarez,2022-03-06,,Administrative Assistant,Active,Contract,Part-Time,Unk,,,WA,Foreman,FEMALE,92311,Fully Meets,4,False,27,False,2026-08-31 17:32:05,3456,65567.22,USD,2026-08-31 17:32:05
2633,Zain,Nolan,2022-08-08,,Administrative Assistant,Active,Part-Time,Full-Time,Unk,,1985-09-09,WA,Manager,FEMALE,10525,Fully Meets,5,False,18,False,2026-08-31 17:32:05,3445,70132.18,USD,2026-08-31 17:32:05
2634,Hezekiah,Mcgee,2023-03-12,,Administrative Assistant,Active,Part-Time,Temporary,Unk,,,WA,Technician,FEMALE,12008,Fully Meets,4,False,503,False,2026-08-31 17:32:05,2717,60492.96,USD,2026-08-31 17:32:05
2635,Maxim,Phillips,2019-05-01,2023-02-16,Accountant I,Terminated,Full-Time,Temporary,Voluntary,Left due to lack of flexibility around hybrid work policies and long commute times.,,MA,Locator,FEMALE,86499,Fully Meets,1,False,415,False,2026-08-31 17:32:05,1316,50470.2,USD,2026-08-31 17:32:05
2636,Gwendolyn,Hogan,2018-09-13,2020-11-04,Area Sales Manager,Terminated,Full-Time,Temporary,Resignation,Terminated due to persistent low performance scores and disengagement following team restructuring.,,MA,Technician,MALE,12113,Fully Meets,5,False,483,False,2026-08-31 17:32:05,1316,73645.3,USD,2026-08-31 17:32:05
2637,Kaia,Hernandez,2022-11-16,,Area Sales Manager,Active,Contract,Temporary,Unk,,1967-04-10,MA,Supervisor,MALE,39143,Fully Meets,5,False,71,False,2026-08-31 17:32:05,1316,104991.79,USD,2026-08-31 17:32:05
2638,Mathias,Tran,2021-11-20,2023-03-17,Area Sales Manager,Terminated,Contract,Full-Time,Voluntary,Left due to lack of flexibility around hybrid work policies and long commute times.,1957-10-01,AZ,Supervisor,MALE,16470,Fully Meets,2,False,589,False,2026-08-31 17:32:05,1316,85937.32,USD,2026-08-31 17:32:05
2639,Simeon,Roy,2020-09-29,,Area Sales Manager,Active,Part-Time,Temporary,Unk,,,AZ,Manager,MALE,56991,Fully Meets,2,False,18,False,2026-08-31 17:32:05,1316,100538.61,USD,2026-08-31 17:32:05
2640,Magdalena,Whitehead,2021-08-28,2022-09-06,Area Sales Manager,Terminated,Contract,Full-Time,Voluntary,Resigned citing below-market compensation and lack of annual salary adjustments.,1962-06-11,AZ,Foreman,MALE,9642,Fully Meets,4,False,45,False,2026-08-31 17:32:05,1316,86883.16,USD,2026-08-31 17:32:05
2641,Gwendolyn,Mccall,2021-04-28,2022-03-22,Area Sales Manager,Terminated,Full-Time,Full-Time,Voluntary,Left due to lack of flexibility around hybrid work policies and long commute times.,,AZ,Groundman,MALE,23897,Fully Meets,2,False,63,False,2026-08-31 17:32:05,1316,102282.52,USD,2026-08-31 17:32:05
2642,Demarion,Harrington,2022-06-15,2023-05-05,Area Sales Manager,Terminated,Full-Time,Full-Time,Voluntary,Terminated due to persistent low performance scores and disengagement following team restructuring.,,AL,Laborer,MALE,65470,Fully Meets,4,False,11,False,2026-08-31 17:32:05,2536,73071.58,USD,2026-08-31 17:32:05
2643,Katelyn,Brown,2022-04-15,2022-10-10,Area Sales Manager,Terminated,Full-Time,Temporary,Voluntary,Resigned citing below-market compensation and lack of annual salary adjustments.,,TN,Clerical,MALE,60277,Fully Meets,5,False,534,False,2026-08-31 17:32:05,2290,73990.67,USD,2026-08-31 17:32:05
2644,Miranda,Keith,2020-07-19,2021-04-10,Area Sales Manager,Terminated,Full-Time,Part-Time,Involuntary,Left due to lack of flexibility around hybrid work policies and long commute times.,,TN,Lineman,MALE,25859,Fully Meets,5,False,462,False,2026-08-31 17:32:05,1316,102537.13,USD,2026-08-31 17:32:05
2645,Breanna,Kerr,2020-07-02,,Area Sales Manager,Active,Contract,Temporary,Unk,,,TN,Manager,MALE,22815,Fully Meets,4,False,55,False,2026-08-31 17:32:05,1316,103162.26,USD,2026-08-31 17:32:05
2646,Saniya,Ho,2019-08-04,,Area Sales Manager,Active,Contract,Part-Time,Unk,,,ID,Manager,MALE,87653,Fully Meets,1,False,53,False,2026-08-31 17:32:05,1316,81015.11,USD,2026-08-31 17:32:05
2647,Rylan,Key,2019-01-09,,Area Sales Manager,Active,Contract,Temporary,Unk,,1950-03-11,ID,Coordinator,MALE,33659,Fully Meets,5,False,71,False,2026-08-31 17:32:05,1316,82430.77,USD,2026-08-31 17:32:05
2648,Nathaly,Stevens,2022-10-01,,Area Sales Manager,Active,Part-Time,Part-Time,Unk,,1994-05-07,ID,Engineer,MALE,92454,Fully Meets,2,False,590,False,2026-08-31 17:32:05,1316,85835.76,USD,2026-08-31 17:32:05
2649,Maximus,Delgado,2020-09-28,2023-06-02,Area Sales Manager,Terminated,Part-Time,Full-Time,Retirement,Resigned citing below-market compensation and lack of annual salary adjustments.,,NY,Coordinator,FEMALE,59871,Fully Meets,4,False,18,False,2026-08-31 17:32:05,1316,84565.66,USD,2026-08-31 17:32:05
2650,Karley,Long,2018-11-15,,Administrative Assistant,Active,Part-Time,Full-Time,Unk,,,WA,Project Manager,FEMALE,28100,Fully Meets,1,False,591,False,2026-08-31 17:32:05,2690,51651.58,USD,2026-08-31 17:32:05
2651,Demarcus,Frazier,2020-11-24,,Administrative Assistant,Active,Contract,Full-Time,Unk,,1992-02-03,WA,Coordinator,FEMALE,30181,Fully Meets,2,False,62,False,2026-08-31 17:32:05,3503,76443.14,USD,2026-08-31 17:32:05
2652,Fernando,Richard,2023-07-09,2023-07-14,Administrative Assistant,Terminated,Contract,Temporary,Voluntary,Resigned citing below-market compensation and lack of annual salary adjustments.,1954-08-03,MA,Manager,FEMALE,15228,Fully Meets,4,False,592,False,2026-08-31 17:32:05,1316,53865.77,USD,2026-08-31 17:32:05
2653,Keon,Gonzalez,2023-04-20,2023-05-08,Area Sales Manager,Terminated,Full-Time,Part-Time,Retirement,Left due to lack of flexibility around hybrid work policies and long commute times.,,MA,Operator,MALE,25594,Fully Meets,1,False,572,False,2026-08-31 17:32:05,1316,94684.53,USD,2026-08-31 17:32:05
2654,Lauryn,Anthony,2019-08-22,2020-01-07,Area Sales Manager,Terminated,Full-Time,Temporary,Resignation,Terminated due to persistent low performance scores and disengagement following team restructuring.,1955-09-07,MA,Operator,MALE,97492,Fully Meets,4,False,33,False,2026-08-31 17:32:05,1316,72350.45,USD,2026-08-31 17:32:05
2655,Amanda,Allison,2022-08-02,2023-04-07,Area Sales Manager,Terminated,Contract,Part-Time,Voluntary,Resigned citing below-market compensation and lack of annual salary adjustments.,1964-08-11,AZ,Manager,MALE,48881,Fully Meets,2,False,68,False,2026-08-31 17:32:05,2547,71356.3,USD,2026-08-31 17:32:05
2656,Urijah,Houston,2018-10-31,2020-01-23,Area Sales Manager,Terminated,Part-Time,Part-Time,Voluntary,Left due to lack of flexibility around hybrid work policies and long commute times.,1957-10-02,AZ,Splicer,MALE,71509,Fully Meets,4,False,69,False,2026-08-31 17:32:05,1316,92880.57,USD,2026-08-31 17:32:05
2657,Trace,Brandt,2021-11-23,2022-07-20,Area Sales Manager,Terminated,Contract,Temporary,Voluntary,Terminated due to persistent low performance scores and disengagement following team restructuring.,1995-06-06,AZ,Manager,MALE,27097,Fully Meets,2,False,593,False,2026-08-31 17:32:05,1316,81865.56,USD,2026-08-31 17:32:05
2658,Yuliana,Levine,2023-07-01,2023-07-21,Area Sales Manager,Terminated,Full-Time,Temporary,Involuntary,Resigned citing below-market compensation and lack of annual salary adjustments.,,AZ,Technician,MALE,74016,Fully Meets,2,False,8,False,2026-08-31 17:32:05,1316,92941.08,USD,2026-08-31 17:32:05
2659,Bailey,Hays,2022-07-18,,Area Sales Manager,Active,Part-Time,Temporary,Unk,,,AL,Administrative,MALE,71519,Fully Meets,2,False,54,False,2026-08-31 17:32:05,2525,73290.74,USD,2026-08-31 17:32:05
2660,Sanaa,Valenzuela,2019-08-09,,Area Sales Manager,Active,Part-Time,Part-Time,Unk,,,TN,Mechanic,MALE,33045,Fully Meets,4,False,39,False,2026-08-31 17:32:05,1316,103244.8,USD,2026-08-31 17:32:05
2661,Avah,Hayes,2021-07-06,,Area Sales Manager,Active,Part-Time,Temporary,Unk,,1970-11-08,TN,Administrative,MALE,65089,Fully Meets,2,False,594,False,2026-08-31 17:32:05,1316,96198.01,USD,2026-08-31 17:32:05
2662,Cody,Bates,2021-02-02,,Area Sales Manager,Active,Contract,Part-Time,Unk,,1945-12-09,ID,Foreman,MALE,94177,Fully Meets,2,False,5,False,2026-08-31 17:32:05,1316,100669.35,USD,2026-08-31 17:32:05
2663,Eli,Grant,2023-01-06,2023-04-25,Area Sales Manager,Terminated,Part-Time,Part-Time,Resignation,Terminated due to persistent low performance scores and disengagement following team restructuring.,,ID,Technician,MALE,51278,Fully Meets,5,False,570,False,2026-08-31 17:32:05,1316,74776.47,USD,2026-08-31 17:32:05
2664,Felipe,Rollins,2021-11-13,,Area Sales Manager,Active,Full-Time,Full-Time,Unk,,,ID,Manager,MALE,14665,Fully Meets,1,False,71,False,2026-08-31 17:32:05,1316,81205.63,USD,2026-08-31 17:32:05
2665,Abdiel,Good,2020-03-15,,Area Sales Manager,Active,Contract,Part-Time,Unk,,,NY,Splicer,MALE,33859,Fully Meets,4,False,581,False,2026-08-31 17:32:05,1316,82892.05,USD,2026-08-31 17:32:05
2666,Kaylyn,Frye,2018-11-07,2022-01-08,Area Sales Manager,Terminated,Part-Time,Full-Time,Retirement,Terminated due to persistent low performance scores and disengagement following team restructuring.,,WA,Runner,FEMALE,91544,Fully Meets,4,False,595,False,2026-08-31 17:32:05,1316,88801.04,USD,2026-08-31 17:32:05
2667,Marisol,Alvarez,2019-10-03,2021-08-25,Administrative Assistant,Terminated,Full-Time,Part-Time,Retirement,Resigned citing below-market compensation and lack of annual salary adjustments.,1965-08-10,WA,Engineer,FEMALE,9760,Fully Meets,2,False,596,False,2026-08-31 17:32:05,1316,55390.4,USD,2026-08-31 17:32:05
2668,Lane,Willis,2022-08-12,2023-04-16,Administrative Assistant,Terminated,Contract,Part-Time,Resignation,Left due to lack of flexibility around hybrid work policies and long commute times.,1978-12-11,MA,Technician,FEMALE,94176,Fully Meets,2,False,19,False,2026-08-31 17:32:05,3447,47122.08,USD,2026-08-31 17:32:05
2669,Jade,Becker,2018-12-22,,Administrative Assistant,Active,Part-Time,Full-Time,Unk,,,MA,Foreman,FEMALE,46445,Fully Meets,1,False,11,False,2026-08-31 17:32:05,3437,57910.74,USD,2026-08-31 17:32:05
2670,Vincent,Logan,2021-03-27,,Area Sales Manager,Active,Part-Time,Full-Time,Unk,,1994-06-03,MA,Engineer,MALE,54346,Fully Meets,1,False,79,False,2026-08-31 17:32:05,1316,78909.23,USD,2026-08-31 17:32:05
2671,Nasir,Glass,2022-07-18,,Area Sales Manager,Active,Part-Time,Temporary,Unk,,,MA,Coordinator,MALE,10712,Fully Meets,5,False,59,False,2026-08-31 17:32:05,1316,83507.25,USD,2026-08-31 17:32:05
2672,Quincy,Shannon,2020-04-09,2023-05-06,Area Sales Manager,Terminated,Contract,Full-Time,Involuntary,Terminated due to persistent low performance scores and disengagement following team restructuring.,,AZ,Engineer,MALE,3413,Fully Meets,1,False,590,False,2026-08-31 17:32:05,1316,76893.58,USD,2026-08-31 17:32:05
2673,Alena,Walter,2022-01-07,,Area Sales Manager,Active,Full-Time,Full-Time,Unk,,,AZ,Splicer,MALE,80938,Fully Meets,4,False,597,False,2026-08-31 17:32:05,1316,79166.37,USD,2026-08-31 17:32:05
2674,Clay,Compton,2022-07-15,,Area Sales Manager,Active,Part-Time,Part-Time,Unk,,,AZ,Engineer,MALE,31528,Fully Meets,1,False,576,False,2026-08-31 17:32:05,1316,91943.33,USD,2026-08-31 17:32:05
2675,Kayden,Fernandez,2020-11-29,2022-07-16,Area Sales Manager,Terminated,Part-Time,Part-Time,Resignation,Terminated due to persistent low performance scores and disengagement following team restructuring.,1946-07-06,AL,Engineer,MALE,11366,Fully Meets,5,False,8,False,2026-08-31 17:32:05,1316,83585.38,USD,2026-08-31 17:32:05
2676,Bryson,Giles,2019-03-20,2020-09-23,Area Sales Manager,Terminated,Part-Time,Part-Time,Resignation,Resigned citing below-market compensation and lack of annual salary adjustments.,1972-01-08,AL,Engineer,MALE,19248,Fully Meets,2,False,20,False,2026-08-31 17:32:05,1316,82088.42,USD,2026-08-31 17:32:05
2677,Demarcus,Small,2019-03-16,2022-01-08,Area Sales Manager,Terminated,Contract,Full-Time,Resignation,Left due to lack of flexibility around hybrid work policies and long commute times.,,TN,Director,MALE,8371,Fully Meets,1,False,13,False,2026-08-31 17:32:05,1316,88686.7,USD,2026-08-31 17:32:05
2678,Presley,Dodson,2021-05-30,,Area Sales Manager,Active,Full-Time,Part-Time,Unk,,1966-01-05,ID,Laborer,MALE,90990,Fully Meets,5,False,22,False,2026-08-31 17:32:05,1316,97015.12,USD,2026-08-31 17:32:05
2679,Christine,Giles,2022-11-17,,Area Sales Manager,Active,Contract,Part-Time,Unk,,,ID,Foreman,MALE,80607,Fully Meets,5,False,5,False,2026-08-31 17:32:05,1316,83260.38,USD,2026-08-31 17:32:05
2680,Jasmine,Rogers,2020-12-25,2021-10-04,Area Sales Manager,Terminated,Contract,Full-Time,Involuntary,Left due to lack of flexibility around hybrid work policies and long commute times.,,ID,Engineer,MALE,30228,Fully Meets,2,False,598,False,2026-08-31 17:32:05,1316,90563.18,USD,2026-08-31 17:32:05
2681,Jaime,Greer,2020-06-16,2021-08-13,Area Sales Manager,Terminated,Part-Time,Full-Time,Involuntary,Terminated due to persistent low performance scores and disengagement following team restructuring.,1984-04-02,ID,Technician,MALE,47652,Fully Meets,1,False,59,False,2026-08-31 17:32:05,1316,103817.09,USD,2026-08-31 17:32:05
2682,Keagan,Hutchinson,2020-07-28,,Area Sales Manager,Active,Contract,Temporary,Unk,,1976-05-06,NY,Supervisor,MALE,73798,Fully Meets,2,False,27,False,2026-08-31 17:32:05,1316,88269.3,USD,2026-08-31 17:32:05
2683,Charlize,Ballard,2021-12-31,,Area Sales Manager,Active,Contract,Temporary,Unk,,,WA,Laborer,FEMALE,86439,Fully Meets,4,False,52,False,2026-08-31 17:32:05,1316,101842.92,USD,2026-08-31 17:32:05
2684,Kendrick,Pollard,2022-02-07,2023-03-02,Administrative Assistant,Terminated,Full-Time,Part-Time,Retirement,Terminated due to persistent low performance scores and disengagement following team restructuring.,1983-07-10,MA,Manager,FEMALE,60915,Fully Meets,5,False,48,False,2026-08-31 17:32:05,3487,72778.54,USD,2026-08-31 17:32:05
2685,Meadow,Reed,2021-11-23,2022-03-29,Administrative Assistant,Terminated,Full-Time,Temporary,Resignation,Resigned citing below-market compensation and lack of annual salary adjustments.,1964-08-08,MA,Supervisor,FEMALE,9417,Fully Meets,2,False,571,False,2026-08-31 17:32:05,2576,47055.15,USD,2026-08-31 17:32:05
2686,Ryker,Hopkins,2021-08-15,,Area Sales Manager,Active,Contract,Part-Time,Unk,,1955-09-05,MA,Technician,MALE,56247,Fully Meets,4,False,53,False,2026-08-31 17:32:05,1316,85018.46,USD,2026-08-31 17:32:05
2687,Bruno,Ashley,2021-06-21,,Area Sales Manager,Active,Part-Time,Full-Time,Unk,,,AZ,Engineer,MALE,88522,Fully Meets,2,False,599,False,2026-08-31 17:32:05,1316,94441.14,USD,2026-08-31 17:32:05
2688,Luciana,Steele,2021-02-13,,Area Sales Manager,Active,Contract,Full-Time,Unk,,1967-09-02,AZ,Engineer,MALE,97840,Fully Meets,1,False,17,False,2026-08-31 17:32:05,1316,104534.92,USD,2026-08-31 17:32:05
2689,Johnathon,Serrano,2020-12-28,,Area Sales Manager,Active,Part-Time,Part-Time,Unk,,1954-09-05,AZ,Foreman,MALE,72339,Fully Meets,1,False,600,False,2026-08-31 17:32:05,1316,86043.17,USD,2026-08-31 17:32:05
2690,Joaquin,Cuevas,2022-04-12,2022-09-02,Area Sales Manager,Terminated,Part-Time,Part-Time,Involuntary,Terminated due to persistent low performance scores and disengagement following team restructuring.,,AZ,Field Project Manager,MALE,28406,Fully Meets,4,False,591,False,2026-08-31 17:32:05,1316,73247.49,USD,2026-08-31 17:32:05
2691,Soren,Downs,2019-01-02,,Area Sales Manager,Active,Part-Time,Full-Time,Unk,,,AL,Supervisor,MALE,85311,Fully Meets,1,False,571,False,2026-08-31 17:32:05,1316,89670.32,USD,2026-08-31 17:32:05
2692,Ralph,Stone,2020-08-01,2022-10-01,Area Sales Manager,Terminated,Full-Time,Full-Time,Voluntary,Left due to lack of flexibility around hybrid work policies and long commute times.,,TN,Foreman,MALE,97985,Fully Meets,4,False,601,False,2026-08-31 17:32:05,1316,74429.73,USD,2026-08-31 17:32:05
2693,Malcolm,Rivas,2020-10-14,,Area Sales Manager,Active,Part-Time,Temporary,Unk,,,TN,Assistant,MALE,52988,Fully Meets,4,False,602,False,2026-08-31 17:32:05,1316,96303.18,USD,2026-08-31 17:32:05
2694,Adam,Beltran,2023-05-26,2023-07-14,Area Sales Manager,Terminated,Full-Time,Full-Time,Involuntary,Resigned citing below-market compensation and lack of annual salary adjustments.,,ID,Director,MALE,16500,Fully Meets,4,False,594,False,2026-08-31 17:32:05,1316,87768.69,USD,2026-08-31 17:32:05
2695,Isis,Ortega,2021-08-26,2022-11-25,Area Sales Manager,Terminated,Full-Time,Temporary,Retirement,Left due to lack of flexibility around hybrid work policies and long commute times.,,ID,Laborer,MALE,70237,Fully Meets,2,False,505,False,2026-08-31 17:32:05,1316,95320.1,USD,2026-08-31 17:32:05
2696,Meadow,Delgado,2022-11-20,2023-02-08,Area Sales Manager,Terminated,Contract,Temporary,Retirement,Terminated due to persistent low performance scores and disengagement following team restructuring.,1953-09-03,ID,Manager,MALE,18726,Fully Meets,4,False,53,False,2026-08-31 17:32:05,1316,100427.66,USD,2026-08-31 17:32:05
2697,Benjamin,Goodman,2020-02-22,,Area Sales Manager,Active,Full-Time,Full-Time,Unk,,1964-08-02,NY,Laborer,MALE,21341,Fully Meets,1,False,603,False,2026-08-31 17:32:05,1316,92013.18,USD,2026-08-31 17:32:05
2698,Jaycee,Alexander,2021-04-04,,Area Sales Manager,Active,Contract,Full-Time,Unk,,1969-01-02,NY,Operator,MALE,46549,Fully Meets,4,False,27,False,2026-08-31 17:32:05,1316,91435.38,USD,2026-08-31 17:32:05
2699,Cannon,Gray,2023-08-05,,Area Sales Manager,Active,Contract,Temporary,Unk,,,WA,Engineer,FEMALE,8797,Fully Meets,5,False,28,False,2026-08-31 17:32:05,1316,96409.96,USD,2026-08-31 17:32:05
2700,Brynn,Kennedy,2023-01-10,2023-08-06,Administrative Assistant,Terminated,Full-Time,Temporary,Resignation,Resigned citing below-market compensation and lack of annual salary adjustments.,1992-01-09,MA,Manager,FEMALE,20560,Fully Meets,4,False,591,False,2026-08-31 17:32:05,2690,74485.93,USD,2026-08-31 17:32:05
2701,Branden,Ali,2019-04-19,,Administrative Assistant,Active,Contract,Full-Time,Unk,,1959-06-09,MA,Controller,FEMALE,11623,Fully Meets,5,False,37,False,2026-08-31 17:32:05,3471,75416.88,USD,2026-08-31 17:32:05
2702,Sophie,Carrillo,2019-10-02,,Area Sales Manager,Active,Contract,Full-Time,Unk,,,MA,Foreman,MALE,80318,Fully Meets,2,False,604,False,2026-08-31 17:32:05,1316,71275.06,USD,2026-08-31 17:32:05
2703,Saul,Shaw,2018-11-14,,Area Sales Manager,Active,Full-Time,Part-Time,Unk,,1986-07-04,AZ,Laborer,MALE,37397,Fully Meets,5,False,19,False,2026-08-31 17:32:05,2564,89466.66,USD,2026-08-31 17:32:05
2704,Isla,Mcdaniel,2020-01-27,2022-06-19,Area Sales Manager,Terminated,Part-Time,Full-Time,Voluntary,Left due to lack of flexibility around hybrid work policies and long commute times.,,AZ,Technician,MALE,39020,Fully Meets,4,False,50,False,2026-08-31 17:32:05,1316,77569.43,USD,2026-08-31 17:32:05
2705,Lea,Cantu,2018-11-04,,Area Sales Manager,Active,Full-Time,Temporary,Unk,,,AZ,Supervisor,FEMALE,57908,Fully Meets,2,False,12,False,2026-08-31 17:32:05,1316,100112.11,USD,2026-08-31 17:32:05
2706,Yadiel,Riggs,2018-12-13,2019-01-13,Area Sales Manager,Terminated,Part-Time,Part-Time,Involuntary,Resigned citing below-market compensation and lack of annual salary adjustments.,,NC,Electrician,MALE,39922,Fully Meets,2,False,27,False,2026-08-31 17:32:05,1316,92693.92,USD,2026-08-31 17:32:05
2707,Annalise,Olsen,2022-11-28,,Area Sales Manager,Active,Full-Time,Part-Time,Unk,,,AL,Foreman,MALE,95876,Fully Meets,4,False,52,False,2026-08-31 17:32:05,1316,84707.79,USD,2026-08-31 17:32:05
2708,Theodore,Castro,2022-06-08,2022-08-07,Area Sales Manager,Terminated,Full-Time,Part-Time,Involuntary,Terminated due to persistent low performance scores and disengagement following team restructuring.,,TN,Foreman,MALE,47846,Fully Meets,2,False,23,False,2026-08-31 17:32:05,1316,76583.65,USD,2026-08-31 17:32:05
2709,Emily,Freeman,2022-04-03,,Area Sales Manager,Active,Full-Time,Full-Time,Unk,,,ID,Locator,MALE,62350,Fully Meets,2,False,11,False,2026-08-31 17:32:05,2536,81865.83,USD,2026-08-31 17:32:05
2710,Madyson,Yates,2022-02-28,,Area Sales Manager,Active,Part-Time,Full-Time,Unk,,,ID,Manager,MALE,45874,Fully Meets,5,False,31,False,2026-08-31 17:32:05,1316,94632.22,USD,2026-08-31 17:32:05
2711,Rachel,Bowers,2021-08-19,,Area Sales Manager,Active,Contract,Temporary,Unk,,1973-09-06,ID,Technician,MALE,54605,Fully Meets,2,False,59,False,2026-08-31 17:32:05,1316,77152.58,USD,2026-08-31 17:32:05
2712,Helen,Humphrey,2018-08-19,,Area Sales Manager,Active,Full-Time,Full-Time,Unk,,1992-08-07,NY,Foreman,MALE,42080,Fully Meets,1,False,23,False,2026-08-31 17:32:05,1316,73275.4,USD,2026-08-31 17:32:05
2713,Abagail,Villanueva,2019-10-15,,Area Sales Manager,Active,Full-Time,Full-Time,Unk,,1997-09-02,NY,Foreman,MALE,92148,Fully Meets,5,False,504,False,2026-08-31 17:32:05,1316,101081.01,USD,2026-08-31 17:32:05
2714,Julie,Lloyd,2023-02-23,2023-04-20,Area Sales Manager,Terminated,Part-Time,Temporary,Resignation,Terminated due to persistent low performance scores and disengagement following team restructuring.,1972-11-07,WA,Tower Hand,MALE,3780,Fully Meets,1,False,27,False,2026-08-31 17:32:05,1316,96747.36,USD,2026-08-31 17:32:05
2715,Alejandro,Wilkinson,2023-02-01,,Area Sales Manager,Active,Full-Time,Temporary,Unk,,,WA,Manager,FEMALE,44669,Fully Meets,4,False,36,False,2026-08-31 17:32:05,2477,76992.82,USD,2026-08-31 17:32:05
2716,Yadiel,Mata,2023-05-07,,Administrative Assistant,Active,Contract,Temporary,Unk,,,MA,Ceo,FEMALE,22894,Fully Meets,2,False,586,False,2026-08-31 17:32:05,2622,55230.9,USD,2026-08-31 17:32:05
2717,Colt,Sutton,2020-05-26,,Area Sales Manager,Active,Full-Time,Temporary,Unk,,1995-05-11,MA,Supervisor,MALE,77267,Fully Meets,1,False,503,False,2026-08-31 17:32:05,1316,104022.46,USD,2026-08-31 17:32:05
2718,Madalyn,Prince,2022-02-09,,Area Sales Manager,Active,Part-Time,Part-Time,Unk,,,AZ,Laborer,MALE,91638,Fully Meets,5,False,504,False,2026-08-31 17:32:05,1316,94786.46,USD,2026-08-31 17:32:05
2719,Clara,Stewart,2022-06-20,2023-03-23,Area Sales Manager,Terminated,Contract,Temporary,Voluntary,Left due to lack of flexibility around hybrid work policies and long commute times.,1996-11-02,AZ,Intern,MALE,35738,Fully Meets,4,False,605,False,2026-08-31 17:32:05,1316,91368.27,USD,2026-08-31 17:32:05
2720,Cheyenne,Herman,2022-01-08,2022-09-03,Area Sales Manager,Terminated,Contract,Temporary,Retirement,Terminated due to persistent low performance scores and disengagement following team restructuring.,,NC,Top Hand,FEMALE,26500,Fully Meets,4,False,36,False,2026-08-31 17:32:05,2477,80767.0,USD,2026-08-31 17:32:05
2721,Emerson,Zavala,2020-03-01,,Area Sales Manager,Active,Full-Time,Full-Time,Unk,,,NC,Manager,MALE,6085,Fully Meets,4,False,606,False,2026-08-31 17:32:05,1316,80469.38,USD,2026-08-31 17:32:05
2722,Sawyer,Oneal,2020-10-05,,Area Sales Manager,Active,Contract,Temporary,Unk,,1979-02-12,AL,Technician,MALE,15704,Fully Meets,2,False,19,False,2026-08-31 17:32:05,2564,71383.33,USD,2026-08-31 17:32:05
2723,Kyleigh,Mathis,2021-05-12,2022-07-01,Area Sales Manager,Terminated,Part-Time,Temporary,Voluntary,Terminated due to persistent low performance scores and disengagement following team restructuring.,,TN,Technician,MALE,37293,Fully Meets,2,False,11,False,2026-08-31 17:32:05,2536,95496.87,USD,2026-08-31 17:32:05
2724,Maximus,Mcdowell,2023-01-01,2023-07-05,Area Sales Manager,Terminated,Part-Time,Temporary,Involuntary,Resigned citing below-market compensation and lack of annual salary adjustments.,,ID,Foreman,MALE,96396,Fully Meets,1,False,607,False,2026-08-31 17:32:05,1316,71511.13,USD,2026-08-31 17:32:05
2725,Dean,Little,2019-11-18,,Area Sales Manager,Active,Contract,Full-Time,Unk,,,ID,Laborer,MALE,25528,Fully Meets,4,False,22,False,2026-08-31 17:32:05,1316,70170.01,USD,2026-08-31 17:32:05
2726,Martin,Herrera,2021-05-12,2021-11-07,Area Sales Manager,Terminated,Contract,Full-Time,Retirement,Terminated due to persistent low performance scores and disengagement following team restructuring.,,NY,Groundman,MALE,20036,Fully Meets,2,False,55,False,2026-08-31 17:32:05,1316,95532.33,USD,2026-08-31 17:32:05
2727,Uriah,Briggs,2020-02-14,2021-12-21,Area Sales Manager,Terminated,Contract,Full-Time,Resignation,Resigned citing below-market compensation and lack of annual salary adjustments.,1984-12-10,NY,Lineman,MALE,83448,Fully Meets,5,False,23,False,2026-08-31 17:32:05,1316,103210.58,USD,2026-08-31 17:32:05
2728,Kianna,Little,2020-05-08,2023-03-28,Area Sales Manager,Terminated,Full-Time,Full-Time,Involuntary,Left due to lack of flexibility around hybrid work policies and long commute times.,1956-07-09,WA,Foreman,MALE,16416,Fully Meets,2,False,603,False,2026-08-31 17:32:05,1316,96477.61,USD,2026-08-31 17:32:05
2729,David,Kirk,2018-12-10,,Area Sales Manager,Active,Part-Time,Full-Time,Unk,,1948-10-03,WA,Engineer,FEMALE,83077,Fully Meets,2,False,17,False,2026-08-31 17:32:05,1316,86507.41,USD,2026-08-31 17:32:05
2730,Alexandra,Bryant,2021-12-08,,Area Sales Manager,Active,Contract,Part-Time,Unk,,,VT,Operator,FEMALE,23617,Fully Meets,2,False,608,False,2026-08-31 17:32:05,1316,87011.58,USD,2026-08-31 17:32:05
2731,Denzel,Jensen,2019-01-31,,Administrative Assistant,Active,Part-Time,Full-Time,Unk,,,MA,Technician,FEMALE,24569,Fully Meets,1,False,14,False,2026-08-31 17:32:05,3441,60264.77,USD,2026-08-31 17:32:05
2732,Fletcher,Maxwell,2022-08-31,2023-04-27,Area Sales Manager,Terminated,Contract,Full-Time,Retirement,Terminated due to persistent low performance scores and disengagement following team restructuring.,1989-07-04,ME,Shop,MALE,37938,Fully Meets,2,False,32,False,2026-08-31 17:32:05,1316,81362.53,USD,2026-08-31 17:32:05
2733,Davian,Davis,2022-02-01,,Area Sales Manager,Active,Contract,Temporary,Unk,,1996-05-01,AZ,Administrator,MALE,53746,Fully Meets,5,False,56,False,2026-08-31 17:32:05,1316,88260.0,USD,2026-08-31 17:32:05
2734,Maxim,Mooney,2020-12-02,,Area Sales Manager,Active,Contract,Part-Time,Unk,,1948-03-12,AZ,Laborer,FEMALE,51967,Fully Meets,4,False,68,False,2026-08-31 17:32:05,2547,85090.28,USD,2026-08-31 17:32:05
2735,Santiago,Rosales,2020-10-16,,Area Sales Manager,Active,Contract,Part-Time,Unk,,2001-10-04,NC,Groundman,FEMALE,26584,Fully Meets,2,False,36,False,2026-08-31 17:32:05,2477,90935.88,USD,2026-08-31 17:32:05
2736,Zara,Werner,2020-05-27,,Area Sales Manager,Active,Contract,Full-Time,Unk,,,AL,Laborer,MALE,2091,Fully Meets,5,False,14,False,2026-08-31 17:32:05,1316,101434.2,USD,2026-08-31 17:32:05
2737,Darian,Hansen,2021-08-20,2021-10-09,Area Sales Manager,Terminated,Full-Time,Temporary,Retirement,Left due to lack of flexibility around hybrid work policies and long commute times.,,UT,Technician,MALE,84906,Fully Meets,4,False,19,False,2026-08-31 17:32:05,2564,104825.33,USD,2026-08-31 17:32:05
2738,Kaeden,Branch,2019-02-07,2019-03-25,Area Sales Manager,Terminated,Full-Time,Full-Time,Involuntary,Terminated due to persistent low performance scores and disengagement following team restructuring.,,TN,Laborer,MALE,86185,Fully Meets,5,False,11,False,2026-08-31 17:32:05,2536,72756.02,USD,2026-08-31 17:32:05
2739,Gabriel,Swanson,2021-02-18,2021-11-26,Area Sales Manager,Terminated,Contract,Part-Time,Resignation,Resigned citing below-market compensation and lack of annual salary adjustments.,,ID,Technician,MALE,82332,Fully Meets,4,False,30,False,2026-08-31 17:32:05,1316,83463.92,USD,2026-08-31 17:32:05
2740,Madyson,Chapman,2022-12-02,,Area Sales Manager,Active,Full-Time,Part-Time,Unk,,,ID,Construction Manager,MALE,34011,Fully Meets,1,False,51,False,2026-08-31 17:32:05,1316,76324.72,USD,2026-08-31 17:32:05
2741,Kellen,Hill,2021-07-29,2022-05-05,Area Sales Manager,Terminated,Full-Time,Part-Time,Resignation,Terminated due to persistent low performance scores and disengagement following team restructuring.,,NY,Technician,MALE,88627,Fully Meets,4,False,55,False,2026-08-31 17:32:05,1316,82324.22,USD,2026-08-31 17:32:05
2742,Samir,Gray,2022-04-23,2022-12-16,Area Sales Manager,Terminated,Full-Time,Full-Time,Retirement,Resigned citing below-market compensation and lack of annual salary adjustments.,1991-09-10,NH,Foreman,MALE,47497,Fully Meets,2,False,503,False,2026-08-31 17:32:05,1316,80061.56,USD,2026-08-31 17:32:05
2743,Stephanie,Hampton,2021-07-31,2022-04-07,Area Sales Manager,Terminated,Full-Time,Temporary,Voluntary,Left due to lack of flexibility around hybrid work policies and long commute times.,,WA,Top Hand,MALE,16234,Fully Meets,4,False,59,False,2026-08-31 17:32:05,1316,76108.8,USD,2026-08-31 17:32:05
2744,Walter,Mayo,2020-06-12,,Area Sales Manager,Active,Contract,Full-Time,Unk,,,VT,Laborer,FEMALE,25145,Fully Meets,4,False,27,False,2026-08-31 17:32:05,1316,96742.66,USD,2026-08-31 17:32:05
2745,Harley,Greer,2019-01-25,,Area Sales Manager,Active,Contract,Part-Time,Unk,,,VA,Director,FEMALE,71081,Fully Meets,5,False,609,False,2026-08-31 17:32:05,1316,87370.11,USD,2026-08-31 17:32:05
2746,Misael,Pratt,2020-10-24,2023-04-08,Administrative Assistant,Voluntarily Terminated,Full-Time,Full-Time,Involuntary,,,MA,Supervisor,FEMALE,39119,Fully Meets,5,False,591,False,2026-08-31 17:32:05,2690,77173.6,USD,2026-08-31 17:32:05
2747,Sneha,Jhaveri,2018-08-18,2019-02-28,Production Technician I,Terminated,Part-Time,Part-Time,Voluntary,Terminated due to persistent low performance scores and disengagement following team restructuring.,,MA,Lineman,FEMALE,2109,Fully Meets,4,False,121,False,2026-08-31 17:32:05,2414,46140.74,USD,2026-08-31 17:32:05
2748,Melinda,Saar-Beckles,2022-07-11,,Production Technician I,Active,Full-Time,Full-Time,Unk,,,MA,Laborer,FEMALE,1801,Fully Meets,1,False,132,False,2026-08-31 17:32:05,2341,47344.23,USD,2026-08-31 17:32:05
2749,Elizabeth,Meads,2018-11-15,2018-11-19,Production Technician I,Voluntarily Terminated,Full-Time,Part-Time,Retirement,,1949-08-04,MA,Administrator,FEMALE,1760,Fully Meets,5,False,444,False,2026-08-31 17:32:05,1316,59114.58,USD,2026-08-31 17:32:05
2750,Patrick,Moran,2022-06-04,,Production Technician II,Active,Full-Time,Full-Time,Unk,,1949-03-04,MA,Laborer,MALE,2127,Fully Meets,4,False,107,False,2026-08-31 17:32:05,2296,47809.71,USD,2026-08-31 17:32:05
2751,Mathew,Linden,2018-10-27,2019-07-10,Production Technician II,On Leave,Full-Time,Part-Time,Retirement,,,MA,Laborer,MALE,1770,Fully Meets,5,False,82,False,2026-08-31 17:32:05,1123,54195.54,USD,2026-08-31 17:32:05
2752,Adeel,Osturnka,2022-10-21,2023-05-09,Production Technician I,Terminated,Part-Time,Temporary,Involuntary,Left due to lack of flexibility around hybrid work policies and long commute times.,,MA,Flagger,MALE,2478,Fully Meets,4,False,112,False,2026-08-31 17:32:05,2340,79511.04,USD,2026-08-31 17:32:05
2753,Lisa,Cornett,2023-01-13,2023-05-24,Production Technician I,Terminated,Contract,Part-Time,Voluntary,Terminated due to persistent low performance scores and disengagement following team restructuring.,1984-11-06,MA,Driver,FEMALE,2189,Fully Meets,4,False,130,False,2026-08-31 17:32:05,2277,52313.59,USD,2026-08-31 17:32:05
2754,Louis,Punjabhi,2020-04-05,,Production Technician I,Active,Full-Time,Full-Time,Unk,,1977-05-05,MA,Engineer,MALE,2109,Fully Meets,2,False,141,False,2026-08-31 17:32:05,2337,51934.12,USD,2026-08-31 17:32:05
2755,Michael,Carey,2022-05-26,,Production Technician I,Active,Contract,Temporary,Unk,,,MA,Technician,MALE,1701,Fully Meets,2,False,135,False,2026-08-31 17:32:05,1316,65077.42,USD,2026-08-31 17:32:05
2756,Earnest,Hankard,2021-05-05,,Production Technician II,Active,Part-Time,Part-Time,Unk,,,MA,Driller,MALE,2155,Fully Meets,2,False,107,False,2026-08-31 17:32:05,2296,62429.94,USD,2026-08-31 17:32:05
2757,Kimberly,Beak,2023-07-01,,Production Technician II,Future Start,Part-Time,Part-Time,Retirement,,,MA,Coordinator,FEMALE,2145,Fully Meets,2,False,119,False,2026-08-31 17:32:05,2285,65315.34,USD,2026-08-31 17:32:05
2758,Jonathan R,Lebel,2018-12-20,2023-06-13,Production Technician I,Terminated For Cause,Part-Time,Full-Time,Involuntary,,1946-12-02,MA,Lineman,MALE,2050,Fully Meets,2,False,365,False,2026-08-31 17:32:05,1316,58185.73,USD,2026-08-31 17:32:05
2759,Rick,Stoica,2018-08-26,,Production Technician I,Active,Full-Time,Full-Time,Unk,,1989-04-05,MA,Lineman,MALE,2301,Fully Meets,2,False,140,False,2026-08-31 17:32:05,1316,73936.68,USD,2026-08-31 17:32:05
2760,Adil,Sahoo,2020-12-06,2022-08-26,Production Technician II,Terminated,Part-Time,Temporary,Voluntary,Resigned citing below-market compensation and lack of annual salary adjustments.,,MA,Engineer,MALE,2062,Fully Meets,2,False,442,False,2026-08-31 17:32:05,1316,49850.32,USD,2026-08-31 17:32:05
2761,Barbara,Gaul,2021-12-13,2022-06-11,Production Technician I,Terminated,Contract,Temporary,Resignation,Left due to lack of flexibility around hybrid work policies and long commute times.,1997-07-02,MA,Laborer,FEMALE,2121,Fully Meets,4,False,122,False,2026-08-31 17:32:05,1294,59993.74,USD,2026-08-31 17:32:05
2762,Carla,Demita,2021-06-27,2022-01-02,Production Technician II,Voluntarily Terminated,Part-Time,Temporary,Resignation,,1944-09-12,MA,Laborer,FEMALE,2343,Fully Meets,4,False,130,False,2026-08-31 17:32:05,2277,69141.66,USD,2026-08-31 17:32:05
2763,Paula,Gross,2019-10-19,,Production Technician I,Active,Part-Time,Full-Time,Unk,,,MA,Construction Manager,FEMALE,2176,Fully Meets,2,False,82,False,2026-08-31 17:32:05,1123,75388.28,USD,2026-08-31 17:32:05
2764,Francesco A,Barone,2022-11-26,2023-01-13,Production Technician I,Terminated,Part-Time,Full-Time,Involuntary,Left due to lack of flexibility around hybrid work policies and long commute times.,,MA,Engineer,MALE,1810,Fully Meets,2,False,108,False,2026-08-31 17:32:05,1316,57935.01,USD,2026-08-31 17:32:05
2765,Rex,England,2019-08-19,,Production Technician I,Active,Full-Time,Full-Time,Unk,,1967-09-07,MA,Administrative,MALE,2045,Fully Meets,4,False,161,False,2026-08-31 17:32:05,1209,64871.1,USD,2026-08-31 17:32:05
2766,Trina,Hendrickson,2018-08-22,2022-04-14,Production Technician II,Voluntarily Terminated,Part-Time,Full-Time,Involuntary,,,MA,Engineer,FEMALE,2021,Fully Meets,2,False,126,False,2026-08-31 17:32:05,2467,47419.9,USD,2026-08-31 17:32:05
2767,Colleen,Volk,2022-05-04,,Production Technician I,Active,Full-Time,Full-Time,Unk,,,MA,Technician,FEMALE,2747,Fully Meets,2,False,97,False,2026-08-31 17:32:05,1165,50961.17,USD,2026-08-31 17:32:05
2768,Jean,Engdahl,2022-06-12,,Production Technician I,Active,Part-Time,Temporary,Unk,,,MA,Operator,MALE,2026,Fully Meets,2,False,95,False,2026-08-31 17:32:05,1316,47419.84,USD,2026-08-31 17:32:05
2769,Paris,Blake,2018-11-08,,Production Technician I,Active,Contract,Part-Time,Unk,,,MA,Foreman,MALE,95073,Fully Meets,4,False,172,False,2026-08-31 17:32:05,1187,70475.83,USD,2026-08-31 17:32:05
2770,Neveah,Bird,2021-07-05,,Production Technician I,Active,Part-Time,Part-Time,Unk,,,MA,Laborer,MALE,65497,Fully Meets,5,False,105,False,2026-08-31 17:32:05,1143,55082.1,USD,2026-08-31 17:32:05
2771,Tia,Potter,2020-07-08,2021-09-24,Production Technician I,Terminated For Cause,Full-Time,Temporary,Retirement,,1950-10-03,MA,Laborer,MALE,37659,Fully Meets,5,False,113,False,2026-08-31 17:32:05,1144,70331.09,USD,2026-08-31 17:32:05
2772,Alexandra,Bean,2020-03-13,,Production Technician I,Active,Full-Time,Temporary,Unk,,,MA,Laborer,MALE,74626,Fully Meets,1,False,368,False,2026-08-31 17:32:05,2363,47323.94,USD,2026-08-31 17:32:05
2773,Tony,Grimes,2022-12-28,,Production Technician I,Active,Full-Time,Full-Time,Unk,,,MA,Laborer,MALE,10950,Fully Meets,2,False,137,False,2026-08-31 17:32:05,1316,75189.17,USD,2026-08-31 17:32:05
2774,Macy,Nielsen,2020-03-17,,Production Technician I,Active,Full-Time,Part-Time,Unk,,1993-05-06,MA,Laborer,MALE,85907,Fully Meets,5,False,91,False,2026-08-31 17:32:05,2364,74243.56,USD,2026-08-31 17:32:05
2775,Toby,Yates,2023-01-07,,Production Technician I,Active,Part-Time,Temporary,Unk,,,MA,Tower Hand,FEMALE,50944,Fully Meets,2,False,83,False,2026-08-31 17:32:05,2318,48112.51,USD,2026-08-31 17:32:05
2776,Karlee,Davies,2021-12-22,,Production Technician I,Active,Full-Time,Part-Time,Unk,,1975-06-02,MA,Engineer,MALE,67113,Fully Meets,4,False,387,False,2026-08-31 17:32:05,1316,45831.48,USD,2026-08-31 17:32:05
2777,Hector,Escobar,2020-04-29,2022-11-22,Production Technician I,Terminated,Part-Time,Full-Time,Voluntary,Terminated due to persistent low performance scores and disengagement following team restructuring.,,MA,Laborer,MALE,37852,Fully Meets,5,False,110,False,2026-08-31 17:32:05,2287,46970.11,USD,2026-08-31 17:32:05
2778,Javon,Mckenzie,2020-12-02,,Production Technician I,Active,Part-Time,Temporary,Unk,,,MA,Foreman,MALE,33896,Fully Meets,5,False,125,False,2026-08-31 17:32:05,1316,74877.06,USD,2026-08-31 17:32:05
2779,Lilly,Huynh,2021-12-08,2022-06-20,Production Technician I,Terminated,Contract,Part-Time,Resignation,Left due to lack of flexibility around hybrid work policies and long commute times.,,MA,Laborer,MALE,88158,Fully Meets,2,False,82,False,2026-08-31 17:32:05,1123,53214.62,USD,2026-08-31 17:32:05
2780,Anika,Robbins,2022-04-13,2023-08-04,Production Technician I,Terminated,Contract,Part-Time,Retirement,Terminated due to persistent low performance scores and disengagement following team restructuring.,,MA,Foreman,MALE,18034,Fully Meets,4,False,139,False,2026-08-31 17:32:05,2357,64189.57,USD,2026-08-31 17:32:05
2781,Ishaan,Robinson,2020-12-23,2022-07-23,Production Technician I,Voluntarily Terminated,Contract,Part-Time,Retirement,,,MA,Operator,MALE,47540,Fully Meets,4,False,97,False,2026-08-31 17:32:05,1165,59918.55,USD,2026-08-31 17:32:05
2782,Paola,Macdonald,2019-03-31,,Production Technician I,Active,Full-Time,Temporary,Unk,,,MA,Laborer,FEMALE,14142,Fully Meets,2,False,120,False,2026-08-31 17:32:05,2336,72843.39,USD,2026-08-31 17:32:05
2783,Lorelei,Sellers,2023-06-11,2023-07-30,Production Technician II,Terminated,Part-Time,Temporary,Resignation,Terminated due to persistent low performance scores and disengagement following team restructuring.,,MA,Technician,MALE,68300,Fully Meets,1,False,99,False,2026-08-31 17:32:05,1316,62111.44,USD,2026-08-31 17:32:05
2784,Gillian,Riddle,2021-05-20,2023-01-31,Production Technician II,Terminated,Contract,Full-Time,Involuntary,Resigned citing below-market compensation and lack of annual salary adjustments.,1981-08-03,MA,Foreman,MALE,85699,Fully Meets,2,False,107,False,2026-08-31 17:32:05,2296,62523.13,USD,2026-08-31 17:32:05
2785,Atticus,White,2020-11-14,,Production Technician II,Active,Full-Time,Full-Time,Unk,,1967-06-07,MA,Top Hand,MALE,96368,Fully Meets,4,False,86,False,2026-08-31 17:32:05,2298,79618.22,USD,2026-08-31 17:32:05
2786,Virginia,Nunez,2018-12-29,,Production Technician II,Active,Contract,Full-Time,Unk,,,MA,Laborer,FEMALE,33987,Fully Meets,1,False,98,False,2026-08-31 17:32:05,2294,50254.53,USD,2026-08-31 17:32:05
2787,Caden,Taylor,2021-04-22,,Production Technician II,Active,Contract,Full-Time,Unk,,1948-10-12,MA,Director,FEMALE,93541,Fully Meets,4,False,610,False,2026-08-31 17:32:05,1316,74074.64,USD,2026-08-31 17:32:05
2788,Brooks,Leach,2023-06-03,2023-07-14,Production Technician II,Voluntarily Terminated,Contract,Full-Time,Involuntary,,1949-07-02,MA,Supervisor,FEMALE,87242,Fully Meets,1,False,179,False,2026-08-31 17:32:05,1142,46811.24,USD,2026-08-31 17:32:05
2789,Isabel,Wyatt,2021-04-26,2021-07-06,Production Technician I,Terminated,Contract,Temporary,Retirement,Terminated due to persistent low performance scores and disengagement following team restructuring.,1942-04-06,MA,Manager,MALE,31575,Fully Meets,4,False,532,False,2026-08-31 17:32:05,2278,61717.71,USD,2026-08-31 17:32:05
2790,Angelo,Henry,2019-04-30,2019-10-09,Production Technician I,Terminated,Contract,Part-Time,Involuntary,Resigned citing below-market compensation and lack of annual salary adjustments.,1959-08-08,MA,Laborer,MALE,64694,Fully Meets,4,False,196,False,2026-08-31 17:32:05,1316,76021.72,USD,2026-08-31 17:32:05
2791,Joselyn,Moss,2021-07-04,2023-06-25,Production Technician I,Terminated,Contract,Temporary,Involuntary,Left due to lack of flexibility around hybrid work policies and long commute times.,,MA,Driller,MALE,43706,Fully Meets,2,False,83,False,2026-08-31 17:32:05,2318,68282.49,USD,2026-08-31 17:32:05
2792,Diamond,Mcclain,2023-02-24,,Production Technician I,Active,Part-Time,Temporary,Unk,,1953-10-05,MA,Technician,MALE,19908,Fully Meets,1,False,129,False,2026-08-31 17:32:05,2393,68982.51,USD,2026-08-31 17:32:05
2793,Eden,Dalton,2021-03-02,,Production Technician I,Active,Full-Time,Full-Time,Unk,,,MA,Supervisor,MALE,1901,Fully Meets,1,False,446,False,2026-08-31 17:32:05,2344,54216.1,USD,2026-08-31 17:32:05
2794,Emely,Parks,2021-12-27,,Production Technician I,Active,Contract,Temporary,Unk,,,MA,Laborer,MALE,1877,Fully Meets,5,False,98,False,2026-08-31 17:32:05,2294,59650.12,USD,2026-08-31 17:32:05
2795,Corinne,Hopkins,2022-07-10,2022-09-11,Production Technician I,Terminated,Part-Time,Temporary,Voluntary,Terminated due to persistent low performance scores and disengagement following team restructuring.,,MA,Drafter,FEMALE,74746,Fully Meets,4,False,152,False,2026-08-31 17:32:05,2396,57830.34,USD,2026-08-31 17:32:05
2796,Destiny,Blake,2022-09-19,2023-06-17,Production Technician I,Terminated,Contract,Full-Time,Voluntary,Resigned citing below-market compensation and lack of annual salary adjustments.,1991-01-09,MA,Program Manager,FEMALE,96469,Fully Meets,1,False,128,False,2026-08-31 17:32:05,1316,63250.51,USD,2026-08-31 17:32:05
2797,Zaria,Kidd,2021-05-30,,Production Technician I,Active,Contract,Temporary,Unk,,,MA,Lineman,MALE,24994,Exceeds,1,False,357,False,2026-08-31 17:32:05,2297,61177.98,USD,2026-08-31 17:32:05
2798,Adam,Ingram,2020-04-07,,Production Technician I,Active,Contract,Part-Time,Unk,,,MA,Planner,MALE,89805,Fully Meets,2,False,150,False,2026-08-31 17:32:05,2417,56441.44,USD,2026-08-31 17:32:05
2799,Makenna,Foster,2021-04-20,2022-09-17,Production Technician I,Terminated,Part-Time,Part-Time,Resignation,Resigned citing below-market compensation and lack of annual salary adjustments.,,MA,Engineer,MALE,54859,Fully Meets,2,False,114,False,2026-08-31 17:32:05,1316,55691.82,USD,2026-08-31 17:32:05
2800,Nayeli,Keith,2019-08-02,,Production Technician I,Active,Contract,Temporary,Unk,,1948-10-07,MA,Foreman,MALE,69497,Fully Meets,1,False,135,False,2026-08-31 17:32:05,1316,53779.85,USD,2026-08-31 17:32:05
2801,Devon,Shannon,2022-01-11,,Production Technician I,Active,Full-Time,Temporary,Unk,,,MA,Tower Hand,MALE,97933,Fully Meets,5,False,83,False,2026-08-31 17:32:05,2318,57776.65,USD,2026-08-31 17:32:05
2802,Lucy,Harrington,2020-11-15,,Production Technician I,Active,Contract,Part-Time,Unk,,1977-11-08,MA,Technician,FEMALE,56662,Fully Meets,4,False,189,False,2026-08-31 17:32:05,2291,50247.95,USD,2026-08-31 17:32:05
2803,Rebecca,Francis,2020-05-08,,Production Technician I,Active,Part-Time,Part-Time,Unk,,1965-03-09,MA,Foreman,FEMALE,13566,Fully Meets,5,False,139,False,2026-08-31 17:32:05,2357,75523.65,USD,2026-08-31 17:32:05
2804,Salma,Frederick,2019-03-10,,Production Technician II,Active,Part-Time,Full-Time,Unk,,1953-01-03,MA,Coordinator,MALE,4554,Fully Meets,4,False,157,False,2026-08-31 17:32:05,2326,66074.18,USD,2026-08-31 17:32:05
2805,Avery,Vance,2022-04-19,,Production Technician II,Active,Full-Time,Part-Time,Unk,,,MA,Driver,MALE,19835,Fully Meets,1,False,107,False,2026-08-31 17:32:05,2296,49682.52,USD,2026-08-31 17:32:05
2806,Stephany,Jenkins,2019-11-30,,Production Technician II,Active,Full-Time,Part-Time,Unk,,,MA,Supervisor,FEMALE,47920,Fully Meets,2,False,159,False,2026-08-31 17:32:05,2382,69285.08,USD,2026-08-31 17:32:05
2807,Brian,Kelly,2021-07-06,2023-01-07,Production Technician II,Voluntarily Terminated,Part-Time,Part-Time,Involuntary,,,MA,Driver,FEMALE,55399,Fully Meets,2,False,113,False,2026-08-31 17:32:05,1144,74668.33,USD,2026-08-31 17:32:05
2808,Keagan,Villa,2018-11-27,,Production Technician II,Active,Part-Time,Temporary,Unk,,,MA,Engineer,FEMALE,35224,Fully Meets,4,False,611,False,2026-08-31 17:32:05,1316,53313.75,USD,2026-08-31 17:32:05
2809,Kendra,Foley,2023-01-30,,Production Technician I,Active,Full-Time,Part-Time,Unk,,,MA,Splicer,MALE,39078,Fully Meets,2,False,366,False,2026-08-31 17:32:05,2451,50271.02,USD,2026-08-31 17:32:05
2810,Jabari,Stanton,2022-11-17,2023-02-08,Production Technician I,Terminated,Full-Time,Part-Time,Resignation,Terminated due to persistent low performance scores and disengagement following team restructuring.,1959-10-04,MA,Laborer,MALE,72285,Fully Meets,4,False,82,False,2026-08-31 17:32:05,1123,45301.6,USD,2026-08-31 17:32:05
2811,Phoenix,Farley,2018-08-13,2020-05-28,Production Technician I,Terminated,Part-Time,Full-Time,Voluntary,Resigned citing below-market compensation and lack of annual salary adjustments.,1996-04-01,MA,Laborer,MALE,82960,Fully Meets,2,False,105,False,2026-08-31 17:32:05,1143,46653.76,USD,2026-08-31 17:32:05
2812,Aurora,Bass,2021-07-02,2023-07-09,Production Technician I,Terminated For Cause,Part-Time,Temporary,Resignation,,,MA,Manager,MALE,44272,Fully Meets,4,False,449,False,2026-08-31 17:32:05,1316,71678.8,USD,2026-08-31 17:32:05
2813,Enrique,Parks,2022-06-28,,Production Technician I,Active,Contract,Full-Time,Unk,,,MA,Vp,MALE,56124,Fully Meets,1,False,368,False,2026-08-31 17:32:05,2363,79551.52,USD,2026-08-31 17:32:05
2814,Kylie,Cox,2019-01-25,,Production Technician I,Active,Part-Time,Temporary,Unk,,,MA,Technician,MALE,19550,Fully Meets,2,False,106,False,2026-08-31 17:32:05,2295,46570.81,USD,2026-08-31 17:32:05
2815,Luke,Burke,2023-07-23,,Production Technician I,Active,Contract,Part-Time,Unk,,,MA,Manager,FEMALE,62651,Fully Meets,4,False,116,False,2026-08-31 17:32:05,1252,71182.48,USD,2026-08-31 17:32:05
2816,Ricardo,Mcdonald,2022-07-25,,Production Technician I,Active,Full-Time,Temporary,Unk,,1992-04-12,MA,Splicer,FEMALE,15802,Fully Meets,5,False,148,False,2026-08-31 17:32:05,1122,47515.18,USD,2026-08-31 17:32:05
2817,Camila,Hodges,2023-01-11,,Production Technician I,Active,Contract,Part-Time,Unk,,1998-12-09,MA,Laborer,MALE,79678,Fully Meets,4,False,107,False,2026-08-31 17:32:05,2296,65724.65,USD,2026-08-31 17:32:05
2818,Tripp,Sanders,2023-07-28,2023-07-30,Production Technician I,Terminated,Part-Time,Temporary,Involuntary,Left due to lack of flexibility around hybrid work policies and long commute times.,,MA,Engineer,MALE,9992,Exceeds,2,False,188,False,2026-08-31 17:32:05,2320,71462.63,USD,2026-08-31 17:32:05
2819,Davin,Wade,2023-05-06,,Production Technician I,Active,Full-Time,Part-Time,Unk,,2000-03-02,MA,Flagger,MALE,74805,Fully Meets,4,False,88,False,2026-08-31 17:32:05,2398,57572.15,USD,2026-08-31 17:32:05
2820,Pierce,Bender,2022-09-18,,Production Technician I,Active,Full-Time,Temporary,Unk,,1979-09-07,MA,Laborer,MALE,42750,Fully Meets,2,False,144,False,2026-08-31 17:32:05,1208,45382.72,USD,2026-08-31 17:32:05
2821,Marin,Mosley,2019-09-08,2021-09-10,Production Technician I,Terminated,Full-Time,Temporary,Retirement,Left due to lack of flexibility around hybrid work policies and long commute times.,,MA,Technician,MALE,36681,Fully Meets,2,False,105,False,2026-08-31 17:32:05,1143,65831.63,USD,2026-08-31 17:32:05
2822,Barrett,Sosa,2019-08-30,,Production Technician I,Active,Part-Time,Part-Time,Unk,,,MA,Lineman,FEMALE,87892,Fully Meets,4,False,131,False,2026-08-31 17:32:05,1316,79693.56,USD,2026-08-31 17:32:05
2823,Eliezer,Briggs,2023-05-22,,Production Technician I,Active,Contract,Part-Time,Unk,,1985-07-12,MA,Operator,FEMALE,59827,Fully Meets,2,False,120,False,2026-08-31 17:32:05,2336,54016.61,USD,2026-08-31 17:32:05
2824,Talan,Garrett,2021-03-02,,Production Technician II,Active,Part-Time,Full-Time,Unk,,,MA,Laborer,MALE,3624,Fully Meets,5,False,122,False,2026-08-31 17:32:05,1294,51632.19,USD,2026-08-31 17:32:05
2825,Van,Griffin,2023-02-13,,Production Technician II,Active,Full-Time,Temporary,Unk,,,MA,Project Manager,MALE,80760,Fully Meets,4,False,612,False,2026-08-31 17:32:05,1316,49337.41,USD,2026-08-31 17:32:05
2826,Roger,Kaufman,2022-08-11,2022-12-01,Production Technician II,On Leave,Contract,Full-Time,Involuntary,,,MA,Technician,FEMALE,96266,Fully Meets,5,False,112,False,2026-08-31 17:32:05,2340,64433.95,USD,2026-08-31 17:32:05
2827,Ignacio,Mcintyre,2020-02-19,2022-12-10,Production Technician II,Voluntarily Terminated,Full-Time,Full-Time,Involuntary,,1980-09-08,MA,Driver,FEMALE,23357,Fully Meets,4,False,98,False,2026-08-31 17:32:05,2294,65875.58,USD,2026-08-31 17:32:05
2828,Jaydon,Lambert,2021-10-15,2023-03-26,Production Technician II,Voluntarily Terminated,Full-Time,Temporary,Retirement,,1944-11-05,MA,Technician,FEMALE,95784,Fully Meets,2,False,86,False,2026-08-31 17:32:05,2298,72729.48,USD,2026-08-31 17:32:05
2829,Serenity,Carlson,2022-11-16,,Production Technician I,Active,Part-Time,Part-Time,Unk,,,MA,Director,MALE,11197,Fully Meets,2,False,108,False,2026-08-31 17:32:05,1316,71357.56,USD,2026-08-31 17:32:05
2830,Leslie,Maynard,2022-06-30,2023-02-03,Production Technician I,Terminated,Full-Time,Part-Time,Resignation,Left due to lack of flexibility around hybrid work policies and long commute times.,,MA,Administrative,MALE,62490,Fully Meets,1,False,370,False,2026-08-31 17:32:05,2286,76238.95,USD,2026-08-31 17:32:05
2831,Craig,Sherman,2021-07-28,,Production Technician I,Active,Full-Time,Full-Time,Unk,,,MA,Lineman,MALE,20276,Fully Meets,2,False,89,False,2026-08-31 17:32:05,1316,73202.04,USD,2026-08-31 17:32:05
2832,Lilyana,Huffman,2021-11-21,,Production Technician I,Active,Contract,Full-Time,Unk,,1975-03-01,MA,Laborer,MALE,31155,Fully Meets,5,False,97,False,2026-08-31 17:32:05,1165,53654.35,USD,2026-08-31 17:32:05
2833,Jacey,Reeves,2020-10-12,,Production Technician I,Active,Contract,Full-Time,Unk,,,MA,Laborer,MALE,11072,Fully Meets,2,False,120,False,2026-08-31 17:32:05,2336,64455.71,USD,2026-08-31 17:32:05
2834,Madyson,Silva,2018-10-02,2020-09-17,Production Technician I,Terminated,Full-Time,Full-Time,Involuntary,Terminated due to persistent low performance scores and disengagement following team restructuring.,,MA,Technician,FEMALE,95191,Fully Meets,5,False,121,False,2026-08-31 17:32:05,2414,55409.42,USD,2026-08-31 17:32:05
2835,Liberty,Poole,2021-07-17,2023-02-27,Production Technician I,Terminated,Contract,Part-Time,Resignation,Resigned citing below-market compensation and lack of annual salary adjustments.,1995-11-04,MA,Project Manager,FEMALE,81501,Fully Meets,5,False,126,False,2026-08-31 17:32:05,2467,56542.49,USD,2026-08-31 17:32:05
2836,Antonio,Romero,2022-04-13,,Production Technician I,Active,Contract,Part-Time,Unk,,1988-07-10,MA,Lineman,FEMALE,8731,Fully Meets,2,False,92,False,2026-08-31 17:32:05,1316,77618.05,USD,2026-08-31 17:32:05
2837,Jaylen,Butler,2021-03-20,2023-02-18,Production Technician I,Terminated,Part-Time,Temporary,Involuntary,Terminated due to persistent low performance scores and disengagement following team restructuring.,1944-10-07,MA,Intern,MALE,32946,Fully Meets,4,False,167,False,2026-08-31 17:32:05,1316,68866.36,USD,2026-08-31 17:32:05
2838,Gloria,Marks,2021-09-09,2021-11-05,Production Technician I,Terminated,Part-Time,Temporary,Voluntary,Resigned citing below-market compensation and lack of annual salary adjustments.,,MA,Director,MALE,93005,Fully Meets,5,False,132,False,2026-08-31 17:32:05,2341,79110.66,USD,2026-08-31 17:32:05
2839,Jaylee,Cunningham,2019-12-06,2022-03-28,Production Technician I,Terminated,Part-Time,Part-Time,Voluntary,Left due to lack of flexibility around hybrid work policies and long commute times.,1969-06-09,MA,Foreman,MALE,72072,Fully Meets,1,False,88,False,2026-08-31 17:32:05,2398,59591.94,USD,2026-08-31 17:32:05
2840,Jordon,Wyatt,2023-04-26,2023-05-19,Production Technician I,Terminated,Contract,Part-Time,Voluntary,Terminated due to persistent low performance scores and disengagement following team restructuring.,,MA,Engineer,MALE,74671,Fully Meets,2,False,166,False,2026-08-31 17:32:05,2288,63810.32,USD,2026-08-31 17:32:05
2841,Darien,Doyle,2019-04-06,,Production Technician I,Active,Contract,Temporary,Unk,,,MA,Foreman,MALE,6774,Fully Meets,5,False,139,False,2026-08-31 17:32:05,2357,62049.04,USD,2026-08-31 17:32:05
2842,Ryan,Rollins,2020-10-19,2023-02-28,Production Technician I,Voluntarily Terminated,Part-Time,Temporary,Voluntary,,,MA,Laborer,FEMALE,90492,Fully Meets,1,False,84,False,2026-08-31 17:32:05,2324,48755.05,USD,2026-08-31 17:32:05
2843,Manuel,Haley,2021-11-22,,Production Technician II,Active,Full-Time,Temporary,Unk,,1942-02-12,MA,Technician,MALE,31013,Fully Meets,1,False,121,False,2026-08-31 17:32:05,2414,53284.57,USD,2026-08-31 17:32:05
2844,Litzy,Lloyd,2020-12-30,2023-07-25,Production Technician II,On Leave,Contract,Part-Time,Retirement,,1942-07-09,MA,Technician,MALE,31828,Fully Meets,5,False,128,False,2026-08-31 17:32:05,1316,63467.27,USD,2026-08-31 17:32:05
2845,Jett,York,2020-09-03,,Production Technician II,Active,Full-Time,Part-Time,Unk,,,MA,Foreman,FEMALE,60312,Fully Meets,4,False,88,False,2026-08-31 17:32:05,2398,47358.1,USD,2026-08-31 17:32:05
2846,Natalia,Bush,2019-10-14,2022-08-19,Production Technician II,Voluntarily Terminated,Contract,Full-Time,Resignation,,1955-02-09,MA,Technician,FEMALE,31642,Fully Meets,5,False,510,False,2026-08-31 17:32:05,1316,77601.17,USD,2026-08-31 17:32:05
2847,Mallory,Carey,2021-02-19,,Production Technician II,Future Start,Part-Time,Full-Time,Involuntary,,,MA,Laborer,FEMALE,81717,Fully Meets,2,False,362,False,2026-08-31 17:32:05,2453,49334.53,USD,2026-08-31 17:32:05
2848,Pierre,Tate,2022-03-13,2022-09-02,Production Technician I,Terminated For Cause,Full-Time,Temporary,Involuntary,,,MA,Project Manager,MALE,59518,Exceeds,1,False,119,False,2026-08-31 17:32:05,2285,51929.33,USD,2026-08-31 17:32:05
2849,Shannon,Hurst,2018-10-02,,Production Technician I,Active,Part-Time,Full-Time,Unk,,,MA,Technician,MALE,4583,Fully Meets,5,False,120,False,2026-08-31 17:32:05,2336,71786.24,USD,2026-08-31 17:32:05
2850,Carleigh,Schultz,2022-10-06,2022-10-16,Production Technician I,Terminated,Full-Time,Part-Time,Retirement,Resigned citing below-market compensation and lack of annual salary adjustments.,,MA,Technician,MALE,6816,Exceeds,1,False,135,False,2026-08-31 17:32:05,1316,48392.71,USD,2026-08-31 17:32:05
2851,Rihanna,Briggs,2020-09-21,,Production Technician I,Active,Full-Time,Part-Time,Unk,,1967-05-03,MA,Construction Manager,MALE,26839,Fully Meets,4,False,83,False,2026-08-31 17:32:05,2318,76509.73,USD,2026-08-31 17:32:05
2852,Eden,Levy,2021-12-06,,Production Technician I,Active,Part-Time,Temporary,Unk,,,MA,Laborer,MALE,87984,Fully Meets,1,False,82,False,2026-08-31 17:32:05,1123,70399.53,USD,2026-08-31 17:32:05
2853,Nathanial,Davis,2022-11-16,2023-03-21,Production Technician I,Terminated For Cause,Contract,Part-Time,Voluntary,,1994-06-04,MA,Operator,MALE,70147,Needs Improvement,5,False,139,False,2026-08-31 17:32:05,2357,47401.73,USD,2026-08-31 17:32:05
2854,Eileen,Beard,2022-08-02,2023-07-27,Production Technician I,Terminated,Part-Time,Full-Time,Resignation,Left due to lack of flexibility around hybrid work policies and long commute times.,,MA,Executive,FEMALE,76409,Needs Improvement,2,False,538,False,2026-08-31 17:32:05,2358,69214.65,USD,2026-08-31 17:32:05
2855,Kale,Potter,2022-01-19,,Production Technician I,Active,Part-Time,Full-Time,Unk,,,MA,Clerk,FEMALE,75727,Needs Improvement,4,False,106,False,2026-08-31 17:32:05,2295,67107.0,USD,2026-08-31 17:32:05
2856,Sage,Boyer,2022-04-09,,Production Technician I,Active,Full-Time,Temporary,Unk,,,MA,Director,FEMALE,14553,Needs Improvement,5,False,613,False,2026-08-31 17:32:05,1316,71507.23,USD,2026-08-31 17:32:05
2857,Dane,Owens,2019-07-19,2022-08-08,Production Technician I,Terminated,Full-Time,Part-Time,Involuntary,Left due to lack of flexibility around hybrid work policies and long commute times.,1974-01-11,MA,Laborer,MALE,93847,Fully Meets,2,False,88,False,2026-08-31 17:32:05,2398,73986.92,USD,2026-08-31 17:32:05
2858,Colin,Simpson,2021-09-02,2022-11-14,Production Technician I,Terminated,Full-Time,Temporary,Retirement,Terminated due to persistent low performance scores and disengagement following team restructuring.,,MA,Engineer,MALE,22983,Fully Meets,5,False,150,False,2026-08-31 17:32:05,2417,70142.27,USD,2026-08-31 17:32:05
2859,Rachel,Buckley,2019-02-01,,Production Technician I,Active,Full-Time,Part-Time,Unk,,1945-07-03,MA,Engineer,MALE,36227,Needs Improvement,2,False,130,False,2026-08-31 17:32:05,2277,65516.17,USD,2026-08-31 17:32:05
2860,Maria,Cameron,2023-04-13,2023-05-26,Production Technician I,Terminated,Part-Time,Part-Time,Voluntary,Left due to lack of flexibility around hybrid work policies and long commute times.,,MA,Laborer,MALE,54190,Fully Meets,2,False,135,False,2026-08-31 17:32:05,1316,56286.22,USD,2026-08-31 17:32:05
2861,Judith,Savage,2018-10-06,,Production Technician I,Active,Full-Time,Full-Time,Unk,,,MA,Technician,MALE,31403,Fully Meets,2,False,148,False,2026-08-31 17:32:05,1122,69404.58,USD,2026-08-31 17:32:05
2862,Randall,West,2020-03-24,2022-03-24,Production Technician II,Terminated,Part-Time,Part-Time,Voluntary,Resigned citing below-market compensation and lack of annual salary adjustments.,,MA,Engineer,MALE,13985,Fully Meets,4,False,141,False,2026-08-31 17:32:05,2337,78494.01,USD,2026-08-31 17:32:05
2863,Caitlin,Palmer,2021-10-08,,Production Technician II,Active,Full-Time,Temporary,Unk,,1943-09-12,MA,Coordinator,MALE,14407,Needs Improvement,4,False,182,False,2026-08-31 17:32:05,2275,65563.26,USD,2026-08-31 17:32:05
2864,Luke,Heath,2022-05-16,,Production Technician II,Active,Part-Time,Full-Time,Unk,,,MA,Technician,MALE,37065,Fully Meets,2,False,83,False,2026-08-31 17:32:05,2318,68252.07,USD,2026-08-31 17:32:05
2865,Esperanza,Horne,2022-05-10,2022-10-17,Production Technician II,Voluntarily Terminated,Part-Time,Part-Time,Voluntary,,,MA,Foreman,FEMALE,26583,Fully Meets,1,False,112,False,2026-08-31 17:32:05,2340,60299.48,USD,2026-08-31 17:32:05
2866,Jadon,Mata,2021-11-16,,Production Technician II,Active,Part-Time,Temporary,Unk,,1951-07-09,MA,Driller,FEMALE,49151,Fully Meets,2,False,97,False,2026-08-31 17:32:05,1165,71464.23,USD,2026-08-31 17:32:05
2867,Gillian,Hawkins,2019-02-25,,Production Technician II,Active,Part-Time,Temporary,Unk,,,MA,Manager,FEMALE,75033,Fully Meets,2,False,174,False,2026-08-31 17:32:05,1316,79918.36,USD,2026-08-31 17:32:05
2868,Lisa,Griffin,2022-07-01,,Production Technician I,Active,Full-Time,Temporary,Unk,,,MA,Vp,MALE,64530,Fully Meets,5,False,197,False,2026-08-31 17:32:05,1316,75613.63,USD,2026-08-31 17:32:05
2869,Nelson,Carpenter,2022-12-17,,Production Technician I,Active,Contract,Full-Time,Unk,,,MA,Lineman,MALE,53404,Fully Meets,2,False,140,False,2026-08-31 17:32:05,1316,52084.18,USD,2026-08-31 17:32:05
2870,Sanai,Sweeney,2023-07-26,2023-07-31,Production Technician I,Terminated,Part-Time,Part-Time,Retirement,Terminated due to persistent low performance scores and disengagement following team restructuring.,1950-08-09,MA,Vp,MALE,32806,Fully Meets,4,False,614,False,2026-08-31 17:32:05,1316,63880.32,USD,2026-08-31 17:32:05
2871,Tania,Taylor,2022-03-11,2022-08-02,Production Technician I,Terminated,Contract,Part-Time,Resignation,Resigned citing below-market compensation and lack of annual salary adjustments.,,MA,Project Manager,MALE,46150,Fully Meets,5,False,134,False,2026-08-31 17:32:05,1316,61848.14,USD,2026-08-31 17:32:05
2872,Greta,Horne,2020-06-29,2021-05-20,Production Technician I,Terminated,Contract,Full-Time,Voluntary,Left due to lack of flexibility around hybrid work policies and long commute times.,1967-03-12,MA,Operator,MALE,97145,Fully Meets,2,False,161,False,2026-08-31 17:32:05,1209,65004.94,USD,2026-08-31 17:32:05
2873,Jordyn,Snyder,2022-03-28,,Production Technician I,Active,Part-Time,Full-Time,Unk,,1998-12-09,MA,Supervisor,MALE,92640,Fully Meets,4,False,97,False,2026-08-31 17:32:05,1165,46717.59,USD,2026-08-31 17:32:05
2874,Alex,Collins,2022-02-14,,Production Technician I,Active,Part-Time,Full-Time,Unk,,1953-12-12,MA,Engineer,MALE,26011,Fully Meets,1,False,168,False,2026-08-31 17:32:05,2471,59149.68,USD,2026-08-31 17:32:05
2875,Harley,Walker,2020-12-25,2021-09-13,Production Technician I,Terminated,Full-Time,Temporary,Involuntary,Left due to lack of flexibility around hybrid work policies and long commute times.,1981-03-06,MA,Administrative,FEMALE,60773,Fully Meets,4,False,121,False,2026-08-31 17:32:05,2414,65404.24,USD,2026-08-31 17:32:05
2876,Luka,Novak,2023-04-27,,Production Technician I,Active,Part-Time,Temporary,Unk,,1957-09-04,MA,Warehouse Technician,FEMALE,91201,Fully Meets,4,False,91,False,2026-08-31 17:32:05,2364,65481.7,USD,2026-08-31 17:32:05
2877,Skylar,Riggs,2022-11-11,2022-12-07,Production Technician I,Terminated,Contract,Part-Time,Resignation,Resigned citing below-market compensation and lack of annual salary adjustments.,,MA,Manager,FEMALE,51590,Fully Meets,2,False,373,False,2026-08-31 17:32:05,1253,68006.69,USD,2026-08-31 17:32:05
2878,Shania,Barrera,2021-05-04,2021-10-12,Production Technician I,Terminated,Part-Time,Part-Time,Resignation,Left due to lack of flexibility around hybrid work policies and long commute times.,1957-11-08,MA,Contracts,MALE,26501,Fully Meets,2,False,385,False,2026-08-31 17:32:05,2319,70207.56,USD,2026-08-31 17:32:05
2879,Trystan,Fernandez,2018-12-20,,Production Technician I,Active,Full-Time,Full-Time,Unk,,,MA,Vp,MALE,97759,Fully Meets,2,False,538,False,2026-08-31 17:32:05,2358,67454.15,USD,2026-08-31 17:32:05
2880,Aimee,Berg,2021-06-11,2022-12-03,Production Technician I,Terminated,Contract,Temporary,Retirement,Resigned citing below-market compensation and lack of annual salary adjustments.,,MA,Safety Manager,FEMALE,89647,Fully Meets,4,False,88,False,2026-08-31 17:32:05,2398,72658.51,USD,2026-08-31 17:32:05
2881,Kyson,Scott,2023-06-07,,Production Technician I,Active,Contract,Full-Time,Unk,,,MA,Laborer,MALE,19510,Fully Meets,4,False,82,False,2026-08-31 17:32:05,1123,66866.62,USD,2026-08-31 17:32:05
2882,Lamar,Kirk,2019-05-21,2020-01-05,Production Technician I,Voluntarily Terminated,Part-Time,Full-Time,Retirement,,,MA,Welder,MALE,85827,Fully Meets,4,False,513,False,2026-08-31 17:32:05,2402,63812.77,USD,2026-08-31 17:32:05
2883,Slade,Lynn,2019-03-01,,Production Technician II,Active,Part-Time,Full-Time,Unk,,1960-02-07,MA,Operator,MALE,74091,Fully Meets,4,False,120,False,2026-08-31 17:32:05,2336,66216.88,USD,2026-08-31 17:32:05
2884,Riley,Leon,2022-02-26,,Production Technician II,Active,Part-Time,Part-Time,Unk,,,MA,Technician,MALE,76359,Fully Meets,2,False,99,False,2026-08-31 17:32:05,1316,48541.77,USD,2026-08-31 17:32:05
2885,Humberto,Yoder,2022-04-14,2022-10-10,Production Technician II,On Leave,Full-Time,Part-Time,Voluntary,,,MA,Groundman,MALE,61247,Fully Meets,1,False,91,False,2026-08-31 17:32:05,2364,54560.48,USD,2026-08-31 17:32:05
2886,Michelle,Pearson,2020-08-06,,Production Technician II,Active,Contract,Temporary,Unk,,,MA,Supervisor,MALE,93231,Fully Meets,2,False,83,False,2026-08-31 17:32:05,2318,63458.99,USD,2026-08-31 17:32:05
2887,Natalya,Reyes,2020-01-28,2022-02-15,Production Technician II,Voluntarily Terminated,Full-Time,Temporary,Voluntary,,,MA,Shop,FEMALE,22862,Fully Meets,5,False,117,False,2026-08-31 17:32:05,1316,75554.55,USD,2026-08-31 17:32:05
2888,Celia,Mcpherson,2021-04-17,,Production Technician II,Future Start,Contract,Temporary,Retirement,,,MA,Foreman,FEMALE,74469,Fully Meets,5,False,170,False,2026-08-31 17:32:05,1316,68766.8,USD,2026-08-31 17:32:05
2889,Matias,Barton,2019-09-29,,Production Technician II,Future Start,Part-Time,Temporary,Resignation,,,MA,Engineer,FEMALE,53693,Fully Meets,1,False,94,False,2026-08-31 17:32:05,1316,48164.28,USD,2026-08-31 17:32:05
2890,Caitlyn,Vaughan,2022-10-07,,Production Technician I,Active,Full-Time,Full-Time,Unk,,,MA,Director,MALE,89622,Fully Meets,2,False,385,False,2026-08-31 17:32:05,2319,65729.62,USD,2026-08-31 17:32:05
2891,Addyson,Pollard,2021-08-11,2021-11-07,Production Technician I,Terminated,Contract,Temporary,Resignation,Terminated due to persistent low performance scores and disengagement following team restructuring.,,MA,Laborer,MALE,7700,Fully Meets,1,False,360,False,2026-08-31 17:32:05,2368,52760.83,USD,2026-08-31 17:32:05
2892,Laila,Wiggins,2021-04-10,2022-11-01,Production Technician I,Terminated,Contract,Full-Time,Resignation,Resigned citing below-market compensation and lack of annual salary adjustments.,1960-06-12,MA,Lineman,MALE,26250,Fully Meets,2,False,159,False,2026-08-31 17:32:05,2382,70690.58,USD,2026-08-31 17:32:05
2893,Terrance,Wiggins,2022-02-24,,Production Technician I,Active,Full-Time,Temporary,Unk,,,MA,Foreman,MALE,73855,Fully Meets,2,False,82,False,2026-08-31 17:32:05,1123,73960.43,USD,2026-08-31 17:32:05
2894,Aliza,Pace,2022-07-01,,Production Technician I,Active,Part-Time,Full-Time,Unk,,,MA,Foreman,MALE,34327,Fully Meets,4,False,105,False,2026-08-31 17:32:05,1143,65770.97,USD,2026-08-31 17:32:05
2895,Mauricio,Stein,2023-04-04,2023-06-20,Production Technician I,Terminated For Cause,Full-Time,Temporary,Voluntary,,1998-11-04,MA,Top Hand,MALE,9647,Fully Meets,2,False,97,False,2026-08-31 17:32:05,1165,65697.69,USD,2026-08-31 17:32:05
2896,Gia,Winters,2021-10-25,,Production Technician I,Active,Full-Time,Part-Time,Unk,,,MA,Laborer,MALE,68059,Fully Meets,4,False,130,False,2026-08-31 17:32:05,2277,56850.7,USD,2026-08-31 17:32:05
2897,Aidyn,Cuevas,2022-03-04,2023-07-02,Production Technician I,Terminated,Full-Time,Part-Time,Voluntary,Terminated due to persistent low performance scores and disengagement following team restructuring.,1963-10-06,MA,Mechanic,FEMALE,48860,Fully Meets,4,False,106,False,2026-08-31 17:32:05,2295,60618.75,USD,2026-08-31 17:32:05
2898,Angel,Santos,2019-12-20,,Production Technician I,Active,Contract,Full-Time,Unk,,1987-09-01,MA,Coordinator,FEMALE,53945,Fully Meets,4,False,91,False,2026-08-31 17:32:05,2364,75243.79,USD,2026-08-31 17:32:05
2899,Johnathan,Huerta,2020-09-11,2022-03-31,Production Technician I,Terminated,Part-Time,Part-Time,Resignation,Left due to lack of flexibility around hybrid work policies and long commute times.,,MA,Coordinator,MALE,26846,Fully Meets,5,False,373,False,2026-08-31 17:32:05,1253,70316.21,USD,2026-08-31 17:32:05
2900,Katelyn,Garner,2021-10-31,2023-07-12,Production Technician I,Terminated,Part-Time,Temporary,Resignation,Terminated due to persistent low performance scores and disengagement following team restructuring.,1952-01-10,MA,Locator,MALE,32806,Exceeds,2,False,112,False,2026-08-31 17:32:05,2340,63191.38,USD,2026-08-31 17:32:05
2901,Deshawn,Ayers,2018-10-21,2019-04-24,Production Technician I,Terminated,Part-Time,Part-Time,Involuntary,Resigned citing below-market compensation and lack of annual salary adjustments.,,MA,Foreman,FEMALE,52065,Fully Meets,4,False,360,False,2026-08-31 17:32:05,2368,57888.13,USD,2026-08-31 17:32:05
2902,Siena,Meadows,2021-01-07,,Production Technician I,Active,Part-Time,Part-Time,Unk,,1961-11-03,MA,Laborer,FEMALE,34499,Fully Meets,1,False,86,False,2026-08-31 17:32:05,2298,46763.29,USD,2026-08-31 17:32:05
2903,Presley,Padilla,2023-02-09,2023-05-07,Production Technician I,Terminated,Part-Time,Full-Time,Resignation,Terminated due to persistent low performance scores and disengagement following team restructuring.,,MA,Engineer,MALE,14416,Needs Improvement,5,False,129,False,2026-08-31 17:32:05,2393,50005.26,USD,2026-08-31 17:32:05
2904,Marquis,Atkinson,2020-02-15,2020-10-20,Production Technician I,Voluntarily Terminated,Full-Time,Part-Time,Retirement,,1946-05-10,MA,Technician,FEMALE,84227,Exceeds,4,False,155,False,2026-08-31 17:32:05,2323,51755.88,USD,2026-08-31 17:32:05
2905,Gillian,Williams,2022-10-14,,Production Technician II,Active,Full-Time,Full-Time,Unk,,1973-05-12,MA,Warehouse,MALE,96294,Fully Meets,1,False,446,False,2026-08-31 17:32:05,2344,58068.42,USD,2026-08-31 17:32:05
2906,Anabel,Hanna,2018-10-02,,Production Technician II,Active,Contract,Part-Time,Unk,,1979-11-02,MA,Technician,MALE,87232,Needs Improvement,5,False,98,False,2026-08-31 17:32:05,2294,78045.03,USD,2026-08-31 17:32:05
2907,Celeste,Branch,2020-06-22,,Production Technician II,Active,Full-Time,Part-Time,Unk,,1962-04-03,MA,Supervisor,MALE,38430,Needs Improvement,4,False,492,False,2026-08-31 17:32:05,1316,62680.37,USD,2026-08-31 17:32:05
2908,Shyanne,Cooper,2021-03-19,,Production Technician II,Active,Contract,Temporary,Unk,,1980-06-04,MA,Coordinator,MALE,49657,Exceeds,1,False,380,False,2026-08-31 17:32:05,2276,53219.41,USD,2026-08-31 17:32:05
2909,Nancy,Barrett,2019-03-28,,Production Technician II,Active,Full-Time,Part-Time,Unk,,1941-02-10,MA,Laborer,FEMALE,45022,Needs Improvement,1,False,86,False,2026-08-31 17:32:05,2298,48701.25,USD,2026-08-31 17:32:05
2910,Ronan,Burke,2022-05-01,,Production Technician II,Active,Part-Time,Full-Time,Unk,,1946-10-01,MA,Laborer,FEMALE,89600,Exceeds,1,False,97,False,2026-08-31 17:32:05,1165,56840.69,USD,2026-08-31 17:32:05
2911,Estrella,Ho,2018-08-07,,Production Technician I,Active,Part-Time,Full-Time,Unk,,,MA,Administrative,MALE,3468,Exceeds,2,False,156,False,2026-08-31 17:32:05,1316,73550.57,USD,2026-08-31 17:32:05
2912,Conor,Petty,2022-05-01,,Production Technician I,Active,Full-Time,Temporary,Unk,,,MA,Field Project Manager,MALE,72466,Needs Improvement,4,False,434,False,2026-08-31 17:32:05,1316,58417.0,USD,2026-08-31 17:32:05
2913,Cheyanne,Munoz,2019-12-03,,Production Technician I,Active,Full-Time,Part-Time,Unk,,,MA,Splicer,MALE,70198,Needs Improvement,2,False,366,False,2026-08-31 17:32:05,2451,72037.7,USD,2026-08-31 17:32:05
2914,Jaycee,Osborn,2020-01-02,2023-08-03,Production Technician I,Terminated,Full-Time,Part-Time,Retirement,Left due to lack of flexibility around hybrid work policies and long commute times.,1972-02-12,MA,Laborer,MALE,56864,Exceeds,2,False,109,False,2026-08-31 17:32:05,1316,73094.67,USD,2026-08-31 17:32:05
2915,Jordyn,Patel,2022-04-30,2023-08-02,Production Technician I,Terminated For Cause,Full-Time,Part-Time,Involuntary,,1992-03-09,MA,Technician,MALE,14468,Exceeds,1,False,105,False,2026-08-31 17:32:05,1143,48878.73,USD,2026-08-31 17:32:05
2916,Michael,Acosta,2020-07-04,2021-03-07,Production Technician I,Terminated For Cause,Part-Time,Temporary,Resignation,,,MA,Administrator,MALE,92604,Needs Improvement,2,False,162,False,2026-08-31 17:32:05,1316,66303.09,USD,2026-08-31 17:32:05
2917,Janiah,Ball,2020-02-05,,Production Technician I,Active,Contract,Part-Time,Unk,,,MA,Technician,MALE,79382,Exceeds,4,False,130,False,2026-08-31 17:32:05,2277,78568.36,USD,2026-08-31 17:32:05
2918,Brice,Medina,2018-12-22,2022-07-21,Production Technician I,Terminated,Part-Time,Full-Time,Retirement,Terminated due to persistent low performance scores and disengagement following team restructuring.,1979-08-05,MA,Lineman,FEMALE,2719,Exceeds,4,False,106,False,2026-08-31 17:32:05,2295,59074.83,USD,2026-08-31 17:32:05
2919,Ismael,Bowers,2019-04-21,,Production Technician I,Active,Full-Time,Part-Time,Unk,,1988-07-11,MA,Administrative,FEMALE,29718,Needs Improvement,5,False,91,False,2026-08-31 17:32:05,2364,46783.04,USD,2026-08-31 17:32:05
2920,Caden,Silva,2020-04-03,,Production Technician I,Active,Full-Time,Part-Time,Unk,,1959-11-02,MA,Technician,MALE,80589,Exceeds,5,False,83,False,2026-08-31 17:32:05,2318,77315.59,USD,2026-08-31 17:32:05
2921,Yadira,Dean,2018-09-22,2019-10-10,Production Technician I,Terminated,Full-Time,Part-Time,Retirement,Terminated due to persistent low performance scores and disengagement following team restructuring.,1957-08-08,MA,Lineman,FEMALE,66834,Exceeds,2,False,177,False,2026-08-31 17:32:05,2292,75928.32,USD,2026-08-31 17:32:05
2922,Miles,Roberts,2022-10-14,2023-07-06,Production Technician I,Terminated,Part-Time,Full-Time,Involuntary,Resigned citing below-market compensation and lack of annual salary adjustments.,,MA,Laborer,FEMALE,69281,Exceeds,5,False,84,False,2026-08-31 17:32:05,2324,63274.95,USD,2026-08-31 17:32:05
2923,Joel,Spence,2022-02-12,2022-09-22,Production Technician I,Terminated,Part-Time,Part-Time,Voluntary,Left due to lack of flexibility around hybrid work policies and long commute times.,1980-01-07,MA,Technician,FEMALE,79321,Needs Improvement,4,False,130,False,2026-08-31 17:32:05,2277,64328.86,USD,2026-08-31 17:32:05
2924,Kole,Garrison,2021-03-23,2023-07-20,Production Technician I,Voluntarily Terminated,Contract,Part-Time,Retirement,,,MA,Foreman,MALE,84575,Exceeds,5,False,91,False,2026-08-31 17:32:05,2364,52410.94,USD,2026-08-31 17:32:05
2925,Kaylin,Andersen,2018-08-30,2021-07-11,Production Technician II,Terminated,Part-Time,Temporary,Involuntary,Resigned citing below-market compensation and lack of annual salary adjustments.,,MA,Administrator,MALE,65881,Exceeds,4,False,183,False,2026-08-31 17:32:05,1316,73680.78,USD,2026-08-31 17:32:05
2926,Yareli,Valdez,2022-12-10,2023-07-02,Production Technician II,On Leave,Part-Time,Temporary,Voluntary,,1999-08-12,MA,Driver,MALE,27671,Needs Improvement,5,False,106,False,2026-08-31 17:32:05,2295,62451.0,USD,2026-08-31 17:32:05
2927,Rubi,Sanford,2023-02-04,2023-07-25,Production Technician II,On Leave,Part-Time,Part-Time,Voluntary,,,MA,Supervisor,MALE,53549,Exceeds,1,False,90,False,2026-08-31 17:32:05,1316,46185.72,USD,2026-08-31 17:32:05
2928,Jayden,Bolton,2021-01-10,,Production Technician II,Active,Full-Time,Part-Time,Unk,,1972-12-04,MA,Lineman,FEMALE,49168,Fully Meets,5,False,148,False,2026-08-31 17:32:05,1122,68905.52,USD,2026-08-31 17:32:05
2929,Izabella,Watson,2020-08-19,2021-11-14,Production Technician II,Voluntarily Terminated,Full-Time,Temporary,Voluntary,,1986-05-06,MA,Laborer,FEMALE,70404,Needs Improvement,2,False,107,False,2026-08-31 17:32:05,2296,78267.37,USD,2026-08-31 17:32:05
2930,Jon,Galvan,2023-04-21,,Production Technician II,Active,Part-Time,Full-Time,Unk,,,MA,Supervisor,FEMALE,13746,Exceeds,2,False,170,False,2026-08-31 17:32:05,1316,74020.27,USD,2026-08-31 17:32:05
2931,Halle,Chan,2020-01-29,2021-01-09,Production Technician I,Terminated For Cause,Full-Time,Temporary,Retirement,,1969-11-07,MA,Technician,MALE,12946,Exceeds,2,False,83,False,2026-08-31 17:32:05,2318,54701.93,USD,2026-08-31 17:32:05
2932,Braeden,Moss,2021-08-19,2023-05-25,Production Technician I,Terminated For Cause,Part-Time,Full-Time,Involuntary,,,MA,Intern,MALE,6449,Fully Meets,4,False,156,False,2026-08-31 17:32:05,1316,46866.38,USD,2026-08-31 17:32:05
2933,Fernando,Mcdowell,2021-03-18,,Production Technician I,Active,Full-Time,Part-Time,Unk,,,MA,Laborer,MALE,52150,Needs Improvement,1,False,360,False,2026-08-31 17:32:05,2368,77912.3,USD,2026-08-31 17:32:05
2934,Triston,Ewing,2021-10-24,2022-08-29,Production Technician I,Terminated,Contract,Temporary,Resignation,Resigned citing below-market compensation and lack of annual salary adjustments.,,MA,Laborer,MALE,63659,Fully Meets,2,False,86,False,2026-08-31 17:32:05,2298,77797.2,USD,2026-08-31 17:32:05
2935,Pablo,Yates,2020-10-03,2023-05-06,Production Technician I,Terminated,Contract,Part-Time,Involuntary,Left due to lack of flexibility around hybrid work policies and long commute times.,1995-09-12,MA,Groundman,MALE,6131,Fully Meets,5,False,144,False,2026-08-31 17:32:05,1208,63634.54,USD,2026-08-31 17:32:05
2936,Jordan,Hayes,2023-02-21,,Production Technician I,Active,Contract,Part-Time,Unk,,,MA,Lineman,MALE,80724,Needs Improvement,1,False,139,False,2026-08-31 17:32:05,2357,67481.11,USD,2026-08-31 17:32:05
2937,Kianna,Wilkerson,2020-08-01,,Production Technician I,Active,Contract,Temporary,Unk,,,MA,Supervisor,MALE,53421,Needs Improvement,2,False,151,False,2026-08-31 17:32:05,2385,61191.0,USD,2026-08-31 17:32:05
2938,Paul,Steele,2023-01-08,2023-05-10,Production Technician I,Terminated,Full-Time,Full-Time,Involuntary,Left due to lack of flexibility around hybrid work policies and long commute times.,1972-11-12,MA,Lineman,MALE,43780,Needs Improvement,1,False,181,False,2026-08-31 17:32:05,1316,59691.79,USD,2026-08-31 17:32:05
2939,Jason,Moyer,2022-07-26,2022-11-08,Production Technician I,Terminated,Contract,Full-Time,Resignation,Terminated due to persistent low performance scores and disengagement following team restructuring.,,MA,Administrative,FEMALE,40426,Needs Improvement,2,False,152,False,2026-08-31 17:32:05,2396,49180.7,USD,2026-08-31 17:32:05
2940,Larissa,Taylor,2020-08-31,2023-06-09,Production Technician I,Terminated,Contract,Part-Time,Resignation,Resigned citing below-market compensation and lack of annual salary adjustments.,1972-05-12,MA,Supervisor,FEMALE,2982,Needs Improvement,5,False,182,False,2026-08-31 17:32:05,2275,48386.35,USD,2026-08-31 17:32:05
2941,Aryanna,Larson,2022-11-05,2023-02-22,Production Technician I,Terminated,Part-Time,Full-Time,Involuntary,Left due to lack of flexibility around hybrid work policies and long commute times.,,MA,Engineer,MALE,16333,Needs Improvement,2,False,176,False,2026-08-31 17:32:05,2868,53145.63,USD,2026-08-31 17:32:05
2942,Eliana,Hammond,2019-05-30,2020-01-08,Production Technician I,Terminated,Full-Time,Part-Time,Retirement,Terminated due to persistent low performance scores and disengagement following team restructuring.,1949-01-03,MA,Technician,FEMALE,21328,Needs Improvement,2,False,385,False,2026-08-31 17:32:05,2319,74282.43,USD,2026-08-31 17:32:05
2943,Adrien,Krause,2019-12-09,,Production Technician I,Active,Full-Time,Part-Time,Unk,,,MA,Laborer,FEMALE,26651,Needs Improvement,2,False,132,False,2026-08-31 17:32:05,2341,50104.13,USD,2026-08-31 17:32:05
2944,Annie,Galloway,2019-05-10,,Production Technician I,Active,Part-Time,Part-Time,Unk,,1952-08-04,MA,Engineer,FEMALE,62663,Needs Improvement,1,False,190,False,2026-08-31 17:32:05,1316,52934.45,USD,2026-08-31 17:32:05
2945,Kamryn,Mckinney,2019-09-03,2022-03-18,Production Technician I,Voluntarily Terminated,Full-Time,Temporary,Voluntary,,,MA,Foreman,MALE,26477,Needs Improvement,4,False,172,False,2026-08-31 17:32:05,1187,64201.49,USD,2026-08-31 17:32:05
2946,Dahlia,Waller,2018-09-13,,Production Technician II,Active,Contract,Full-Time,Unk,,,MA,Technician,MALE,8439,Needs Improvement,2,False,355,False,2026-08-31 17:32:05,1316,52529.59,USD,2026-08-31 17:32:05
2947,Alonzo,Bradley,2021-06-10,,Production Technician II,Active,Part-Time,Temporary,Unk,,,MA,Foreman,MALE,11214,Fully Meets,1,False,368,False,2026-08-31 17:32:05,2363,50712.23,USD,2026-08-31 17:32:05
2948,Harley,Soto,2019-10-08,2023-06-16,Production Technician II,On Leave,Contract,Temporary,Involuntary,,,MA,Manager,MALE,10150,Needs Improvement,2,False,615,False,2026-08-31 17:32:05,1316,64716.07,USD,2026-08-31 17:32:05
2949,Belen,Vasquez,2021-06-03,2023-04-14,Production Technician II,On Leave,Contract,Temporary,Voluntary,,1957-04-11,MA,Splicer,FEMALE,92718,Fully Meets,4,False,147,False,2026-08-31 17:32:05,1316,57883.26,USD,2026-08-31 17:32:05
2950,Charlize,Rocha,2018-09-14,2019-01-04,Production Technician II,Voluntarily Terminated,Part-Time,Temporary,Involuntary,,1943-04-01,MA,Manager,FEMALE,75308,Needs Improvement,4,False,171,False,2026-08-31 17:32:05,1232,66915.58,USD,2026-08-31 17:32:05
2951,Aleena,David,2019-05-26,,Production Technician II,Active,Full-Time,Part-Time,Unk,,1943-05-10,MA,Foreman,FEMALE,16532,Fully Meets,2,False,112,False,2026-08-31 17:32:05,2340,76927.19,USD,2026-08-31 17:32:05
2952,Bridger,Alvarado,2019-07-05,,Production Technician II,Active,Contract,Full-Time,Unk,,,MA,Technician,FEMALE,16292,Fully Meets,4,False,124,False,2026-08-31 17:32:05,2395,50284.76,USD,2026-08-31 17:32:05
2953,Cannon,Morgan,2019-11-05,,Production Technician I,Active,Full-Time,Full-Time,Unk,,,MA,Technician,MALE,95723,Fully Meets,5,False,107,False,2026-08-31 17:32:05,2296,76970.18,USD,2026-08-31 17:32:05
2954,Weston,Ramsey,2019-07-22,2021-10-18,Production Technician I,Terminated,Part-Time,Part-Time,Voluntary,Terminated due to persistent low performance scores and disengagement following team restructuring.,1955-10-08,MA,Coordinator,FEMALE,10422,Fully Meets,2,False,86,False,2026-08-31 17:32:05,2298,76587.15,USD,2026-08-31 17:32:05
2955,Adison,Ray,2020-09-21,2023-03-22,Production Technician I,Terminated,Full-Time,Part-Time,Retirement,Resigned citing below-market compensation and lack of annual salary adjustments.,,MA,Technician,MALE,17669,Fully Meets,1,False,110,False,2026-08-31 17:32:05,2287,74018.07,USD,2026-08-31 17:32:05
2956,Aarav,Espinoza,2019-11-11,,Production Technician I,Active,Part-Time,Full-Time,Unk,,,MA,Project Manager,MALE,51029,Fully Meets,2,False,108,False,2026-08-31 17:32:05,1316,67095.01,USD,2026-08-31 17:32:05
2957,Destiney,Barry,2021-02-08,,Production Technician I,Active,Part-Time,Temporary,Unk,,,MA,Foreman,MALE,58080,Fully Meets,1,False,82,False,2026-08-31 17:32:05,1123,66705.13,USD,2026-08-31 17:32:05
2958,Ulises,Herring,2020-06-01,,Production Technician I,Active,Contract,Full-Time,Unk,,1945-09-04,MA,Administration,MALE,8328,Fully Meets,4,False,499,False,2026-08-31 17:32:05,1316,67372.44,USD,2026-08-31 17:32:05
2959,Marquis,Cardenas,2022-10-26,2022-11-01,Production Technician I,Terminated For Cause,Part-Time,Temporary,Resignation,,,MA,Lineman,MALE,1015,Fully Meets,2,False,131,False,2026-08-31 17:32:05,1316,69167.34,USD,2026-08-31 17:32:05
2960,Miya,Cruz,2019-02-12,2023-04-17,Production Technician I,Terminated,Full-Time,Part-Time,Resignation,Terminated due to persistent low performance scores and disengagement following team restructuring.,,MA,Technician,FEMALE,30280,Fully Meets,2,False,120,False,2026-08-31 17:32:05,2336,45576.88,USD,2026-08-31 17:32:05
2961,Erin,Floyd,2022-10-19,2023-07-22,Production Technician I,Terminated,Full-Time,Full-Time,Voluntary,Resigned citing below-market compensation and lack of annual salary adjustments.,,MA,Laborer,FEMALE,24889,Fully Meets,2,False,106,False,2026-08-31 17:32:05,2295,78533.24,USD,2026-08-31 17:32:05
2962,Gerald,Johnston,2019-12-12,,Production Technician I,Active,Full-Time,Full-Time,Unk,,1982-03-10,MA,Technician,FEMALE,2798,Fully Meets,1,False,126,False,2026-08-31 17:32:05,2467,65496.13,USD,2026-08-31 17:32:05
2963,Kendrick,Snyder,2021-11-29,,Production Technician I,Active,Full-Time,Full-Time,Unk,,1975-04-09,MA,Driver,MALE,1654,Fully Meets,2,False,83,False,2026-08-31 17:32:05,2318,72351.3,USD,2026-08-31 17:32:05
2964,Alyssa,Proctor,2021-05-15,,Production Technician I,Active,Part-Time,Full-Time,Unk,,1958-02-06,MA,Driller,FEMALE,88998,Fully Meets,2,False,107,False,2026-08-31 17:32:05,2296,58204.86,USD,2026-08-31 17:32:05
2965,Manuel,Stout,2023-01-27,2023-05-06,Production Technician I,Terminated,Contract,Temporary,Involuntary,Left due to lack of flexibility around hybrid work policies and long commute times.,1957-04-01,MA,Driller,FEMALE,90813,Fully Meets,1,False,98,False,2026-08-31 17:32:05,2294,45433.9,USD,2026-08-31 17:32:05
2966,Joanna,Bradley,2020-07-03,2023-07-02,Production Technician I,Terminated,Full-Time,Temporary,Voluntary,Terminated due to persistent low performance scores and disengagement following team restructuring.,,MA,Laborer,MALE,24429,Fully Meets,4,False,357,False,2026-08-31 17:32:05,2297,62840.71,USD,2026-08-31 17:32:05
2967,Sade,Smith,2022-12-26,2023-06-25,Production Technician I,Terminated,Full-Time,Part-Time,Retirement,Resigned citing below-market compensation and lack of annual salary adjustments.,1983-06-12,MA,Administrator,FEMALE,2130,Fully Meets,4,False,82,False,2026-08-31 17:32:05,1123,62751.65,USD,2026-08-31 17:32:05
2968,Lowan M,Biden,2018-12-23,,Production Technician I,Active,Part-Time,Temporary,Unk,,1981-05-06,MA,Technician,FEMALE,2027,Fully Meets,4,False,120,False,2026-08-31 17:32:05,2336,60294.63,USD,2026-08-31 17:32:05
2969,Lauren,Peters,2020-09-28,2021-10-16,Production Technician II,Voluntarily Terminated,Contract,Part-Time,Voluntary,,,MA,Laborer,FEMALE,1886,Fully Meets,2,False,88,False,2026-08-31 17:32:05,2398,56890.1,USD,2026-08-31 17:32:05
2970,Shenice,Gold,2020-09-16,2021-09-10,Production Technician I,Terminated,Full-Time,Temporary,Voluntary,Resigned citing below-market compensation and lack of annual salary adjustments.,,MA,Clerk,FEMALE,2451,Fully Meets,5,False,148,False,2026-08-31 17:32:05,1122,53743.91,USD,2026-08-31 17:32:05
2971,Brigit,Mccarthy,2020-02-09,2021-03-14,Production Technician II,Terminated,Contract,Temporary,Involuntary,Left due to lack of flexibility around hybrid work policies and long commute times.,1996-07-10,MA,Splicer,FEMALE,2149,Fully Meets,1,False,177,False,2026-08-31 17:32:05,2292,63464.07,USD,2026-08-31 17:32:05
2972,Cherly,Robinson,2023-02-13,,Production Technician I,Active,Full-Time,Part-Time,Unk,,1948-03-04,MA,Laborer,FEMALE,1460,Fully Meets,1,False,112,False,2026-08-31 17:32:05,2340,58134.73,USD,2026-08-31 17:32:05
2973,Jacquelyn,Williams,2019-12-01,,Production Technician I,Active,Part-Time,Part-Time,Unk,,,MA,Flagger,FEMALE,2109,Fully Meets,5,False,121,False,2026-08-31 17:32:05,2414,78947.62,USD,2026-08-31 17:32:05
2974,Kayla,Peterson,2022-11-04,,Production Technician I,Active,Full-Time,Part-Time,Unk,,1945-06-02,MA,Laborer,FEMALE,1749,Fully Meets,5,False,106,False,2026-08-31 17:32:05,2347,76052.46,USD,2026-08-31 17:32:05
2975,Bradley J,Knapp,2021-04-14,2022-06-22,Production Technician I,Terminated,Full-Time,Temporary,Voluntary,Terminated due to persistent low performance scores and disengagement following team restructuring.,,MA,Engineer,MALE,1721,Fully Meets,4,False,145,False,2026-08-31 17:32:05,1316,56188.29,USD,2026-08-31 17:32:05
2976,Richard,Newman,2021-08-13,2021-10-12,Production Technician I,On Leave,Full-Time,Temporary,Involuntary,,,MA,Laborer,MALE,2136,Fully Meets,1,False,107,False,2026-08-31 17:32:05,2296,55288.62,USD,2026-08-31 17:32:05
2977,Benjamin,Burkett,2020-08-28,,Production Technician II,Active,Part-Time,Temporary,Unk,,1987-10-12,MA,Supervisor,MALE,1890,Fully Meets,2,False,616,False,2026-08-31 17:32:05,1316,64015.82,USD,2026-08-31 17:32:05
2978,Sam,Athwal,2022-08-16,,Production Technician I,Active,Full-Time,Part-Time,Unk,,1981-11-09,MA,Supervisor,MALE,2199,Fully Meets,4,False,101,False,2026-08-31 17:32:05,1316,62474.81,USD,2026-08-31 17:32:05
2979,Lauren,Mahoney,2022-02-26,,Production Technician I,Active,Full-Time,Temporary,Unk,,,MA,Laborer,FEMALE,2189,Fully Meets,2,False,105,False,2026-08-31 17:32:05,1143,67530.92,USD,2026-08-31 17:32:05
2980,Theresa,Tinto,2019-12-30,,Production Technician I,Active,Part-Time,Temporary,Unk,,1957-09-09,MA,Technician,FEMALE,1876,Fully Meets,2,False,121,False,2026-08-31 17:32:05,2414,78250.06,USD,2026-08-31 17:32:05
2981,Caroline,Cierpiszewski,2022-07-23,2023-03-06,Production Technician I,Terminated,Part-Time,Full-Time,Voluntary,Terminated due to persistent low performance scores and disengagement following team restructuring.,,MA,Foreman,FEMALE,2044,Fully Meets,1,False,177,False,2026-08-31 17:32:05,2292,54982.74,USD,2026-08-31 17:32:05
2982,Tanya,Foreman,2018-10-14,,Production Technician II,Active,Full-Time,Temporary,Unk,,,MA,Technician,FEMALE,2170,Fully Meets,2,False,86,False,2026-08-31 17:32:05,2298,69247.0,USD,2026-08-31 17:32:05
2983,Roger,Walker,2021-02-20,,Production Technician II,Active,Full-Time,Temporary,Unk,,,MA,Lineman,MALE,2459,Fully Meets,2,False,432,False,2026-08-31 17:32:05,1316,45876.41,USD,2026-08-31 17:32:05
2984,Tayana,Jeannite,2020-03-28,2020-11-21,Production Technician II,Terminated,Contract,Temporary,Voluntary,Terminated due to persistent low performance scores and disengagement following team restructuring.,1975-03-04,MA,Engineer,FEMALE,1821,Fully Meets,5,False,160,False,2026-08-31 17:32:05,2435,54183.6,USD,2026-08-31 17:32:05
2985,Anthony,Heitzman,2019-02-05,2020-07-10,Production Technician I,Terminated,Contract,Part-Time,Retirement,Resigned citing below-market compensation and lack of annual salary adjustments.,,MA,Supervisor,MALE,2149,Fully Meets,1,False,194,False,2026-08-31 17:32:05,2441,61230.19,USD,2026-08-31 17:32:05
2986,Violeta,Ferreira,2023-04-19,,Production Technician I,Active,Full-Time,Temporary,Unk,,1971-11-01,MA,Coordinator,FEMALE,2176,Fully Meets,1,False,370,False,2026-08-31 17:32:05,2286,46084.82,USD,2026-08-31 17:32:05
2987,Geoff,Dickinson,2020-09-24,,Production Technician I,Active,Contract,Full-Time,Unk,,,MA,Welder,MALE,2180,Fully Meets,4,False,117,False,2026-08-31 17:32:05,1316,66618.43,USD,2026-08-31 17:32:05
2988,Justice,Gentry,2020-11-14,2023-01-15,Production Technician I,Terminated,Full-Time,Part-Time,Resignation,Resigned citing below-market compensation and lack of annual salary adjustments.,,MA,Lineman,MALE,85255,Fully Meets,1,False,148,False,2026-08-31 17:32:05,1122,68740.87,USD,2026-08-31 17:32:05
2989,Kason,Kramer,2021-09-16,,Production Technician I,Active,Contract,Temporary,Unk,,,MA,Project Manager,FEMALE,75699,Fully Meets,4,False,128,False,2026-08-31 17:32:05,1316,71135.61,USD,2026-08-31 17:32:05
2990,Alfredo,Perry,2019-04-21,,Production Technician I,Active,Full-Time,Part-Time,Unk,,,MA,Laborer,FEMALE,64116,Fully Meets,2,False,110,False,2026-08-31 17:32:05,2287,63080.11,USD,2026-08-31 17:32:05
2991,Skyler,Drake,2020-03-13,,Production Technician I,Active,Contract,Full-Time,Unk,,,MA,Technician,FEMALE,5676,Exceeds,2,False,88,False,2026-08-31 17:32:05,2398,66138.06,USD,2026-08-31 17:32:05
2992,Moshe,Copeland,2022-04-16,2023-04-20,Production Technician I,Terminated,Full-Time,Part-Time,Resignation,Left due to lack of flexibility around hybrid work policies and long commute times.,,MA,Laborer,FEMALE,59966,Fully Meets,4,False,82,False,2026-08-31 17:32:05,1123,58862.28,USD,2026-08-31 17:32:05
2993,Harley,Nunez,2019-03-18,2022-11-23,Production Technician I,Terminated,Full-Time,Full-Time,Involuntary,Terminated due to persistent low performance scores and disengagement following team restructuring.,1946-07-01,MA,Technician,MALE,81311,Fully Meets,4,False,139,False,2026-08-31 17:32:05,2357,46443.86,USD,2026-08-31 17:32:05
2994,Sammy,Walter,2022-02-18,,Production Technician I,Active,Part-Time,Temporary,Unk,,1953-10-05,MA,Engineer,MALE,14098,Fully Meets,4,False,150,False,2026-08-31 17:32:05,2417,48498.31,USD,2026-08-31 17:32:05
2995,Ronnie,Haas,2018-09-03,2018-11-29,Production Technician I,Terminated,Full-Time,Full-Time,Resignation,Left due to lack of flexibility around hybrid work policies and long commute times.,,MA,Technician,MALE,43823,Needs Improvement,4,False,120,False,2026-08-31 17:32:05,2336,67924.86,USD,2026-08-31 17:32:05
2996,Kira,Robertson,2022-06-15,2022-08-16,Production Technician I,Terminated,Contract,Temporary,Involuntary,Terminated due to persistent low performance scores and disengagement following team restructuring.,,MA,Locator,FEMALE,30175,Fully Meets,4,False,121,False,2026-08-31 17:32:05,2414,79844.44,USD,2026-08-31 17:32:05
2997,Jaqueline,Ford,2022-02-14,,Production Technician I,Active,Contract,Part-Time,Unk,,,MA,Operator,FEMALE,14649,Fully Meets,2,False,135,False,2026-08-31 17:32:05,1316,45553.11,USD,2026-08-31 17:32:05
2998,Trace,Cherry,2023-07-09,,Production Technician I,Active,Contract,Part-Time,Unk,,1968-02-06,MA,Groundman,MALE,19677,Needs Improvement,1,False,148,False,2026-08-31 17:32:05,1122,64515.42,USD,2026-08-31 17:32:05
2999,Travis,Cardenas,2018-10-28,2019-08-04,Production Technician I,Terminated,Contract,Part-Time,Voluntary,Terminated due to persistent low performance scores and disengagement following team restructuring.,,MA,Project Manager,MALE,3588,Fully Meets,2,False,107,False,2026-08-31 17:32:05,2296,71285.31,USD,2026-08-31 17:32:05
3000,Reyna,Hicks,2022-07-09,,Production Technician I,Active,Contract,Full-Time,Unk,,,MA,Technician,MALE,52789,Fully Meets,1,False,379,False,2026-08-31 17:32:05,1316,73937.12,USD,2026-08-31 17:32:05
3001,Trent,Sandoval,2018-09-27,2022-12-12,Production Technician I,Terminated,Full-Time,Part-Time,Retirement,Left due to lack of flexibility around hybrid work policies and long commute times.,,MA,Laborer,MALE,5140,Fully Meets,5,False,88,False,2026-08-31 17:32:05,2398,64082.17,USD,2026-08-31 17:32:05
3002,Reginald,Dougherty,2020-10-27,,Production Technician II,Active,Full-Time,Part-Time,Unk,,,MA,Laborer,FEMALE,55498,Fully Meets,2,False,84,False,2026-08-31 17:32:05,2324,66697.06,USD,2026-08-31 17:32:05
3003,Paul,Greer,2021-10-01,,Production Technician II,Active,Full-Time,Part-Time,Unk,,,MA,Groundman,FEMALE,40722,Fully Meets,5,False,130,False,2026-08-31 17:32:05,2277,69385.37,USD,2026-08-31 17:32:05
3004,Tiara,Velez,2019-08-29,2022-06-19,Production Technician II,Terminated,Full-Time,Full-Time,Retirement,Left due to lack of flexibility around hybrid work policies and long commute times.,,MA,Laborer,FEMALE,77466,Fully Meets,5,False,135,False,2026-08-31 17:32:05,1316,75063.82,USD,2026-08-31 17:32:05
3005,Mareli,Wilson,2020-12-29,,Production Technician II,Active,Contract,Part-Time,Unk,,,MA,Technician,FEMALE,57657,Fully Meets,2,False,148,False,2026-08-31 17:32:05,1122,49280.13,USD,2026-08-31 17:32:05
3006,Efrain,Underwood,2022-10-04,,Production Technician II,Active,Part-Time,Full-Time,Unk,,,MA,Laborer,FEMALE,88958,Fully Meets,1,False,82,False,2026-08-31 17:32:05,1123,77416.38,USD,2026-08-31 17:32:05
3007,Madeline,Powell,2019-03-21,2022-09-25,Production Technician II,Terminated,Part-Time,Full-Time,Resignation,Left due to lack of flexibility around hybrid work policies and long commute times.,,MA,Technician,FEMALE,22812,Fully Meets,2,False,139,False,2026-08-31 17:32:05,2357,45910.61,USD,2026-08-31 17:32:05
3008,Alfred,Goodman,2020-04-03,2021-12-27,Production Technician II,Terminated,Full-Time,Full-Time,Involuntary,Terminated due to persistent low performance scores and disengagement following team restructuring.,1977-06-03,MA,Construction Manager,FEMALE,96960,Fully Meets,4,False,132,False,2026-08-31 17:32:05,2341,74266.99,USD,2026-08-31 17:32:05
3009,Aracely,Kelly,2019-06-02,2021-07-14,Production Technician I,Terminated,Part-Time,Part-Time,Resignation,Resigned citing below-market compensation and lack of annual salary adjustments.,1997-01-05,MA,Engineer,MALE,14887,Fully Meets,2,False,617,False,2026-08-31 17:32:05,1316,47685.91,USD,2026-08-31 17:32:05
3010,Morgan,Velazquez,2019-05-31,2020-09-04,Production Technician I,On Leave,Part-Time,Temporary,Retirement,,,MA,Flagger,MALE,33080,Fully Meets,1,False,148,False,2026-08-31 17:32:05,1122,51811.99,USD,2026-08-31 17:32:05
3011,Isla,Becker,2020-01-06,2020-05-04,Production Technician I,On Leave,Part-Time,Full-Time,Involuntary,,1954-11-02,MA,Engineer,FEMALE,51348,Fully Meets,5,False,128,False,2026-08-31 17:32:05,1316,45136.3,USD,2026-08-31 17:32:05
3012,Scott,Sanford,2018-08-19,2021-02-18,Production Technician I,On Leave,Contract,Temporary,Retirement,,,MA,Manager,FEMALE,3143,Exceeds,1,False,162,False,2026-08-31 17:32:05,1316,60583.98,USD,2026-08-31 17:32:05
3013,Deja,Ritter,2019-05-18,,Production Technician I,Active,Full-Time,Full-Time,Unk,,,MA,Splicer,FEMALE,35422,PIP,1,False,193,False,2026-08-31 17:32:05,1316,56702.57,USD,2026-08-31 17:32:05
3014,Amelia,Gamble,2022-11-23,2022-12-09,Production Technician I,Terminated,Contract,Temporary,Resignation,Terminated due to persistent low performance scores and disengagement following team restructuring.,,MA,Flagger,MALE,81914,PIP,2,False,91,False,2026-08-31 17:32:05,2364,50809.75,USD,2026-08-31 17:32:05
3015,Pranav,Middleton,2020-12-02,,Production Technician I,Active,Part-Time,Part-Time,Unk,,,MA,Clerk,MALE,56005,PIP,2,False,185,False,2026-08-31 17:32:05,2339,60788.16,USD,2026-08-31 17:32:05
3016,Moshe,Hunter,2022-01-05,,Production Technician I,Active,Part-Time,Part-Time,Unk,,2000-02-07,MA,Accounting,MALE,19295,PIP,4,False,165,False,2026-08-31 17:32:05,1316,59082.98,USD,2026-08-31 17:32:05
3017,Arjun,Gibson,2023-04-16,2023-08-04,Production Technician I,Terminated,Full-Time,Full-Time,Voluntary,Terminated due to persistent low performance scores and disengagement following team restructuring.,1994-12-12,MA,Laborer,FEMALE,89360,PIP,5,False,105,False,2026-08-31 17:32:05,1143,71868.14,USD,2026-08-31 17:32:05
3018,Alaina,Jenkins,2020-10-10,2023-06-23,Production Technician I,Terminated,Contract,Part-Time,Retirement,Resigned citing below-market compensation and lack of annual salary adjustments.,,MA,Manager,FEMALE,77355,PIP,2,False,434,False,2026-08-31 17:32:05,1316,76259.56,USD,2026-08-31 17:32:05
3019,Elyse,Morrow,2022-04-15,2023-07-04,Production Technician I,Terminated,Contract,Full-Time,Voluntary,Left due to lack of flexibility around hybrid work policies and long commute times.,,MA,Administrative,FEMALE,26467,PIP,2,False,506,False,2026-08-31 17:32:05,1316,67839.85,USD,2026-08-31 17:32:05
3020,Lincoln,Brady,2023-07-25,,Production Technician I,Active,Part-Time,Part-Time,Unk,,1944-07-01,MA,Technician,MALE,8903,PIP,2,False,112,False,2026-08-31 17:32:05,2340,49354.36,USD,2026-08-31 17:32:05
3021,Allisson,Braun,2020-08-31,,Production Technician I,Active,Contract,Temporary,Unk,,,MA,Administrative,MALE,95247,PIP,2,False,195,False,2026-08-31 17:32:05,1316,55338.68,USD,2026-08-31 17:32:05
3022,Leonel,Chang,2018-10-10,2020-05-17,Production Technician I,Terminated,Full-Time,Full-Time,Retirement,Left due to lack of flexibility around hybrid work policies and long commute times.,,MA,Laborer,MALE,23955,PIP,1,False,355,False,2026-08-31 17:32:05,1316,76966.14,USD,2026-08-31 17:32:05
3023,Marshall,Lucas,2019-01-15,2021-04-03,Production Technician II,Voluntarily Terminated,Contract,Part-Time,Retirement,,,MA,Technician,FEMALE,46410,PIP,2,False,112,False,2026-08-31 17:32:05,2340,48105.71,USD,2026-08-31 17:32:05
3024,Haiden,Scott,2021-12-26,,Production Technician II,Active,Contract,Full-Time,Unk,,,MA,Supervisor,FEMALE,51804,Fully Meets,2,False,119,False,2026-08-31 17:32:05,2285,59239.95,USD,2026-08-31 17:32:05
3025,Kyan,Miranda,2022-05-23,,Production Technician II,Active,Contract,Temporary,Unk,,,MA,Technician,FEMALE,10677,Fully Meets,1,False,381,False,2026-08-31 17:32:05,2315,77987.66,USD,2026-08-31 17:32:05
3026,Ayanna,Garrison,2022-08-23,,Production Technician II,Active,Contract,Part-Time,Unk,,1943-05-08,MA,Lineman,FEMALE,80801,Fully Meets,2,False,116,False,2026-08-31 17:32:05,1252,78273.27,USD,2026-08-31 17:32:05
3027,Alan,Woods,2023-05-27,2023-07-28,Production Technician II,Terminated,Part-Time,Full-Time,Voluntary,Resigned citing below-market compensation and lack of annual salary adjustments.,1943-08-05,MA,Administrative,FEMALE,7984,Fully Meets,5,False,103,False,2026-08-31 17:32:05,1316,59392.11,USD,2026-08-31 17:32:05
3028,Teagan,Phelps,2018-08-10,2021-07-25,Production Technician II,Voluntarily Terminated,Contract,Temporary,Resignation,,2000-02-05,MA,Engineer,FEMALE,32254,Fully Meets,2,False,129,False,2026-08-31 17:32:05,2393,68358.89,USD,2026-08-31 17:32:05
3029,Malachi,Burnett,2021-10-24,2023-02-03,Production Technician II,Terminated,Contract,Full-Time,Voluntary,Terminated due to persistent low performance scores and disengagement following team restructuring.,,MA,Clerk,FEMALE,5819,Fully Meets,4,False,447,False,2026-08-31 17:32:05,1316,60986.1,USD,2026-08-31 17:32:05
3030,Kadin,Mcdowell,2022-07-05,2023-01-03,Production Technician II,Terminated,Full-Time,Part-Time,Voluntary,Resigned citing below-market compensation and lack of annual salary adjustments.,1953-10-08,MA,Laborer,FEMALE,51064,Fully Meets,1,False,360,False,2026-08-31 17:32:05,2368,71371.12,USD,2026-08-31 17:32:05
3031,Reed,Brandt,2022-01-22,2023-03-03,Production Technician I,Terminated,Contract,Temporary,Resignation,Left due to lack of flexibility around hybrid work policies and long commute times.,,MA,Supervisor,MALE,88435,Fully Meets,1,False,157,False,2026-08-31 17:32:05,2326,46105.35,USD,2026-08-31 17:32:05
3032,Cristofer,Schwartz,2023-03-27,2023-07-23,Production Technician I,On Leave,Part-Time,Full-Time,Voluntary,,1941-10-11,MA,Supervisor,MALE,48042,Fully Meets,2,False,135,False,2026-08-31 17:32:05,1316,50045.5,USD,2026-08-31 17:32:05
3033,Jaelynn,Salazar,2019-08-26,2022-03-09,Production Technician I,On Leave,Contract,Part-Time,Voluntary,,,MA,Field Project Manager,MALE,54212,Fully Meets,2,False,176,False,2026-08-31 17:32:05,2365,66496.96,USD,2026-08-31 17:32:05
3034,Macie,Hayes,2021-10-16,,Production Technician I,Active,Full-Time,Temporary,Unk,,1967-04-05,MA,Foreman,FEMALE,26202,Fully Meets,2,False,107,False,2026-08-31 17:32:05,2296,53139.33,USD,2026-08-31 17:32:05
3035,Rodney,Snow,2019-06-14,,Production Technician I,Active,Contract,Temporary,Unk,,,MA,Director,FEMALE,33464,Fully Meets,1,False,160,False,2026-08-31 17:32:05,2435,68311.83,USD,2026-08-31 17:32:05
3036,Reece,Potts,2020-07-05,,Production Technician I,Active,Full-Time,Temporary,Unk,,,MA,Administrator,FEMALE,94333,Fully Meets,2,False,445,False,2026-08-31 17:32:05,1316,57292.8,USD,2026-08-31 17:32:05
3037,Catalina,Eaton,2020-03-02,,Production Technician I,Active,Full-Time,Full-Time,Unk,,1989-06-10,MA,Director,MALE,38200,Fully Meets,4,False,82,False,2026-08-31 17:32:05,1123,76032.59,USD,2026-08-31 17:32:05
3038,Heidi,Manning,2020-11-11,2021-04-28,Production Technician I,Terminated,Part-Time,Temporary,Involuntary,Terminated due to persistent low performance scores and disengagement following team restructuring.,,MA,Laborer,MALE,76217,Fully Meets,2,False,105,False,2026-08-31 17:32:05,1143,73674.08,USD,2026-08-31 17:32:05
3039,Marquis,Johns,2019-12-22,,Production Technician I,Active,Contract,Temporary,Unk,,,MA,Supervisor,FEMALE,91829,Fully Meets,5,False,119,False,2026-08-31 17:32:05,2285,62249.32,USD,2026-08-31 17:32:05
3040,Areli,Torres,2020-12-14,,Production Technician I,Active,Full-Time,Full-Time,Unk,,1984-01-02,MA,Groundman,FEMALE,31946,Fully Meets,5,False,130,False,2026-08-31 17:32:05,2277,72051.33,USD,2026-08-31 17:32:05
3041,Rey,Morton,2020-06-20,,Production Technician I,Active,Contract,Full-Time,Unk,,,MA,Laborer,FEMALE,2308,Fully Meets,2,False,121,False,2026-08-31 17:32:05,2414,54489.83,USD,2026-08-31 17:32:05
3042,Deven,Gillespie,2023-06-09,2023-07-12,Production Technician I,Terminated,Contract,Temporary,Resignation,Resigned citing below-market compensation and lack of annual salary adjustments.,,MA,Engineer,FEMALE,44194,Exceeds,4,False,192,False,2026-08-31 17:32:05,1185,62299.09,USD,2026-08-31 17:32:05
3043,Rowan,Gilbert,2022-09-25,,Production Technician I,Active,Contract,Full-Time,Unk,,1963-06-03,MA,Supervisor,MALE,48124,Exceeds,2,False,92,False,2026-08-31 17:32:05,1316,51911.87,USD,2026-08-31 17:32:05
3044,Cullen,Ruiz,2020-08-26,2020-12-30,Production Technician I,Terminated,Contract,Part-Time,Retirement,Terminated due to persistent low performance scores and disengagement following team restructuring.,,MA,Laborer,MALE,16165,Exceeds,2,False,112,False,2026-08-31 17:32:05,2340,75131.02,USD,2026-08-31 17:32:05
3045,Kamron,Goodwin,2019-08-28,,Production Technician I,Active,Full-Time,Temporary,Unk,,1968-10-02,MA,Engineer,MALE,64494,Exceeds,2,False,124,False,2026-08-31 17:32:05,2395,73807.37,USD,2026-08-31 17:32:05
3046,Claudia,Melton,2023-06-02,2023-07-09,Production Technician II,Voluntarily Terminated,Part-Time,Full-Time,Resignation,,1983-05-06,MA,Supervisor,FEMALE,85307,Exceeds,4,False,365,False,2026-08-31 17:32:05,1316,76575.24,USD,2026-08-31 17:32:05
3047,Francesca,Lowe,2018-09-12,,Production Technician II,Active,Full-Time,Full-Time,Unk,,1965-03-10,MA,Administrative,FEMALE,33237,Exceeds,5,False,160,False,2026-08-31 17:32:05,2435,75711.69,USD,2026-08-31 17:32:05
3048,Violet,Horn,2023-07-15,,Production Technician II,Active,Contract,Part-Time,Unk,,,MA,Apprentice,FEMALE,34381,Fully Meets,2,False,494,False,2026-08-31 17:32:05,1316,78585.87,USD,2026-08-31 17:32:05
3049,Carlie,Wagner,2023-07-02,2023-07-25,Production Technician II,Terminated,Part-Time,Temporary,Involuntary,Left due to lack of flexibility around hybrid work policies and long commute times.,1948-12-05,MA,Laborer,FEMALE,96062,Fully Meets,4,False,189,False,2026-08-31 17:32:05,2291,52991.77,USD,2026-08-31 17:32:05
3050,Harmony,Pruitt,2020-02-10,,Production Technician II,Active,Contract,Full-Time,Unk,,,MA,Splicer,FEMALE,78746,Fully Meets,4,False,432,False,2026-08-31 17:32:05,1316,77613.85,USD,2026-08-31 17:32:05
3051,Briley,Huerta,2021-08-27,2022-05-01,Production Technician II,Voluntarily Terminated,Contract,Temporary,Voluntary,,,MA,Lineman,FEMALE,96336,Fully Meets,5,False,146,False,2026-08-31 17:32:05,1316,64992.46,USD,2026-08-31 17:32:05
3052,Ean,Barajas,2020-01-25,2023-02-05,Production Technician II,Terminated,Full-Time,Full-Time,Involuntary,Left due to lack of flexibility around hybrid work policies and long commute times.,1948-09-06,MA,Project Coordinator,FEMALE,60154,Fully Meets,5,False,183,False,2026-08-31 17:32:05,1316,59787.33,USD,2026-08-31 17:32:05
3053,Dayana,Gregory,2020-03-26,2021-10-08,Production Technician II,Terminated,Part-Time,Full-Time,Resignation,Terminated due to persistent low performance scores and disengagement following team restructuring.,1958-04-01,MA,Lineman,FEMALE,34734,Fully Meets,2,False,121,False,2026-08-31 17:32:05,2414,64613.09,USD,2026-08-31 17:32:05
3054,Zaniyah,Mccarthy,2020-10-23,,Production Technician I,Active,Contract,Full-Time,Unk,,,MA,Laborer,MALE,59668,Fully Meets,1,False,106,False,2026-08-31 17:32:05,2295,56991.08,USD,2026-08-31 17:32:05
3055,Matthias,Simon,2020-12-27,2021-12-07,Production Technician I,On Leave,Part-Time,Part-Time,Retirement,,1987-04-11,MA,Technician,MALE,83604,Fully Meets,2,False,91,False,2026-08-31 17:32:05,2364,55099.36,USD,2026-08-31 17:32:05
3056,Lyric,Butler,2022-06-21,,Production Technician I,Active,Part-Time,Temporary,Unk,,,MA,Manager,FEMALE,56056,Fully Meets,5,False,431,False,2026-08-31 17:32:05,1316,53446.0,USD,2026-08-31 17:32:05
3057,Bridger,Duran,2022-11-09,2023-07-09,Production Technician I,On Leave,Full-Time,Temporary,Retirement,,1988-01-02,MA,Laborer,FEMALE,58387,Fully Meets,4,False,112,False,2026-08-31 17:32:05,2340,47884.98,USD,2026-08-31 17:32:05
3058,Amirah,Cline,2019-02-11,2020-07-30,Production Technician I,On Leave,Part-Time,Temporary,Involuntary,,,MA,Coordinator,MALE,93290,Fully Meets,1,False,186,False,2026-08-31 17:32:05,1316,62379.77,USD,2026-08-31 17:32:05
3059,Izaiah,Gallagher,2021-03-28,,Production Technician I,Active,Part-Time,Temporary,Unk,,1972-05-08,MA,Coordinator,FEMALE,73253,Fully Meets,1,False,118,False,2026-08-31 17:32:05,2361,76071.66,USD,2026-08-31 17:32:05
3060,Marcelo,Galvan,2020-08-29,,Production Technician I,Active,Part-Time,Part-Time,Unk,,1951-03-01,MA,Coordinator,MALE,13893,Fully Meets,2,False,616,False,2026-08-31 17:32:05,1316,67055.32,USD,2026-08-31 17:32:05
3061,Kaylynn,Odom,2023-01-03,2023-08-05,Production Technician I,Terminated,Part-Time,Full-Time,Resignation,Left due to lack of flexibility around hybrid work policies and long commute times.,,MA,Foreman,MALE,51434,Fully Meets,4,False,161,False,2026-08-31 17:32:05,1209,63234.15,USD,2026-08-31 17:32:05
3062,Oliver,Dalton,2022-11-28,,Production Technician I,Active,Part-Time,Temporary,Unk,,,MA,Supervisor,FEMALE,71004,Fully Meets,1,False,84,False,2026-08-31 17:32:05,2324,60000.75,USD,2026-08-31 17:32:05
3063,Patience,Henry,2021-12-22,2023-08-03,Production Technician I,Terminated,Contract,Part-Time,Voluntary,Resigned citing below-market compensation and lack of annual salary adjustments.,,MA,Supervisor,FEMALE,46847,Fully Meets,5,False,130,False,2026-08-31 17:32:05,2277,61254.06,USD,2026-08-31 17:32:05
3064,London,Pennington,2023-07-08,,Production Technician I,Active,Contract,Full-Time,Unk,,,MA,Laborer,FEMALE,76345,Fully Meets,4,False,106,False,2026-08-31 17:32:05,2295,52324.71,USD,2026-08-31 17:32:05
3065,Anna,Salazar,2021-04-21,2021-09-21,Production Technician I,Terminated,Part-Time,Temporary,Resignation,Terminated due to persistent low performance scores and disengagement following team restructuring.,1976-07-10,MA,Tower Hand,FEMALE,15364,Fully Meets,4,False,91,False,2026-08-31 17:32:05,2364,73802.76,USD,2026-08-31 17:32:05
3066,Vicente,Davis,2022-07-28,2022-10-20,Production Technician I,Terminated,Full-Time,Full-Time,Retirement,Resigned citing below-market compensation and lack of annual salary adjustments.,1967-12-04,MA,Operator,MALE,2005,Fully Meets,1,False,83,False,2026-08-31 17:32:05,2318,51943.4,USD,2026-08-31 17:32:05
3067,Annabel,Lewis,2019-11-05,,Production Technician I,Active,Part-Time,Part-Time,Unk,,,MA,Technician,MALE,50527,Fully Meets,4,False,107,False,2026-08-31 17:32:05,2296,70081.8,USD,2026-08-31 17:32:05
3068,Alana,Nunez,2022-05-22,2022-12-08,Production Technician I,Terminated For Cause,Full-Time,Temporary,Resignation,,1947-02-05,MA,Assistant,MALE,21620,Fully Meets,5,False,375,False,2026-08-31 17:32:05,1316,71599.48,USD,2026-08-31 17:32:05
3069,Jaylen,Donaldson,2019-10-19,2021-12-03,Production Technician II,Terminated,Full-Time,Temporary,Involuntary,Resigned citing below-market compensation and lack of annual salary adjustments.,,MA,Clerk,FEMALE,92533,Fully Meets,4,False,88,False,2026-08-31 17:32:05,2398,65120.42,USD,2026-08-31 17:32:05
3070,Malakai,Shelton,2019-12-25,2021-07-24,Production Technician II,Terminated,Full-Time,Temporary,Involuntary,Left due to lack of flexibility around hybrid work policies and long commute times.,1972-05-05,MA,Laborer,FEMALE,7528,Fully Meets,1,False,113,False,2026-08-31 17:32:05,1144,75202.42,USD,2026-08-31 17:32:05
3071,Erick,Wood,2022-11-04,2022-11-26,Production Technician II,Terminated,Full-Time,Part-Time,Voluntary,Terminated due to persistent low performance scores and disengagement following team restructuring.,,MA,Lineman,FEMALE,34566,Fully Meets,2,False,120,False,2026-08-31 17:32:05,2336,55186.76,USD,2026-08-31 17:32:05
3072,Daniel,Frye,2023-04-26,2023-05-30,Production Technician II,Terminated,Full-Time,Part-Time,Involuntary,Resigned citing below-market compensation and lack of annual salary adjustments.,,MA,Foreman,FEMALE,48363,Fully Meets,1,False,377,False,2026-08-31 17:32:05,1231,75856.6,USD,2026-08-31 17:32:05
3073,Jayvon,Simpson,2022-10-26,2023-05-16,Production Technician II,Voluntarily Terminated,Contract,Part-Time,Retirement,,,MA,Laborer,FEMALE,27147,Fully Meets,4,False,148,False,2026-08-31 17:32:05,1122,70529.37,USD,2026-08-31 17:32:05
3074,Bryant,Singleton,2020-07-14,2022-06-27,Production Technician II,Voluntarily Terminated,Contract,Full-Time,Resignation,,1963-04-10,MA,Splicer,FEMALE,79280,Fully Meets,1,False,109,False,2026-08-31 17:32:05,1316,72956.24,USD,2026-08-31 17:32:05
3075,Adam,Meza,2023-03-12,,Production Technician II,Active,Full-Time,Part-Time,Unk,,1969-09-01,MA,Engineer,FEMALE,18316,Fully Meets,5,False,448,False,2026-08-31 17:32:05,2282,68260.29,USD,2026-08-31 17:32:05
3076,Omari,Keller,2023-04-26,,Production Technician II,Active,Part-Time,Full-Time,Unk,,,MA,Foreman,MALE,3738,Fully Meets,5,False,110,False,2026-08-31 17:32:05,2287,74622.01,USD,2026-08-31 17:32:05
3077,Asher,Miles,2022-09-17,2023-06-12,Production Technician I,Terminated,Contract,Temporary,Involuntary,Terminated due to persistent low performance scores and disengagement following team restructuring.,,MA,Clerk,MALE,16185,Fully Meets,1,False,120,False,2026-08-31 17:32:05,2336,79758.46,USD,2026-08-31 17:32:05
3078,Makaila,Baxter,2021-01-08,2023-04-01,Production Technician I,Terminated,Contract,Part-Time,Voluntary,Resigned citing below-market compensation and lack of annual salary adjustments.,,MA,Foreman,MALE,10871,Fully Meets,1,False,121,False,2026-08-31 17:32:05,2414,59705.7,USD,2026-08-31 17:32:05
3079,Tommy,Carter,2020-12-18,2022-09-16,Production Technician I,On Leave,Part-Time,Part-Time,Retirement,,1973-09-07,MA,Engineer,FEMALE,54361,Fully Meets,4,False,2,False,2026-08-31 17:32:05,1121,73487.05,USD,2026-08-31 17:32:05
3080,Zavier,Reese,2020-09-12,2022-11-22,Production Technician I,On Leave,Contract,Part-Time,Voluntary,,,MA,Lineman,FEMALE,82524,Fully Meets,2,False,148,False,2026-08-31 17:32:05,1122,71060.29,USD,2026-08-31 17:32:05
3081,Colt,Kemp,2020-10-20,,Production Technician I,Active,Part-Time,Part-Time,Unk,,,MA,Controller,MALE,18410,Fully Meets,2,False,156,False,2026-08-31 17:32:05,1316,60850.46,USD,2026-08-31 17:32:05
3082,Marco,Robles,2022-11-18,,Production Technician I,Active,Part-Time,Part-Time,Unk,,1988-04-10,MA,Manager,FEMALE,53176,Fully Meets,1,False,98,False,2026-08-31 17:32:05,2294,77443.21,USD,2026-08-31 17:32:05
3083,Nick,Palmer,2023-01-14,,Production Technician I,Active,Contract,Full-Time,Unk,,,MA,Laborer,MALE,55790,Fully Meets,2,False,357,False,2026-08-31 17:32:05,2297,58804.91,USD,2026-08-31 17:32:05
3084,Mekhi,Hopkins,2020-10-27,2022-06-08,Production Technician I,Terminated,Part-Time,Temporary,Voluntary,Resigned citing below-market compensation and lack of annual salary adjustments.,,MA,Clerk,MALE,64716,Fully Meets,4,False,189,False,2026-08-31 17:32:05,2291,64791.31,USD,2026-08-31 17:32:05
3085,Eileen,Oneal,2020-08-29,,Production Technician I,Active,Full-Time,Full-Time,Unk,,1963-04-03,MA,Operator,FEMALE,21299,Fully Meets,2,False,105,False,2026-08-31 17:32:05,1143,48707.98,USD,2026-08-31 17:32:05
3086,Alani,Cooley,2019-12-23,2023-08-05,Production Technician I,Terminated,Part-Time,Temporary,Retirement,Terminated due to persistent low performance scores and disengagement following team restructuring.,,MA,Foreman,FEMALE,51176,Fully Meets,1,False,131,False,2026-08-31 17:32:05,1316,52902.13,USD,2026-08-31 17:32:05
3087,Corinne,Campos,2023-07-03,,Production Technician I,Active,Contract,Part-Time,Unk,,1948-08-02,MA,Coordinator,FEMALE,51274,Fully Meets,4,False,381,False,2026-08-31 17:32:05,2315,74424.37,USD,2026-08-31 17:32:05
3088,Heaven,Nelson,2022-09-26,,Production Technician I,Active,Part-Time,Part-Time,Unk,,,MA,Technician,FEMALE,52777,Fully Meets,5,False,106,False,2026-08-31 17:32:05,2295,58879.35,USD,2026-08-31 17:32:05
3089,Baylee,Castaneda,2020-05-09,2023-07-25,Production Technician I,Terminated,Contract,Temporary,Voluntary,Terminated due to persistent low performance scores and disengagement following team restructuring.,,MA,Laborer,FEMALE,51728,Fully Meets,4,False,91,False,2026-08-31 17:32:05,2364,58792.94,USD,2026-08-31 17:32:05
3090,Morgan,Roth,2023-03-08,,Production Technician I,Active,Part-Time,Part-Time,Unk,,,MA,Foreman,MALE,54485,Fully Meets,5,False,83,False,2026-08-31 17:32:05,2318,53609.34,USD,2026-08-31 17:32:05
3091,Kali,Hensley,2019-02-27,2020-08-31,Production Technician I,Terminated For Cause,Contract,Part-Time,Involuntary,,1958-06-03,MA,Technician,MALE,6649,Fully Meets,5,False,376,False,2026-08-31 17:32:05,1316,62206.36,USD,2026-08-31 17:32:05
3092,Beckett,Sandoval,2020-01-12,2023-07-12,Production Technician II,Terminated,Contract,Full-Time,Voluntary,Terminated due to persistent low performance scores and disengagement following team restructuring.,1979-10-12,MA,Lineman,FEMALE,48374,Fully Meets,2,False,107,False,2026-08-31 17:32:05,2296,73203.59,USD,2026-08-31 17:32:05
3093,Isabell,Meadows,2019-06-29,2021-01-10,Production Technician II,Terminated,Full-Time,Full-Time,Voluntary,Resigned citing below-market compensation and lack of annual salary adjustments.,,MA,Labor,FEMALE,31227,Fully Meets,2,False,164,False,2026-08-31 17:32:05,1316,76330.74,USD,2026-08-31 17:32:05
3094,Jordin,Alexander,2021-07-15,2021-09-29,Production Technician II,Terminated,Contract,Full-Time,Voluntary,Left due to lack of flexibility around hybrid work policies and long commute times.,,MA,Engineer,FEMALE,84169,Fully Meets,1,False,108,False,2026-08-31 17:32:05,1316,47454.01,USD,2026-08-31 17:32:05
3095,Frederick,Carney,2022-08-19,,Production Technician II,Active,Contract,Part-Time,Unk,,1943-11-03,MA,Administrative,FEMALE,69905,Fully Meets,4,False,82,False,2026-08-31 17:32:05,1123,65118.73,USD,2026-08-31 17:32:05
3096,Baron,Lindsey,2019-09-23,2023-04-09,Production Technician II,Voluntarily Terminated,Contract,Part-Time,Involuntary,,1974-07-09,MA,Technician,FEMALE,59014,Fully Meets,5,False,96,False,2026-08-31 17:32:05,1124,61354.57,USD,2026-08-31 17:32:05
3097,Rigoberto,Gentry,2020-10-11,2021-01-06,Production Technician II,Voluntarily Terminated,Part-Time,Temporary,Retirement,,1961-11-06,MA,Administrator,FEMALE,97514,Fully Meets,4,False,119,False,2026-08-31 17:32:05,2285,66499.86,USD,2026-08-31 17:32:05
3098,Rayne,Chambers,2021-08-18,,Production Technician II,Active,Full-Time,Full-Time,Unk,,1944-09-06,MA,Technician,MALE,20436,Fully Meets,4,False,168,False,2026-08-31 17:32:05,2471,60654.65,USD,2026-08-31 17:32:05
3099,Laila,Simmons,2022-12-17,,Production Technician I,Active,Full-Time,Temporary,Unk,,1965-02-09,MA,Engineer,MALE,44977,Exceeds,4,False,168,False,2026-08-31 17:32:05,2471,58952.57,USD,2026-08-31 17:32:05
3100,Carsen,Schmidt,2020-10-25,2021-12-28,Production Technician I,Terminated,Contract,Temporary,Retirement,Left due to lack of flexibility around hybrid work policies and long commute times.,1950-08-06,MA,Laborer,FEMALE,58513,Fully Meets,5,False,121,False,2026-08-31 17:32:05,2414,61515.82,USD,2026-08-31 17:32:05
3101,Bethany,Mckay,2023-01-23,,Production Technician I,Active,Full-Time,Full-Time,Unk,,1961-09-03,MA,Technician,FEMALE,79029,Fully Meets,2,False,135,False,2026-08-31 17:32:05,1316,65369.97,USD,2026-08-31 17:32:05
3102,Eden,Robles,2019-03-15,2022-08-03,Production Technician I,On Leave,Full-Time,Part-Time,Resignation,,1992-10-10,MA,Laborer,MALE,11092,Exceeds,2,False,83,False,2026-08-31 17:32:05,2318,62534.41,USD,2026-08-31 17:32:05
3103,Abel,Snow,2023-07-06,2023-07-23,Production Technician I,On Leave,Full-Time,Part-Time,Involuntary,,,MA,Supervisor,MALE,87665,Fully Meets,4,False,107,False,2026-08-31 17:32:05,2296,61525.06,USD,2026-08-31 17:32:05
3104,Ashton,Winters,2022-05-29,,Production Technician I,Active,Contract,Part-Time,Unk,,,MA,Technician,FEMALE,71716,Fully Meets,2,False,110,False,2026-08-31 17:32:05,2287,73624.24,USD,2026-08-31 17:32:05
3105,Josie,Melton,2020-06-07,2022-07-09,Production Technician I,Terminated,Full-Time,Temporary,Resignation,Resigned citing below-market compensation and lack of annual salary adjustments.,1943-12-05,MA,Engineer,MALE,86764,Fully Meets,1,False,94,False,2026-08-31 17:32:05,1316,71097.68,USD,2026-08-31 17:32:05
3106,Bruno,Jimenez,2020-03-21,,Production Technician I,Active,Part-Time,Temporary,Unk,,,MA,Warehouse Manager,MALE,33599,Fully Meets,4,False,82,False,2026-08-31 17:32:05,1123,56948.25,USD,2026-08-31 17:32:05
3107,Elijah,Barr,2021-06-21,2022-11-11,Production Technician I,Terminated,Full-Time,Temporary,Voluntary,Terminated due to persistent low performance scores and disengagement following team restructuring.,,MA,Operator,FEMALE,5797,Fully Meets,4,False,161,False,2026-08-31 17:32:05,1209,73020.2,USD,2026-08-31 17:32:05
3108,Oswaldo,Hanson,2021-10-22,2022-05-12,Production Technician I,Terminated,Full-Time,Temporary,Retirement,Resigned citing below-market compensation and lack of annual salary adjustments.,1945-05-07,MA,Laborer,FEMALE,91007,Fully Meets,2,False,84,False,2026-08-31 17:32:05,2324,74877.77,USD,2026-08-31 17:32:05
3109,Samara,Roberson,2018-10-20,,Production Technician I,Active,Full-Time,Temporary,Unk,,,MA,Engineer,FEMALE,93749,PIP,2,False,168,False,2026-08-31 17:32:05,2471,50372.23,USD,2026-08-31 17:32:05
3110,Luis,Frazier,2022-03-16,,Production Technician I,Active,Contract,Full-Time,Unk,,1956-11-02,MA,Apprentice,FEMALE,51909,Fully Meets,2,False,99,False,2026-08-31 17:32:05,1316,65393.89,USD,2026-08-31 17:32:05
3111,Jaquan,Hancock,2018-12-13,,Production Technician I,Active,Part-Time,Temporary,Unk,,1958-07-05,MA,Technician,FEMALE,71638,Fully Meets,1,False,91,False,2026-08-31 17:32:05,2364,54985.92,USD,2026-08-31 17:32:05
3112,Emanuel,George,2021-10-08,2022-08-11,Production Technician I,Terminated For Cause,Part-Time,Full-Time,Involuntary,,,MA,Mechanic,MALE,85416,Fully Meets,4,False,440,False,2026-08-31 17:32:05,1316,70871.03,USD,2026-08-31 17:32:05
3113,Giselle,Calderon,2019-02-03,2019-04-02,Production Technician II,Terminated,Contract,Full-Time,Voluntary,Terminated due to persistent low performance scores and disengagement following team restructuring.,1981-02-07,MA,Coordinator,FEMALE,96092,Fully Meets,4,False,380,False,2026-08-31 17:32:05,2276,53357.49,USD,2026-08-31 17:32:05
3114,Cullen,French,2018-09-30,,Production Technician II,Active,Contract,Full-Time,Unk,,1957-06-07,MA,Technician,FEMALE,46346,Fully Meets,2,False,379,False,2026-08-31 17:32:05,1316,68499.12,USD,2026-08-31 17:32:05
3115,Braiden,Kirby,2021-07-12,2021-08-17,Production Technician II,Terminated,Contract,Temporary,Voluntary,Left due to lack of flexibility around hybrid work policies and long commute times.,1964-01-01,MA,Supervisor,FEMALE,10137,Fully Meets,4,False,118,False,2026-08-31 17:32:05,2361,53929.36,USD,2026-08-31 17:32:05
3116,Johnathan,Harmon,2021-03-04,,Production Technician II,Active,Part-Time,Temporary,Unk,,,MA,Lineman,FEMALE,97547,Fully Meets,5,False,82,False,2026-08-31 17:32:05,1123,62890.03,USD,2026-08-31 17:32:05
3117,Camren,Bridges,2019-10-27,,Production Technician II,Active,Part-Time,Part-Time,Unk,,,MA,Lineman,FEMALE,48509,Fully Meets,2,False,361,False,2026-08-31 17:32:05,1164,78202.63,USD,2026-08-31 17:32:05
3118,Jeramiah,Chandler,2019-01-28,2020-12-14,Production Technician II,Voluntarily Terminated,Part-Time,Full-Time,Voluntary,,,MA,Technician,FEMALE,48848,Fully Meets,2,False,367,False,2026-08-31 17:32:05,1316,58345.76,USD,2026-08-31 17:32:05
3119,Dana,Stevenson,2021-01-10,,Production Technician I,Active,Part-Time,Part-Time,Unk,,1993-05-06,MA,Laborer,MALE,71016,Fully Meets,5,False,189,False,2026-08-31 17:32:05,2291,75650.85,USD,2026-08-31 17:32:05
3120,Angelique,Hogan,2021-08-05,2023-03-02,Production Technician I,Terminated,Part-Time,Full-Time,Resignation,Resigned citing below-market compensation and lack of annual salary adjustments.,1946-03-02,MA,Lineman,FEMALE,28645,Fully Meets,4,False,89,False,2026-08-31 17:32:05,1316,79543.06,USD,2026-08-31 17:32:05
3121,Moriah,Dodson,2022-11-07,2023-03-02,Production Technician I,Terminated,Part-Time,Full-Time,Retirement,Left due to lack of flexibility around hybrid work policies and long commute times.,,MA,Project Manager,FEMALE,58015,Fully Meets,4,False,434,False,2026-08-31 17:32:05,1316,75619.78,USD,2026-08-31 17:32:05
3122,Connor,Bray,2022-01-23,2022-06-26,Production Technician I,On Leave,Contract,Part-Time,Voluntary,,,MA,Project Manager,FEMALE,18652,Fully Meets,5,False,157,False,2026-08-31 17:32:05,2326,50805.31,USD,2026-08-31 17:32:05
3123,Zaiden,Leblanc,2021-07-12,,Production Technician I,Active,Full-Time,Part-Time,Unk,,1951-03-05,MA,Project Manager,MALE,94273,Fully Meets,4,False,167,False,2026-08-31 17:32:05,1316,73688.04,USD,2026-08-31 17:32:05
3124,Taliyah,Yang,2019-01-05,2021-11-04,Production Technician I,On Leave,Full-Time,Part-Time,Resignation,,,MA,Technician,FEMALE,97060,Fully Meets,5,False,108,False,2026-08-31 17:32:05,1316,46125.23,USD,2026-08-31 17:32:05
3125,Boston,Cochran,2020-04-07,2021-03-21,Production Technician I,On Leave,Part-Time,Part-Time,Resignation,,1992-08-09,MA,Laborer,MALE,10433,Fully Meets,4,False,140,False,2026-08-31 17:32:05,1316,58765.57,USD,2026-08-31 17:32:05
3126,Amelia,Mueller,2022-04-27,,Production Technician I,Active,Contract,Full-Time,Unk,,1978-02-07,MA,Coordinator,MALE,35212,Fully Meets,2,False,118,False,2026-08-31 17:32:05,2361,75475.67,USD,2026-08-31 17:32:05
3127,Lillianna,Hull,2022-06-14,2022-12-05,Production Technician I,Terminated,Part-Time,Part-Time,Resignation,Left due to lack of flexibility around hybrid work policies and long commute times.,,MA,Supervisor,MALE,3213,Fully Meets,2,False,179,False,2026-08-31 17:32:05,1142,69106.33,USD,2026-08-31 17:32:05
3128,Laci,Frederick,2019-01-13,,Production Technician I,Active,Part-Time,Temporary,Unk,,,MA,Technician,FEMALE,7259,Fully Meets,2,False,105,False,2026-08-31 17:32:05,1143,63645.91,USD,2026-08-31 17:32:05
3129,Jayda,Chapman,2019-06-21,,Production Technician I,Active,Full-Time,Part-Time,Unk,,1985-11-07,MA,Laborer,FEMALE,11631,Fully Meets,5,False,146,False,2026-08-31 17:32:05,1316,58575.24,USD,2026-08-31 17:32:05
3130,Kennedy,Beard,2020-08-10,2023-01-14,Production Technician I,Terminated,Part-Time,Temporary,Voluntary,Left due to lack of flexibility around hybrid work policies and long commute times.,1981-09-05,MA,Manager,FEMALE,73890,Fully Meets,5,False,368,False,2026-08-31 17:32:05,2363,73430.39,USD,2026-08-31 17:32:05
3131,Alma,Hanna,2021-04-13,2022-06-11,Production Technician I,Terminated,Contract,Temporary,Resignation,Terminated due to persistent low performance scores and disengagement following team restructuring.,,MA,Laborer,FEMALE,28053,Fully Meets,2,False,99,False,2026-08-31 17:32:05,1316,69834.54,USD,2026-08-31 17:32:05
3132,Ximena,Suarez,2020-04-27,2022-10-18,Production Technician I,Terminated,Full-Time,Full-Time,Involuntary,Resigned citing below-market compensation and lack of annual salary adjustments.,,MA,Laborer,FEMALE,12694,Fully Meets,4,False,91,False,2026-08-31 17:32:05,2364,61394.19,USD,2026-08-31 17:32:05
3133,Aydin,Dixon,2022-02-25,2022-03-02,Production Technician I,Terminated For Cause,Contract,Part-Time,Resignation,,,MA,Coordinator,MALE,83481,Fully Meets,5,False,373,False,2026-08-31 17:32:05,1253,76236.95,USD,2026-08-31 17:32:05
3134,Heidi,Joyce,2018-12-06,2022-12-01,Production Technician II,Terminated,Part-Time,Full-Time,Voluntary,Terminated due to persistent low performance scores and disengagement following team restructuring.,,MA,Engineer,FEMALE,2140,Exceeds,5,False,93,False,2026-08-31 17:32:05,2360,53048.18,USD,2026-08-31 17:32:05
3135,Elle,Spears,2020-03-12,2023-06-06,Production Technician II,Terminated,Part-Time,Temporary,Involuntary,Resigned citing below-market compensation and lack of annual salary adjustments.,,MA,Administrative,FEMALE,9790,Fully Meets,4,False,119,False,2026-08-31 17:32:05,2285,50963.7,USD,2026-08-31 17:32:05
3136,Cesar,Anderson,2022-11-16,,Production Technician II,Active,Full-Time,Full-Time,Unk,,,MA,Foreman,FEMALE,52077,Fully Meets,4,False,381,False,2026-08-31 17:32:05,2315,67498.13,USD,2026-08-31 17:32:05
3137,Dean,Mckenzie,2018-12-09,2023-06-25,Production Technician II,Voluntarily Terminated,Contract,Temporary,Involuntary,,1995-03-06,MA,Laborer,FEMALE,50624,Fully Meets,2,False,91,False,2026-08-31 17:32:05,2364,79019.8,USD,2026-08-31 17:32:05
3138,Isabell,Wu,2022-12-25,2023-03-08,Production Technician II,Voluntarily Terminated,Contract,Full-Time,Voluntary,,1987-07-04,MA,Laborer,FEMALE,83438,Fully Meets,4,False,83,False,2026-08-31 17:32:05,2318,53653.98,USD,2026-08-31 17:32:05
3139,Kenny,Blanchard,2021-11-19,,Production Technician II,Active,Part-Time,Temporary,Unk,,1971-11-08,MA,Technician,FEMALE,29416,Fully Meets,4,False,82,False,2026-08-31 17:32:05,1123,53738.46,USD,2026-08-31 17:32:05
3140,Evie,Beard,2022-03-01,,Production Technician I,Active,Contract,Full-Time,Unk,,1990-02-04,MA,Laborer,MALE,89284,Fully Meets,5,False,618,False,2026-08-31 17:32:05,1316,49882.46,USD,2026-08-31 17:32:05
3141,Aliya,Morton,2021-03-17,,Production Technician I,Active,Full-Time,Temporary,Unk,,1970-10-07,MA,Foreman,MALE,9420,Exceeds,2,False,97,False,2026-08-31 17:32:05,1165,75119.72,USD,2026-08-31 17:32:05
3142,Ingrid,Wilkins,2021-02-10,,Production Technician I,Active,Full-Time,Part-Time,Unk,,,MA,Flagger,FEMALE,49701,Fully Meets,4,False,120,False,2026-08-31 17:32:05,2336,52923.91,USD,2026-08-31 17:32:05
3143,Morgan,Elliott,2018-09-28,,Production Technician I,Active,Full-Time,Temporary,Unk,,,MA,Lineman,FEMALE,32652,Fully Meets,2,False,87,False,2026-08-31 17:32:05,2449,62611.25,USD,2026-08-31 17:32:05
3144,Shannon,Lambert,2021-02-09,,Production Technician I,Active,Contract,Part-Time,Unk,,,MA,Engineer,MALE,4496,Exceeds,2,False,126,False,2026-08-31 17:32:05,2467,79680.54,USD,2026-08-31 17:32:05
3145,Prince,Petty,2020-09-27,2022-03-04,Production Technician I,On Leave,Part-Time,Temporary,Retirement,,,MA,Driller,MALE,59765,Fully Meets,2,False,83,False,2026-08-31 17:32:05,2318,45424.93,USD,2026-08-31 17:32:05
3146,Abril,Joseph,2018-12-16,,Production Technician I,Active,Part-Time,Temporary,Unk,,,MA,Coordinator,FEMALE,19021,Fully Meets,4,False,380,False,2026-08-31 17:32:05,2276,64477.01,USD,2026-08-31 17:32:05
3147,Bobby,Levy,2023-07-17,2023-07-28,Production Technician I,Terminated,Contract,Temporary,Involuntary,Resigned citing below-market compensation and lack of annual salary adjustments.,,MA,Engineer,MALE,48709,Fully Meets,5,False,132,False,2026-08-31 17:32:05,2341,62930.12,USD,2026-08-31 17:32:05
3148,Gustavo,Durham,2020-05-28,2021-12-14,Production Technician I,Terminated,Full-Time,Temporary,Voluntary,Left due to lack of flexibility around hybrid work policies and long commute times.,1950-01-03,MA,Foreman,MALE,76147,Exceeds,2,False,357,False,2026-08-31 17:32:05,2297,73260.66,USD,2026-08-31 17:32:05
3149,Teagan,Stevens,2021-03-01,2023-04-05,Production Technician I,Terminated,Full-Time,Part-Time,Voluntary,Terminated due to persistent low performance scores and disengagement following team restructuring.,,MA,Laborer,FEMALE,19987,Exceeds,2,False,82,False,2026-08-31 17:32:05,1123,57434.85,USD,2026-08-31 17:32:05
3150,Neil,Patton,2022-02-12,,Production Technician I,Active,Full-Time,Part-Time,Unk,,1955-02-08,MA,Foreman,FEMALE,11927,Fully Meets,2,False,89,False,2026-08-31 17:32:05,1316,59361.95,USD,2026-08-31 17:32:05
3151,Khalil,Guzman,2022-02-26,,Production Technician I,Active,Part-Time,Temporary,Unk,,,MA,Engineer,FEMALE,81158,Exceeds,4,False,97,False,2026-08-31 17:32:05,1165,50877.83,USD,2026-08-31 17:32:05
3152,Alaina,Mayo,2022-07-05,2022-12-28,Production Technician I,Terminated,Contract,Temporary,Voluntary,Terminated due to persistent low performance scores and disengagement following team restructuring.,,MA,Laborer,FEMALE,27163,Exceeds,5,False,130,False,2026-08-31 17:32:05,2277,70928.53,USD,2026-08-31 17:32:05
3153,Jagger,Morgan,2019-11-29,2022-03-11,Production Technician I,Terminated,Part-Time,Full-Time,Retirement,Resigned citing below-market compensation and lack of annual salary adjustments.,,MA,Technician,FEMALE,96230,Fully Meets,4,False,106,False,2026-08-31 17:32:05,2295,72464.81,USD,2026-08-31 17:32:05
3154,Donavan,Kennedy,2019-02-22,,Production Technician I,Active,Full-Time,Temporary,Unk,,,MA,Engineer,FEMALE,75205,Fully Meets,2,False,126,False,2026-08-31 17:32:05,2467,49783.22,USD,2026-08-31 17:32:05
3155,Amy,Frederick,2020-07-16,2022-02-15,Production Technician I,Terminated For Cause,Contract,Temporary,Voluntary,,,MA,Lineman,MALE,56136,Fully Meets,2,False,148,False,2026-08-31 17:32:05,1122,58771.0,USD,2026-08-31 17:32:05
3156,Pierce,Charles,2019-07-18,2020-02-19,Production Technician II,Voluntarily Terminated,Contract,Part-Time,Voluntary,,,MA,Lineman,FEMALE,65327,Fully Meets,5,False,148,False,2026-08-31 17:32:05,1122,76251.67,USD,2026-08-31 17:32:05
3157,Deegan,Pham,2019-03-10,2021-11-16,Production Technician II,Terminated,Contract,Full-Time,Voluntary,Left due to lack of flexibility around hybrid work policies and long commute times.,,MA,Engineer,FEMALE,25266,Exceeds,5,False,376,False,2026-08-31 17:32:05,1316,45094.75,USD,2026-08-31 17:32:05
3158,Seth,Oneill,2023-05-30,2023-07-21,Production Technician II,Terminated,Part-Time,Full-Time,Retirement,Terminated due to persistent low performance scores and disengagement following team restructuring.,,MA,Director,FEMALE,35824,Exceeds,2,False,132,False,2026-08-31 17:32:05,2341,55456.57,USD,2026-08-31 17:32:05
3159,Mollie,Woodward,2018-08-23,2019-06-19,Production Technician II,Terminated,Full-Time,Part-Time,Voluntary,Resigned citing below-market compensation and lack of annual salary adjustments.,,MA,Groundman,FEMALE,24940,Fully Meets,4,False,86,False,2026-08-31 17:32:05,2298,64426.48,USD,2026-08-31 17:32:05
3160,Baylee,Warner,2019-03-06,,Production Technician II,Active,Full-Time,Part-Time,Unk,,,MA,Splicer,FEMALE,69293,Exceeds,4,False,109,False,2026-08-31 17:32:05,1316,56693.29,USD,2026-08-31 17:32:05
3161,Celeste,Allison,2023-08-01,2023-08-02,Production Technician II,Voluntarily Terminated,Full-Time,Full-Time,Involuntary,,,MA,Laborer,FEMALE,9346,Fully Meets,1,False,139,False,2026-08-31 17:32:05,2357,54521.58,USD,2026-08-31 17:32:05
3162,Camryn,Clark,2020-02-24,2020-12-24,Production Technician II,Terminated,Part-Time,Temporary,Resignation,Resigned citing below-market compensation and lack of annual salary adjustments.,,MA,Manager,MALE,57257,Fully Meets,5,False,363,False,2026-08-31 17:32:05,1316,61101.31,USD,2026-08-31 17:32:05
3163,Geovanni,Crawford,2019-09-26,,Production Technician I,Active,Contract,Full-Time,Unk,,,MA,Laborer,MALE,57484,Fully Meets,4,False,618,False,2026-08-31 17:32:05,1316,51353.31,USD,2026-08-31 17:32:05
3164,Danielle,Blanchard,2022-12-07,2023-06-08,Production Technician I,Voluntarily Terminated,Full-Time,Temporary,Resignation,,,MA,Foreman,FEMALE,89536,Fully Meets,5,False,97,False,2026-08-31 17:32:05,1165,63536.88,USD,2026-08-31 17:32:05
3165,Kasey,Pineda,2019-03-08,2021-02-08,Production Technician I,Terminated,Part-Time,Full-Time,Retirement,Resigned citing below-market compensation and lack of annual salary adjustments.,,MA,Laborer,FEMALE,38677,Fully Meets,2,False,130,False,2026-08-31 17:32:05,2277,69734.36,USD,2026-08-31 17:32:05
3166,Kenzie,Friedman,2019-08-06,2022-07-27,Production Technician I,Terminated,Part-Time,Full-Time,Resignation,Left due to lack of flexibility around hybrid work policies and long commute times.,1993-02-11,MA,Laborer,FEMALE,28796,Exceeds,2,False,106,False,2026-08-31 17:32:05,2295,65135.32,USD,2026-08-31 17:32:05
3167,Destinee,Mejia,2019-06-19,,Production Technician I,Active,Full-Time,Part-Time,Unk,,,MA,Lineman,MALE,2156,Exceeds,4,False,147,False,2026-08-31 17:32:05,1316,48258.83,USD,2026-08-31 17:32:05
3168,Deshawn,Henry,2022-02-08,2023-07-18,Production Technician I,On Leave,Part-Time,Full-Time,Voluntary,,,MA,Assistant,MALE,86333,Fully Meets,2,False,240,False,2026-08-31 17:32:05,1316,74554.3,USD,2026-08-31 17:32:05
3169,Cristian,Ritter,2019-06-08,2021-01-29,Production Technician I,Terminated,Part-Time,Part-Time,Resignation,Left due to lack of flexibility around hybrid work policies and long commute times.,1951-03-04,MA,Lineman,FEMALE,17633,Exceeds,4,False,177,False,2026-08-31 17:32:05,2292,51124.22,USD,2026-08-31 17:32:05
3170,Demarcus,Huffman,2022-01-28,2023-06-23,Production Technician I,Terminated,Full-Time,Full-Time,Retirement,Terminated due to persistent low performance scores and disengagement following team restructuring.,,MA,Technician,MALE,16568,Fully Meets,2,False,98,False,2026-08-31 17:32:05,2294,71768.42,USD,2026-08-31 17:32:05
3171,Regina,Lopez,2020-08-26,2022-08-11,Production Technician I,Terminated,Part-Time,Part-Time,Involuntary,Resigned citing below-market compensation and lack of annual salary adjustments.,,MA,Engineer,FEMALE,44233,Fully Meets,5,False,108,False,2026-08-31 17:32:05,1316,57619.78,USD,2026-08-31 17:32:05
3172,Justice,Clark,2019-04-22,,Production Technician I,Active,Contract,Part-Time,Unk,,1983-09-07,MA,Mechanic,FEMALE,41155,Fully Meets,4,False,104,False,2026-08-31 17:32:05,2437,72396.65,USD,2026-08-31 17:32:05
3173,Tucker,Sweeney,2022-12-21,2023-05-30,Production Technician I,Terminated,Contract,Part-Time,Resignation,Terminated due to persistent low performance scores and disengagement following team restructuring.,,MA,Engineer,FEMALE,24597,Fully Meets,1,False,359,False,2026-08-31 17:32:05,1316,52219.55,USD,2026-08-31 17:32:05
3174,Roy,Pratt,2022-10-12,2023-07-03,Production Technician I,Terminated,Full-Time,Part-Time,Involuntary,Resigned citing below-market compensation and lack of annual salary adjustments.,,MA,Foreman,FEMALE,59255,Fully Meets,5,False,367,False,2026-08-31 17:32:05,1316,51533.17,USD,2026-08-31 17:32:05
3175,Raphael,Whitney,2023-07-23,2023-08-01,Production Technician I,Terminated,Full-Time,Full-Time,Voluntary,Left due to lack of flexibility around hybrid work policies and long commute times.,1947-11-07,MA,Engineer,FEMALE,97410,Fully Meets,1,False,168,False,2026-08-31 17:32:05,2471,62395.9,USD,2026-08-31 17:32:05
3176,Cade,Palmer,2018-12-13,2020-06-23,Production Technician I,Terminated,Full-Time,Full-Time,Resignation,Terminated due to persistent low performance scores and disengagement following team restructuring.,,MA,Coordinator,FEMALE,42252,Exceeds,1,False,157,False,2026-08-31 17:32:05,2326,46152.76,USD,2026-08-31 17:32:05
3177,Abel,Potts,2019-09-30,2021-06-23,Production Technician I,Terminated For Cause,Full-Time,Full-Time,Resignation,,,MA,Coordinator,FEMALE,48294,Fully Meets,1,False,116,False,2026-08-31 17:32:05,1252,52885.41,USD,2026-08-31 17:32:05
3178,Wayne,Leon,2020-01-24,2023-06-09,Production Technician II,Voluntarily Terminated,Part-Time,Part-Time,Involuntary,,,MA,Administrator,FEMALE,45258,PIP,1,False,83,False,2026-08-31 17:32:05,2318,70340.43,USD,2026-08-31 17:32:05
3179,Amya,Armstrong,2020-12-23,2021-03-17,Production Technician II,Terminated,Full-Time,Full-Time,Voluntary,Terminated due to persistent low performance scores and disengagement following team restructuring.,,MA,Lineman,MALE,96822,Fully Meets,2,False,107,False,2026-08-31 17:32:05,2296,74308.42,USD,2026-08-31 17:32:05
3180,Johnny,Whitehead,2019-06-07,2020-01-11,Production Technician II,Voluntarily Terminated,Full-Time,Temporary,Retirement,,,MA,Technician,FEMALE,14828,Fully Meets,4,False,98,False,2026-08-31 17:32:05,2294,47827.49,USD,2026-08-31 17:32:05
3181,Antwan,Clayton,2019-12-25,2021-11-14,Production Technician II,Terminated,Contract,Temporary,Voluntary,Left due to lack of flexibility around hybrid work policies and long commute times.,,MA,Foreman,FEMALE,26328,Fully Meets,4,False,88,False,2026-08-31 17:32:05,2398,75872.72,USD,2026-08-31 17:32:05
3182,Dexter,Preston,2023-01-26,,Production Technician II,Active,Contract,Temporary,Unk,,,MA,Technician,FEMALE,55287,PIP,2,False,82,False,2026-08-31 17:32:05,1123,72913.1,USD,2026-08-31 17:32:05
3183,Uriah,Guerrero,2022-11-03,2023-08-03,Production Technician II,Voluntarily Terminated,Full-Time,Temporary,Resignation,,,MA,Technician,MALE,40809,PIP,3,False,96,False,2026-08-31 17:32:05,1124,75438.95,USD,2026-08-31 17:32:05
3184,Dakota,Oliver,2022-05-13,,Production Technician I,Active,Part-Time,Full-Time,Unk,,,MA,Tower Hand,FEMALE,9994,PIP,5,False,83,False,2026-08-31 17:32:05,2318,69445.0,USD,2026-08-31 17:32:05
3185,Selena,Yoder,2020-09-23,2023-03-15,Production Technician I,Voluntarily Terminated,Contract,Temporary,Voluntary,,1999-10-11,MA,Assistant,FEMALE,91605,PIP,2,False,82,False,2026-08-31 17:32:05,1123,68595.36,USD,2026-08-31 17:32:05
3186,Kaila,Flowers,2021-08-29,2022-11-08,Production Technician I,Terminated,Part-Time,Full-Time,Voluntary,Resigned citing below-market compensation and lack of annual salary adjustments.,1967-03-05,MA,Supervisor,FEMALE,76162,Fully Meets,2,False,89,False,2026-08-31 17:32:05,1316,63378.26,USD,2026-08-31 17:32:05
3187,Dashawn,Ramirez,2022-12-13,2023-01-11,Production Technician I,Terminated,Contract,Full-Time,Resignation,Left due to lack of flexibility around hybrid work policies and long commute times.,1962-08-04,MA,Project Manager,FEMALE,13522,PIP,3,False,360,False,2026-08-31 17:32:05,2368,67847.55,USD,2026-08-31 17:32:05
3188,Meghan,Ray,2022-11-06,,Production Technician I,Active,Part-Time,Part-Time,Unk,,1978-04-11,MA,Laborer,MALE,2956,Fully Meets,4,False,106,False,2026-08-31 17:32:05,2295,77168.84,USD,2026-08-31 17:32:05
3189,Jasiah,Palmer,2023-08-04,,Production Technician I,Active,Full-Time,Temporary,Unk,,,MA,Project Manager,FEMALE,46851,PIP,1,False,380,False,2026-08-31 17:32:05,2276,48518.27,USD,2026-08-31 17:32:05
3190,Jaiden,Hawkins,2020-11-15,,Production Technician I,Active,Contract,Part-Time,Unk,,1998-10-02,MA,Administration,MALE,89125,PIP,2,False,88,False,2026-08-31 17:32:05,2398,56051.76,USD,2026-08-31 17:32:05
3191,Monserrat,Miranda,2022-07-06,2022-08-12,Production Technician I,Terminated,Part-Time,Part-Time,Retirement,Terminated due to persistent low performance scores and disengagement following team restructuring.,,MA,Technician,MALE,29435,Fully Meets,2,False,444,False,2026-08-31 17:32:05,1316,47535.92,USD,2026-08-31 17:32:05
3192,Johnathon,Lynch,2019-04-21,2022-01-12,Production Technician I,Terminated,Full-Time,Part-Time,Resignation,Resigned citing below-market compensation and lack of annual salary adjustments.,1997-12-01,MA,Laborer,FEMALE,26250,Fully Meets,3,False,181,False,2026-08-31 17:32:05,1316,78068.18,USD,2026-08-31 17:32:05
3193,Dayanara,Murray,2021-08-28,,Production Technician I,Active,Full-Time,Temporary,Unk,,,MA,Laborer,FEMALE,67626,PIP,3,False,135,False,2026-08-31 17:32:05,1316,60584.29,USD,2026-08-31 17:32:05
3194,Alessandro,Sawyer,2021-03-25,,Production Technician I,Active,Contract,Full-Time,Unk,,1995-11-08,MA,Groundman,FEMALE,46143,Fully Meets,1,False,83,False,2026-08-31 17:32:05,2318,68637.06,USD,2026-08-31 17:32:05
3195,Kaylen,Hogan,2020-07-16,2020-10-15,Production Technician I,Terminated,Full-Time,Full-Time,Resignation,Resigned citing below-market compensation and lack of annual salary adjustments.,,MA,Technician,FEMALE,70709,Fully Meets,2,False,189,False,2026-08-31 17:32:05,2291,74439.2,USD,2026-08-31 17:32:05
3196,Karley,Michael,2018-11-28,2021-08-14,Production Technician I,Terminated,Full-Time,Temporary,Involuntary,Left due to lack of flexibility around hybrid work policies and long commute times.,1974-12-11,MA,Project Manager,FEMALE,60139,Fully Meets,2,False,96,False,2026-08-31 17:32:05,1124,79685.01,USD,2026-08-31 17:32:05
3197,Erik,Parks,2019-06-27,,Production Technician I,Active,Contract,Full-Time,Unk,,,MA,Lineman,FEMALE,15469,PIP,1,False,110,False,2026-08-31 17:32:05,2287,50662.39,USD,2026-08-31 17:32:05
3198,Violet,Bennett,2023-01-04,,Production Technician I,Active,Contract,Temporary,Unk,,,MA,Laborer,FEMALE,77690,Fully Meets,2,False,121,False,2026-08-31 17:32:05,2414,72982.94,USD,2026-08-31 17:32:05
3199,Hannah,Jacobi,2018-11-22,,Production Technician I,Active,Full-Time,Full-Time,Unk,,,MA,Engineer,FEMALE,1778,Fully Meets,2,False,150,False,2026-08-31 17:32:05,2417,76059.8,USD,2026-08-31 17:32:05
3200,Peter,Robertson,2021-01-08,,Production Technician II,Active,Part-Time,Temporary,Unk,,,MA,Engineer,MALE,2138,Fully Meets,4,False,359,False,2026-08-31 17:32:05,1316,46710.64,USD,2026-08-31 17:32:05
3201,Josephine,Bugali,2022-11-18,,Production Technician I,Active,Part-Time,Part-Time,Unk,,,MA,Technician,FEMALE,2043,Fully Meets,4,False,2,False,2026-08-31 17:32:05,1121,71393.17,USD,2026-08-31 17:32:05
3202,Dallas,Leach,2020-06-21,2023-06-23,Production Technician I,Voluntarily Terminated,Contract,Full-Time,Involuntary,,,MA,Engineer,FEMALE,1810,Fully Meets,4,False,108,False,2026-08-31 17:32:05,1316,57415.39,USD,2026-08-31 17:32:05
3203,Marianne,Eaton,2021-01-19,2022-09-11,Production Technician I,Voluntarily Terminated,Contract,Part-Time,Voluntary,,1961-10-09,MA,Administrator,FEMALE,2343,Fully Meets,4,False,132,False,2026-08-31 17:32:05,2341,67700.89,USD,2026-08-31 17:32:05
3204,Bruno,Rossetti,2023-06-04,,Production Technician I,Active,Contract,Full-Time,Unk,,1959-12-11,MA,Administration,MALE,2155,Fully Meets,4,False,162,False,2026-08-31 17:32:05,1316,62991.69,USD,2026-08-31 17:32:05
3205,Roxana,Goyal,2020-08-13,2021-09-17,Production Technician I,On Leave,Contract,Part-Time,Voluntary,,1988-02-02,MA,Lineman,FEMALE,1864,Fully Meets,4,False,177,False,2026-08-31 17:32:05,2292,54090.98,USD,2026-08-31 17:32:05
3206,Thomas,Barbara,2019-09-06,,Production Technician I,Active,Part-Time,Part-Time,Unk,,,MA,Groundman,MALE,2062,Fully Meets,2,False,113,False,2026-08-31 17:32:05,1144,49732.75,USD,2026-08-31 17:32:05
3207,Lynn,O'Hare,2022-03-27,,Production Technician I,Active,Full-Time,Temporary,Unk,,,MA,Supervisor,FEMALE,2152,Fully Meets,5,False,434,False,2026-08-31 17:32:05,1316,49093.15,USD,2026-08-31 17:32:05
3208,Abdellah,Veera,2020-12-25,2023-03-08,Production Technician I,Voluntarily Terminated,Contract,Temporary,Resignation,,1973-04-09,MA,Operator,MALE,2171,Fully Meets,2,False,130,False,2026-08-31 17:32:05,2277,48616.3,USD,2026-08-31 17:32:05
3209,Daniel,Davis,2021-04-24,,Production Technician II,Active,Contract,Full-Time,Unk,,,MA,Technician,MALE,2458,Fully Meets,5,False,139,False,2026-08-31 17:32:05,2357,67322.65,USD,2026-08-31 17:32:05
3210,Barbara M,Stanford,2020-05-12,,Production Technician I,Active,Full-Time,Full-Time,Unk,,,MA,Lineman,FEMALE,2050,Fully Meets,5,False,357,False,2026-08-31 17:32:05,2297,57299.38,USD,2026-08-31 17:32:05
3211,Phylicia,Gosciminski,2023-05-23,,Production Technician II,Active,Part-Time,Part-Time,Unk,,,MA,Administrator,FEMALE,1824,Fully Meets,2,False,194,False,2026-08-31 17:32:05,2441,52582.17,USD,2026-08-31 17:32:05
3212,Mohammed,Latif,2020-12-27,2022-05-22,Production Technician II,Voluntarily Terminated,Full-Time,Part-Time,Resignation,,,MA,Foreman,MALE,2126,Fully Meets,5,False,98,False,2026-08-31 17:32:05,2294,69215.98,USD,2026-08-31 17:32:05
3213,Hamish,Garneau,2018-11-17,2019-12-27,Production Technician I,Terminated,Full-Time,Part-Time,Involuntary,Resigned citing below-market compensation and lack of annual salary adjustments.,,MA,Laborer,MALE,1550,Fully Meets,2,False,86,False,2026-08-31 17:32:05,2298,69039.73,USD,2026-08-31 17:32:05
3214,Morissa,Power,2019-07-16,,Production Technician I,Active,Part-Time,Temporary,Unk,,,MA,Laborer,FEMALE,1742,Fully Meets,2,False,110,False,2026-08-31 17:32:05,2287,63870.89,USD,2026-08-31 17:32:05
3215,Jason,Woodson,2020-01-25,,Production Technician II,Active,Contract,Part-Time,Unk,,1973-03-06,MA,Administrator,MALE,1810,Fully Meets,3,False,194,False,2026-08-31 17:32:05,2441,77723.52,USD,2026-08-31 17:32:05
3216,Janine,Purinton,2021-08-16,,Production Technician I,Active,Part-Time,Temporary,Unk,,,MA,Engineer,FEMALE,2474,Fully Meets,5,False,498,False,2026-08-31 17:32:05,2379,58489.5,USD,2026-08-31 17:32:05
3217,Sarah,Akinkuolie,2019-01-20,2019-10-01,Production Technician II,Voluntarily Terminated,Contract,Full-Time,Resignation,,,MA,Technician,FEMALE,1810,Fully Meets,3,False,84,False,2026-08-31 17:32:05,2324,74255.2,USD,2026-08-31 17:32:05
3218,Spencer,Cole,2018-09-04,,Production Technician I,Active,Full-Time,Part-Time,Unk,,,MA,Laborer,MALE,1880,Fully Meets,5,False,106,False,2026-08-31 17:32:05,2295,47629.88,USD,2026-08-31 17:32:05
3219,Luisa,Monterro,2019-09-20,,Production Technician II,Active,Full-Time,Full-Time,Unk,,,MA,Administrator,FEMALE,2126,Fully Meets,3,False,180,False,2026-08-31 17:32:05,1316,70894.09,USD,2026-08-31 17:32:05
3220,Sandy,Mckenna,2023-07-24,,Production Technician I,Active,Part-Time,Full-Time,Unk,,1980-11-10,MA,Tower Hand,FEMALE,2184,Fully Meets,1,False,106,False,2026-08-31 17:32:05,2295,79595.66,USD,2026-08-31 17:32:05
3221,Savanah,Baker,2023-07-05,,Production Technician I,Active,Full-Time,Temporary,Unk,,,MA,Foreman,MALE,69598,Fully Meets,4,False,161,False,2026-08-31 17:32:05,1209,74630.94,USD,2026-08-31 17:32:05
3222,Gloria,Small,2021-01-11,,Production Technician I,Active,Contract,Part-Time,Unk,,,MA,Manager,FEMALE,28908,Fully Meets,2,False,173,False,2026-08-31 17:32:05,1316,65288.27,USD,2026-08-31 17:32:05
3223,Alisa,Aguirre,2022-11-06,,Production Technician I,Active,Full-Time,Full-Time,Unk,,1952-12-10,MA,Splicer,FEMALE,35854,Fully Meets,5,False,193,False,2026-08-31 17:32:05,1316,66936.81,USD,2026-08-31 17:32:05
3224,Sterling,Davila,2023-04-03,,Production Technician I,Active,Part-Time,Part-Time,Unk,,1970-06-02,MA,Manager,FEMALE,69030,Fully Meets,5,False,439,False,2026-08-31 17:32:05,1316,57365.13,USD,2026-08-31 17:32:05
3225,Saniya,Bradley,2021-06-07,2023-06-23,Production Technician I,Terminated,Contract,Part-Time,Retirement,Resigned citing below-market compensation and lack of annual salary adjustments.,,MA,Foreman,FEMALE,8088,Fully Meets,3,False,135,False,2026-08-31 17:32:05,1316,68781.98,USD,2026-08-31 17:32:05
3226,Drake,Ashley,2019-01-20,,Production Technician I,Active,Contract,Full-Time,Unk,,,MA,Technician,FEMALE,50972,Fully Meets,4,False,103,False,2026-08-31 17:32:05,1316,71963.84,USD,2026-08-31 17:32:05
3227,Rosemary,Manning,2021-11-20,2022-06-06,Production Technician I,On Leave,Contract,Temporary,Involuntary,,1969-08-07,MA,Groundman,FEMALE,1013,Fully Meets,2,False,177,False,2026-08-31 17:32:05,2292,79938.0,USD,2026-08-31 17:32:05
3228,Adrianna,Johnston,2019-05-27,2022-08-18,Production Technician I,Voluntarily Terminated,Full-Time,Temporary,Involuntary,,1946-03-06,MA,Technician,MALE,8223,Fully Meets,2,False,98,False,2026-08-31 17:32:05,2294,62236.2,USD,2026-08-31 17:32:05
3229,Ruby,Bean,2022-12-18,,Production Technician I,Active,Contract,Temporary,Unk,,,MA,Program Manager,MALE,15997,Fully Meets,1,False,108,False,2026-08-31 17:32:05,1316,47145.64,USD,2026-08-31 17:32:05
3230,Annalise,Avila,2021-05-13,2023-07-13,Production Technician I,On Leave,Full-Time,Full-Time,Resignation,,,MA,Laborer,FEMALE,55412,Fully Meets,1,False,82,False,2026-08-31 17:32:05,1123,65855.03,USD,2026-08-31 17:32:05
3231,Carley,Irwin,2021-05-24,,Production Technician I,Active,Full-Time,Part-Time,Unk,,,MA,Shop,FEMALE,97872,Exceeds,2,False,513,False,2026-08-31 17:32:05,2402,49165.85,USD,2026-08-31 17:32:05
3232,Makenzie,Mercer,2021-10-06,2022-05-19,Production Technician I,On Leave,Part-Time,Temporary,Resignation,,,MA,Laborer,MALE,26785,Fully Meets,1,False,84,False,2026-08-31 17:32:05,2324,53566.78,USD,2026-08-31 17:32:05
3233,Julia,Vargas,2020-08-22,2020-08-26,Production Technician I,On Leave,Contract,Part-Time,Voluntary,,1969-08-02,MA,Engineer,MALE,14249,Fully Meets,2,False,114,False,2026-08-31 17:32:05,1316,56507.3,USD,2026-08-31 17:32:05
3234,Parker,Harrison,2021-08-23,,Production Technician I,Active,Part-Time,Temporary,Unk,,,MA,Administration,MALE,52819,Fully Meets,3,False,121,False,2026-08-31 17:32:05,2414,70586.05,USD,2026-08-31 17:32:05
3235,Emmett,York,2021-12-23,2022-10-17,Production Technician I,Terminated,Contract,Temporary,Resignation,Left due to lack of flexibility around hybrid work policies and long commute times.,1963-01-08,MA,Engineer,MALE,62173,Fully Meets,2,False,126,False,2026-08-31 17:32:05,2467,51433.28,USD,2026-08-31 17:32:05
3236,Landin,Walton,2022-01-24,2022-03-27,Production Technician II,Terminated,Contract,Full-Time,Involuntary,Terminated due to persistent low performance scores and disengagement following team restructuring.,1979-04-06,MA,Cpo,FEMALE,8702,Fully Meets,5,False,619,False,2026-08-31 17:32:05,1316,50801.35,USD,2026-08-31 17:32:05
3237,Landon,Mayo,2022-11-21,,Production Technician II,Active,Contract,Temporary,Unk,,1987-08-12,MA,Drafter,MALE,69369,Fully Meets,4,False,354,False,2026-08-31 17:32:05,1316,46573.75,USD,2026-08-31 17:32:05
3238,Abby,Estes,2018-12-04,2022-07-01,Production Technician II,Voluntarily Terminated,Contract,Part-Time,Voluntary,,2000-04-09,MA,Vp,MALE,39455,Fully Meets,4,False,360,False,2026-08-31 17:32:05,2368,75563.4,USD,2026-08-31 17:32:05
3239,Rachael,Pena,2019-06-02,,Production Technician II,Active,Part-Time,Temporary,Unk,,,MA,Operator,MALE,74781,Fully Meets,3,False,106,False,2026-08-31 17:32:05,2295,69272.69,USD,2026-08-31 17:32:05
3240,Kyan,Fritz,2018-08-12,2019-07-05,Production Technician II,Voluntarily Terminated,Full-Time,Temporary,Voluntary,,1980-05-03,MA,Shop,FEMALE,60148,Fully Meets,2,False,117,False,2026-08-31 17:32:05,1316,46398.13,USD,2026-08-31 17:32:05
3241,Lana,Vega,2022-05-15,,Production Technician II,Active,Part-Time,Full-Time,Unk,,1947-11-12,MA,Administrator,FEMALE,56978,Fully Meets,1,False,369,False,2026-08-31 17:32:05,2400,45990.23,USD,2026-08-31 17:32:05
3242,Alma,Fischer,2021-11-23,2022-04-21,Production Technician I,Voluntarily Terminated,Contract,Full-Time,Resignation,,,MA,Lineman,MALE,46927,Fully Meets,3,False,172,False,2026-08-31 17:32:05,1187,64553.6,USD,2026-08-31 17:32:05
3243,Harley,Peterson,2020-12-13,,Production Technician I,Active,Full-Time,Full-Time,Unk,,1955-08-02,MA,Technician,MALE,63497,Fully Meets,2,False,432,False,2026-08-31 17:32:05,1316,54888.7,USD,2026-08-31 17:32:05
3244,Kade,Stokes,2021-07-28,,Production Technician I,Active,Part-Time,Temporary,Unk,,,MA,Mechanic,FEMALE,67772,Fully Meets,2,False,173,False,2026-08-31 17:32:05,1316,65885.42,USD,2026-08-31 17:32:05
3245,Leonel,Tanner,2019-06-07,2021-12-30,Production Technician I,Terminated For Cause,Full-Time,Full-Time,Voluntary,,1948-10-04,MA,Laborer,FEMALE,62905,Fully Meets,1,False,130,False,2026-08-31 17:32:05,2277,60211.15,USD,2026-08-31 17:32:05
3246,Natalia,Burns,2019-06-12,2021-05-25,Production Technician I,Terminated For Cause,Part-Time,Part-Time,Retirement,,,MA,Safety,FEMALE,16673,Fully Meets,4,False,540,False,2026-08-31 17:32:05,2387,77315.94,USD,2026-08-31 17:32:05
3247,Hailee,Raymond,2023-04-20,2023-08-06,Production Technician I,Terminated,Full-Time,Part-Time,Resignation,Left due to lack of flexibility around hybrid work policies and long commute times.,,MA,Operator,FEMALE,85847,Fully Meets,3,False,135,False,2026-08-31 17:32:05,1316,55073.32,USD,2026-08-31 17:32:05
3248,Micah,Douglas,2018-08-07,2023-07-19,Production Technician I,Terminated,Contract,Part-Time,Resignation,Terminated due to persistent low performance scores and disengagement following team restructuring.,,MA,Clerical,FEMALE,27168,Fully Meets,5,False,148,False,2026-08-31 17:32:05,1122,68770.09,USD,2026-08-31 17:32:05
3249,Kaley,Pollard,2018-12-06,,Production Technician I,Active,Contract,Part-Time,Unk,,,MA,Laborer,MALE,26745,Fully Meets,3,False,142,False,2026-08-31 17:32:05,1316,46891.9,USD,2026-08-31 17:32:05
3250,Seth,Fletcher,2021-03-25,,Production Technician I,Active,Full-Time,Full-Time,Unk,,1997-11-06,MA,Supervisor,MALE,25590,Fully Meets,2,False,434,False,2026-08-31 17:32:05,1316,78455.12,USD,2026-08-31 17:32:05
3251,Elliana,Thomas,2019-02-15,2019-04-25,Production Technician I,Voluntarily Terminated,Contract,Part-Time,Resignation,,1956-12-04,MA,Laborer,MALE,36234,Fully Meets,5,False,86,False,2026-08-31 17:32:05,2298,79326.51,USD,2026-08-31 17:32:05
3252,Edward,Chung,2023-03-14,,Production Technician I,Active,Full-Time,Part-Time,Unk,,1993-02-11,MA,Mechanic,FEMALE,29287,PIP,4,False,104,False,2026-08-31 17:32:05,2437,70867.61,USD,2026-08-31 17:32:05
3253,Tessa,Estes,2019-09-01,2021-06-01,Production Technician I,On Leave,Part-Time,Part-Time,Involuntary,,,MA,Technician,FEMALE,46895,Fully Meets,2,False,105,False,2026-08-31 17:32:05,1143,61282.44,USD,2026-08-31 17:32:05
3254,Charlie,Carson,2021-02-23,2022-07-13,Production Technician I,On Leave,Full-Time,Temporary,Voluntary,,,MA,Administration,MALE,25093,Fully Meets,3,False,162,False,2026-08-31 17:32:05,1316,52699.77,USD,2026-08-31 17:32:05
3255,Lawson,Zuniga,2023-03-22,,Production Technician I,Active,Contract,Part-Time,Unk,,1961-06-05,MA,Runner,MALE,65332,Fully Meets,3,False,101,False,2026-08-31 17:32:05,1316,73438.07,USD,2026-08-31 17:32:05
3256,Coleman,Huffman,2019-01-24,,Production Technician I,Active,Part-Time,Part-Time,Unk,,,MA,Flagger,MALE,4750,Fully Meets,5,False,121,False,2026-08-31 17:32:05,2414,70772.39,USD,2026-08-31 17:32:05
3257,Sanaa,Reilly,2020-11-19,,Production Technician II,Active,Full-Time,Full-Time,Unk,,1986-10-04,MA,Laborer,FEMALE,89893,Fully Meets,3,False,161,False,2026-08-31 17:32:05,1209,52768.39,USD,2026-08-31 17:32:05
3258,Slade,Randolph,2023-02-15,,Production Technician II,Active,Part-Time,Temporary,Unk,,,MA,Foreman,MALE,27959,Fully Meets,2,False,131,False,2026-08-31 17:32:05,1316,60792.54,USD,2026-08-31 17:32:05
3259,Dania,Hale,2022-05-09,2022-06-10,Production Technician II,Voluntarily Terminated,Full-Time,Full-Time,Resignation,,,MA,Tower Hand,MALE,71536,Fully Meets,2,False,130,False,2026-08-31 17:32:05,2277,61197.96,USD,2026-08-31 17:32:05
3260,Roland,Orozco,2021-10-06,,Production Technician II,Active,Contract,Temporary,Unk,,,MA,Splicer,MALE,86352,Fully Meets,3,False,121,False,2026-08-31 17:32:05,2414,73924.37,USD,2026-08-31 17:32:05
3261,Kaylen,Fisher,2021-01-17,2023-06-25,Production Technician II,On Leave,Part-Time,Temporary,Involuntary,,1948-01-03,MA,Administrative,MALE,18868,Fully Meets,4,False,91,False,2026-08-31 17:32:05,2364,68934.56,USD,2026-08-31 17:32:05
3262,Kasey,Preston,2022-03-22,,Production Technician II,Active,Full-Time,Full-Time,Unk,,,MA,Laborer,FEMALE,69534,PIP,4,False,92,False,2026-08-31 17:32:05,1316,67510.86,USD,2026-08-31 17:32:05
3263,Cruz,Davila,2022-04-20,2023-04-30,Production Technician I,Voluntarily Terminated,Full-Time,Part-Time,Involuntary,,,MA,Drafter,MALE,41746,PIP,2,False,129,False,2026-08-31 17:32:05,2393,67743.96,USD,2026-08-31 17:32:05
3264,Alani,Phillips,2021-12-31,2023-05-10,Production Technician I,Terminated For Cause,Part-Time,Part-Time,Involuntary,,1950-09-06,MA,Engineer,MALE,16282,Fully Meets,5,False,354,False,2026-08-31 17:32:05,1316,54466.45,USD,2026-08-31 17:32:05
3265,Giovanni,Klein,2018-10-31,,Production Technician I,Active,Part-Time,Full-Time,Unk,,,MA,Groundman,FEMALE,26076,Fully Meets,1,False,131,False,2026-08-31 17:32:05,1316,58009.89,USD,2026-08-31 17:32:05
3266,Max,Mahoney,2020-07-24,,Production Technician I,Active,Contract,Full-Time,Unk,,,MA,Laborer,FEMALE,22339,Fully Meets,2,False,368,False,2026-08-31 17:32:05,2363,46598.18,USD,2026-08-31 17:32:05
3267,Perla,Terry,2019-12-12,2020-01-17,Production Technician I,Terminated,Contract,Part-Time,Voluntary,Resigned citing below-market compensation and lack of annual salary adjustments.,1963-07-11,MA,Laborer,FEMALE,52402,Fully Meets,5,False,137,False,2026-08-31 17:32:05,1316,72542.94,USD,2026-08-31 17:32:05
3268,Makai,Ochoa,2023-06-22,,Production Technician I,Active,Contract,Temporary,Unk,,,MA,Driver,FEMALE,43825,Fully Meets,2,False,91,False,2026-08-31 17:32:05,2364,60154.94,USD,2026-08-31 17:32:05
3269,Caiden,Hogan,2021-06-20,,Production Technician I,Active,Full-Time,Temporary,Unk,,2000-08-04,MA,Laborer,MALE,92624,Fully Meets,1,False,83,False,2026-08-31 17:32:05,2318,60338.34,USD,2026-08-31 17:32:05
3270,Brandon,Dickerson,2019-10-31,,Production Technician I,Active,Full-Time,Full-Time,Unk,,1958-09-04,MA,Technician,MALE,88948,Fully Meets,2,False,167,False,2026-08-31 17:32:05,1316,53587.47,USD,2026-08-31 17:32:05
3271,Taryn,Snow,2019-07-02,2022-11-26,Production Technician I,Voluntarily Terminated,Contract,Part-Time,Involuntary,,,MA,Engineer,MALE,72709,Fully Meets,3,False,160,False,2026-08-31 17:32:05,2435,52329.95,USD,2026-08-31 17:32:05
3272,Monserrat,Cooke,2023-02-10,,Production Technician I,Active,Contract,Part-Time,Unk,,,MA,Flagger,MALE,38780,Fully Meets,3,False,357,False,2026-08-31 17:32:05,2297,65573.77,USD,2026-08-31 17:32:05
3273,Zaria,Mcintosh,2022-09-16,,Production Technician I,Active,Full-Time,Temporary,Unk,,1998-08-12,MA,Coordinator,FEMALE,24573,Fully Meets,4,False,619,False,2026-08-31 17:32:05,1316,53139.36,USD,2026-08-31 17:32:05
3274,Arely,May,2020-01-21,2020-07-29,Production Technician I,On Leave,Part-Time,Full-Time,Retirement,,,MA,Foreman,FEMALE,30214,PIP,3,False,89,False,2026-08-31 17:32:05,1316,47247.31,USD,2026-08-31 17:32:05
3275,Gina,Kent,2022-11-16,,Production Technician I,Active,Part-Time,Temporary,Unk,,,MA,Foreman,MALE,66377,PIP,3,False,84,False,2026-08-31 17:32:05,2324,71862.76,USD,2026-08-31 17:32:05
3276,Catherine,Anthony,2021-01-25,,Production Technician I,Active,Contract,Temporary,Unk,,,MA,Project Manager,MALE,83059,Fully Meets,2,False,114,False,2026-08-31 17:32:05,1316,58176.43,USD,2026-08-31 17:32:05
3277,Wade,Beltran,2023-06-16,2023-06-24,Production Technician II,Terminated,Part-Time,Temporary,Retirement,Left due to lack of flexibility around hybrid work policies and long commute times.,,MA,Foreman,FEMALE,86836,Fully Meets,5,False,172,False,2026-08-31 17:32:05,1187,58308.25,USD,2026-08-31 17:32:05
3278,Mina,Bryant,2020-09-08,2021-10-17,Production Technician II,Terminated,Contract,Part-Time,Retirement,Terminated due to persistent low performance scores and disengagement following team restructuring.,,MA,Laborer,FEMALE,4862,Fully Meets,4,False,105,False,2026-08-31 17:32:05,1143,60096.14,USD,2026-08-31 17:32:05
3279,Jonas,Everett,2019-01-23,2020-11-24,Production Technician II,Terminated,Full-Time,Full-Time,Involuntary,Resigned citing below-market compensation and lack of annual salary adjustments.,,MA,Project Manager,MALE,53530,Fully Meets,5,False,150,False,2026-08-31 17:32:05,2417,73526.57,USD,2026-08-31 17:32:05
3280,Makaila,Pham,2023-05-29,2023-07-23,Production Technician II,Voluntarily Terminated,Part-Time,Temporary,Involuntary,,1983-09-07,MA,Manager,MALE,59596,Fully Meets,5,False,381,False,2026-08-31 17:32:05,2315,56229.29,USD,2026-08-31 17:32:05
3281,Gloria,Rose,2019-08-16,,Production Technician II,Active,Contract,Full-Time,Unk,,,MA,Laborer,MALE,65633,Fully Meets,5,False,121,False,2026-08-31 17:32:05,2414,71531.27,USD,2026-08-31 17:32:05
3282,Rebekah,Carpenter,2020-06-04,,Production Technician II,Active,Full-Time,Full-Time,Unk,,,MA,Lineman,FEMALE,54457,Fully Meets,3,False,122,False,2026-08-31 17:32:05,1294,77884.07,USD,2026-08-31 17:32:05
3283,Iris,Reynolds,2020-07-21,,Production Technician II,Active,Contract,Part-Time,Unk,,,MA,Lineman,FEMALE,16989,Fully Meets,3,False,489,False,2026-08-31 17:32:05,2425,68130.39,USD,2026-08-31 17:32:05
3284,Kennedi,Howell,2022-08-21,2023-03-29,Production Technician I,Voluntarily Terminated,Contract,Part-Time,Resignation,,,MA,Technician,MALE,22735,Fully Meets,2,False,192,False,2026-08-31 17:32:05,1185,60108.84,USD,2026-08-31 17:32:05
3285,Rashad,Sutton,2021-07-16,2023-06-12,Production Technician I,Terminated For Cause,Contract,Part-Time,Retirement,,,MA,Laborer,MALE,81424,PIP,4,False,489,False,2026-08-31 17:32:05,2425,71172.64,USD,2026-08-31 17:32:05
3286,Regan,Conrad,2019-11-06,,Production Technician I,Active,Full-Time,Temporary,Unk,,,MA,Project Manager,FEMALE,70949,PIP,3,False,179,False,2026-08-31 17:32:05,1142,61026.41,USD,2026-08-31 17:32:05
3287,Litzy,Arias,2021-01-01,,Production Technician I,Active,Part-Time,Temporary,Unk,,1979-10-06,MA,Laborer,FEMALE,44442,Fully Meets,1,False,139,False,2026-08-31 17:32:05,2357,59504.95,USD,2026-08-31 17:32:05
3288,Eden,Silva,2019-09-24,,Production Technician I,Active,Full-Time,Temporary,Unk,,,MA,Foreman,FEMALE,92307,Fully Meets,2,False,98,False,2026-08-31 17:32:05,2294,63384.91,USD,2026-08-31 17:32:05
3289,Kinley,Serrano,2020-05-17,,Production Technician I,Active,Contract,Full-Time,Unk,,1980-06-11,MA,Groundman,FEMALE,87752,Fully Meets,4,False,121,False,2026-08-31 17:32:05,2414,56120.28,USD,2026-08-31 17:32:05
3290,Jaiden,Middleton,2018-08-07,,Production Technician I,Active,Part-Time,Full-Time,Unk,,1995-07-12,MA,Mechanic,MALE,60198,Fully Meets,3,False,107,False,2026-08-31 17:32:05,2296,48648.76,USD,2026-08-31 17:32:05
3291,Shamar,Serrano,2023-08-01,,Production Technician I,Active,Contract,Full-Time,Unk,,1957-09-08,MA,Flagger,MALE,50905,Fully Meets,2,False,88,False,2026-08-31 17:32:05,2398,59519.82,USD,2026-08-31 17:32:05
3292,Nadia,Romero,2019-01-12,2020-01-09,Production Technician I,Voluntarily Terminated,Part-Time,Part-Time,Retirement,,,MA,Engineer,MALE,2769,Fully Meets,4,False,98,False,2026-08-31 17:32:05,2294,49334.99,USD,2026-08-31 17:32:05
3293,Lillianna,Hill,2021-04-09,2022-11-29,Production Technician I,Voluntarily Terminated,Contract,Full-Time,Retirement,,1967-01-09,MA,Technician,FEMALE,90732,Fully Meets,3,False,88,False,2026-08-31 17:32:05,2398,59365.45,USD,2026-08-31 17:32:05
3294,Brent,Henry,2022-06-04,2022-12-24,Production Technician I,On Leave,Full-Time,Temporary,Retirement,,1965-06-06,MA,Lineman,FEMALE,12076,Fully Meets,3,False,172,False,2026-08-31 17:32:05,1187,64492.68,USD,2026-08-31 17:32:05
3295,Emmanuel,Perkins,2019-05-31,,Production Technician I,Active,Part-Time,Full-Time,Unk,,,MA,Groundman,FEMALE,27767,Fully Meets,5,False,89,False,2026-08-31 17:32:05,1316,77574.89,USD,2026-08-31 17:32:05
3296,Isis,Brooks,2019-01-07,2019-10-08,Production Technician I,On Leave,Part-Time,Full-Time,Voluntary,,1947-07-10,MA,Foreman,MALE,24886,PIP,2,False,97,False,2026-08-31 17:32:05,1165,46267.78,USD,2026-08-31 17:32:05
3297,Axel,Dunlap,2020-07-18,2021-04-20,Production Technician I,On Leave,Contract,Temporary,Retirement,,1955-12-10,MA,Engineer,MALE,25813,Fully Meets,4,False,130,False,2026-08-31 17:32:05,2277,66751.04,USD,2026-08-31 17:32:05
3298,Tatum,Petty,2020-11-19,2021-05-21,Production Technician II,Terminated,Full-Time,Full-Time,Involuntary,Left due to lack of flexibility around hybrid work policies and long commute times.,1996-10-03,MA,Technician,FEMALE,88404,Fully Meets,5,False,91,False,2026-08-31 17:32:05,2364,61020.73,USD,2026-08-31 17:32:05
3299,Devyn,Pace,2022-11-10,,Production Technician II,Active,Part-Time,Full-Time,Unk,,1975-10-06,MA,Supervisor,MALE,51576,Fully Meets,4,False,489,False,2026-08-31 17:32:05,2425,45709.14,USD,2026-08-31 17:32:05
3300,Rosemary,Becker,2021-03-25,2022-05-08,Production Technician II,Terminated,Full-Time,Part-Time,Resignation,Resigned citing below-market compensation and lack of annual salary adjustments.,,MA,Technician,MALE,73771,Fully Meets,2,False,82,False,2026-08-31 17:32:05,1123,53734.19,USD,2026-08-31 17:32:05
3301,Amiah,Sweeney,2019-05-13,2022-08-13,Production Technician II,Voluntarily Terminated,Contract,Full-Time,Retirement,,,MA,Construction Manager,MALE,65436,Fully Meets,1,False,105,False,2026-08-31 17:32:05,1143,49146.98,USD,2026-08-31 17:32:05
3302,Maya,Mccoy,2019-06-07,2022-11-06,Production Technician II,On Leave,Full-Time,Part-Time,Retirement,,,MA,Lineman,FEMALE,77353,Fully Meets,4,False,110,False,2026-08-31 17:32:05,2287,52587.8,USD,2026-08-31 17:32:05
3303,Ty,Page,2023-02-18,,Production Technician II,Active,Full-Time,Part-Time,Unk,,1981-11-11,MA,Laborer,FEMALE,49310,Fully Meets,3,False,106,False,2026-08-31 17:32:05,2295,54609.96,USD,2026-08-31 17:32:05
3304,Destiney,Kirby,2019-04-02,,Production Technician II,Active,Part-Time,Temporary,Unk,,1984-07-12,MA,Foreman,FEMALE,71443,Fully Meets,4,False,365,False,2026-08-31 17:32:05,1316,59045.72,USD,2026-08-31 17:32:05
3305,Jace,Galloway,2020-11-30,2022-10-23,Production Technician I,Voluntarily Terminated,Contract,Part-Time,Involuntary,,1992-09-07,MA,Coordinator,FEMALE,18362,Fully Meets,4,False,118,False,2026-08-31 17:32:05,2361,63516.38,USD,2026-08-31 17:32:05
3306,Justice,Guerra,2022-09-24,2022-10-27,Production Technician I,Voluntarily Terminated,Full-Time,Temporary,Voluntary,,,MA,Laborer,MALE,78658,PIP,4,False,82,False,2026-08-31 17:32:05,1123,45034.65,USD,2026-08-31 17:32:05
3307,Quincy,Cardenas,2019-06-21,,Production Technician I,Active,Full-Time,Full-Time,Unk,,,MA,Vp,MALE,96247,Fully Meets,4,False,180,False,2026-08-31 17:32:05,1316,50665.43,USD,2026-08-31 17:32:05
3308,Alyvia,Mitchell,2022-06-10,,Production Technician I,Active,Contract,Temporary,Unk,,,MA,Administrative,FEMALE,70865,Fully Meets,3,False,162,False,2026-08-31 17:32:05,1316,48274.82,USD,2026-08-31 17:32:05
3309,Lillie,Potter,2020-10-18,,Production Technician I,Active,Part-Time,Part-Time,Unk,,,MA,Assistant,FEMALE,24730,Fully Meets,1,False,1,False,2026-08-31 17:32:05,2386,64238.57,USD,2026-08-31 17:32:05
3310,George,Fritz,2022-02-02,2023-02-04,Production Technician I,Terminated,Part-Time,Part-Time,Retirement,Left due to lack of flexibility around hybrid work policies and long commute times.,,MA,Vp,FEMALE,53426,Fully Meets,3,False,436,False,2026-08-31 17:32:05,2377,56517.62,USD,2026-08-31 17:32:05
3311,William,Avila,2021-06-17,2021-12-03,Production Technician I,Terminated,Contract,Temporary,Retirement,Terminated due to persistent low performance scores and disengagement following team restructuring.,1974-12-03,MA,Project Manager,FEMALE,15819,Fully Meets,4,False,91,False,2026-08-31 17:32:05,2364,64193.92,USD,2026-08-31 17:32:05
3312,Saniya,Mosley,2018-12-01,,Production Technician I,Active,Part-Time,Temporary,Unk,,,MA,Engineer,MALE,27839,Fully Meets,4,False,176,False,2026-08-31 17:32:05,2365,52763.82,USD,2026-08-31 17:32:05
3313,Aimee,Davila,2021-05-09,,Production Technician I,Active,Full-Time,Full-Time,Unk,,,MA,Assistant,MALE,36560,Fully Meets,3,False,365,False,2026-08-31 17:32:05,1316,45848.03,USD,2026-08-31 17:32:05
3314,German,Hobbs,2019-01-01,,Production Technician I,Active,Part-Time,Temporary,Unk,,,MA,Project Manager,MALE,19525,Fully Meets,4,False,124,False,2026-08-31 17:32:05,2395,77947.84,USD,2026-08-31 17:32:05
3315,Amy,Pace,2018-10-13,2020-03-18,Production Technician I,Voluntarily Terminated,Full-Time,Temporary,Involuntary,,,MA,Locator,FEMALE,85181,Fully Meets,3,False,86,False,2026-08-31 17:32:05,2298,48790.78,USD,2026-08-31 17:32:05
3316,Bronson,Houston,2020-04-25,2022-12-13,Production Technician I,On Leave,Part-Time,Full-Time,Retirement,,1975-11-11,MA,Lineman,FEMALE,37802,Fully Meets,3,False,134,False,2026-08-31 17:32:05,1316,49440.06,USD,2026-08-31 17:32:05
3317,Shyann,Hurst,2022-03-17,,Production Technician I,Active,Part-Time,Full-Time,Unk,,1983-08-04,MA,Specialist,FEMALE,90537,Fully Meets,3,False,447,False,2026-08-31 17:32:05,1316,50129.14,USD,2026-08-31 17:32:05
3318,Maddison,Dixon,2019-11-18,2022-02-10,Production Technician I,On Leave,Part-Time,Full-Time,Resignation,,1996-08-12,MA,Administrator,MALE,61532,Fully Meets,3,False,620,False,2026-08-31 17:32:05,1316,79344.68,USD,2026-08-31 17:32:05
3319,Madelynn,Murillo,2019-10-09,,Production Technician II,Active,Full-Time,Temporary,Unk,,,MA,Laborer,FEMALE,34874,Fully Meets,3,False,82,False,2026-08-31 17:32:05,1123,66618.11,USD,2026-08-31 17:32:05
3320,Zachery,Moreno,2020-05-18,,Production Technician II,Active,Part-Time,Part-Time,Unk,,1969-06-07,MA,Foreman,MALE,31303,Fully Meets,5,False,139,False,2026-08-31 17:32:05,2357,66360.15,USD,2026-08-31 17:32:05
3321,Tatum,Terrell,2019-02-17,,Production Technician II,Active,Contract,Full-Time,Unk,,1986-11-01,MA,Technician,MALE,37576,Fully Meets,2,False,150,False,2026-08-31 17:32:05,2417,79534.44,USD,2026-08-31 17:32:05
3322,Roland,Berg,2020-07-31,2022-09-27,Production Technician II,Voluntarily Terminated,Part-Time,Full-Time,Voluntary,,1943-09-10,MA,Lineman,MALE,25557,Fully Meets,4,False,181,False,2026-08-31 17:32:05,1316,48095.36,USD,2026-08-31 17:32:05
3323,Lilliana,Cowan,2023-06-17,2023-07-13,Production Technician II,On Leave,Full-Time,Temporary,Voluntary,,1962-04-06,MA,Laborer,FEMALE,27946,Fully Meets,4,False,157,False,2026-08-31 17:32:05,2326,79107.53,USD,2026-08-31 17:32:05
3324,Beatrice,Vance,2019-06-30,2022-07-24,Production Technician II,On Leave,Part-Time,Part-Time,Involuntary,,1952-04-11,MA,Splicer,FEMALE,11516,PIP,3,False,147,False,2026-08-31 17:32:05,1316,52140.46,USD,2026-08-31 17:32:05
3325,Andrea,Khan,2021-07-13,2022-03-11,Production Technician II,Voluntarily Terminated,Contract,Part-Time,Involuntary,,,MA,Technician,FEMALE,19512,Fully Meets,3,False,83,False,2026-08-31 17:32:05,2318,66807.5,USD,2026-08-31 17:32:05
3326,Keagan,Vaughan,2022-01-14,,Production Technician I,Active,Contract,Temporary,Unk,,1941-03-09,MA,Laborer,MALE,20146,Fully Meets,3,False,110,False,2026-08-31 17:32:05,2287,59702.92,USD,2026-08-31 17:32:05
3327,Selah,Ibarra,2020-01-01,,Production Technician I,Active,Contract,Full-Time,Unk,,,MA,Technician,FEMALE,91044,Fully Meets,1,False,94,False,2026-08-31 17:32:05,1316,58438.31,USD,2026-08-31 17:32:05
3328,Braylen,Cruz,2020-10-24,2023-04-11,Production Technician I,Voluntarily Terminated,Part-Time,Full-Time,Resignation,,1961-06-02,MA,Engineer,MALE,24046,Fully Meets,3,False,129,False,2026-08-31 17:32:05,2393,77593.52,USD,2026-08-31 17:32:05
3329,Gabriel,Smith,2020-10-24,,Production Technician I,Active,Part-Time,Full-Time,Unk,,1978-08-10,MA,Coordinator,MALE,90483,Fully Meets,4,False,361,False,2026-08-31 17:32:05,1164,50222.97,USD,2026-08-31 17:32:05
3330,Esther,Willis,2020-08-09,,Production Technician I,Active,Part-Time,Part-Time,Unk,,,MA,Engineer,FEMALE,83923,Fully Meets,4,False,442,False,2026-08-31 17:32:05,1316,79897.42,USD,2026-08-31 17:32:05
3331,Sydney,Chang,2019-03-24,2020-10-16,Production Technician I,Terminated,Full-Time,Part-Time,Voluntary,Left due to lack of flexibility around hybrid work policies and long commute times.,1963-06-11,MA,Technician,FEMALE,6014,Fully Meets,2,False,130,False,2026-08-31 17:32:05,2277,58269.38,USD,2026-08-31 17:32:05
3332,Will,Morse,2022-10-29,,Production Technician I,Active,Part-Time,Temporary,Unk,,1961-06-03,MA,Driver,FEMALE,34868,Fully Meets,3,False,99,False,2026-08-31 17:32:05,1316,67707.12,USD,2026-08-31 17:32:05
3333,Yael,Sexton,2023-05-16,,Production Technician I,Active,Contract,Temporary,Unk,,,MA,Administrative,MALE,45740,Fully Meets,3,False,91,False,2026-08-31 17:32:05,2364,78876.74,USD,2026-08-31 17:32:05
3334,Brendon,Ryan,2023-05-30,,Production Technician I,Active,Part-Time,Part-Time,Unk,,,MA,Drafter,MALE,46494,Fully Meets,3,False,373,False,2026-08-31 17:32:05,1253,47016.04,USD,2026-08-31 17:32:05
3335,Abbigail,Solis,2019-06-28,2021-12-16,Production Technician I,Voluntarily Terminated,Part-Time,Temporary,Resignation,,1992-07-04,MA,Driller,MALE,38014,Fully Meets,3,False,107,False,2026-08-31 17:32:05,2296,77300.25,USD,2026-08-31 17:32:05
3336,Sincere,Preston,2023-03-25,2023-05-17,Production Technician I,Voluntarily Terminated,Contract,Part-Time,Retirement,,,MA,Coordinator,MALE,75099,Fully Meets,3,False,110,False,2026-08-31 17:32:05,2287,64873.4,USD,2026-08-31 17:32:05
3337,Jorge,Pineda,2022-08-26,,Production Technician I,Active,Full-Time,Part-Time,Unk,,,MA,Project Manager,FEMALE,12948,Fully Meets,3,False,108,False,2026-08-31 17:32:05,1316,69653.89,USD,2026-08-31 17:32:05
3338,Aspen,Underwood,2019-11-15,,Production Technician I,Active,Contract,Temporary,Unk,,1950-05-03,MA,Laborer,FEMALE,67665,Fully Meets,3,False,189,False,2026-08-31 17:32:05,2291,50221.45,USD,2026-08-31 17:32:05
3339,Alyson,Hickman,2021-08-22,,Production Technician I,Active,Part-Time,Part-Time,Unk,,1951-11-12,MA,Engineer,MALE,50557,Fully Meets,5,False,169,False,2026-08-31 17:32:05,1316,63668.56,USD,2026-08-31 17:32:05
3340,Mina,Hancock,2022-11-29,,Production Technician I,Active,Part-Time,Full-Time,Unk,,1961-10-05,MA,Technician,MALE,87065,Fully Meets,3,False,84,False,2026-08-31 17:32:05,2324,68572.98,USD,2026-08-31 17:32:05
3341,Konner,Sheppard,2022-10-15,2023-01-25,Production Technician II,Terminated,Full-Time,Temporary,Involuntary,Terminated due to persistent low performance scores and disengagement following team restructuring.,,MA,Splicer,FEMALE,78768,Fully Meets,1,False,88,False,2026-08-31 17:32:05,2398,60968.66,USD,2026-08-31 17:32:05
3342,London,Nunez,2021-07-31,,Production Technician II,Active,Full-Time,Part-Time,Unk,,,MA,Lineman,MALE,35072,Fully Meets,2,False,172,False,2026-08-31 17:32:05,1187,50424.48,USD,2026-08-31 17:32:05
3343,Seth,Huff,2022-02-21,2023-05-26,Production Technician II,Terminated,Part-Time,Full-Time,Retirement,Left due to lack of flexibility around hybrid work policies and long commute times.,,MA,Mechanic,MALE,87930,Fully Meets,4,False,105,False,2026-08-31 17:32:05,1143,53544.17,USD,2026-08-31 17:32:05
3344,Justine,Villanueva,2021-08-29,,Production Technician II,Active,Contract,Temporary,Unk,,1958-12-03,MA,Lineman,MALE,71735,Fully Meets,3,False,84,False,2026-08-31 17:32:05,2324,74903.75,USD,2026-08-31 17:32:05
3345,Moshe,Anderson,2021-12-13,2023-01-29,Production Technician II,Voluntarily Terminated,Full-Time,Part-Time,Retirement,,1981-09-04,MA,Director,MALE,66521,Fully Meets,4,False,381,False,2026-08-31 17:32:05,2315,46206.48,USD,2026-08-31 17:32:05
3346,Kadyn,Bush,2021-03-30,2022-02-12,Production Technician II,On Leave,Part-Time,Temporary,Involuntary,,1957-07-04,MA,Lineman,FEMALE,47048,Fully Meets,2,False,492,False,2026-08-31 17:32:05,1316,69810.17,USD,2026-08-31 17:32:05
3347,Ahmed,Lindsey,2021-02-02,2022-05-13,Production Technician II,On Leave,Contract,Temporary,Resignation,,,MA,Operator,FEMALE,17960,Fully Meets,3,False,196,False,2026-08-31 17:32:05,1316,79978.65,USD,2026-08-31 17:32:05
3348,Ryder,Bray,2019-10-31,,Production Technician II,Active,Part-Time,Part-Time,Unk,,1987-01-12,MA,Laborer,FEMALE,42857,Fully Meets,2,False,148,False,2026-08-31 17:32:05,1122,45261.9,USD,2026-08-31 17:32:05
3349,Taylor,Bonilla,2022-11-07,,Production Technician I,Active,Contract,Full-Time,Unk,,,MA,Drafter,MALE,85935,Fully Meets,3,False,190,False,2026-08-31 17:32:05,1316,50636.6,USD,2026-08-31 17:32:05
3350,Jalen,Richmond,2022-11-20,,Production Technician I,Active,Full-Time,Part-Time,Unk,,1973-07-01,MA,Technician,FEMALE,41824,Fully Meets,5,False,119,False,2026-08-31 17:32:05,2285,68595.05,USD,2026-08-31 17:32:05
3351,Kayden,Hill,2021-12-15,2022-04-06,Production Technician I,Voluntarily Terminated,Contract,Part-Time,Involuntary,,1974-08-09,MA,Warehouse,MALE,57006,Fully Meets,2,False,85,False,2026-08-31 17:32:05,1316,47099.68,USD,2026-08-31 17:32:05
3352,Aubree,Mooney,2023-02-22,,Production Technician I,Active,Part-Time,Full-Time,Unk,,1986-05-04,MA,Groundman,MALE,82003,Fully Meets,3,False,91,False,2026-08-31 17:32:05,2364,65642.65,USD,2026-08-31 17:32:05
3353,Haven,Donaldson,2020-03-29,,Production Technician I,Active,Contract,Part-Time,Unk,,1978-11-06,MA,Lineman,FEMALE,62032,Fully Meets,3,False,148,False,2026-08-31 17:32:05,1122,68940.0,USD,2026-08-31 17:32:05
3354,Neil,Dunn,2021-08-09,2023-06-16,Production Technician I,Terminated,Part-Time,Temporary,Retirement,Resigned citing below-market compensation and lack of annual salary adjustments.,,MA,Laborer,FEMALE,14400,Fully Meets,3,False,82,False,2026-08-31 17:32:05,1123,65585.12,USD,2026-08-31 17:32:05
3355,Darryl,Ponce,2023-01-02,2023-06-18,Production Technician I,Terminated,Contract,Part-Time,Resignation,Left due to lack of flexibility around hybrid work policies and long commute times.,,MA,Technician,FEMALE,34876,Fully Meets,5,False,89,False,2026-08-31 17:32:05,1316,57781.46,USD,2026-08-31 17:32:05
3356,Cade,Heath,2018-11-10,,Production Technician I,Active,Full-Time,Part-Time,Unk,,,MA,Technician,FEMALE,34856,Needs Improvement,3,False,124,False,2026-08-31 17:32:05,2395,69404.88,USD,2026-08-31 17:32:05
3357,Sidney,Hooper,2022-08-30,,Production Technician I,Active,Full-Time,Temporary,Unk,,1942-09-08,MA,Director,MALE,78039,Exceeds,1,False,141,False,2026-08-31 17:32:05,2337,65800.3,USD,2026-08-31 17:32:05
3358,Johnathan,Mayo,2021-07-30,2022-12-03,Production Technician I,On Leave,Full-Time,Part-Time,Voluntary,,,MA,Laborer,MALE,67062,Fully Meets,3,False,107,False,2026-08-31 17:32:05,2296,52267.3,USD,2026-08-31 17:32:05
3359,Anika,Arroyo,2020-11-29,,Production Technician I,Active,Full-Time,Temporary,Unk,,1980-08-02,MA,Laborer,MALE,30982,Exceeds,3,False,86,False,2026-08-31 17:32:05,2298,64709.74,USD,2026-08-31 17:32:05
3360,Fatima,Kemp,2021-03-24,,Production Technician I,Active,Part-Time,Part-Time,Unk,,,MA,Safety,FEMALE,4369,Exceeds,2,False,84,False,2026-08-31 17:32:05,2324,75866.75,USD,2026-08-31 17:32:05
3361,Lilianna,Conway,2020-12-29,2022-02-23,Production Technician I,Voluntarily Terminated,Part-Time,Temporary,Voluntary,,1943-04-10,MA,Technician,FEMALE,65806,Exceeds,3,False,120,False,2026-08-31 17:32:05,2336,68339.16,USD,2026-08-31 17:32:05
3362,Tony,Cooke,2021-08-02,,Production Technician I,Active,Full-Time,Temporary,Unk,,1967-10-11,MA,Laborer,FEMALE,90552,Exceeds,1,False,91,False,2026-08-31 17:32:05,2364,61512.7,USD,2026-08-31 17:32:05
3363,Trevor,Barry,2022-03-30,,Production Technician I,Active,Part-Time,Temporary,Unk,,,MA,Laborer,MALE,31018,Exceeds,5,False,83,False,2026-08-31 17:32:05,2318,56255.44,USD,2026-08-31 17:32:05
3364,Marisa,Frank,2021-03-05,2021-09-07,Production Technician II,Terminated,Part-Time,Temporary,Retirement,Left due to lack of flexibility around hybrid work policies and long commute times.,1960-05-06,MA,Technician,FEMALE,42754,Exceeds,3,False,108,False,2026-08-31 17:32:05,1316,48006.02,USD,2026-08-31 17:32:05
3365,Shania,Flores,2020-12-02,,Production Technician II,Active,Contract,Temporary,Unk,,,MA,Laborer,MALE,24571,Fully Meets,3,False,179,False,2026-08-31 17:32:05,1142,53561.95,USD,2026-08-31 17:32:05
3366,Andre,Allison,2019-01-20,2020-01-18,Production Technician II,Voluntarily Terminated,Contract,Full-Time,Voluntary,,,MA,Project Manager,MALE,74701,Exceeds,4,False,139,False,2026-08-31 17:32:05,2357,45391.54,USD,2026-08-31 17:32:05
3367,Destiny,Bright,2020-05-30,2022-02-01,Production Technician II,Voluntarily Terminated,Full-Time,Full-Time,Retirement,,,MA,Laborer,MALE,35065,Exceeds,2,False,97,False,2026-08-31 17:32:05,1165,79531.91,USD,2026-08-31 17:32:05
3368,Karli,Parks,2019-11-14,2023-05-14,Production Technician II,On Leave,Part-Time,Part-Time,Retirement,,1990-07-02,MA,Apprentice,MALE,61176,Exceeds,5,False,130,False,2026-08-31 17:32:05,2277,52786.88,USD,2026-08-31 17:32:05
3369,Mylie,Callahan,2022-07-27,2023-03-24,Production Technician II,On Leave,Part-Time,Temporary,Resignation,,,MA,Locator,FEMALE,22374,Exceeds,2,False,121,False,2026-08-31 17:32:05,2414,73520.66,USD,2026-08-31 17:32:05
3370,Jadiel,Dickson,2022-06-20,,Production Technician II,Active,Contract,Temporary,Unk,,,MA,Laborer,FEMALE,57215,Exceeds,3,False,135,False,2026-08-31 17:32:05,1316,50902.57,USD,2026-08-31 17:32:05
3371,Aliya,Moss,2022-12-20,2023-03-22,Production Technician II,Voluntarily Terminated,Full-Time,Full-Time,Resignation,,,MA,Manager,FEMALE,5985,Exceeds,3,False,431,False,2026-08-31 17:32:05,1316,54926.04,USD,2026-08-31 17:32:05
3372,Kylie,Roman,2023-01-14,2023-03-14,Production Technician I,Voluntarily Terminated,Contract,Part-Time,Involuntary,,,MA,Manager,FEMALE,94040,Fully Meets,4,False,380,False,2026-08-31 17:32:05,2276,59639.71,USD,2026-08-31 17:32:05
3373,Karter,Thornton,2018-09-22,,Production Technician I,Active,Contract,Temporary,Unk,,1989-06-02,MA,Foreman,MALE,35546,Exceeds,2,False,140,False,2026-08-31 17:32:05,1316,56354.2,USD,2026-08-31 17:32:05
3374,Ronald,Bullock,2022-09-24,2023-03-10,Production Technician I,Voluntarily Terminated,Part-Time,Temporary,Involuntary,,1999-04-12,MA,Laborer,MALE,33903,Exceeds,4,False,86,False,2026-08-31 17:32:05,2298,72942.28,USD,2026-08-31 17:32:05
3375,Sharon,Beltran,2020-06-08,2021-07-13,Production Technician I,Voluntarily Terminated,Full-Time,Full-Time,Voluntary,,,MA,Program Manager,FEMALE,58194,Exceeds,3,False,129,False,2026-08-31 17:32:05,2393,78519.27,USD,2026-08-31 17:32:05
3376,Maren,Anderson,2023-07-06,,Production Technician I,Active,Part-Time,Temporary,Unk,,1986-11-11,MA,Technician,FEMALE,7445,Exceeds,5,False,105,False,2026-08-31 17:32:05,1143,75635.31,USD,2026-08-31 17:32:05
3377,Cruz,Ashley,2020-02-24,2023-05-13,Production Technician I,Terminated,Part-Time,Temporary,Resignation,Terminated due to persistent low performance scores and disengagement following team restructuring.,1989-06-09,MA,Foreman,FEMALE,52336,Exceeds,4,False,355,False,2026-08-31 17:32:05,1316,50375.23,USD,2026-08-31 17:32:05
3378,Enzo,Carney,2021-05-26,,Production Technician I,Active,Contract,Temporary,Unk,,1993-04-09,MA,Technician,FEMALE,53521,Exceeds,3,False,120,False,2026-08-31 17:32:05,2336,72184.1,USD,2026-08-31 17:32:05
3379,Marquis,Joseph,2023-04-09,2023-06-14,Production Technician I,On Leave,Contract,Part-Time,Voluntary,,,MA,Helpdesk,FEMALE,48347,Exceeds,4,False,358,False,2026-08-31 17:32:05,1316,50178.14,USD,2026-08-31 17:32:05
3380,Victor,Ibarra,2023-06-27,,Production Technician I,Active,Full-Time,Temporary,Unk,,,MA,Technician,MALE,9268,Exceeds,1,False,91,False,2026-08-31 17:32:05,2364,76968.34,USD,2026-08-31 17:32:05
3381,Annabelle,Marquez,2022-12-20,,Production Technician I,Active,Contract,Part-Time,Unk,,,MA,Foreman,MALE,20032,Exceeds,3,False,83,False,2026-08-31 17:32:05,2318,63125.75,USD,2026-08-31 17:32:05
3382,Romeo,Gordon,2018-11-10,,Production Technician I,Active,Part-Time,Temporary,Unk,,,MA,Administrator,MALE,59153,Exceeds,5,False,107,False,2026-08-31 17:32:05,2296,56773.34,USD,2026-08-31 17:32:05
3383,Aimee,Hughes,2020-08-13,2020-10-02,Production Technician I,Voluntarily Terminated,Part-Time,Part-Time,Resignation,,1985-01-04,MA,Splicer,FEMALE,20389,Exceeds,2,False,110,False,2026-08-31 17:32:05,2287,50495.89,USD,2026-08-31 17:32:05
3384,Dennis,Hays,2019-03-07,,Production Technician I,Active,Full-Time,Full-Time,Unk,,,MA,Operator,FEMALE,26286,Fully Meets,3,False,86,False,2026-08-31 17:32:05,2298,45413.32,USD,2026-08-31 17:32:05
3385,Kelly,Fritz,2022-03-13,,Production Technician I,Active,Part-Time,Full-Time,Unk,,1978-10-07,MA,Technician,FEMALE,85739,Fully Meets,3,False,189,False,2026-08-31 17:32:05,2291,53678.14,USD,2026-08-31 17:32:05
3386,Darnell,Shelton,2019-11-25,2021-01-28,Production Technician II,Terminated,Contract,Temporary,Voluntary,Terminated due to persistent low performance scores and disengagement following team restructuring.,,MA,Laborer,FEMALE,45331,Fully Meets,2,False,88,False,2026-08-31 17:32:05,2398,76990.7,USD,2026-08-31 17:32:05
3387,Sabrina,Holt,2019-03-06,,Production Technician II,Active,Full-Time,Full-Time,Unk,,,MA,Supervisor,MALE,46093,Fully Meets,3,False,382,False,2026-08-31 17:32:05,1273,72904.18,USD,2026-08-31 17:32:05
3388,Zoie,Logan,2019-04-19,,Production Technician II,Active,Part-Time,Temporary,Unk,,,MA,Technician,MALE,48911,Fully Meets,1,False,448,False,2026-08-31 17:32:05,2282,78942.78,USD,2026-08-31 17:32:05
3389,Finley,Medina,2020-08-12,,Production Technician II,Active,Full-Time,Temporary,Unk,,,MA,Laborer,MALE,18226,Fully Meets,1,False,97,False,2026-08-31 17:32:05,1165,48526.65,USD,2026-08-31 17:32:05
3390,Lizeth,Middleton,2022-10-21,2023-01-05,Production Technician II,On Leave,Part-Time,Temporary,Voluntary,,1969-10-01,MA,Engineer,FEMALE,90024,Fully Meets,1,False,611,False,2026-08-31 17:32:05,1316,65726.26,USD,2026-08-31 17:32:05
3391,Odin,Camacho,2020-01-13,,Production Technician II,Active,Part-Time,Full-Time,Unk,,1991-04-11,MA,Project Manager,FEMALE,2225,Fully Meets,3,False,194,False,2026-08-31 17:32:05,2441,54000.27,USD,2026-08-31 17:32:05
3392,Dakota,Lowery,2019-11-18,2021-09-22,Production Technician II,Voluntarily Terminated,Full-Time,Full-Time,Voluntary,,,MA,Technician,FEMALE,14864,Fully Meets,2,False,135,False,2026-08-31 17:32:05,1316,64002.96,USD,2026-08-31 17:32:05
3393,Skyla,Santiago,2018-08-25,,Production Technician I,Active,Contract,Full-Time,Unk,,1942-04-06,MA,Flagger,FEMALE,33532,Needs Improvement,3,False,84,False,2026-08-31 17:32:05,2324,56215.92,USD,2026-08-31 17:32:05
3394,Harley,Beard,2021-05-24,,Production Technician I,Active,Contract,Temporary,Unk,,1949-03-06,MA,Technician,MALE,37566,Fully Meets,2,False,86,False,2026-08-31 17:32:05,2298,54921.29,USD,2026-08-31 17:32:05
3395,Summer,Barber,2021-06-09,2022-01-13,Production Technician I,Voluntarily Terminated,Part-Time,Part-Time,Resignation,,1975-09-02,MA,Driver,FEMALE,88306,Needs Improvement,3,False,107,False,2026-08-31 17:32:05,2296,65084.59,USD,2026-08-31 17:32:05
3396,Stephen,Mcmillan,2021-04-05,2021-11-29,Production Technician I,Voluntarily Terminated,Part-Time,Full-Time,Voluntary,,,MA,Foreman,FEMALE,49024,Fully Meets,4,False,121,False,2026-08-31 17:32:05,2414,51416.14,USD,2026-08-31 17:32:05
3397,Rylan,Garrison,2022-11-05,,Production Technician I,Active,Part-Time,Part-Time,Unk,,,MA,Driller,FEMALE,41302,Fully Meets,3,False,98,False,2026-08-31 17:32:05,2294,61419.67,USD,2026-08-31 17:32:05
3398,Kyler,Cherry,2019-11-09,2022-09-03,Production Technician I,Terminated,Part-Time,Full-Time,Retirement,Terminated due to persistent low performance scores and disengagement following team restructuring.,1956-11-12,MA,Technician,FEMALE,63776,Fully Meets,3,False,139,False,2026-08-31 17:32:05,2357,67778.43,USD,2026-08-31 17:32:05
3399,Corinne,Reeves,2022-06-05,2023-06-01,Production Technician I,Terminated,Full-Time,Full-Time,Involuntary,Resigned citing below-market compensation and lack of annual salary adjustments.,,MA,Lineman,FEMALE,16715,Fully Meets,2,False,172,False,2026-08-31 17:32:05,1187,49486.37,USD,2026-08-31 17:32:05
3400,Lorenzo,Short,2021-09-21,,Production Technician I,Active,Full-Time,Temporary,Unk,,1970-04-06,MA,Mechanic,FEMALE,90974,Fully Meets,1,False,440,False,2026-08-31 17:32:05,1316,77570.8,USD,2026-08-31 17:32:05
3401,Taniya,Kane,2021-11-10,2023-06-04,Production Technician I,On Leave,Contract,Full-Time,Involuntary,,1973-11-04,MA,Laborer,MALE,3403,Fully Meets,1,False,91,False,2026-08-31 17:32:05,2364,62700.36,USD,2026-08-31 17:32:05
3402,Nevaeh,Mcmillan,2021-03-03,2022-04-12,Production Technician I,Voluntarily Terminated,Part-Time,Full-Time,Voluntary,,,MA,Engineer,MALE,22662,Fully Meets,3,False,130,False,2026-08-31 17:32:05,2277,73683.48,USD,2026-08-31 17:32:05
3403,Dillon,Larson,2021-02-19,2022-11-15,Production Technician I,Voluntarily Terminated,Contract,Full-Time,Retirement,,1975-03-09,MA,Laborer,FEMALE,66066,Exceeds,3,False,97,False,2026-08-31 17:32:05,1165,67886.69,USD,2026-08-31 17:32:05
3404,Willie,Howe,2019-04-25,2022-11-11,Production Technician I,On Leave,Part-Time,Full-Time,Involuntary,,,MA,Driller,FEMALE,58775,Fully Meets,2,False,98,False,2026-08-31 17:32:05,2294,69850.03,USD,2026-08-31 17:32:05
3405,Selina,Jefferson,2020-01-13,2022-10-21,Production Technician I,On Leave,Contract,Full-Time,Voluntary,,1979-02-03,MA,Engineer,FEMALE,12351,Fully Meets,1,False,86,False,2026-08-31 17:32:05,2298,70064.58,USD,2026-08-31 17:32:05
3406,Serenity,Montgomery,2020-03-25,2023-04-26,Production Technician I,Voluntarily Terminated,Contract,Temporary,Involuntary,,,MA,Administration,FEMALE,24805,Fully Meets,5,False,165,False,2026-08-31 17:32:05,1316,75628.5,USD,2026-08-31 17:32:05
3407,Kamila,Sanders,2021-04-15,2023-05-11,Production Technician II,Terminated,Part-Time,Temporary,Voluntary,Terminated due to persistent low performance scores and disengagement following team restructuring.,,MA,Construction Manager,FEMALE,18000,Fully Meets,5,False,86,False,2026-08-31 17:32:05,2298,66476.19,USD,2026-08-31 17:32:05
3408,Rose,Mcguire,2022-12-15,2023-04-25,Production Technician II,Voluntarily Terminated,Contract,Full-Time,Resignation,,1965-07-01,MA,Supervisor,MALE,67579,Fully Meets,3,False,82,False,2026-08-31 17:32:05,1123,54737.6,USD,2026-08-31 17:32:05
3409,Brenton,Zavala,2022-10-08,2023-02-04,Production Technician II,Terminated,Contract,Full-Time,Resignation,Left due to lack of flexibility around hybrid work policies and long commute times.,,MA,Laborer,MALE,82704,Fully Meets,4,False,446,False,2026-08-31 17:32:05,2344,48482.84,USD,2026-08-31 17:32:05
3410,Laci,Klein,2018-12-18,,Production Technician II,Active,Contract,Temporary,Unk,,1980-07-07,MA,Manager,MALE,41572,Fully Meets,3,False,620,False,2026-08-31 17:32:05,1316,66218.77,USD,2026-08-31 17:32:05
3411,Brenda,Boone,2022-10-06,,Production Technician II,Active,Full-Time,Part-Time,Unk,,,MA,Administrative,FEMALE,24028,Fully Meets,2,False,383,False,2026-08-31 17:32:05,1316,47322.35,USD,2026-08-31 17:32:05
3412,Andrea,Walters,2019-12-28,,Production Technician II,Active,Part-Time,Full-Time,Unk,,,MA,Mechanic,FEMALE,68155,Exceeds,3,False,615,False,2026-08-31 17:32:05,1316,53445.27,USD,2026-08-31 17:32:05
3413,Jovanny,Matthews,2019-11-25,,Production Technician II,Active,Contract,Temporary,Unk,,,MA,Laborer,FEMALE,74549,Fully Meets,5,False,91,False,2026-08-31 17:32:05,2364,47124.75,USD,2026-08-31 17:32:05
3414,Hunter,Silva,2022-06-03,,Production Technician I,Active,Contract,Temporary,Unk,,1998-04-05,MA,Foreman,FEMALE,44418,Exceeds,3,False,148,False,2026-08-31 17:32:05,1122,64211.07,USD,2026-08-31 17:32:05
3415,Julien,Cisneros,2022-09-09,2023-03-16,Production Technician I,Voluntarily Terminated,Full-Time,Part-Time,Retirement,,,MA,Driver,MALE,23971,Fully Meets,3,False,167,False,2026-08-31 17:32:05,1316,50611.83,USD,2026-08-31 17:32:05
3416,Aron,Waters,2020-10-02,,Production Technician I,Active,Full-Time,Part-Time,Unk,,,MA,Director,MALE,46381,Fully Meets,2,False,433,False,2026-08-31 17:32:05,2403,66364.26,USD,2026-08-31 17:32:05
3417,Brayden,Singh,2022-02-07,,Production Technician I,Active,Part-Time,Part-Time,Unk,,,MA,Splicer,FEMALE,71282,Fully Meets,1,False,193,False,2026-08-31 17:32:05,1316,72680.28,USD,2026-08-31 17:32:05
3418,Karma,Palmer,2022-10-14,,Production Technician I,Active,Part-Time,Temporary,Unk,,1996-12-08,MA,Coordinator,FEMALE,40277,Fully Meets,4,False,135,False,2026-08-31 17:32:05,1316,73765.83,USD,2026-08-31 17:32:05
3419,Stanley,Reyes,2019-10-14,,Production Technician I,Active,Contract,Temporary,Unk,,1952-05-12,MA,Foreman,FEMALE,39578,Fully Meets,2,False,148,False,2026-08-31 17:32:05,1122,55834.02,USD,2026-08-31 17:32:05
3420,Levi,Hayden,2020-10-10,2022-08-05,Production Technician I,Terminated,Contract,Full-Time,Voluntary,Resigned citing below-market compensation and lack of annual salary adjustments.,1944-10-08,MA,Laborer,FEMALE,18079,Fully Meets,2,False,82,False,2026-08-31 17:32:05,1123,64213.41,USD,2026-08-31 17:32:05
3421,Brenden,Leach,2022-05-09,2022-09-08,Production Technician I,Terminated,Part-Time,Part-Time,Retirement,Left due to lack of flexibility around hybrid work policies and long commute times.,1959-11-06,MA,Foreman,FEMALE,57340,Fully Meets,1,False,487,False,2026-08-31 17:32:05,2438,64705.38,USD,2026-08-31 17:32:05
3422,Jakobe,Erickson,2022-06-22,2022-08-07,Production Technician I,On Leave,Part-Time,Part-Time,Retirement,,,MA,Model Assistant,FEMALE,44500,Fully Meets,3,False,160,False,2026-08-31 17:32:05,2435,61551.05,USD,2026-08-31 17:32:05
3423,Adyson,Strickland,2020-12-28,,Production Technician I,Active,Part-Time,Full-Time,Unk,,2001-10-06,MA,Engineer,MALE,35444,Fully Meets,3,False,141,False,2026-08-31 17:32:05,2337,67928.99,USD,2026-08-31 17:32:05
3424,Annabel,Wilkins,2020-12-09,2022-08-04,Production Technician I,Voluntarily Terminated,Contract,Temporary,Involuntary,,,MA,Laborer,MALE,6608,Fully Meets,2,False,365,False,2026-08-31 17:32:05,1316,52353.05,USD,2026-08-31 17:32:05
3425,Kendra,Braun,2019-05-28,2021-10-23,Production Technician I,Voluntarily Terminated,Contract,Full-Time,Resignation,,,MA,Foreman,FEMALE,3807,Fully Meets,2,False,357,False,2026-08-31 17:32:05,2297,79273.51,USD,2026-08-31 17:32:05
3426,Chace,Kerr,2022-04-27,,Production Technician I,Active,Full-Time,Temporary,Unk,,1990-11-09,MA,Warehouse Technician,FEMALE,57487,Fully Meets,2,False,97,False,2026-08-31 17:32:05,1165,48432.79,USD,2026-08-31 17:32:05
