employee_id,leave_type,start_date,end_date,reason,status,decided_by,decided_at,created_at
1,ANNUAL,2025-11-10,2025-11-11,,APPROVED,adam.roberts@nexuserp.com,2025-11-02 00:00:00,2025-10-02 00:00:00
1,ANNUAL,2026-07-21,2026-07-26,,APPROVED,adam.roberts@nexuserp.com,2026-07-09 00:00:00,2026-06-29 00:00:00
2,SICK,2025-10-13,2025-10-13,,APPROVED,sara.dubois@nexuserp.com,2025-10-01 00:00:00,2025-09-13 00:00:00
2,ANNUAL,2026-09-03,2026-09-12,,APPROVED,sara.dubois@nexuserp.com,2026-08-30 00:00:00,2026-08-12 00:00:00
4,SICK,2025-08-26,2025-08-27,,APPROVED,lucas.laurent@nexuserp.com,2025-08-17 00:00:00,2025-07-26 00:00:00
5,ANNUAL,2025-10-24,2025-10-26,,APPROVED,sara.khalil@nexuserp.com,2025-10-13 00:00:00,2025-10-04 00:00:00
8,OTHER,2025-11-26,2025-11-30,,APPROVED,sharon.muller@nexuserp.com,2025-11-22 00:00:00,2025-10-21 00:00:00
8,ANNUAL,2026-07-26,2026-08-03,,APPROVED,sharon.muller@nexuserp.com,2026-07-08 00:00:00,2026-06-24 00:00:00
10,ANNUAL,2026-07-17,2026-07-24,,APPROVED,lea.moreau@nexuserp.com,2026-07-06 00:00:00,2026-06-12 00:00:00
10,SICK,2026-06-08,2026-06-10,,APPROVED,lea.moreau@nexuserp.com,2026-06-02 00:00:00,2026-05-05 00:00:00
11,SICK,2026-03-07,2026-03-07,,REJECTED,karen.lee@nexuserp.com,2026-03-02 00:00:00,2026-02-09 00:00:00
13,ANNUAL,2025-11-19,2025-11-21,,APPROVED,susan.muller@nexuserp.com,2025-11-16 00:00:00,2025-10-23 00:00:00
15,ANNUAL,2026-03-03,2026-03-08,,REJECTED,lucas.laurent@nexuserp.com,2026-02-23 00:00:00,2026-02-02 00:00:00
16,SICK,2026-07-23,2026-07-24,,REJECTED,sara.dubois@nexuserp.com,2026-07-09 00:00:00,2026-06-24 00:00:00
16,UNPAID,2025-10-11,2025-10-12,,APPROVED,sara.dubois@nexuserp.com,2025-10-04 00:00:00,2025-09-12 00:00:00
18,ANNUAL,2026-01-11,2026-01-15,,APPROVED,rayan.flores@nexuserp.com,2025-12-30 00:00:00,2025-12-08 00:00:00
19,ANNUAL,2025-09-14,2025-09-19,,APPROVED,luca.wang@nexuserp.com,2025-09-01 00:00:00,2025-08-19 00:00:00
20,UNPAID,2026-06-28,2026-06-29,,APPROVED,cynthia.lewis2@nexuserp.com,2026-06-25 00:00:00,2026-05-29 00:00:00
20,ANNUAL,2026-09-03,2026-09-06,,APPROVED,cynthia.lewis2@nexuserp.com,2026-08-17 00:00:00,2026-08-01 00:00:00
21,ANNUAL,2026-10-27,2026-10-30,,PENDING,,,2026-09-23 00:00:00
22,ANNUAL,2026-05-03,2026-05-07,,APPROVED,luca.wang@nexuserp.com,2026-04-24 00:00:00,2026-03-31 00:00:00
22,SICK,2026-03-20,2026-03-21,,REJECTED,luca.wang@nexuserp.com,2026-03-17 00:00:00,2026-02-14 00:00:00
23,SICK,2026-02-13,2026-02-14,,APPROVED,tariq.lopez@nexuserp.com,2026-02-05 00:00:00,2026-01-06 00:00:00
24,ANNUAL,2025-10-10,2025-10-15,,APPROVED,jonathan.brown@nexuserp.com,2025-10-01 00:00:00,2025-09-17 00:00:00
24,ANNUAL,2026-09-04,2026-09-06,,APPROVED,jonathan.brown@nexuserp.com,2026-08-23 00:00:00,2026-08-09 00:00:00
26,ANNUAL,2026-05-23,2026-06-01,,APPROVED,mark.patel@nexuserp.com,2026-05-10 00:00:00,2026-04-14 00:00:00
26,ANNUAL,2025-11-09,2025-11-16,,APPROVED,mark.patel@nexuserp.com,2025-11-06 00:00:00,2025-10-12 00:00:00
27,ANNUAL,2025-10-12,2025-10-19,,APPROVED,mark.lee@nexuserp.com,2025-09-24 00:00:00,2025-09-11 00:00:00
27,ANNUAL,2025-05-02,2025-05-09,,APPROVED,mark.lee@nexuserp.com,2025-04-28 00:00:00,2025-03-26 00:00:00
27,ANNUAL,2026-03-17,2026-03-22,,APPROVED,mark.lee@nexuserp.com,2026-03-09 00:00:00,2026-02-21 00:00:00
28,ANNUAL,2025-11-14,2025-11-18,,APPROVED,hugo.jones@nexuserp.com,2025-11-04 00:00:00,2025-10-19 00:00:00
28,ANNUAL,2026-05-06,2026-05-14,,APPROVED,hugo.jones@nexuserp.com,2026-04-17 00:00:00,2026-04-03 00:00:00
28,ANNUAL,2025-10-12,2025-10-20,,APPROVED,hugo.jones@nexuserp.com,2025-10-03 00:00:00,2025-09-18 00:00:00
30,ANNUAL,2026-03-16,2026-03-21,,APPROVED,karen.oliveira2@nexuserp.com,2026-03-11 00:00:00,2026-02-22 00:00:00
30,OTHER,2026-08-28,2026-08-31,,APPROVED,karen.oliveira2@nexuserp.com,2026-08-21 00:00:00,2026-07-30 00:00:00
30,SICK,2026-09-01,2026-09-02,,APPROVED,karen.oliveira2@nexuserp.com,2026-08-22 00:00:00,2026-08-06 00:00:00
31,ANNUAL,2025-07-15,2025-07-21,,REJECTED,steven.laurent@nexuserp.com,2025-07-11 00:00:00,2025-06-07 00:00:00
31,ANNUAL,2025-06-24,2025-07-02,,APPROVED,steven.laurent@nexuserp.com,2025-06-20 00:00:00,2025-05-31 00:00:00
32,SICK,2025-11-28,2025-11-28,,APPROVED,hugo.jones@nexuserp.com,2025-11-24 00:00:00,2025-10-30 00:00:00
32,ANNUAL,2026-07-03,2026-07-12,,APPROVED,hugo.jones@nexuserp.com,2026-06-23 00:00:00,2026-05-29 00:00:00
33,ANNUAL,2024-12-24,2024-12-26,,APPROVED,sara.dubois@nexuserp.com,2024-12-11 00:00:00,2024-11-28 00:00:00
35,OTHER,2026-05-11,2026-05-13,,APPROVED,amanda.martin2@nexuserp.com,2026-05-07 00:00:00,2026-04-13 00:00:00
35,ANNUAL,2025-10-08,2025-10-11,,APPROVED,amanda.martin2@nexuserp.com,2025-09-28 00:00:00,2025-08-30 00:00:00
36,ANNUAL,2026-02-10,2026-02-18,,REJECTED,priya.mitchell@nexuserp.com,2026-02-03 00:00:00,2026-01-06 00:00:00
39,SICK,2026-08-12,2026-08-12,,APPROVED,rayan.flores@nexuserp.com,2026-07-28 00:00:00,2026-07-14 00:00:00
40,ANNUAL,2026-06-22,2026-06-24,,APPROVED,susan.muller@nexuserp.com,2026-06-13 00:00:00,2026-05-29 00:00:00
40,ANNUAL,2025-12-28,2026-01-01,,APPROVED,susan.muller@nexuserp.com,2025-12-15 00:00:00,2025-11-28 00:00:00
40,ANNUAL,2026-04-25,2026-04-28,,APPROVED,susan.muller@nexuserp.com,2026-04-06 00:00:00,2026-03-27 00:00:00
41,ANNUAL,2026-03-17,2026-03-24,,APPROVED,jacob.sato@nexuserp.com,2026-03-10 00:00:00,2026-02-08 00:00:00
41,ANNUAL,2026-06-26,2026-06-29,,APPROVED,jacob.sato@nexuserp.com,2026-06-11 00:00:00,2026-05-22 00:00:00
41,ANNUAL,2025-09-26,2025-10-02,,APPROVED,jacob.sato@nexuserp.com,2025-09-14 00:00:00,2025-08-23 00:00:00
45,SICK,2025-10-28,2025-10-28,,APPROVED,richard.carter@nexuserp.com,2025-10-21 00:00:00,2025-09-25 00:00:00
46,ANNUAL,2026-01-10,2026-01-12,,APPROVED,eric.adams2@nexuserp.com,2025-12-28 00:00:00,2025-12-11 00:00:00
47,ANNUAL,2025-11-30,2025-12-07,,APPROVED,felix.murphy@nexuserp.com,2025-11-22 00:00:00,2025-10-22 00:00:00
49,ANNUAL,2025-10-21,2025-10-28,,APPROVED,adam.roberts@nexuserp.com,2025-10-17 00:00:00,2025-09-12 00:00:00
49,SICK,2026-07-27,2026-07-27,,APPROVED,adam.roberts@nexuserp.com,2026-07-18 00:00:00,2026-06-27 00:00:00
49,ANNUAL,2026-02-06,2026-02-14,,APPROVED,adam.roberts@nexuserp.com,2026-02-03 00:00:00,2026-01-03 00:00:00
52,SICK,2026-08-05,2026-08-07,,APPROVED,elizabeth.russo@nexuserp.com,2026-07-22 00:00:00,2026-07-02 00:00:00
52,ANNUAL,2026-02-23,2026-03-03,,APPROVED,elizabeth.russo@nexuserp.com,2026-02-19 00:00:00,2026-02-01 00:00:00
52,ANNUAL,2026-10-29,2026-11-04,Personal matters,PENDING,,,2026-09-24 00:00:00
53,ANNUAL,2025-09-26,2025-09-28,,APPROVED,hiroshi.scott2@nexuserp.com,2025-09-10 00:00:00,2025-09-03 00:00:00
54,ANNUAL,2026-04-16,2026-04-19,,APPROVED,ryan.khalil@nexuserp.com,2026-04-03 00:00:00,2026-03-21 00:00:00
54,ANNUAL,2026-01-14,2026-01-15,,APPROVED,ryan.khalil@nexuserp.com,2025-12-29 00:00:00,2025-12-06 00:00:00
54,ANNUAL,2025-12-02,2025-12-07,,APPROVED,ryan.khalil@nexuserp.com,2025-11-15 00:00:00,2025-11-11 00:00:00
55,ANNUAL,2025-11-21,2025-11-27,,APPROVED,rayan.flores@nexuserp.com,2025-11-15 00:00:00,2025-10-30 00:00:00
55,ANNUAL,2025-11-19,2025-11-21,,APPROVED,rayan.flores@nexuserp.com,2025-10-31 00:00:00,2025-10-15 00:00:00
55,UNPAID,2025-10-26,2025-11-04,,APPROVED,rayan.flores@nexuserp.com,2025-10-08 00:00:00,2025-09-20 00:00:00
56,SICK,2026-05-01,2026-05-03,,APPROVED,amira.muller@nexuserp.com,2026-04-24 00:00:00,2026-03-25 00:00:00
57,ANNUAL,2025-11-22,2025-11-23,,APPROVED,andrew.smith@nexuserp.com,2025-11-13 00:00:00,2025-10-23 00:00:00
57,ANNUAL,2026-08-10,2026-08-15,,APPROVED,andrew.smith@nexuserp.com,2026-07-25 00:00:00,2026-07-20 00:00:00
58,ANNUAL,2025-08-09,2025-08-11,,REJECTED,hugo.jones@nexuserp.com,2025-07-25 00:00:00,2025-07-07 00:00:00
58,ANNUAL,2026-03-02,2026-03-04,,APPROVED,hugo.jones@nexuserp.com,2026-02-14 00:00:00,2026-02-01 00:00:00
58,ANNUAL,2025-03-18,2025-03-25,,APPROVED,hugo.jones@nexuserp.com,2025-03-01 00:00:00,2025-02-19 00:00:00
60,OTHER,2025-10-03,2025-10-12,,APPROVED,mark.lee@nexuserp.com,2025-09-20 00:00:00,2025-09-05 00:00:00
60,ANNUAL,2026-09-11,2026-09-17,,APPROVED,mark.lee@nexuserp.com,2026-09-06 00:00:00,2026-08-17 00:00:00
60,ANNUAL,2026-04-21,2026-04-28,,APPROVED,mark.lee@nexuserp.com,2026-04-08 00:00:00,2026-03-20 00:00:00
61,ANNUAL,2026-05-15,2026-05-16,,APPROVED,ashley.park@nexuserp.com,2026-05-06 00:00:00,2026-04-20 00:00:00
62,SICK,2026-05-31,2026-06-02,,APPROVED,clara.novak@nexuserp.com,2026-05-15 00:00:00,2026-05-11 00:00:00
62,ANNUAL,2026-05-23,2026-05-24,,APPROVED,clara.novak@nexuserp.com,2026-05-12 00:00:00,2026-04-21 00:00:00
63,ANNUAL,2025-11-16,2025-11-18,,REJECTED,andrew.smith@nexuserp.com,2025-11-02 00:00:00,2025-10-27 00:00:00
63,ANNUAL,2026-05-11,2026-05-16,,APPROVED,andrew.smith@nexuserp.com,2026-04-27 00:00:00,2026-04-15 00:00:00
64,UNPAID,2024-10-09,2024-10-15,,APPROVED,andrew.smith@nexuserp.com,2024-09-23 00:00:00,2024-09-12 00:00:00
65,ANNUAL,2025-07-24,2025-07-30,,APPROVED,paul.moreau@nexuserp.com,2025-07-05 00:00:00,2025-06-24 00:00:00
68,ANNUAL,2026-02-21,2026-02-26,,APPROVED,camille.wang@nexuserp.com,2026-02-09 00:00:00,2026-01-21 00:00:00
68,ANNUAL,2026-06-03,2026-06-12,,APPROVED,camille.wang@nexuserp.com,2026-05-22 00:00:00,2026-05-03 00:00:00
68,SICK,2026-05-21,2026-05-21,,APPROVED,camille.wang@nexuserp.com,2026-05-05 00:00:00,2026-04-25 00:00:00
70,ANNUAL,2025-11-05,2025-11-11,,APPROVED,sarah.thomas@nexuserp.com,2025-10-31 00:00:00,2025-10-02 00:00:00
72,SICK,2026-06-07,2026-06-09,,APPROVED,susan.roberts@nexuserp.com,2026-05-29 00:00:00,2026-05-11 00:00:00
73,ANNUAL,2025-12-20,2025-12-29,,APPROVED,hugo.jones@nexuserp.com,2025-12-16 00:00:00,2025-11-12 00:00:00
74,ANNUAL,2026-04-06,2026-04-09,,REJECTED,adam.roberts@nexuserp.com,2026-04-01 00:00:00,2026-03-11 00:00:00
74,ANNUAL,2026-09-03,2026-09-10,,APPROVED,adam.roberts@nexuserp.com,2026-08-31 00:00:00,2026-08-03 00:00:00
74,ANNUAL,2025-12-28,2026-01-06,,APPROVED,adam.roberts@nexuserp.com,2025-12-10 00:00:00,2025-12-02 00:00:00
76,ANNUAL,2026-05-30,2026-06-07,,REJECTED,karen.lee@nexuserp.com,2026-05-26 00:00:00,2026-05-04 00:00:00
76,ANNUAL,2025-11-04,2025-11-05,,APPROVED,karen.lee@nexuserp.com,2025-10-22 00:00:00,2025-09-29 00:00:00
77,ANNUAL,2025-12-26,2025-12-28,,APPROVED,nancy.singh@nexuserp.com,2025-12-12 00:00:00,2025-12-04 00:00:00
77,ANNUAL,2025-10-08,2025-10-09,,REJECTED,nancy.singh@nexuserp.com,2025-09-24 00:00:00,2025-09-16 00:00:00
77,UNPAID,2026-04-21,2026-04-23,,APPROVED,nancy.singh@nexuserp.com,2026-04-11 00:00:00,2026-03-13 00:00:00
78,ANNUAL,2025-12-29,2026-01-05,,APPROVED,nancy.singh@nexuserp.com,2025-12-19 00:00:00,2025-11-28 00:00:00
78,ANNUAL,2026-04-21,2026-04-29,,APPROVED,nancy.singh@nexuserp.com,2026-04-05 00:00:00,2026-03-28 00:00:00
78,SICK,2026-02-18,2026-02-18,,APPROVED,nancy.singh@nexuserp.com,2026-02-15 00:00:00,2026-01-21 00:00:00
79,ANNUAL,2026-08-21,2026-08-23,,APPROVED,ryan.khalil@nexuserp.com,2026-08-12 00:00:00,2026-07-21 00:00:00
79,ANNUAL,2025-11-21,2025-11-22,,APPROVED,ryan.khalil@nexuserp.com,2025-11-16 00:00:00,2025-10-21 00:00:00
80,ANNUAL,2025-10-07,2025-10-08,,APPROVED,hugo.jones@nexuserp.com,2025-09-28 00:00:00,2025-08-29 00:00:00
81,ANNUAL,2026-01-02,2026-01-08,,APPROVED,susan.roberts@nexuserp.com,2025-12-14 00:00:00,2025-12-12 00:00:00
83,ANNUAL,2026-10-31,2026-11-06,Wedding,PENDING,,,2026-09-26 00:00:00
84,ANNUAL,2026-07-16,2026-07-20,,APPROVED,hugo.jones@nexuserp.com,2026-07-04 00:00:00,2026-06-19 00:00:00
90,ANNUAL,2025-08-15,2025-08-19,,APPROVED,sara.dubois@nexuserp.com,2025-07-30 00:00:00,2025-07-21 00:00:00
95,ANNUAL,2026-10-20,2026-10-24,Personal matters,PENDING,,,2026-09-23 00:00:00
96,SICK,2026-05-24,2026-05-24,,APPROVED,karen.oliveira2@nexuserp.com,2026-05-17 00:00:00,2026-04-19 00:00:00
97,ANNUAL,2026-01-24,2026-01-30,,APPROVED,lea.moreau@nexuserp.com,2026-01-14 00:00:00,2025-12-17 00:00:00
97,ANNUAL,2026-05-12,2026-05-14,,APPROVED,lea.moreau@nexuserp.com,2026-04-26 00:00:00,2026-04-15 00:00:00
100,ANNUAL,2025-10-11,2025-10-15,,APPROVED,adam.roberts@nexuserp.com,2025-10-08 00:00:00,2025-09-12 00:00:00
101,ANNUAL,2026-09-02,2026-09-10,,APPROVED,hugo.jones@nexuserp.com,2026-08-30 00:00:00,2026-08-08 00:00:00
102,SICK,2025-11-04,2025-11-05,,APPROVED,hugo.jones@nexuserp.com,2025-10-19 00:00:00,2025-10-10 00:00:00
102,ANNUAL,2026-11-02,2026-11-06,Moving house,PENDING,,,2026-09-25 00:00:00
103,ANNUAL,2026-04-01,2026-04-02,,APPROVED,kevin.hernandez@nexuserp.com,2026-03-24 00:00:00,2026-03-06 00:00:00
103,ANNUAL,2026-06-15,2026-06-16,,APPROVED,kevin.hernandez@nexuserp.com,2026-06-05 00:00:00,2026-05-18 00:00:00
103,OTHER,2026-03-22,2026-03-29,,APPROVED,kevin.hernandez@nexuserp.com,2026-03-19 00:00:00,2026-03-01 00:00:00
104,OTHER,2026-06-07,2026-06-14,,APPROVED,lucas.laurent@nexuserp.com,2026-05-24 00:00:00,2026-05-17 00:00:00
104,ANNUAL,2026-04-21,2026-04-30,,APPROVED,lucas.laurent@nexuserp.com,2026-04-07 00:00:00,2026-03-17 00:00:00
104,OTHER,2025-12-08,2025-12-15,,APPROVED,lucas.laurent@nexuserp.com,2025-11-29 00:00:00,2025-11-01 00:00:00
105,ANNUAL,2025-12-02,2025-12-10,,APPROVED,karen.oliveira2@nexuserp.com,2025-11-13 00:00:00,2025-11-07 00:00:00
105,ANNUAL,2026-08-13,2026-08-15,,APPROVED,karen.oliveira2@nexuserp.com,2026-08-03 00:00:00,2026-07-05 00:00:00
106,ANNUAL,2026-06-12,2026-06-13,,APPROVED,nicholas.brown2@nexuserp.com,2026-06-09 00:00:00,2026-05-13 00:00:00
107,ANNUAL,2026-07-23,2026-07-28,,APPROVED,joshua.roberts@nexuserp.com,2026-07-10 00:00:00,2026-07-01 00:00:00
110,ANNUAL,2025-11-08,2025-11-13,,APPROVED,wei.wilson@nexuserp.com,2025-10-26 00:00:00,2025-10-16 00:00:00
110,ANNUAL,2026-08-14,2026-08-15,,APPROVED,wei.wilson@nexuserp.com,2026-07-30 00:00:00,2026-07-21 00:00:00
110,SICK,2026-07-27,2026-07-27,,APPROVED,wei.wilson@nexuserp.com,2026-07-14 00:00:00,2026-06-20 00:00:00
112,SICK,2026-04-04,2026-04-06,,APPROVED,samuel.rivera@nexuserp.com,2026-03-26 00:00:00,2026-03-02 00:00:00
113,ANNUAL,2026-02-12,2026-02-21,,APPROVED,kevin.obrien@nexuserp.com,2026-01-25 00:00:00,2026-01-21 00:00:00
113,SICK,2026-04-28,2026-04-29,,APPROVED,kevin.obrien@nexuserp.com,2026-04-09 00:00:00,2026-04-01 00:00:00
113,ANNUAL,2026-07-16,2026-07-21,,APPROVED,kevin.obrien@nexuserp.com,2026-07-02 00:00:00,2026-06-10 00:00:00
116,ANNUAL,2025-12-27,2026-01-04,,APPROVED,mark.chen@nexuserp.com,2025-12-14 00:00:00,2025-12-07 00:00:00
117,ANNUAL,2026-01-14,2026-01-19,,APPROVED,sarah.thomas@nexuserp.com,2026-01-01 00:00:00,2025-12-18 00:00:00
118,ANNUAL,2025-12-19,2025-12-27,,APPROVED,amanda.martin2@nexuserp.com,2025-12-12 00:00:00,2025-11-20 00:00:00
118,ANNUAL,2025-06-11,2025-06-12,,APPROVED,amanda.martin2@nexuserp.com,2025-05-27 00:00:00,2025-05-19 00:00:00
119,ANNUAL,2025-11-06,2025-11-10,,APPROVED,matthew.hernandez@nexuserp.com,2025-11-01 00:00:00,2025-09-28 00:00:00
119,ANNUAL,2026-01-15,2026-01-22,,APPROVED,matthew.hernandez@nexuserp.com,2026-01-06 00:00:00,2025-12-15 00:00:00
120,ANNUAL,2025-12-21,2025-12-24,,APPROVED,mark.lee@nexuserp.com,2025-12-10 00:00:00,2025-11-29 00:00:00
120,ANNUAL,2026-06-18,2026-06-26,,APPROVED,mark.lee@nexuserp.com,2026-06-04 00:00:00,2026-05-25 00:00:00
121,ANNUAL,2026-08-27,2026-09-01,,APPROVED,sandra.dubois@nexuserp.com,2026-08-17 00:00:00,2026-07-26 00:00:00
121,ANNUAL,2026-08-01,2026-08-02,,APPROVED,sandra.dubois@nexuserp.com,2026-07-22 00:00:00,2026-06-25 00:00:00
124,SICK,2026-06-10,2026-06-10,,APPROVED,jennifer.rodriguez@nexuserp.com,2026-06-03 00:00:00,2026-05-10 00:00:00
125,SICK,2026-01-25,2026-01-27,,APPROVED,elena.lee@nexuserp.com,2026-01-19 00:00:00,2026-01-01 00:00:00
126,ANNUAL,2025-10-06,2025-10-13,,APPROVED,hugo.jones@nexuserp.com,2025-09-22 00:00:00,2025-08-28 00:00:00
126,UNPAID,2026-01-26,2026-02-01,,APPROVED,hugo.jones@nexuserp.com,2026-01-21 00:00:00,2025-12-25 00:00:00
128,ANNUAL,2026-07-02,2026-07-04,,APPROVED,hana.lopez@nexuserp.com,2026-06-14 00:00:00,2026-06-09 00:00:00
128,ANNUAL,2026-01-12,2026-01-16,,APPROVED,hana.lopez@nexuserp.com,2025-12-30 00:00:00,2025-12-21 00:00:00
129,SICK,2026-02-19,2026-02-19,,APPROVED,alice.tanaka@nexuserp.com,2026-01-31 00:00:00,2026-01-12 00:00:00
129,ANNUAL,2025-12-12,2025-12-21,,REJECTED,alice.tanaka@nexuserp.com,2025-11-28 00:00:00,2025-11-04 00:00:00
131,ANNUAL,2025-12-29,2025-12-31,,REJECTED,susan.roberts@nexuserp.com,2025-12-16 00:00:00,2025-12-05 00:00:00
131,ANNUAL,2026-01-29,2026-02-03,,APPROVED,susan.roberts@nexuserp.com,2026-01-11 00:00:00,2026-01-01 00:00:00
132,ANNUAL,2025-11-16,2025-11-22,,APPROVED,sharon.muller@nexuserp.com,2025-11-06 00:00:00,2025-10-19 00:00:00
133,ANNUAL,2025-06-10,2025-06-15,,APPROVED,emily.harris@nexuserp.com,2025-06-05 00:00:00,2025-05-21 00:00:00
137,ANNUAL,2025-07-22,2025-07-26,,APPROVED,lea.moreau@nexuserp.com,2025-07-14 00:00:00,2025-06-19 00:00:00
137,ANNUAL,2026-03-02,2026-03-06,,APPROVED,lea.moreau@nexuserp.com,2026-02-18 00:00:00,2026-01-22 00:00:00
138,ANNUAL,2026-08-31,2026-09-01,,APPROVED,timothy.moreau@nexuserp.com,2026-08-24 00:00:00,2026-08-04 00:00:00
139,ANNUAL,2026-09-17,2026-09-18,,APPROVED,priya.mitchell@nexuserp.com,2026-09-09 00:00:00,2026-08-27 00:00:00
139,ANNUAL,2026-03-11,2026-03-16,,APPROVED,priya.mitchell@nexuserp.com,2026-03-03 00:00:00,2026-02-19 00:00:00
139,SICK,2025-12-29,2025-12-30,,APPROVED,priya.mitchell@nexuserp.com,2025-12-19 00:00:00,2025-11-25 00:00:00
141,ANNUAL,2026-06-14,2026-06-23,,APPROVED,hugo.jones@nexuserp.com,2026-05-31 00:00:00,2026-05-17 00:00:00
141,ANNUAL,2026-06-24,2026-07-02,,APPROVED,hugo.jones@nexuserp.com,2026-06-14 00:00:00,2026-05-23 00:00:00
142,ANNUAL,2026-07-14,2026-07-17,,APPROVED,paul.khalil@nexuserp.com,2026-07-03 00:00:00,2026-06-07 00:00:00
142,ANNUAL,2025-08-17,2025-08-26,,APPROVED,paul.khalil@nexuserp.com,2025-08-13 00:00:00,2025-07-20 00:00:00
143,ANNUAL,2026-07-01,2026-07-02,,APPROVED,manon.hernandez@nexuserp.com,2026-06-18 00:00:00,2026-06-09 00:00:00
143,ANNUAL,2026-08-08,2026-08-11,,APPROVED,manon.hernandez@nexuserp.com,2026-07-26 00:00:00,2026-07-09 00:00:00
144,SICK,2026-07-21,2026-07-23,,APPROVED,paul.taylor@nexuserp.com,2026-07-12 00:00:00,2026-06-29 00:00:00
144,ANNUAL,2026-04-01,2026-04-10,,APPROVED,paul.taylor@nexuserp.com,2026-03-24 00:00:00,2026-02-21 00:00:00
144,SICK,2026-02-06,2026-02-07,,APPROVED,paul.taylor@nexuserp.com,2026-01-25 00:00:00,2026-01-12 00:00:00
145,ANNUAL,2026-01-28,2026-01-29,,APPROVED,priya.mitchell@nexuserp.com,2026-01-12 00:00:00,2025-12-23 00:00:00
150,ANNUAL,2026-07-23,2026-07-24,,APPROVED,lea.moreau@nexuserp.com,2026-07-14 00:00:00,2026-07-02 00:00:00
150,ANNUAL,2026-04-13,2026-04-15,,REJECTED,lea.moreau@nexuserp.com,2026-04-07 00:00:00,2026-03-21 00:00:00
151,ANNUAL,2025-11-21,2025-11-22,,APPROVED,aiko.silva@nexuserp.com,2025-11-14 00:00:00,2025-10-28 00:00:00
151,SICK,2025-10-03,2025-10-05,,APPROVED,aiko.silva@nexuserp.com,2025-09-21 00:00:00,2025-09-13 00:00:00
152,ANNUAL,2025-12-16,2025-12-20,,APPROVED,sharon.nielsen2@nexuserp.com,2025-11-30 00:00:00,2025-11-07 00:00:00
152,SICK,2026-04-21,2026-04-23,,APPROVED,sharon.nielsen2@nexuserp.com,2026-04-02 00:00:00,2026-03-24 00:00:00
152,ANNUAL,2026-01-30,2026-02-02,,APPROVED,sharon.nielsen2@nexuserp.com,2026-01-16 00:00:00,2026-01-06 00:00:00
153,ANNUAL,2026-01-27,2026-01-31,,APPROVED,hugo.jones@nexuserp.com,2026-01-13 00:00:00,2025-12-19 00:00:00
153,SICK,2026-01-14,2026-01-15,,APPROVED,hugo.jones@nexuserp.com,2026-01-06 00:00:00,2025-12-11 00:00:00
154,SICK,2026-08-11,2026-08-12,,APPROVED,nicholas.brown2@nexuserp.com,2026-08-04 00:00:00,2026-07-07 00:00:00
154,ANNUAL,2025-10-02,2025-10-03,,APPROVED,nicholas.brown2@nexuserp.com,2025-09-19 00:00:00,2025-08-26 00:00:00
154,SICK,2026-03-07,2026-03-09,,APPROVED,nicholas.brown2@nexuserp.com,2026-03-01 00:00:00,2026-02-06 00:00:00
155,ANNUAL,2025-11-03,2025-11-07,,APPROVED,lea.moreau@nexuserp.com,2025-10-25 00:00:00,2025-10-12 00:00:00
159,ANNUAL,2026-09-11,2026-09-19,,APPROVED,sara.khalil@nexuserp.com,2026-08-26 00:00:00,2026-08-17 00:00:00
159,SICK,2025-10-20,2025-10-21,,APPROVED,sara.khalil@nexuserp.com,2025-10-17 00:00:00,2025-09-12 00:00:00
160,ANNUAL,2026-01-18,2026-01-27,,APPROVED,karim.park@nexuserp.com,2026-01-02 00:00:00,2025-12-19 00:00:00
160,SICK,2026-03-07,2026-03-08,,APPROVED,karim.park@nexuserp.com,2026-02-26 00:00:00,2026-02-06 00:00:00
160,SICK,2026-08-06,2026-08-08,,APPROVED,karim.park@nexuserp.com,2026-08-03 00:00:00,2026-07-08 00:00:00
161,ANNUAL,2025-04-29,2025-04-30,,APPROVED,eric.adams2@nexuserp.com,2025-04-26 00:00:00,2025-03-21 00:00:00
161,ANNUAL,2026-01-16,2026-01-17,,APPROVED,eric.adams2@nexuserp.com,2026-01-01 00:00:00,2025-12-23 00:00:00
161,ANNUAL,2026-02-16,2026-02-19,,APPROVED,eric.adams2@nexuserp.com,2026-02-11 00:00:00,2026-01-21 00:00:00
162,ANNUAL,2026-05-26,2026-05-31,,APPROVED,hugo.jones@nexuserp.com,2026-05-17 00:00:00,2026-04-20 00:00:00
164,ANNUAL,2026-04-17,2026-04-18,,APPROVED,steven.laurent@nexuserp.com,2026-04-01 00:00:00,2026-03-22 00:00:00
164,ANNUAL,2025-11-17,2025-11-24,,APPROVED,steven.laurent@nexuserp.com,2025-11-09 00:00:00,2025-10-11 00:00:00
167,ANNUAL,2026-06-21,2026-06-22,,APPROVED,kevin.obrien@nexuserp.com,2026-06-10 00:00:00,2026-05-20 00:00:00
169,ANNUAL,2026-04-23,2026-04-30,,APPROVED,rayan.flores@nexuserp.com,2026-04-17 00:00:00,2026-03-21 00:00:00
170,ANNUAL,2026-09-01,2026-09-09,,APPROVED,ryan.taylor@nexuserp.com,2026-08-25 00:00:00,2026-07-30 00:00:00
170,ANNUAL,2025-12-05,2025-12-10,,APPROVED,ryan.taylor@nexuserp.com,2025-11-23 00:00:00,2025-11-02 00:00:00
171,ANNUAL,2026-06-17,2026-06-22,,APPROVED,eric.adams2@nexuserp.com,2026-06-12 00:00:00,2026-05-20 00:00:00
171,ANNUAL,2026-04-10,2026-04-16,,APPROVED,eric.adams2@nexuserp.com,2026-04-04 00:00:00,2026-03-04 00:00:00
174,SICK,2026-02-22,2026-02-22,,APPROVED,alice.tanaka@nexuserp.com,2026-02-05 00:00:00,2026-01-25 00:00:00
174,OTHER,2026-06-25,2026-06-30,,APPROVED,alice.tanaka@nexuserp.com,2026-06-16 00:00:00,2026-05-22 00:00:00
174,ANNUAL,2026-02-15,2026-02-21,,REJECTED,alice.tanaka@nexuserp.com,2026-02-03 00:00:00,2026-01-25 00:00:00
175,ANNUAL,2025-04-21,2025-04-23,,APPROVED,paul.khalil@nexuserp.com,2025-04-04 00:00:00,2025-03-13 00:00:00
176,OTHER,2026-05-16,2026-05-23,,APPROVED,sandra.dubois@nexuserp.com,2026-05-09 00:00:00,2026-04-23 00:00:00
177,ANNUAL,2025-12-06,2025-12-08,,APPROVED,emily.harris@nexuserp.com,2025-11-27 00:00:00,2025-11-10 00:00:00
179,ANNUAL,2025-01-11,2025-01-16,,APPROVED,mark.patel@nexuserp.com,2024-12-24 00:00:00,2024-12-16 00:00:00
179,ANNUAL,2025-06-25,2025-07-04,,APPROVED,mark.patel@nexuserp.com,2025-06-14 00:00:00,2025-05-20 00:00:00
179,ANNUAL,2025-09-06,2025-09-08,,APPROVED,mark.patel@nexuserp.com,2025-09-01 00:00:00,2025-08-16 00:00:00
182,ANNUAL,2025-12-02,2025-12-06,,APPROVED,adam.roberts@nexuserp.com,2025-11-28 00:00:00,2025-11-05 00:00:00
182,UNPAID,2025-10-27,2025-10-30,,APPROVED,adam.roberts@nexuserp.com,2025-10-09 00:00:00,2025-09-24 00:00:00
183,ANNUAL,2026-04-01,2026-04-06,,APPROVED,clara.novak@nexuserp.com,2026-03-23 00:00:00,2026-02-22 00:00:00
183,SICK,2025-10-19,2025-10-20,,APPROVED,clara.novak@nexuserp.com,2025-10-14 00:00:00,2025-09-24 00:00:00
184,ANNUAL,2026-01-06,2026-01-11,,APPROVED,camille.lewis@nexuserp.com,2026-01-01 00:00:00,2025-12-13 00:00:00
184,ANNUAL,2025-10-15,2025-10-22,,APPROVED,camille.lewis@nexuserp.com,2025-09-28 00:00:00,2025-09-17 00:00:00
190,OTHER,2025-12-23,2025-12-25,,APPROVED,luca.wang@nexuserp.com,2025-12-10 00:00:00,2025-11-20 00:00:00
190,SICK,2025-03-14,2025-03-14,,APPROVED,luca.wang@nexuserp.com,2025-02-28 00:00:00,2025-02-05 00:00:00
192,UNPAID,2026-09-05,2026-09-10,,APPROVED,manon.hernandez@nexuserp.com,2026-09-02 00:00:00,2026-08-15 00:00:00
192,ANNUAL,2026-05-11,2026-05-20,,APPROVED,manon.hernandez@nexuserp.com,2026-05-01 00:00:00,2026-04-07 00:00:00
192,ANNUAL,2026-07-29,2026-08-07,,APPROVED,manon.hernandez@nexuserp.com,2026-07-21 00:00:00,2026-07-08 00:00:00
193,ANNUAL,2026-09-12,2026-09-15,,APPROVED,timothy.moreau@nexuserp.com,2026-09-03 00:00:00,2026-08-05 00:00:00
194,ANNUAL,2026-08-11,2026-08-20,,APPROVED,aiko.silva@nexuserp.com,2026-07-29 00:00:00,2026-07-15 00:00:00
194,ANNUAL,2026-03-06,2026-03-14,,APPROVED,aiko.silva@nexuserp.com,2026-02-24 00:00:00,2026-01-27 00:00:00
194,ANNUAL,2026-02-03,2026-02-05,,APPROVED,aiko.silva@nexuserp.com,2026-01-15 00:00:00,2026-01-14 00:00:00
197,SICK,2026-07-27,2026-07-27,,APPROVED,richard.carter@nexuserp.com,2026-07-21 00:00:00,2026-07-05 00:00:00
197,ANNUAL,2026-02-21,2026-02-28,,APPROVED,richard.carter@nexuserp.com,2026-02-12 00:00:00,2026-01-20 00:00:00
199,ANNUAL,2026-04-11,2026-04-18,,APPROVED,hugo.jones@nexuserp.com,2026-04-02 00:00:00,2026-03-15 00:00:00
201,ANNUAL,2026-08-24,2026-08-25,,APPROVED,paul.taylor@nexuserp.com,2026-08-05 00:00:00,2026-07-29 00:00:00
201,ANNUAL,2026-05-15,2026-05-20,,APPROVED,paul.taylor@nexuserp.com,2026-05-12 00:00:00,2026-04-24 00:00:00
202,ANNUAL,2025-11-14,2025-11-15,,APPROVED,nour.obrien@nexuserp.com,2025-10-31 00:00:00,2025-10-19 00:00:00
202,ANNUAL,2026-01-12,2026-01-16,,APPROVED,nour.obrien@nexuserp.com,2026-01-05 00:00:00,2025-12-07 00:00:00
205,SICK,2026-05-13,2026-05-14,,APPROVED,felix.murphy@nexuserp.com,2026-04-30 00:00:00,2026-04-13 00:00:00
205,OTHER,2026-01-07,2026-01-13,,APPROVED,felix.murphy@nexuserp.com,2025-12-22 00:00:00,2025-12-02 00:00:00
206,ANNUAL,2026-03-16,2026-03-25,,APPROVED,paul.moreau@nexuserp.com,2026-03-02 00:00:00,2026-02-06 00:00:00
206,ANNUAL,2026-03-24,2026-03-30,,APPROVED,paul.moreau@nexuserp.com,2026-03-14 00:00:00,2026-02-27 00:00:00
207,ANNUAL,2026-02-15,2026-02-22,,APPROVED,clara.novak@nexuserp.com,2026-01-31 00:00:00,2026-01-25 00:00:00
207,UNPAID,2026-03-20,2026-03-26,,APPROVED,clara.novak@nexuserp.com,2026-03-16 00:00:00,2026-02-14 00:00:00
208,ANNUAL,2025-12-31,2026-01-04,,APPROVED,ryan.taylor@nexuserp.com,2025-12-26 00:00:00,2025-12-07 00:00:00
211,SICK,2026-08-24,2026-08-26,,APPROVED,john.clark@nexuserp.com,2026-08-09 00:00:00,2026-07-16 00:00:00
211,UNPAID,2026-07-25,2026-07-26,,APPROVED,john.clark@nexuserp.com,2026-07-11 00:00:00,2026-07-02 00:00:00
215,ANNUAL,2026-07-20,2026-07-26,,APPROVED,susan.roberts@nexuserp.com,2026-07-15 00:00:00,2026-06-17 00:00:00
215,ANNUAL,2026-03-11,2026-03-13,,APPROVED,susan.roberts@nexuserp.com,2026-03-07 00:00:00,2026-02-18 00:00:00
215,ANNUAL,2025-10-12,2025-10-20,,APPROVED,susan.roberts@nexuserp.com,2025-10-08 00:00:00,2025-09-13 00:00:00
216,SICK,2026-09-06,2026-09-06,,APPROVED,elizabeth.russo@nexuserp.com,2026-08-26 00:00:00,2026-08-08 00:00:00
217,ANNUAL,2026-06-17,2026-06-26,,APPROVED,karen.oliveira2@nexuserp.com,2026-06-06 00:00:00,2026-05-22 00:00:00
217,UNPAID,2026-01-29,2026-02-06,,APPROVED,karen.oliveira2@nexuserp.com,2026-01-26 00:00:00,2026-01-03 00:00:00
221,ANNUAL,2026-09-08,2026-09-13,,APPROVED,manon.hernandez@nexuserp.com,2026-08-21 00:00:00,2026-08-07 00:00:00
223,ANNUAL,2026-01-27,2026-02-01,,APPROVED,susan.muller@nexuserp.com,2026-01-13 00:00:00,2026-01-07 00:00:00
224,ANNUAL,2025-12-21,2025-12-28,,APPROVED,sara.dubois@nexuserp.com,2025-12-02 00:00:00,2025-11-21 00:00:00
227,UNPAID,2026-06-28,2026-07-07,,APPROVED,elizabeth.williams3@nexuserp.com,2026-06-22 00:00:00,2026-05-23 00:00:00
227,ANNUAL,2026-06-08,2026-06-12,,APPROVED,elizabeth.williams3@nexuserp.com,2026-05-28 00:00:00,2026-05-02 00:00:00
227,SICK,2026-07-21,2026-07-23,,APPROVED,elizabeth.williams3@nexuserp.com,2026-07-10 00:00:00,2026-06-12 00:00:00
228,SICK,2025-11-24,2025-11-26,,APPROVED,sandra.dubois@nexuserp.com,2025-11-19 00:00:00,2025-11-03 00:00:00
230,SICK,2026-03-20,2026-03-21,,APPROVED,sharon.nielsen2@nexuserp.com,2026-03-05 00:00:00,2026-02-18 00:00:00
230,ANNUAL,2026-08-10,2026-08-14,,APPROVED,sharon.nielsen2@nexuserp.com,2026-08-06 00:00:00,2026-07-14 00:00:00
230,ANNUAL,2026-08-23,2026-09-01,,APPROVED,sharon.nielsen2@nexuserp.com,2026-08-04 00:00:00,2026-07-30 00:00:00
233,SICK,2026-01-01,2026-01-03,,APPROVED,sara.khalil@nexuserp.com,2025-12-28 00:00:00,2025-12-04 00:00:00
235,ANNUAL,2026-01-05,2026-01-11,,APPROVED,mark.lee@nexuserp.com,2025-12-31 00:00:00,2025-12-09 00:00:00
235,UNPAID,2025-12-06,2025-12-13,,APPROVED,mark.lee@nexuserp.com,2025-12-03 00:00:00,2025-11-10 00:00:00
238,ANNUAL,2026-09-08,2026-09-17,,APPROVED,karen.lee@nexuserp.com,2026-09-04 00:00:00,2026-08-17 00:00:00
238,ANNUAL,2026-09-13,2026-09-16,,APPROVED,karen.lee@nexuserp.com,2026-09-01 00:00:00,2026-08-14 00:00:00
238,ANNUAL,2026-04-30,2026-05-04,,APPROVED,karen.lee@nexuserp.com,2026-04-27 00:00:00,2026-03-28 00:00:00
239,ANNUAL,2026-01-23,2026-01-29,,APPROVED,mark.chen@nexuserp.com,2026-01-17 00:00:00,2025-12-22 00:00:00
239,ANNUAL,2026-05-23,2026-05-29,,APPROVED,mark.chen@nexuserp.com,2026-05-04 00:00:00,2026-04-14 00:00:00
239,ANNUAL,2025-12-30,2026-01-02,,APPROVED,mark.chen@nexuserp.com,2025-12-21 00:00:00,2025-12-01 00:00:00
240,ANNUAL,2025-11-12,2025-11-18,,APPROVED,steven.robinson@nexuserp.com,2025-11-01 00:00:00,2025-10-09 00:00:00
241,ANNUAL,2026-05-25,2026-06-03,,APPROVED,aiko.silva@nexuserp.com,2026-05-22 00:00:00,2026-04-25 00:00:00
242,ANNUAL,2026-04-17,2026-04-22,,APPROVED,nour.obrien@nexuserp.com,2026-04-03 00:00:00,2026-03-13 00:00:00
243,SICK,2025-11-12,2025-11-13,,APPROVED,mark.chen@nexuserp.com,2025-11-01 00:00:00,2025-10-23 00:00:00
243,ANNUAL,2025-10-13,2025-10-16,,APPROVED,mark.chen@nexuserp.com,2025-10-01 00:00:00,2025-09-06 00:00:00
245,ANNUAL,2026-05-20,2026-05-28,,APPROVED,arjun.khalil@nexuserp.com,2026-05-10 00:00:00,2026-04-13 00:00:00
245,SICK,2026-02-20,2026-02-20,,APPROVED,arjun.khalil@nexuserp.com,2026-02-16 00:00:00,2026-01-12 00:00:00
246,ANNUAL,2026-05-11,2026-05-20,,APPROVED,elena.scott@nexuserp.com,2026-04-28 00:00:00,2026-04-14 00:00:00
246,ANNUAL,2025-12-17,2025-12-23,,APPROVED,elena.scott@nexuserp.com,2025-12-03 00:00:00,2025-11-15 00:00:00
246,ANNUAL,2025-11-11,2025-11-13,,APPROVED,elena.scott@nexuserp.com,2025-11-06 00:00:00,2025-10-14 00:00:00
247,ANNUAL,2026-08-18,2026-08-19,,APPROVED,michelle.king@nexuserp.com,2026-08-01 00:00:00,2026-07-13 00:00:00
247,ANNUAL,2026-03-14,2026-03-22,,APPROVED,michelle.king@nexuserp.com,2026-03-10 00:00:00,2026-02-06 00:00:00
248,ANNUAL,2025-06-24,2025-07-01,,APPROVED,rayan.haddad@nexuserp.com,2025-06-14 00:00:00,2025-05-30 00:00:00
249,ANNUAL,2026-07-02,2026-07-08,,APPROVED,nour.adams@nexuserp.com,2026-06-13 00:00:00,2026-06-01 00:00:00
249,ANNUAL,2025-11-10,2025-11-17,,REJECTED,nour.adams@nexuserp.com,2025-10-22 00:00:00,2025-10-17 00:00:00
249,ANNUAL,2026-03-15,2026-03-23,,APPROVED,nour.adams@nexuserp.com,2026-03-05 00:00:00,2026-02-18 00:00:00
250,SICK,2026-01-17,2026-01-17,,APPROVED,john.clark@nexuserp.com,2026-01-05 00:00:00,2025-12-22 00:00:00
250,ANNUAL,2026-03-16,2026-03-24,,APPROVED,john.clark@nexuserp.com,2026-03-10 00:00:00,2026-02-10 00:00:00
252,ANNUAL,2026-02-15,2026-02-19,,APPROVED,timothy.moreau@nexuserp.com,2026-02-04 00:00:00,2026-01-07 00:00:00
252,SICK,2026-07-10,2026-07-12,,REJECTED,timothy.moreau@nexuserp.com,2026-06-26 00:00:00,2026-06-04 00:00:00
252,ANNUAL,2026-03-26,2026-03-29,,APPROVED,timothy.moreau@nexuserp.com,2026-03-22 00:00:00,2026-02-27 00:00:00
254,ANNUAL,2026-08-23,2026-08-31,,APPROVED,hugo.jones@nexuserp.com,2026-08-08 00:00:00,2026-07-18 00:00:00
256,ANNUAL,2026-08-06,2026-08-14,,APPROVED,samuel.rivera@nexuserp.com,2026-07-30 00:00:00,2026-07-03 00:00:00
256,ANNUAL,2025-10-27,2025-11-05,,APPROVED,samuel.rivera@nexuserp.com,2025-10-17 00:00:00,2025-09-25 00:00:00
258,OTHER,2026-08-13,2026-08-22,,APPROVED,susan.muller@nexuserp.com,2026-08-10 00:00:00,2026-07-16 00:00:00
258,ANNUAL,2026-09-13,2026-09-16,,APPROVED,susan.muller@nexuserp.com,2026-09-06 00:00:00,2026-08-08 00:00:00
258,ANNUAL,2026-06-25,2026-07-04,,APPROVED,susan.muller@nexuserp.com,2026-06-18 00:00:00,2026-05-17 00:00:00
259,SICK,2026-08-30,2026-09-01,,APPROVED,hugo.jones@nexuserp.com,2026-08-17 00:00:00,2026-07-24 00:00:00
259,ANNUAL,2026-04-28,2026-04-30,,APPROVED,hugo.jones@nexuserp.com,2026-04-18 00:00:00,2026-03-30 00:00:00
260,ANNUAL,2026-04-08,2026-04-11,,APPROVED,eric.adams2@nexuserp.com,2026-04-03 00:00:00,2026-03-19 00:00:00
261,ANNUAL,2025-06-16,2025-06-24,,APPROVED,richard.nguyen@nexuserp.com,2025-05-30 00:00:00,2025-05-16 00:00:00
262,SICK,2026-02-10,2026-02-11,,APPROVED,nour.obrien@nexuserp.com,2026-01-24 00:00:00,2026-01-03 00:00:00
264,ANNUAL,2026-06-12,2026-06-14,,APPROVED,hugo.jones@nexuserp.com,2026-06-06 00:00:00,2026-05-13 00:00:00
264,ANNUAL,2026-04-04,2026-04-12,,APPROVED,hugo.jones@nexuserp.com,2026-03-22 00:00:00,2026-02-27 00:00:00
269,ANNUAL,2026-04-25,2026-05-02,,APPROVED,nour.adams@nexuserp.com,2026-04-06 00:00:00,2026-04-05 00:00:00
270,SICK,2026-02-25,2026-02-25,,APPROVED,nancy.singh@nexuserp.com,2026-02-11 00:00:00,2026-01-25 00:00:00
270,SICK,2025-12-01,2025-12-01,,APPROVED,nancy.singh@nexuserp.com,2025-11-25 00:00:00,2025-11-04 00:00:00
271,UNPAID,2025-10-04,2025-10-13,,APPROVED,hiroshi.russo2@nexuserp.com,2025-09-17 00:00:00,2025-09-07 00:00:00
271,ANNUAL,2026-02-09,2026-02-11,,REJECTED,hiroshi.russo2@nexuserp.com,2026-02-05 00:00:00,2026-01-10 00:00:00
273,ANNUAL,2025-11-23,2025-12-02,,APPROVED,wei.wilson@nexuserp.com,2025-11-20 00:00:00,2025-10-29 00:00:00
274,ANNUAL,2026-09-02,2026-09-04,,APPROVED,cynthia.lewis2@nexuserp.com,2026-08-28 00:00:00,2026-08-08 00:00:00
274,ANNUAL,2025-12-21,2025-12-30,,APPROVED,cynthia.lewis2@nexuserp.com,2025-12-05 00:00:00,2025-11-25 00:00:00
275,ANNUAL,2025-11-27,2025-12-04,,APPROVED,ryan.taylor@nexuserp.com,2025-11-22 00:00:00,2025-11-03 00:00:00
277,SICK,2026-09-14,2026-09-15,,APPROVED,arjun.wang@nexuserp.com,2026-09-09 00:00:00,2026-08-06 00:00:00
277,ANNUAL,2025-12-17,2025-12-21,,APPROVED,arjun.wang@nexuserp.com,2025-12-13 00:00:00,2025-11-24 00:00:00
281,ANNUAL,2026-02-11,2026-02-14,,APPROVED,paul.taylor@nexuserp.com,2026-01-27 00:00:00,2026-01-19 00:00:00
281,UNPAID,2025-10-08,2025-10-09,,APPROVED,paul.taylor@nexuserp.com,2025-09-25 00:00:00,2025-09-02 00:00:00
282,UNPAID,2025-06-26,2025-07-05,,REJECTED,mei.chen@nexuserp.com,2025-06-13 00:00:00,2025-06-01 00:00:00
284,ANNUAL,2026-03-18,2026-03-23,,APPROVED,joshua.roberts@nexuserp.com,2026-03-10 00:00:00,2026-02-20 00:00:00
284,OTHER,2026-06-13,2026-06-15,,APPROVED,joshua.roberts@nexuserp.com,2026-06-07 00:00:00,2026-05-09 00:00:00
286,ANNUAL,2026-02-22,2026-03-03,,APPROVED,oscar.kim@nexuserp.com,2026-02-16 00:00:00,2026-01-26 00:00:00
286,UNPAID,2026-08-09,2026-08-11,,APPROVED,oscar.kim@nexuserp.com,2026-08-01 00:00:00,2026-07-02 00:00:00
286,ANNUAL,2026-01-22,2026-01-30,,APPROVED,oscar.kim@nexuserp.com,2026-01-18 00:00:00,2025-12-19 00:00:00
288,ANNUAL,2026-06-02,2026-06-05,,APPROVED,mei.chen@nexuserp.com,2026-05-26 00:00:00,2026-05-03 00:00:00
288,SICK,2026-01-13,2026-01-14,,APPROVED,mei.chen@nexuserp.com,2026-01-03 00:00:00,2025-12-22 00:00:00
292,SICK,2026-05-24,2026-05-24,,APPROVED,hiroshi.russo2@nexuserp.com,2026-05-13 00:00:00,2026-04-22 00:00:00
293,SICK,2026-06-15,2026-06-15,,APPROVED,sharon.nielsen2@nexuserp.com,2026-06-09 00:00:00,2026-05-15 00:00:00
296,ANNUAL,2025-10-06,2025-10-12,,APPROVED,hugo.jones@nexuserp.com,2025-09-19 00:00:00,2025-09-06 00:00:00
296,ANNUAL,2026-07-22,2026-07-26,,APPROVED,hugo.jones@nexuserp.com,2026-07-14 00:00:00,2026-06-21 00:00:00
297,ANNUAL,2025-10-30,2025-11-04,,APPROVED,steven.laurent@nexuserp.com,2025-10-19 00:00:00,2025-10-01 00:00:00
298,SICK,2026-06-20,2026-06-22,,APPROVED,tariq.lopez@nexuserp.com,2026-06-16 00:00:00,2026-05-25 00:00:00
299,ANNUAL,2025-10-12,2025-10-14,,APPROVED,andrew.robinson2@nexuserp.com,2025-10-04 00:00:00,2025-09-06 00:00:00
299,SICK,2025-01-04,2025-01-06,,APPROVED,andrew.robinson2@nexuserp.com,2024-12-29 00:00:00,2024-11-29 00:00:00
299,ANNUAL,2024-11-19,2024-11-26,,APPROVED,andrew.robinson2@nexuserp.com,2024-11-16 00:00:00,2024-10-16 00:00:00
302,SICK,2026-01-18,2026-01-20,,APPROVED,rayan.haddad@nexuserp.com,2026-01-05 00:00:00,2025-12-29 00:00:00
302,UNPAID,2026-04-13,2026-04-18,,APPROVED,rayan.haddad@nexuserp.com,2026-04-02 00:00:00,2026-03-19 00:00:00
303,SICK,2025-10-15,2025-10-15,,APPROVED,amira.muller@nexuserp.com,2025-10-10 00:00:00,2025-09-24 00:00:00
303,ANNUAL,2026-03-31,2026-04-03,,APPROVED,amira.muller@nexuserp.com,2026-03-24 00:00:00,2026-02-22 00:00:00
304,ANNUAL,2026-05-01,2026-05-03,,APPROVED,paul.taylor@nexuserp.com,2026-04-14 00:00:00,2026-03-31 00:00:00
304,ANNUAL,2025-10-27,2025-11-04,,APPROVED,paul.taylor@nexuserp.com,2025-10-24 00:00:00,2025-10-06 00:00:00
304,ANNUAL,2026-10-26,2026-10-27,,PENDING,,,2026-09-23 00:00:00
305,SICK,2026-02-15,2026-02-15,,APPROVED,joshua.roberts@nexuserp.com,2026-01-31 00:00:00,2026-01-17 00:00:00
305,ANNUAL,2025-12-10,2025-12-16,,REJECTED,joshua.roberts@nexuserp.com,2025-12-06 00:00:00,2025-11-20 00:00:00
305,ANNUAL,2026-05-23,2026-05-28,,APPROVED,joshua.roberts@nexuserp.com,2026-05-06 00:00:00,2026-04-21 00:00:00
306,SICK,2026-06-20,2026-06-20,,APPROVED,hugo.jones@nexuserp.com,2026-06-08 00:00:00,2026-05-15 00:00:00
306,ANNUAL,2025-12-27,2026-01-03,,APPROVED,hugo.jones@nexuserp.com,2025-12-19 00:00:00,2025-11-30 00:00:00
307,ANNUAL,2026-02-27,2026-02-28,,APPROVED,sharon.nielsen2@nexuserp.com,2026-02-08 00:00:00,2026-02-02 00:00:00
307,SICK,2026-05-16,2026-05-16,,APPROVED,sharon.nielsen2@nexuserp.com,2026-05-07 00:00:00,2026-04-25 00:00:00
308,ANNUAL,2026-01-31,2026-02-03,,APPROVED,chloe.carter@nexuserp.com,2026-01-14 00:00:00,2026-01-11 00:00:00
308,ANNUAL,2026-02-11,2026-02-17,,APPROVED,chloe.carter@nexuserp.com,2026-02-01 00:00:00,2026-01-12 00:00:00
309,ANNUAL,2026-02-04,2026-02-11,,APPROVED,camille.trabelsi@nexuserp.com,2026-01-17 00:00:00,2026-01-05 00:00:00
309,ANNUAL,2025-11-10,2025-11-13,,APPROVED,camille.trabelsi@nexuserp.com,2025-11-02 00:00:00,2025-10-02 00:00:00
311,UNPAID,2026-04-29,2026-05-04,,APPROVED,adam.roberts@nexuserp.com,2026-04-22 00:00:00,2026-03-28 00:00:00
312,ANNUAL,2026-07-07,2026-07-11,,APPROVED,sharon.nielsen2@nexuserp.com,2026-06-24 00:00:00,2026-06-01 00:00:00
314,ANNUAL,2026-07-07,2026-07-12,,APPROVED,susan.roberts@nexuserp.com,2026-06-30 00:00:00,2026-06-17 00:00:00
314,OTHER,2026-06-16,2026-06-20,,APPROVED,susan.roberts@nexuserp.com,2026-05-30 00:00:00,2026-05-27 00:00:00
314,ANNUAL,2025-09-29,2025-10-07,,APPROVED,susan.roberts@nexuserp.com,2025-09-22 00:00:00,2025-08-29 00:00:00
315,OTHER,2025-05-20,2025-05-26,,APPROVED,sara.dubois@nexuserp.com,2025-05-01 00:00:00,2025-04-24 00:00:00
316,ANNUAL,2026-03-26,2026-03-29,,APPROVED,lea.moreau@nexuserp.com,2026-03-10 00:00:00,2026-02-17 00:00:00
319,ANNUAL,2026-01-06,2026-01-12,,APPROVED,hugo.jones@nexuserp.com,2026-01-01 00:00:00,2025-12-02 00:00:00
321,ANNUAL,2026-06-07,2026-06-10,,APPROVED,emily.harris@nexuserp.com,2026-05-23 00:00:00,2026-05-14 00:00:00
323,ANNUAL,2026-05-22,2026-05-31,,APPROVED,tariq.lopez@nexuserp.com,2026-05-06 00:00:00,2026-04-15 00:00:00
323,ANNUAL,2026-03-05,2026-03-12,,APPROVED,tariq.lopez@nexuserp.com,2026-02-16 00:00:00,2026-01-27 00:00:00
325,SICK,2024-12-06,2024-12-08,,APPROVED,luca.wang@nexuserp.com,2024-11-29 00:00:00,2024-11-07 00:00:00
329,SICK,2026-03-01,2026-03-02,,APPROVED,tariq.lopez@nexuserp.com,2026-02-23 00:00:00,2026-02-04 00:00:00
329,ANNUAL,2026-01-28,2026-01-30,,APPROVED,tariq.lopez@nexuserp.com,2026-01-14 00:00:00,2025-12-30 00:00:00
329,OTHER,2026-06-11,2026-06-13,,APPROVED,tariq.lopez@nexuserp.com,2026-06-07 00:00:00,2026-05-19 00:00:00
330,ANNUAL,2026-09-10,2026-09-14,,APPROVED,mark.lee@nexuserp.com,2026-08-29 00:00:00,2026-08-21 00:00:00
330,ANNUAL,2026-08-26,2026-09-03,,APPROVED,mark.lee@nexuserp.com,2026-08-18 00:00:00,2026-07-21 00:00:00
330,ANNUAL,2025-11-17,2025-11-23,,APPROVED,mark.lee@nexuserp.com,2025-11-13 00:00:00,2025-10-09 00:00:00
331,SICK,2025-06-17,2025-06-17,,APPROVED,mark.chen@nexuserp.com,2025-06-05 00:00:00,2025-05-16 00:00:00
332,UNPAID,2025-11-26,2025-12-05,,APPROVED,luca.wang@nexuserp.com,2025-11-13 00:00:00,2025-10-31 00:00:00
333,ANNUAL,2026-06-24,2026-06-29,,APPROVED,paul.khalil@nexuserp.com,2026-06-11 00:00:00,2026-05-22 00:00:00
333,SICK,2026-03-05,2026-03-05,,APPROVED,paul.khalil@nexuserp.com,2026-02-22 00:00:00,2026-01-28 00:00:00
336,ANNUAL,2026-09-08,2026-09-14,,APPROVED,hugo.jones@nexuserp.com,2026-08-30 00:00:00,2026-08-14 00:00:00
336,ANNUAL,2025-09-27,2025-10-01,,APPROVED,hugo.jones@nexuserp.com,2025-09-24 00:00:00,2025-09-04 00:00:00
337,ANNUAL,2025-12-09,2025-12-16,,APPROVED,hugo.jones@nexuserp.com,2025-11-29 00:00:00,2025-11-06 00:00:00
338,ANNUAL,2025-11-06,2025-11-07,,APPROVED,richard.carter@nexuserp.com,2025-10-29 00:00:00,2025-10-10 00:00:00
338,ANNUAL,2026-07-26,2026-07-31,,REJECTED,richard.carter@nexuserp.com,2026-07-07 00:00:00,2026-06-28 00:00:00
339,ANNUAL,2026-08-06,2026-08-13,,APPROVED,hiroshi.russo2@nexuserp.com,2026-07-25 00:00:00,2026-07-14 00:00:00
339,ANNUAL,2026-08-05,2026-08-08,,APPROVED,hiroshi.russo2@nexuserp.com,2026-07-27 00:00:00,2026-07-15 00:00:00
339,ANNUAL,2025-12-17,2025-12-20,,APPROVED,hiroshi.russo2@nexuserp.com,2025-12-12 00:00:00,2025-11-09 00:00:00
340,SICK,2025-11-14,2025-11-15,,APPROVED,joshua.roberts@nexuserp.com,2025-11-06 00:00:00,2025-10-16 00:00:00
340,ANNUAL,2026-06-16,2026-06-20,,APPROVED,joshua.roberts@nexuserp.com,2026-06-09 00:00:00,2026-05-09 00:00:00
340,ANNUAL,2026-04-21,2026-04-26,,APPROVED,joshua.roberts@nexuserp.com,2026-04-17 00:00:00,2026-03-22 00:00:00
341,SICK,2026-08-01,2026-08-03,,APPROVED,samuel.rivera@nexuserp.com,2026-07-16 00:00:00,2026-07-06 00:00:00
341,SICK,2026-02-06,2026-02-07,,APPROVED,samuel.rivera@nexuserp.com,2026-01-25 00:00:00,2026-01-01 00:00:00
342,ANNUAL,2026-07-02,2026-07-04,,APPROVED,hiroshi.russo2@nexuserp.com,2026-06-13 00:00:00,2026-06-07 00:00:00
343,ANNUAL,2025-12-31,2026-01-02,,APPROVED,mei.chen@nexuserp.com,2025-12-24 00:00:00,2025-12-08 00:00:00
347,SICK,2026-04-06,2026-04-06,,APPROVED,manon.hernandez@nexuserp.com,2026-03-19 00:00:00,2026-03-11 00:00:00
349,SICK,2026-03-14,2026-03-14,,APPROVED,mark.smith@nexuserp.com,2026-03-11 00:00:00,2026-02-10 00:00:00
349,ANNUAL,2025-12-30,2026-01-04,,APPROVED,mark.smith@nexuserp.com,2025-12-19 00:00:00,2025-12-02 00:00:00
349,ANNUAL,2026-09-10,2026-09-19,,APPROVED,mark.smith@nexuserp.com,2026-08-30 00:00:00,2026-08-10 00:00:00
350,ANNUAL,2026-02-12,2026-02-13,,APPROVED,nancy.singh@nexuserp.com,2026-02-02 00:00:00,2026-01-16 00:00:00
350,ANNUAL,2026-08-12,2026-08-15,,APPROVED,nancy.singh@nexuserp.com,2026-08-05 00:00:00,2026-07-14 00:00:00
351,ANNUAL,2026-08-21,2026-08-28,,APPROVED,hiroshi.scott2@nexuserp.com,2026-08-02 00:00:00,2026-07-30 00:00:00
351,ANNUAL,2025-11-27,2025-11-30,,APPROVED,hiroshi.scott2@nexuserp.com,2025-11-20 00:00:00,2025-10-22 00:00:00
352,SICK,2026-08-05,2026-08-06,,APPROVED,hugo.jones@nexuserp.com,2026-07-30 00:00:00,2026-07-07 00:00:00
352,SICK,2026-07-20,2026-07-20,,APPROVED,hugo.jones@nexuserp.com,2026-07-05 00:00:00,2026-06-29 00:00:00
353,ANNUAL,2026-07-15,2026-07-20,,APPROVED,steven.laurent@nexuserp.com,2026-07-05 00:00:00,2026-06-15 00:00:00
353,ANNUAL,2026-09-14,2026-09-17,,APPROVED,steven.laurent@nexuserp.com,2026-08-28 00:00:00,2026-08-19 00:00:00
362,ANNUAL,2026-04-05,2026-04-07,,APPROVED,andrew.smith@nexuserp.com,2026-03-23 00:00:00,2026-03-10 00:00:00
362,ANNUAL,2026-07-31,2026-08-05,,REJECTED,andrew.smith@nexuserp.com,2026-07-18 00:00:00,2026-07-04 00:00:00
363,ANNUAL,2026-02-07,2026-02-15,,APPROVED,tariq.lopez@nexuserp.com,2026-01-20 00:00:00,2026-01-08 00:00:00
363,ANNUAL,2025-09-26,2025-10-02,,APPROVED,tariq.lopez@nexuserp.com,2025-09-19 00:00:00,2025-08-25 00:00:00
364,ANNUAL,2025-12-23,2025-12-30,,APPROVED,oscar.kim@nexuserp.com,2025-12-14 00:00:00,2025-11-21 00:00:00
364,ANNUAL,2025-08-18,2025-08-26,,APPROVED,oscar.kim@nexuserp.com,2025-07-30 00:00:00,2025-07-13 00:00:00
366,UNPAID,2025-12-12,2025-12-20,,REJECTED,sandra.dubois@nexuserp.com,2025-12-08 00:00:00,2025-11-11 00:00:00
366,ANNUAL,2026-04-17,2026-04-26,,APPROVED,sandra.dubois@nexuserp.com,2026-03-31 00:00:00,2026-03-24 00:00:00
367,ANNUAL,2025-10-11,2025-10-16,,APPROVED,anthony.lee@nexuserp.com,2025-10-08 00:00:00,2025-09-15 00:00:00
369,ANNUAL,2025-11-10,2025-11-12,,APPROVED,susan.muller@nexuserp.com,2025-10-23 00:00:00,2025-10-04 00:00:00
372,ANNUAL,2026-06-09,2026-06-18,,APPROVED,nicholas.smith@nexuserp.com,2026-05-26 00:00:00,2026-05-01 00:00:00
372,ANNUAL,2026-07-07,2026-07-08,,APPROVED,nicholas.smith@nexuserp.com,2026-06-19 00:00:00,2026-06-14 00:00:00
373,SICK,2026-06-01,2026-06-03,,APPROVED,paul.moreau@nexuserp.com,2026-05-14 00:00:00,2026-05-11 00:00:00
373,UNPAID,2026-03-01,2026-03-06,,APPROVED,paul.moreau@nexuserp.com,2026-02-23 00:00:00,2026-02-07 00:00:00
373,ANNUAL,2025-10-15,2025-10-19,,APPROVED,paul.moreau@nexuserp.com,2025-10-01 00:00:00,2025-09-25 00:00:00
376,ANNUAL,2026-02-01,2026-02-10,,APPROVED,hugo.jones@nexuserp.com,2026-01-19 00:00:00,2025-12-25 00:00:00
377,ANNUAL,2025-10-14,2025-10-16,,APPROVED,karen.oliveira2@nexuserp.com,2025-09-27 00:00:00,2025-09-15 00:00:00
377,ANNUAL,2026-04-19,2026-04-23,,APPROVED,karen.oliveira2@nexuserp.com,2026-04-02 00:00:00,2026-03-30 00:00:00
378,SICK,2026-04-22,2026-04-24,,APPROVED,amira.muller@nexuserp.com,2026-04-08 00:00:00,2026-03-30 00:00:00
378,UNPAID,2026-03-08,2026-03-17,,APPROVED,amira.muller@nexuserp.com,2026-02-23 00:00:00,2026-01-30 00:00:00
382,SICK,2026-05-20,2026-05-20,,APPROVED,sharon.nielsen2@nexuserp.com,2026-05-02 00:00:00,2026-04-24 00:00:00
385,ANNUAL,2026-09-01,2026-09-04,,APPROVED,hugo.jones@nexuserp.com,2026-08-27 00:00:00,2026-08-04 00:00:00
385,ANNUAL,2025-10-17,2025-10-26,,APPROVED,hugo.jones@nexuserp.com,2025-09-28 00:00:00,2025-09-15 00:00:00
386,ANNUAL,2026-08-16,2026-08-24,,APPROVED,hugo.jones@nexuserp.com,2026-08-08 00:00:00,2026-07-20 00:00:00
386,SICK,2025-12-16,2025-12-18,,APPROVED,hugo.jones@nexuserp.com,2025-11-30 00:00:00,2025-11-22 00:00:00
386,ANNUAL,2025-10-16,2025-10-19,,APPROVED,hugo.jones@nexuserp.com,2025-10-06 00:00:00,2025-09-07 00:00:00
387,ANNUAL,2026-07-11,2026-07-19,,APPROVED,adam.roberts@nexuserp.com,2026-07-07 00:00:00,2026-06-10 00:00:00
387,ANNUAL,2026-06-20,2026-06-24,,APPROVED,adam.roberts@nexuserp.com,2026-06-01 00:00:00,2026-05-29 00:00:00
388,ANNUAL,2026-06-11,2026-06-14,,APPROVED,priya.shah@nexuserp.com,2026-06-03 00:00:00,2026-05-19 00:00:00
389,ANNUAL,2026-01-31,2026-02-05,,APPROVED,ryan.khalil@nexuserp.com,2026-01-13 00:00:00,2025-12-24 00:00:00
389,OTHER,2026-07-05,2026-07-09,,APPROVED,ryan.khalil@nexuserp.com,2026-06-19 00:00:00,2026-05-28 00:00:00
392,OTHER,2026-02-05,2026-02-08,,APPROVED,olivia.williams@nexuserp.com,2026-01-30 00:00:00,2025-12-28 00:00:00
393,ANNUAL,2026-01-29,2026-02-03,,APPROVED,sarah.thomas@nexuserp.com,2026-01-25 00:00:00,2025-12-29 00:00:00
394,SICK,2025-06-11,2025-06-11,,APPROVED,oscar.kim@nexuserp.com,2025-05-31 00:00:00,2025-05-08 00:00:00
395,ANNUAL,2026-08-14,2026-08-21,,APPROVED,ashley.park@nexuserp.com,2026-08-03 00:00:00,2026-07-24 00:00:00
395,ANNUAL,2026-03-04,2026-03-09,,APPROVED,ashley.park@nexuserp.com,2026-02-19 00:00:00,2026-02-12 00:00:00
396,UNPAID,2026-02-07,2026-02-11,,APPROVED,hugo.jones@nexuserp.com,2026-02-02 00:00:00,2026-01-06 00:00:00
396,ANNUAL,2026-07-15,2026-07-17,,APPROVED,hugo.jones@nexuserp.com,2026-06-28 00:00:00,2026-06-10 00:00:00
397,UNPAID,2025-12-26,2025-12-30,,APPROVED,sara.dubois@nexuserp.com,2025-12-09 00:00:00,2025-12-01 00:00:00
397,SICK,2026-09-20,2026-09-22,,APPROVED,sara.dubois@nexuserp.com,2026-09-09 00:00:00,2026-08-31 00:00:00
399,ANNUAL,2026-06-16,2026-06-24,,APPROVED,mark.lee@nexuserp.com,2026-06-04 00:00:00,2026-05-20 00:00:00
401,ANNUAL,2026-01-24,2026-01-27,,APPROVED,elizabeth.tanaka2@nexuserp.com,2026-01-15 00:00:00,2025-12-18 00:00:00
403,ANNUAL,2025-12-19,2025-12-22,,APPROVED,manon.hernandez@nexuserp.com,2025-12-11 00:00:00,2025-11-15 00:00:00
405,ANNUAL,2025-08-06,2025-08-10,,APPROVED,oscar.kim@nexuserp.com,2025-07-21 00:00:00,2025-07-17 00:00:00
405,ANNUAL,2025-09-21,2025-09-25,,APPROVED,oscar.kim@nexuserp.com,2025-09-10 00:00:00,2025-08-22 00:00:00
405,ANNUAL,2025-10-11,2025-10-18,,APPROVED,oscar.kim@nexuserp.com,2025-10-03 00:00:00,2025-09-16 00:00:00
406,ANNUAL,2026-09-19,2026-09-24,,APPROVED,rayan.haddad@nexuserp.com,2026-09-16 00:00:00,2026-08-24 00:00:00
406,ANNUAL,2026-10-14,2026-10-21,Moving house,PENDING,,,2026-09-22 00:00:00
407,ANNUAL,2026-04-14,2026-04-22,,REJECTED,mark.chen@nexuserp.com,2026-03-29 00:00:00,2026-03-20 00:00:00
407,SICK,2025-11-23,2025-11-24,,REJECTED,mark.chen@nexuserp.com,2025-11-17 00:00:00,2025-11-03 00:00:00
408,ANNUAL,2025-12-12,2025-12-21,,APPROVED,nancy.singh@nexuserp.com,2025-12-06 00:00:00,2025-11-18 00:00:00
410,ANNUAL,2025-12-27,2026-01-01,,REJECTED,tariq.lopez@nexuserp.com,2025-12-14 00:00:00,2025-12-04 00:00:00
410,ANNUAL,2025-11-16,2025-11-24,,APPROVED,tariq.lopez@nexuserp.com,2025-11-08 00:00:00,2025-10-17 00:00:00
410,ANNUAL,2025-10-12,2025-10-15,,APPROVED,tariq.lopez@nexuserp.com,2025-09-27 00:00:00,2025-09-22 00:00:00
410,ANNUAL,2026-10-14,2026-10-16,Personal matters,PENDING,,,2026-09-22 00:00:00
411,ANNUAL,2026-05-20,2026-05-21,,APPROVED,elizabeth.russo@nexuserp.com,2026-05-08 00:00:00,2026-04-25 00:00:00
412,ANNUAL,2025-09-26,2025-09-29,,APPROVED,sarah.thomas@nexuserp.com,2025-09-23 00:00:00,2025-09-05 00:00:00
412,OTHER,2026-04-20,2026-04-22,,APPROVED,sarah.thomas@nexuserp.com,2026-04-06 00:00:00,2026-03-12 00:00:00
416,SICK,2025-09-27,2025-09-28,,APPROVED,elizabeth.russo@nexuserp.com,2025-09-17 00:00:00,2025-08-31 00:00:00
417,SICK,2026-02-18,2026-02-19,,APPROVED,nicholas.smith@nexuserp.com,2026-02-07 00:00:00,2026-01-20 00:00:00
417,ANNUAL,2026-01-22,2026-01-31,,APPROVED,nicholas.smith@nexuserp.com,2026-01-11 00:00:00,2025-12-27 00:00:00
419,ANNUAL,2025-12-06,2025-12-15,,APPROVED,rayan.flores@nexuserp.com,2025-12-01 00:00:00,2025-11-14 00:00:00
420,ANNUAL,2025-10-12,2025-10-16,,APPROVED,sandra.dubois@nexuserp.com,2025-09-28 00:00:00,2025-09-04 00:00:00
420,ANNUAL,2025-12-12,2025-12-21,,APPROVED,sandra.dubois@nexuserp.com,2025-12-09 00:00:00,2025-11-18 00:00:00
421,ANNUAL,2025-11-20,2025-11-21,,APPROVED,hugo.jones@nexuserp.com,2025-11-13 00:00:00,2025-10-16 00:00:00
422,ANNUAL,2026-08-02,2026-08-07,,APPROVED,oscar.wang@nexuserp.com,2026-07-19 00:00:00,2026-06-28 00:00:00
422,ANNUAL,2025-12-01,2025-12-08,,APPROVED,oscar.wang@nexuserp.com,2025-11-18 00:00:00,2025-10-29 00:00:00
423,ANNUAL,2026-01-02,2026-01-09,,APPROVED,richard.carter@nexuserp.com,2025-12-20 00:00:00,2025-12-13 00:00:00
424,ANNUAL,2026-02-07,2026-02-14,,APPROVED,camille.lewis@nexuserp.com,2026-02-01 00:00:00,2026-01-04 00:00:00
425,ANNUAL,2026-06-11,2026-06-13,,APPROVED,jacob.sato@nexuserp.com,2026-06-02 00:00:00,2026-05-14 00:00:00
425,ANNUAL,2025-10-15,2025-10-18,,APPROVED,jacob.sato@nexuserp.com,2025-10-06 00:00:00,2025-09-24 00:00:00
428,SICK,2025-11-27,2025-11-27,,APPROVED,hugo.jones@nexuserp.com,2025-11-20 00:00:00,2025-11-03 00:00:00
429,ANNUAL,2026-06-22,2026-06-27,,APPROVED,hugo.jones@nexuserp.com,2026-06-15 00:00:00,2026-05-15 00:00:00
429,SICK,2026-06-04,2026-06-06,,APPROVED,hugo.jones@nexuserp.com,2026-05-30 00:00:00,2026-05-06 00:00:00
429,ANNUAL,2026-04-10,2026-04-17,,APPROVED,hugo.jones@nexuserp.com,2026-03-29 00:00:00,2026-03-21 00:00:00
431,SICK,2026-04-08,2026-04-09,,APPROVED,matthew.hernandez@nexuserp.com,2026-03-21 00:00:00,2026-03-10 00:00:00
431,ANNUAL,2025-11-05,2025-11-13,,APPROVED,matthew.hernandez@nexuserp.com,2025-10-24 00:00:00,2025-09-29 00:00:00
433,SICK,2025-08-18,2025-08-20,,APPROVED,steven.laurent@nexuserp.com,2025-08-15 00:00:00,2025-07-12 00:00:00
433,ANNUAL,2025-04-25,2025-05-02,,APPROVED,steven.laurent@nexuserp.com,2025-04-16 00:00:00,2025-03-21 00:00:00
434,OTHER,2026-03-16,2026-03-18,,APPROVED,steven.laurent@nexuserp.com,2026-02-28 00:00:00,2026-02-15 00:00:00
434,SICK,2026-05-19,2026-05-20,,REJECTED,steven.laurent@nexuserp.com,2026-05-12 00:00:00,2026-04-10 00:00:00
434,ANNUAL,2026-09-13,2026-09-17,,APPROVED,steven.laurent@nexuserp.com,2026-08-31 00:00:00,2026-08-20 00:00:00
434,ANNUAL,2026-10-24,2026-10-31,Personal matters,PENDING,,,2026-09-25 00:00:00
436,ANNUAL,2026-01-02,2026-01-05,,APPROVED,karim.park@nexuserp.com,2025-12-30 00:00:00,2025-12-10 00:00:00
436,ANNUAL,2026-11-14,2026-11-20,Moving house,PENDING,,,2026-09-22 00:00:00
438,SICK,2025-11-16,2025-11-17,,APPROVED,adam.roberts@nexuserp.com,2025-11-01 00:00:00,2025-10-25 00:00:00
438,ANNUAL,2026-02-10,2026-02-15,,APPROVED,adam.roberts@nexuserp.com,2026-02-07 00:00:00,2026-01-09 00:00:00
439,ANNUAL,2026-04-10,2026-04-11,,APPROVED,timothy.moreau@nexuserp.com,2026-03-28 00:00:00,2026-03-10 00:00:00
439,ANNUAL,2026-02-01,2026-02-10,,APPROVED,timothy.moreau@nexuserp.com,2026-01-19 00:00:00,2026-01-05 00:00:00
440,ANNUAL,2025-06-27,2025-07-05,,APPROVED,nour.obrien@nexuserp.com,2025-06-20 00:00:00,2025-05-30 00:00:00
440,ANNUAL,2025-06-28,2025-07-05,,APPROVED,nour.obrien@nexuserp.com,2025-06-18 00:00:00,2025-06-02 00:00:00
441,ANNUAL,2026-07-01,2026-07-07,,APPROVED,ashley.park@nexuserp.com,2026-06-12 00:00:00,2026-05-26 00:00:00
441,OTHER,2026-03-16,2026-03-20,,APPROVED,ashley.park@nexuserp.com,2026-03-11 00:00:00,2026-02-10 00:00:00
442,ANNUAL,2025-10-04,2025-10-09,,APPROVED,richard.nguyen@nexuserp.com,2025-09-15 00:00:00,2025-09-04 00:00:00
444,ANNUAL,2026-09-05,2026-09-07,,APPROVED,hugo.jones@nexuserp.com,2026-08-26 00:00:00,2026-08-05 00:00:00
444,ANNUAL,2026-01-08,2026-01-16,,APPROVED,hugo.jones@nexuserp.com,2025-12-31 00:00:00,2025-12-08 00:00:00
444,ANNUAL,2025-12-15,2025-12-19,,APPROVED,hugo.jones@nexuserp.com,2025-12-07 00:00:00,2025-11-07 00:00:00
445,OTHER,2025-09-28,2025-10-02,,APPROVED,paul.khalil@nexuserp.com,2025-09-18 00:00:00,2025-08-30 00:00:00
446,SICK,2026-01-01,2026-01-01,,APPROVED,steven.robinson@nexuserp.com,2025-12-21 00:00:00,2025-11-23 00:00:00
447,SICK,2026-06-28,2026-06-30,,APPROVED,hugo.jones@nexuserp.com,2026-06-14 00:00:00,2026-05-29 00:00:00
447,ANNUAL,2026-04-26,2026-05-03,,REJECTED,hugo.jones@nexuserp.com,2026-04-21 00:00:00,2026-03-28 00:00:00
447,ANNUAL,2026-10-04,2026-10-09,Personal matters,PENDING,,,2026-09-22 00:00:00
448,OTHER,2025-11-07,2025-11-12,,APPROVED,hiroshi.scott2@nexuserp.com,2025-10-20 00:00:00,2025-10-04 00:00:00
448,ANNUAL,2025-12-18,2025-12-24,,APPROVED,hiroshi.scott2@nexuserp.com,2025-12-10 00:00:00,2025-11-17 00:00:00
448,ANNUAL,2026-06-24,2026-06-30,,APPROVED,hiroshi.scott2@nexuserp.com,2026-06-14 00:00:00,2026-05-19 00:00:00
449,SICK,2025-11-17,2025-11-18,,APPROVED,susan.roberts@nexuserp.com,2025-11-13 00:00:00,2025-10-16 00:00:00
450,SICK,2026-02-11,2026-02-13,,APPROVED,joshua.roberts@nexuserp.com,2026-02-05 00:00:00,2026-01-18 00:00:00
450,ANNUAL,2025-12-23,2025-12-27,,APPROVED,joshua.roberts@nexuserp.com,2025-12-16 00:00:00,2025-11-23 00:00:00
451,ANNUAL,2026-07-15,2026-07-22,,APPROVED,oscar.wang@nexuserp.com,2026-07-10 00:00:00,2026-06-24 00:00:00
454,UNPAID,2025-09-13,2025-09-18,,APPROVED,nour.adams@nexuserp.com,2025-08-31 00:00:00,2025-08-24 00:00:00
454,ANNUAL,2026-02-08,2026-02-17,,APPROVED,nour.adams@nexuserp.com,2026-01-22 00:00:00,2026-01-06 00:00:00
455,ANNUAL,2026-05-08,2026-05-16,,APPROVED,lea.moreau@nexuserp.com,2026-04-20 00:00:00,2026-04-01 00:00:00
456,ANNUAL,2026-02-13,2026-02-21,,APPROVED,karim.park@nexuserp.com,2026-02-02 00:00:00,2026-01-09 00:00:00
456,ANNUAL,2026-07-17,2026-07-25,,APPROVED,karim.park@nexuserp.com,2026-07-14 00:00:00,2026-06-08 00:00:00
456,ANNUAL,2026-05-27,2026-06-05,,APPROVED,karim.park@nexuserp.com,2026-05-08 00:00:00,2026-05-03 00:00:00
458,ANNUAL,2026-06-16,2026-06-21,,APPROVED,elizabeth.russo@nexuserp.com,2026-05-31 00:00:00,2026-05-19 00:00:00
460,SICK,2025-09-28,2025-09-29,,APPROVED,cynthia.lewis2@nexuserp.com,2025-09-15 00:00:00,2025-08-20 00:00:00
460,SICK,2026-05-10,2026-05-12,,APPROVED,cynthia.lewis2@nexuserp.com,2026-04-24 00:00:00,2026-04-20 00:00:00
460,SICK,2026-05-22,2026-05-22,,APPROVED,cynthia.lewis2@nexuserp.com,2026-05-05 00:00:00,2026-04-17 00:00:00
461,UNPAID,2026-05-01,2026-05-02,,APPROVED,hugo.jones@nexuserp.com,2026-04-16 00:00:00,2026-04-02 00:00:00
462,ANNUAL,2026-09-07,2026-09-16,,APPROVED,wei.wilson@nexuserp.com,2026-09-03 00:00:00,2026-08-01 00:00:00
462,SICK,2026-04-08,2026-04-10,,APPROVED,wei.wilson@nexuserp.com,2026-03-29 00:00:00,2026-03-03 00:00:00
462,ANNUAL,2026-04-17,2026-04-20,,APPROVED,wei.wilson@nexuserp.com,2026-03-30 00:00:00,2026-03-28 00:00:00
463,SICK,2026-09-06,2026-09-07,,APPROVED,paul.khalil@nexuserp.com,2026-08-27 00:00:00,2026-08-17 00:00:00
463,SICK,2026-08-04,2026-08-05,,APPROVED,paul.khalil@nexuserp.com,2026-07-31 00:00:00,2026-07-08 00:00:00
464,ANNUAL,2026-08-12,2026-08-13,,APPROVED,nancy.singh@nexuserp.com,2026-07-30 00:00:00,2026-07-21 00:00:00
464,ANNUAL,2026-06-15,2026-06-18,,APPROVED,nancy.singh@nexuserp.com,2026-06-06 00:00:00,2026-05-13 00:00:00
465,ANNUAL,2026-02-28,2026-03-07,,APPROVED,eric.adams2@nexuserp.com,2026-02-21 00:00:00,2026-01-25 00:00:00
465,ANNUAL,2026-09-12,2026-09-19,,APPROVED,eric.adams2@nexuserp.com,2026-09-01 00:00:00,2026-08-23 00:00:00
466,SICK,2026-07-19,2026-07-19,,APPROVED,john.clark@nexuserp.com,2026-07-08 00:00:00,2026-06-12 00:00:00
467,SICK,2026-09-23,2026-09-23,,REJECTED,rayan.haddad@nexuserp.com,2026-09-04 00:00:00,2026-09-02 00:00:00
469,ANNUAL,2025-10-16,2025-10-24,,APPROVED,paul.khalil@nexuserp.com,2025-10-13 00:00:00,2025-09-07 00:00:00
469,ANNUAL,2026-02-05,2026-02-06,,APPROVED,paul.khalil@nexuserp.com,2026-01-22 00:00:00,2025-12-28 00:00:00
470,ANNUAL,2026-02-06,2026-02-10,,APPROVED,kevin.hernandez@nexuserp.com,2026-02-03 00:00:00,2026-01-06 00:00:00
470,SICK,2026-02-22,2026-02-24,,APPROVED,kevin.hernandez@nexuserp.com,2026-02-05 00:00:00,2026-01-14 00:00:00
471,UNPAID,2025-12-12,2025-12-15,,APPROVED,lucas.laurent@nexuserp.com,2025-12-02 00:00:00,2025-11-19 00:00:00
473,ANNUAL,2026-07-24,2026-07-28,,APPROVED,tariq.lopez@nexuserp.com,2026-07-11 00:00:00,2026-06-26 00:00:00
473,ANNUAL,2026-08-04,2026-08-13,,APPROVED,tariq.lopez@nexuserp.com,2026-08-01 00:00:00,2026-07-11 00:00:00
473,ANNUAL,2026-05-10,2026-05-13,,APPROVED,tariq.lopez@nexuserp.com,2026-05-05 00:00:00,2026-04-04 00:00:00
475,SICK,2026-06-17,2026-06-17,,REJECTED,rayan.haddad@nexuserp.com,2026-06-13 00:00:00,2026-05-22 00:00:00
476,ANNUAL,2026-07-04,2026-07-05,,APPROVED,sharon.nielsen2@nexuserp.com,2026-06-22 00:00:00,2026-06-02 00:00:00
476,ANNUAL,2026-06-01,2026-06-08,,APPROVED,sharon.nielsen2@nexuserp.com,2026-05-22 00:00:00,2026-04-26 00:00:00
479,SICK,2026-04-06,2026-04-06,,APPROVED,amira.muller@nexuserp.com,2026-03-18 00:00:00,2026-03-05 00:00:00
479,ANNUAL,2025-10-27,2025-10-29,,APPROVED,amira.muller@nexuserp.com,2025-10-23 00:00:00,2025-10-02 00:00:00
479,SICK,2025-12-20,2025-12-22,,APPROVED,amira.muller@nexuserp.com,2025-12-02 00:00:00,2025-11-22 00:00:00
481,ANNUAL,2025-10-13,2025-10-22,,APPROVED,clara.novak@nexuserp.com,2025-10-10 00:00:00,2025-09-06 00:00:00
481,ANNUAL,2026-08-27,2026-08-29,,APPROVED,clara.novak@nexuserp.com,2026-08-13 00:00:00,2026-07-31 00:00:00
481,ANNUAL,2026-03-26,2026-03-28,,APPROVED,clara.novak@nexuserp.com,2026-03-16 00:00:00,2026-03-04 00:00:00
482,ANNUAL,2026-07-22,2026-07-24,,APPROVED,matthew.hernandez@nexuserp.com,2026-07-16 00:00:00,2026-06-20 00:00:00
483,ANNUAL,2026-01-16,2026-01-19,,APPROVED,olivia.williams@nexuserp.com,2026-01-02 00:00:00,2025-12-21 00:00:00
484,ANNUAL,2025-12-22,2025-12-23,,APPROVED,kevin.obrien@nexuserp.com,2025-12-07 00:00:00,2025-11-15 00:00:00
485,ANNUAL,2025-07-21,2025-07-24,,APPROVED,adam.roberts@nexuserp.com,2025-07-02 00:00:00,2025-06-20 00:00:00
485,ANNUAL,2025-08-06,2025-08-13,,APPROVED,adam.roberts@nexuserp.com,2025-08-02 00:00:00,2025-07-11 00:00:00
486,UNPAID,2025-12-03,2025-12-07,,APPROVED,arjun.khalil@nexuserp.com,2025-11-15 00:00:00,2025-10-27 00:00:00
486,SICK,2026-03-12,2026-03-12,,APPROVED,arjun.khalil@nexuserp.com,2026-03-04 00:00:00,2026-02-01 00:00:00
486,ANNUAL,2025-12-26,2025-12-29,,APPROVED,arjun.khalil@nexuserp.com,2025-12-19 00:00:00,2025-11-26 00:00:00
487,UNPAID,2026-08-04,2026-08-10,,REJECTED,samuel.rivera@nexuserp.com,2026-07-24 00:00:00,2026-07-03 00:00:00
488,ANNUAL,2026-01-29,2026-02-05,,APPROVED,mark.smith@nexuserp.com,2026-01-16 00:00:00,2026-01-05 00:00:00
488,UNPAID,2025-09-19,2025-09-20,,APPROVED,mark.smith@nexuserp.com,2025-09-12 00:00:00,2025-08-23 00:00:00
488,ANNUAL,2025-12-17,2025-12-26,,APPROVED,mark.smith@nexuserp.com,2025-11-28 00:00:00,2025-11-19 00:00:00
491,ANNUAL,2025-09-30,2025-10-08,,APPROVED,anthony.lee@nexuserp.com,2025-09-27 00:00:00,2025-09-07 00:00:00
493,ANNUAL,2026-05-17,2026-05-19,,APPROVED,elena.scott@nexuserp.com,2026-04-28 00:00:00,2026-04-14 00:00:00
493,ANNUAL,2026-03-03,2026-03-10,,REJECTED,elena.scott@nexuserp.com,2026-02-25 00:00:00,2026-01-31 00:00:00
494,SICK,2025-12-05,2025-12-07,,APPROVED,elizabeth.russo@nexuserp.com,2025-11-30 00:00:00,2025-10-30 00:00:00
495,ANNUAL,2026-05-13,2026-05-22,,APPROVED,michelle.king@nexuserp.com,2026-04-29 00:00:00,2026-04-16 00:00:00
495,ANNUAL,2026-03-05,2026-03-09,,APPROVED,michelle.king@nexuserp.com,2026-02-27 00:00:00,2026-02-09 00:00:00
495,ANNUAL,2026-10-11,2026-10-13,Wedding,PENDING,,,2026-09-21 00:00:00
497,ANNUAL,2026-09-03,2026-09-08,,APPROVED,andrew.smith@nexuserp.com,2026-08-27 00:00:00,2026-08-03 00:00:00
498,ANNUAL,2026-05-11,2026-05-14,,APPROVED,andrew.robinson2@nexuserp.com,2026-05-06 00:00:00,2026-04-21 00:00:00
498,ANNUAL,2026-01-19,2026-01-27,,APPROVED,andrew.robinson2@nexuserp.com,2026-01-06 00:00:00,2025-12-11 00:00:00
499,SICK,2026-09-18,2026-09-18,,APPROVED,matthew.hernandez@nexuserp.com,2026-08-31 00:00:00,2026-08-19 00:00:00
499,ANNUAL,2026-07-19,2026-07-24,,APPROVED,matthew.hernandez@nexuserp.com,2026-07-03 00:00:00,2026-06-20 00:00:00
500,ANNUAL,2026-06-18,2026-06-21,,APPROVED,andrew.robinson2@nexuserp.com,2026-06-07 00:00:00,2026-05-19 00:00:00
500,ANNUAL,2026-10-28,2026-11-04,,PENDING,,,2026-09-25 00:00:00
501,ANNUAL,2026-05-25,2026-06-03,,APPROVED,nour.obrien@nexuserp.com,2026-05-15 00:00:00,2026-04-26 00:00:00
502,ANNUAL,2025-09-27,2025-09-30,,APPROVED,rayan.haddad@nexuserp.com,2025-09-20 00:00:00,2025-08-22 00:00:00
502,ANNUAL,2026-05-11,2026-05-14,,APPROVED,rayan.haddad@nexuserp.com,2026-04-28 00:00:00,2026-04-08 00:00:00
505,ANNUAL,2025-11-27,2025-11-28,,APPROVED,hugo.jones@nexuserp.com,2025-11-10 00:00:00,2025-10-26 00:00:00
505,ANNUAL,2026-05-30,2026-06-02,,APPROVED,hugo.jones@nexuserp.com,2026-05-20 00:00:00,2026-05-05 00:00:00
507,ANNUAL,2025-12-22,2025-12-31,,REJECTED,sandra.dubois@nexuserp.com,2025-12-13 00:00:00,2025-11-27 00:00:00
508,ANNUAL,2026-04-19,2026-04-21,,APPROVED,kevin.obrien@nexuserp.com,2026-04-08 00:00:00,2026-03-25 00:00:00
510,ANNUAL,2025-09-30,2025-10-04,,APPROVED,nour.obrien@nexuserp.com,2025-09-12 00:00:00,2025-08-25 00:00:00
510,ANNUAL,2025-07-31,2025-08-06,,APPROVED,nour.obrien@nexuserp.com,2025-07-19 00:00:00,2025-07-11 00:00:00
510,SICK,2025-04-10,2025-04-12,,APPROVED,nour.obrien@nexuserp.com,2025-03-27 00:00:00,2025-03-17 00:00:00
511,ANNUAL,2026-01-07,2026-01-15,,APPROVED,arjun.wang@nexuserp.com,2026-01-01 00:00:00,2025-12-17 00:00:00
513,ANNUAL,2026-09-03,2026-09-10,,APPROVED,elena.lee@nexuserp.com,2026-08-19 00:00:00,2026-08-12 00:00:00
514,ANNUAL,2025-05-09,2025-05-17,,APPROVED,sara.khalil@nexuserp.com,2025-04-24 00:00:00,2025-04-05 00:00:00
515,ANNUAL,2026-08-30,2026-09-01,,APPROVED,jacob.sato@nexuserp.com,2026-08-12 00:00:00,2026-07-27 00:00:00
515,ANNUAL,2026-04-06,2026-04-07,,APPROVED,jacob.sato@nexuserp.com,2026-03-23 00:00:00,2026-03-17 00:00:00
515,ANNUAL,2025-11-26,2025-12-04,,REJECTED,jacob.sato@nexuserp.com,2025-11-13 00:00:00,2025-10-21 00:00:00
516,ANNUAL,2025-10-19,2025-10-24,,APPROVED,priya.shah@nexuserp.com,2025-10-11 00:00:00,2025-09-20 00:00:00
517,ANNUAL,2025-09-27,2025-09-28,,APPROVED,jacob.sato@nexuserp.com,2025-09-24 00:00:00,2025-08-29 00:00:00
517,ANNUAL,2026-02-17,2026-02-23,,APPROVED,jacob.sato@nexuserp.com,2026-02-02 00:00:00,2026-01-26 00:00:00
518,ANNUAL,2026-05-18,2026-05-27,,APPROVED,richard.nguyen@nexuserp.com,2026-05-12 00:00:00,2026-04-12 00:00:00
518,ANNUAL,2026-03-18,2026-03-26,,APPROVED,richard.nguyen@nexuserp.com,2026-03-06 00:00:00,2026-02-21 00:00:00
518,ANNUAL,2026-11-21,2026-11-30,Family holiday,PENDING,,,2026-09-23 00:00:00
520,ANNUAL,2025-11-05,2025-11-12,,APPROVED,hugo.jones@nexuserp.com,2025-10-29 00:00:00,2025-10-03 00:00:00
521,ANNUAL,2025-11-09,2025-11-18,,APPROVED,jacob.sato@nexuserp.com,2025-10-23 00:00:00,2025-10-08 00:00:00
521,ANNUAL,2026-06-21,2026-06-25,,APPROVED,jacob.sato@nexuserp.com,2026-06-02 00:00:00,2026-06-01 00:00:00
522,SICK,2026-02-14,2026-02-15,,APPROVED,hugo.jones@nexuserp.com,2026-01-27 00:00:00,2026-01-12 00:00:00
522,ANNUAL,2025-11-25,2025-11-26,,APPROVED,hugo.jones@nexuserp.com,2025-11-08 00:00:00,2025-11-01 00:00:00
523,ANNUAL,2026-02-20,2026-02-22,,APPROVED,nicholas.brown2@nexuserp.com,2026-02-16 00:00:00,2026-01-24 00:00:00
524,SICK,2026-03-23,2026-03-25,,APPROVED,john.clark@nexuserp.com,2026-03-18 00:00:00,2026-02-16 00:00:00
524,ANNUAL,2026-09-04,2026-09-13,,APPROVED,john.clark@nexuserp.com,2026-08-24 00:00:00,2026-07-30 00:00:00
524,ANNUAL,2026-07-25,2026-07-30,,APPROVED,john.clark@nexuserp.com,2026-07-14 00:00:00,2026-06-23 00:00:00
525,ANNUAL,2025-12-08,2025-12-16,,APPROVED,paul.moreau@nexuserp.com,2025-11-28 00:00:00,2025-11-03 00:00:00
525,SICK,2026-08-23,2026-08-24,,APPROVED,paul.moreau@nexuserp.com,2026-08-09 00:00:00,2026-07-16 00:00:00
525,ANNUAL,2025-11-21,2025-11-28,,APPROVED,paul.moreau@nexuserp.com,2025-11-08 00:00:00,2025-10-23 00:00:00
526,UNPAID,2026-09-01,2026-09-02,,APPROVED,susan.muller@nexuserp.com,2026-08-25 00:00:00,2026-08-11 00:00:00
527,ANNUAL,2026-05-25,2026-05-27,,REJECTED,steven.robinson@nexuserp.com,2026-05-20 00:00:00,2026-04-16 00:00:00
529,SICK,2025-12-08,2025-12-10,,APPROVED,sara.dubois@nexuserp.com,2025-11-22 00:00:00,2025-11-08 00:00:00
531,ANNUAL,2026-04-13,2026-04-19,,APPROVED,hugo.jones@nexuserp.com,2026-04-05 00:00:00,2026-03-13 00:00:00
532,ANNUAL,2026-01-01,2026-01-10,,APPROVED,nicholas.brown2@nexuserp.com,2025-12-18 00:00:00,2025-12-07 00:00:00
533,ANNUAL,2025-12-03,2025-12-12,,APPROVED,mark.lee@nexuserp.com,2025-11-21 00:00:00,2025-11-06 00:00:00
534,ANNUAL,2025-11-24,2025-11-27,,APPROVED,mark.smith@nexuserp.com,2025-11-08 00:00:00,2025-10-26 00:00:00
534,ANNUAL,2026-11-13,2026-11-22,,PENDING,,,2026-09-25 00:00:00
536,ANNUAL,2026-05-16,2026-05-22,,APPROVED,olivia.williams@nexuserp.com,2026-05-05 00:00:00,2026-04-18 00:00:00
536,ANNUAL,2026-09-10,2026-09-17,,APPROVED,olivia.williams@nexuserp.com,2026-08-25 00:00:00,2026-08-11 00:00:00
538,ANNUAL,2025-08-03,2025-08-05,,APPROVED,lea.moreau@nexuserp.com,2025-07-24 00:00:00,2025-07-05 00:00:00
543,SICK,2026-08-22,2026-08-22,,APPROVED,mark.patel@nexuserp.com,2026-08-07 00:00:00,2026-07-26 00:00:00
543,SICK,2025-11-04,2025-11-06,,APPROVED,mark.patel@nexuserp.com,2025-10-23 00:00:00,2025-10-15 00:00:00
543,SICK,2026-06-08,2026-06-09,,APPROVED,mark.patel@nexuserp.com,2026-05-29 00:00:00,2026-05-17 00:00:00
544,SICK,2026-05-07,2026-05-07,,APPROVED,karen.oliveira2@nexuserp.com,2026-05-01 00:00:00,2026-04-17 00:00:00
544,ANNUAL,2026-01-25,2026-01-28,,APPROVED,karen.oliveira2@nexuserp.com,2026-01-18 00:00:00,2025-12-21 00:00:00
544,UNPAID,2025-11-22,2025-11-29,,APPROVED,karen.oliveira2@nexuserp.com,2025-11-13 00:00:00,2025-10-29 00:00:00
546,ANNUAL,2026-10-13,2026-10-14,Personal matters,PENDING,,,2026-09-23 00:00:00
549,ANNUAL,2025-11-04,2025-11-11,,APPROVED,hugo.jones@nexuserp.com,2025-10-21 00:00:00,2025-10-08 00:00:00
549,ANNUAL,2025-09-29,2025-09-30,,APPROVED,hugo.jones@nexuserp.com,2025-09-26 00:00:00,2025-08-31 00:00:00
549,SICK,2026-01-11,2026-01-13,,APPROVED,hugo.jones@nexuserp.com,2026-01-05 00:00:00,2025-12-07 00:00:00
550,ANNUAL,2026-02-27,2026-03-03,,APPROVED,chloe.carter@nexuserp.com,2026-02-21 00:00:00,2026-01-23 00:00:00
551,ANNUAL,2026-02-26,2026-02-27,,APPROVED,mei.chen@nexuserp.com,2026-02-11 00:00:00,2026-02-05 00:00:00
551,SICK,2026-03-02,2026-03-04,,REJECTED,mei.chen@nexuserp.com,2026-02-19 00:00:00,2026-02-07 00:00:00
551,ANNUAL,2026-02-24,2026-03-04,,APPROVED,mei.chen@nexuserp.com,2026-02-08 00:00:00,2026-01-21 00:00:00
554,SICK,2025-11-21,2025-11-23,,APPROVED,elizabeth.russo@nexuserp.com,2025-11-04 00:00:00,2025-10-20 00:00:00
554,ANNUAL,2025-11-07,2025-11-12,,APPROVED,elizabeth.russo@nexuserp.com,2025-10-25 00:00:00,2025-10-15 00:00:00
555,ANNUAL,2025-05-29,2025-05-31,,APPROVED,mark.lee@nexuserp.com,2025-05-25 00:00:00,2025-04-20 00:00:00
555,SICK,2026-02-24,2026-02-24,,APPROVED,mark.lee@nexuserp.com,2026-02-15 00:00:00,2026-01-23 00:00:00
556,ANNUAL,2026-06-09,2026-06-15,,APPROVED,lea.moreau@nexuserp.com,2026-05-24 00:00:00,2026-05-13 00:00:00
556,ANNUAL,2026-01-19,2026-01-26,,APPROVED,lea.moreau@nexuserp.com,2026-01-13 00:00:00,2025-12-19 00:00:00
558,ANNUAL,2026-03-24,2026-03-29,,APPROVED,tariq.lopez@nexuserp.com,2026-03-21 00:00:00,2026-02-17 00:00:00
558,ANNUAL,2026-04-18,2026-04-23,,APPROVED,tariq.lopez@nexuserp.com,2026-04-04 00:00:00,2026-03-26 00:00:00
558,ANNUAL,2026-01-06,2026-01-13,,APPROVED,tariq.lopez@nexuserp.com,2025-12-27 00:00:00,2025-12-09 00:00:00
560,ANNUAL,2025-12-24,2025-12-29,,APPROVED,camille.trabelsi@nexuserp.com,2025-12-09 00:00:00,2025-11-16 00:00:00
560,ANNUAL,2026-07-31,2026-08-07,,APPROVED,camille.trabelsi@nexuserp.com,2026-07-13 00:00:00,2026-06-22 00:00:00
562,SICK,2026-01-30,2026-02-01,,REJECTED,paul.moreau@nexuserp.com,2026-01-13 00:00:00,2026-01-06 00:00:00
564,ANNUAL,2026-07-01,2026-07-06,,APPROVED,hugo.jones@nexuserp.com,2026-06-18 00:00:00,2026-05-27 00:00:00
564,ANNUAL,2026-07-09,2026-07-13,,APPROVED,hugo.jones@nexuserp.com,2026-06-27 00:00:00,2026-06-07 00:00:00
565,SICK,2025-08-05,2025-08-07,,APPROVED,ashley.park@nexuserp.com,2025-07-26 00:00:00,2025-07-03 00:00:00
566,ANNUAL,2025-08-08,2025-08-17,,APPROVED,emily.harris@nexuserp.com,2025-07-21 00:00:00,2025-07-02 00:00:00
566,UNPAID,2025-09-10,2025-09-17,,APPROVED,emily.harris@nexuserp.com,2025-08-24 00:00:00,2025-08-12 00:00:00
567,SICK,2026-06-11,2026-06-11,,APPROVED,camille.wang@nexuserp.com,2026-06-08 00:00:00,2026-05-11 00:00:00
568,ANNUAL,2026-03-19,2026-03-20,,APPROVED,tariq.lopez@nexuserp.com,2026-03-09 00:00:00,2026-02-15 00:00:00
568,ANNUAL,2026-02-10,2026-02-18,,APPROVED,tariq.lopez@nexuserp.com,2026-01-23 00:00:00,2026-01-09 00:00:00
568,UNPAID,2026-02-14,2026-02-17,,APPROVED,tariq.lopez@nexuserp.com,2026-02-08 00:00:00,2026-01-06 00:00:00
573,ANNUAL,2026-05-28,2026-05-29,,APPROVED,mark.lee@nexuserp.com,2026-05-14 00:00:00,2026-04-19 00:00:00
573,ANNUAL,2026-02-09,2026-02-10,,REJECTED,mark.lee@nexuserp.com,2026-02-02 00:00:00,2026-01-03 00:00:00
574,SICK,2026-04-09,2026-04-10,,APPROVED,wei.wilson@nexuserp.com,2026-04-03 00:00:00,2026-03-16 00:00:00
574,ANNUAL,2026-02-26,2026-03-05,,APPROVED,wei.wilson@nexuserp.com,2026-02-14 00:00:00,2026-01-21 00:00:00
575,SICK,2026-08-08,2026-08-08,,APPROVED,hugo.jones@nexuserp.com,2026-07-28 00:00:00,2026-07-02 00:00:00
577,ANNUAL,2026-07-30,2026-08-03,,APPROVED,andrew.smith@nexuserp.com,2026-07-21 00:00:00,2026-06-30 00:00:00
577,ANNUAL,2026-11-24,2026-12-01,Moving house,PENDING,,,2026-09-26 00:00:00
578,ANNUAL,2025-11-29,2025-12-08,,APPROVED,sharon.muller@nexuserp.com,2025-11-20 00:00:00,2025-10-31 00:00:00
578,ANNUAL,2026-02-22,2026-02-27,,APPROVED,sharon.muller@nexuserp.com,2026-02-06 00:00:00,2026-01-15 00:00:00
579,ANNUAL,2026-08-02,2026-08-11,,APPROVED,nour.obrien@nexuserp.com,2026-07-24 00:00:00,2026-07-09 00:00:00
579,ANNUAL,2026-06-16,2026-06-23,,APPROVED,nour.obrien@nexuserp.com,2026-06-11 00:00:00,2026-05-22 00:00:00
579,ANNUAL,2025-10-11,2025-10-18,,APPROVED,nour.obrien@nexuserp.com,2025-09-29 00:00:00,2025-09-18 00:00:00
580,SICK,2025-11-06,2025-11-08,,REJECTED,nicholas.brown2@nexuserp.com,2025-10-20 00:00:00,2025-10-03 00:00:00
581,SICK,2026-04-18,2026-04-19,,APPROVED,ryan.taylor@nexuserp.com,2026-04-07 00:00:00,2026-03-29 00:00:00
581,ANNUAL,2026-08-16,2026-08-18,,APPROVED,ryan.taylor@nexuserp.com,2026-07-29 00:00:00,2026-07-19 00:00:00
582,SICK,2025-06-01,2025-06-03,,APPROVED,hugo.jones@nexuserp.com,2025-05-21 00:00:00,2025-04-25 00:00:00
582,UNPAID,2025-10-30,2025-11-03,,APPROVED,hugo.jones@nexuserp.com,2025-10-25 00:00:00,2025-10-02 00:00:00
582,OTHER,2025-11-23,2025-11-25,,APPROVED,hugo.jones@nexuserp.com,2025-11-13 00:00:00,2025-10-28 00:00:00
584,SICK,2025-08-10,2025-08-12,,APPROVED,paul.taylor@nexuserp.com,2025-08-01 00:00:00,2025-07-16 00:00:00
584,ANNUAL,2025-07-04,2025-07-13,,APPROVED,paul.taylor@nexuserp.com,2025-06-26 00:00:00,2025-06-09 00:00:00
585,ANNUAL,2026-05-19,2026-05-27,,APPROVED,mark.lee@nexuserp.com,2026-05-11 00:00:00,2026-04-17 00:00:00
585,ANNUAL,2025-10-30,2025-11-06,,APPROVED,mark.lee@nexuserp.com,2025-10-12 00:00:00,2025-10-08 00:00:00
585,ANNUAL,2026-02-08,2026-02-14,,APPROVED,mark.lee@nexuserp.com,2026-01-23 00:00:00,2026-01-15 00:00:00
586,ANNUAL,2026-02-24,2026-02-25,,APPROVED,oscar.wang@nexuserp.com,2026-02-11 00:00:00,2026-01-21 00:00:00
586,ANNUAL,2026-07-21,2026-07-22,,APPROVED,oscar.wang@nexuserp.com,2026-07-02 00:00:00,2026-06-19 00:00:00
587,ANNUAL,2025-08-18,2025-08-23,,APPROVED,matthew.hernandez@nexuserp.com,2025-08-06 00:00:00,2025-07-12 00:00:00
587,SICK,2025-09-01,2025-09-03,,REJECTED,matthew.hernandez@nexuserp.com,2025-08-17 00:00:00,2025-08-09 00:00:00
590,ANNUAL,2025-11-28,2025-12-04,,APPROVED,camille.lewis@nexuserp.com,2025-11-12 00:00:00,2025-11-04 00:00:00
591,OTHER,2025-10-16,2025-10-17,,APPROVED,ryan.khalil@nexuserp.com,2025-10-08 00:00:00,2025-09-25 00:00:00
591,ANNUAL,2026-06-11,2026-06-15,,APPROVED,ryan.khalil@nexuserp.com,2026-06-08 00:00:00,2026-05-09 00:00:00
591,SICK,2025-11-17,2025-11-18,,APPROVED,ryan.khalil@nexuserp.com,2025-11-07 00:00:00,2025-10-18 00:00:00
592,UNPAID,2026-03-26,2026-03-27,,APPROVED,andrew.robinson2@nexuserp.com,2026-03-10 00:00:00,2026-03-06 00:00:00
592,ANNUAL,2026-07-19,2026-07-26,,APPROVED,andrew.robinson2@nexuserp.com,2026-07-01 00:00:00,2026-06-27 00:00:00
593,ANNUAL,2025-05-16,2025-05-25,,APPROVED,lucas.laurent@nexuserp.com,2025-05-11 00:00:00,2025-04-07 00:00:00
593,ANNUAL,2025-06-09,2025-06-16,,APPROVED,lucas.laurent@nexuserp.com,2025-05-30 00:00:00,2025-05-14 00:00:00
595,OTHER,2026-07-05,2026-07-09,,APPROVED,karim.park@nexuserp.com,2026-06-25 00:00:00,2026-06-02 00:00:00
597,ANNUAL,2026-03-16,2026-03-17,,APPROVED,tariq.lopez@nexuserp.com,2026-02-28 00:00:00,2026-02-20 00:00:00
599,ANNUAL,2025-12-17,2025-12-26,,APPROVED,elizabeth.russo@nexuserp.com,2025-12-14 00:00:00,2025-11-24 00:00:00
599,ANNUAL,2026-03-02,2026-03-10,,APPROVED,elizabeth.russo@nexuserp.com,2026-02-27 00:00:00,2026-01-29 00:00:00
600,ANNUAL,2026-06-07,2026-06-14,,REJECTED,rayan.haddad@nexuserp.com,2026-05-29 00:00:00,2026-05-01 00:00:00
600,SICK,2025-10-21,2025-10-23,,APPROVED,rayan.haddad@nexuserp.com,2025-10-15 00:00:00,2025-09-15 00:00:00
601,ANNUAL,2026-08-08,2026-08-16,,APPROVED,richard.nguyen@nexuserp.com,2026-08-01 00:00:00,2026-07-15 00:00:00
602,ANNUAL,2026-02-14,2026-02-23,,APPROVED,hiroshi.scott2@nexuserp.com,2026-02-06 00:00:00,2026-01-14 00:00:00
602,ANNUAL,2025-10-11,2025-10-20,,APPROVED,hiroshi.scott2@nexuserp.com,2025-10-01 00:00:00,2025-09-10 00:00:00
602,ANNUAL,2026-08-31,2026-09-08,,APPROVED,hiroshi.scott2@nexuserp.com,2026-08-21 00:00:00,2026-08-09 00:00:00
604,SICK,2026-05-26,2026-05-26,,APPROVED,amira.muller@nexuserp.com,2026-05-19 00:00:00,2026-04-30 00:00:00
604,ANNUAL,2026-09-17,2026-09-22,,APPROVED,amira.muller@nexuserp.com,2026-09-04 00:00:00,2026-08-12 00:00:00
605,OTHER,2026-08-09,2026-08-17,,APPROVED,wei.wilson@nexuserp.com,2026-07-21 00:00:00,2026-07-19 00:00:00
605,ANNUAL,2026-06-27,2026-07-01,,APPROVED,wei.wilson@nexuserp.com,2026-06-19 00:00:00,2026-05-21 00:00:00
606,ANNUAL,2026-07-02,2026-07-03,,APPROVED,clara.novak@nexuserp.com,2026-06-26 00:00:00,2026-06-06 00:00:00
608,SICK,2025-10-26,2025-10-27,,APPROVED,camille.lewis@nexuserp.com,2025-10-12 00:00:00,2025-09-21 00:00:00
608,ANNUAL,2025-03-15,2025-03-18,,APPROVED,camille.lewis@nexuserp.com,2025-02-28 00:00:00,2025-02-15 00:00:00
611,UNPAID,2026-01-06,2026-01-07,,APPROVED,cynthia.lewis2@nexuserp.com,2025-12-27 00:00:00,2025-12-09 00:00:00
611,ANNUAL,2026-02-26,2026-03-05,,APPROVED,cynthia.lewis2@nexuserp.com,2026-02-12 00:00:00,2026-01-18 00:00:00
611,ANNUAL,2026-06-05,2026-06-12,,APPROVED,cynthia.lewis2@nexuserp.com,2026-05-18 00:00:00,2026-05-11 00:00:00
613,UNPAID,2025-11-03,2025-11-04,,APPROVED,tariq.lopez@nexuserp.com,2025-10-19 00:00:00,2025-10-09 00:00:00
613,SICK,2025-10-18,2025-10-18,,APPROVED,tariq.lopez@nexuserp.com,2025-10-11 00:00:00,2025-09-13 00:00:00
614,OTHER,2026-06-24,2026-07-01,,APPROVED,adam.roberts@nexuserp.com,2026-06-14 00:00:00,2026-05-28 00:00:00
614,SICK,2026-06-18,2026-06-20,,APPROVED,adam.roberts@nexuserp.com,2026-06-12 00:00:00,2026-05-19 00:00:00
614,SICK,2026-06-15,2026-06-16,,APPROVED,adam.roberts@nexuserp.com,2026-06-02 00:00:00,2026-05-23 00:00:00
615,ANNUAL,2026-08-12,2026-08-15,,APPROVED,amira.muller@nexuserp.com,2026-08-06 00:00:00,2026-07-04 00:00:00
615,ANNUAL,2026-03-02,2026-03-07,,APPROVED,amira.muller@nexuserp.com,2026-02-22 00:00:00,2026-02-03 00:00:00
616,ANNUAL,2025-11-04,2025-11-10,,APPROVED,anthony.lee@nexuserp.com,2025-10-16 00:00:00,2025-10-01 00:00:00
618,ANNUAL,2026-07-29,2026-08-04,,APPROVED,mark.smith@nexuserp.com,2026-07-23 00:00:00,2026-06-25 00:00:00
620,OTHER,2026-05-13,2026-05-21,,APPROVED,mark.smith@nexuserp.com,2026-05-10 00:00:00,2026-04-15 00:00:00
620,ANNUAL,2026-03-07,2026-03-15,,APPROVED,mark.smith@nexuserp.com,2026-02-23 00:00:00,2026-02-12 00:00:00
621,SICK,2025-10-20,2025-10-20,,APPROVED,elena.lee@nexuserp.com,2025-10-08 00:00:00,2025-09-14 00:00:00
622,ANNUAL,2026-02-08,2026-02-14,,APPROVED,rayan.flores@nexuserp.com,2026-02-04 00:00:00,2026-01-18 00:00:00
622,UNPAID,2025-09-07,2025-09-10,,APPROVED,rayan.flores@nexuserp.com,2025-08-22 00:00:00,2025-08-05 00:00:00
623,UNPAID,2026-08-06,2026-08-12,,APPROVED,mark.patel@nexuserp.com,2026-07-25 00:00:00,2026-07-14 00:00:00
623,ANNUAL,2026-05-23,2026-05-27,,APPROVED,mark.patel@nexuserp.com,2026-05-14 00:00:00,2026-04-28 00:00:00
624,ANNUAL,2026-07-12,2026-07-17,,APPROVED,oscar.wang@nexuserp.com,2026-07-05 00:00:00,2026-06-21 00:00:00
625,ANNUAL,2025-12-04,2025-12-06,,APPROVED,tariq.lopez@nexuserp.com,2025-11-25 00:00:00,2025-11-12 00:00:00
626,ANNUAL,2026-08-14,2026-08-18,,APPROVED,paul.khalil@nexuserp.com,2026-07-30 00:00:00,2026-07-13 00:00:00
626,ANNUAL,2025-12-29,2026-01-05,,APPROVED,paul.khalil@nexuserp.com,2025-12-19 00:00:00,2025-12-06 00:00:00
630,SICK,2026-04-14,2026-04-14,,APPROVED,joshua.roberts@nexuserp.com,2026-04-06 00:00:00,2026-03-20 00:00:00
631,ANNUAL,2025-12-23,2025-12-25,,REJECTED,alice.tanaka@nexuserp.com,2025-12-18 00:00:00,2025-12-02 00:00:00
631,ANNUAL,2026-05-30,2026-06-08,,APPROVED,alice.tanaka@nexuserp.com,2026-05-27 00:00:00,2026-05-03 00:00:00
632,ANNUAL,2026-03-10,2026-03-11,,APPROVED,elizabeth.russo@nexuserp.com,2026-02-24 00:00:00,2026-02-11 00:00:00
634,ANNUAL,2026-05-18,2026-05-25,,APPROVED,mei.chen@nexuserp.com,2026-05-15 00:00:00,2026-04-25 00:00:00
634,ANNUAL,2026-03-03,2026-03-11,,APPROVED,mei.chen@nexuserp.com,2026-02-22 00:00:00,2026-01-26 00:00:00
634,ANNUAL,2026-09-13,2026-09-16,,APPROVED,mei.chen@nexuserp.com,2026-09-06 00:00:00,2026-08-11 00:00:00
635,ANNUAL,2025-12-25,2026-01-02,,APPROVED,wei.wilson@nexuserp.com,2025-12-07 00:00:00,2025-11-17 00:00:00
638,ANNUAL,2025-10-10,2025-10-17,,APPROVED,hugo.jones@nexuserp.com,2025-09-26 00:00:00,2025-09-03 00:00:00
638,ANNUAL,2026-07-07,2026-07-08,,APPROVED,hugo.jones@nexuserp.com,2026-07-03 00:00:00,2026-06-09 00:00:00
639,ANNUAL,2025-12-29,2026-01-07,,APPROVED,aiko.silva@nexuserp.com,2025-12-25 00:00:00,2025-11-24 00:00:00
639,SICK,2026-02-25,2026-02-27,,APPROVED,aiko.silva@nexuserp.com,2026-02-08 00:00:00,2026-02-02 00:00:00
639,OTHER,2026-01-15,2026-01-19,,APPROVED,aiko.silva@nexuserp.com,2025-12-31 00:00:00,2025-12-18 00:00:00
641,UNPAID,2026-03-19,2026-03-22,,APPROVED,priya.shah@nexuserp.com,2026-03-15 00:00:00,2026-02-18 00:00:00
641,ANNUAL,2026-03-13,2026-03-15,,APPROVED,priya.shah@nexuserp.com,2026-02-22 00:00:00,2026-02-06 00:00:00
643,ANNUAL,2026-04-13,2026-04-21,,APPROVED,mark.chen@nexuserp.com,2026-04-07 00:00:00,2026-03-11 00:00:00
643,ANNUAL,2026-04-29,2026-05-04,,APPROVED,mark.chen@nexuserp.com,2026-04-23 00:00:00,2026-03-27 00:00:00
643,ANNUAL,2026-04-10,2026-04-18,,APPROVED,mark.chen@nexuserp.com,2026-04-06 00:00:00,2026-03-11 00:00:00
645,ANNUAL,2026-01-28,2026-02-05,,APPROVED,felix.murphy@nexuserp.com,2026-01-23 00:00:00,2026-01-06 00:00:00
645,ANNUAL,2026-06-29,2026-07-02,,APPROVED,felix.murphy@nexuserp.com,2026-06-13 00:00:00,2026-06-05 00:00:00
647,SICK,2025-03-08,2025-03-09,,APPROVED,luca.wang@nexuserp.com,2025-02-26 00:00:00,2025-02-12 00:00:00
648,ANNUAL,2025-06-27,2025-07-04,,APPROVED,mark.lee@nexuserp.com,2025-06-11 00:00:00,2025-05-20 00:00:00
650,ANNUAL,2026-02-13,2026-02-21,,APPROVED,nicholas.brown2@nexuserp.com,2026-02-04 00:00:00,2026-01-16 00:00:00
650,ANNUAL,2025-06-06,2025-06-15,,APPROVED,nicholas.brown2@nexuserp.com,2025-06-01 00:00:00,2025-05-16 00:00:00
652,SICK,2025-11-17,2025-11-19,,APPROVED,sharon.muller@nexuserp.com,2025-11-13 00:00:00,2025-10-14 00:00:00
653,OTHER,2026-08-07,2026-08-14,,APPROVED,elizabeth.tanaka2@nexuserp.com,2026-07-25 00:00:00,2026-06-29 00:00:00
653,ANNUAL,2025-11-21,2025-11-22,,APPROVED,elizabeth.tanaka2@nexuserp.com,2025-11-07 00:00:00,2025-10-19 00:00:00
653,OTHER,2026-03-05,2026-03-09,,APPROVED,elizabeth.tanaka2@nexuserp.com,2026-02-27 00:00:00,2026-02-07 00:00:00
655,ANNUAL,2026-03-02,2026-03-04,,APPROVED,jonathan.brown@nexuserp.com,2026-02-18 00:00:00,2026-02-03 00:00:00
656,ANNUAL,2026-06-16,2026-06-17,,APPROVED,steven.robinson@nexuserp.com,2026-06-11 00:00:00,2026-05-25 00:00:00
656,ANNUAL,2026-06-01,2026-06-04,,APPROVED,steven.robinson@nexuserp.com,2026-05-28 00:00:00,2026-04-29 00:00:00
656,ANNUAL,2026-06-11,2026-06-19,,APPROVED,steven.robinson@nexuserp.com,2026-05-25 00:00:00,2026-05-18 00:00:00
659,SICK,2026-02-18,2026-02-20,,APPROVED,priya.mitchell@nexuserp.com,2026-02-07 00:00:00,2026-01-24 00:00:00
661,ANNUAL,2025-11-04,2025-11-13,,APPROVED,hugo.jones@nexuserp.com,2025-10-19 00:00:00,2025-09-30 00:00:00
662,SICK,2026-09-13,2026-09-13,,APPROVED,camille.trabelsi@nexuserp.com,2026-09-07 00:00:00,2026-08-08 00:00:00
663,ANNUAL,2026-05-02,2026-05-06,,APPROVED,lucas.laurent@nexuserp.com,2026-04-19 00:00:00,2026-04-11 00:00:00
663,ANNUAL,2026-02-10,2026-02-14,,APPROVED,lucas.laurent@nexuserp.com,2026-02-04 00:00:00,2026-01-10 00:00:00
664,SICK,2026-09-22,2026-09-22,,APPROVED,hugo.jones@nexuserp.com,2026-09-17 00:00:00,2026-08-29 00:00:00
665,ANNUAL,2025-12-06,2025-12-14,,APPROVED,kevin.hernandez@nexuserp.com,2025-11-25 00:00:00,2025-11-15 00:00:00
665,ANNUAL,2026-04-23,2026-04-24,,APPROVED,kevin.hernandez@nexuserp.com,2026-04-18 00:00:00,2026-03-28 00:00:00
666,ANNUAL,2026-06-30,2026-07-07,,APPROVED,mark.lee@nexuserp.com,2026-06-27 00:00:00,2026-05-31 00:00:00
666,ANNUAL,2026-02-25,2026-03-06,,APPROVED,mark.lee@nexuserp.com,2026-02-19 00:00:00,2026-01-20 00:00:00
666,ANNUAL,2026-08-13,2026-08-21,,APPROVED,mark.lee@nexuserp.com,2026-07-30 00:00:00,2026-07-10 00:00:00
667,ANNUAL,2025-11-14,2025-11-23,,APPROVED,rayan.haddad@nexuserp.com,2025-11-05 00:00:00,2025-10-24 00:00:00
669,ANNUAL,2025-10-08,2025-10-15,,APPROVED,felix.murphy@nexuserp.com,2025-09-24 00:00:00,2025-09-09 00:00:00
671,ANNUAL,2025-11-27,2025-12-04,,APPROVED,hugo.jones@nexuserp.com,2025-11-23 00:00:00,2025-10-26 00:00:00
671,SICK,2026-09-19,2026-09-21,,APPROVED,hugo.jones@nexuserp.com,2026-09-11 00:00:00,2026-08-22 00:00:00
675,ANNUAL,2026-02-21,2026-02-27,,REJECTED,ivan.davis@nexuserp.com,2026-02-18 00:00:00,2026-01-14 00:00:00
675,SICK,2026-08-16,2026-08-16,,APPROVED,ivan.davis@nexuserp.com,2026-08-06 00:00:00,2026-07-13 00:00:00
677,ANNUAL,2026-07-12,2026-07-17,,APPROVED,camille.wang@nexuserp.com,2026-06-26 00:00:00,2026-06-20 00:00:00
679,ANNUAL,2025-11-11,2025-11-16,,APPROVED,michelle.king@nexuserp.com,2025-11-03 00:00:00,2025-10-15 00:00:00
679,ANNUAL,2026-05-07,2026-05-16,,REJECTED,michelle.king@nexuserp.com,2026-04-24 00:00:00,2026-04-11 00:00:00
680,ANNUAL,2026-06-24,2026-06-29,,APPROVED,ashley.park@nexuserp.com,2026-06-15 00:00:00,2026-05-30 00:00:00
680,OTHER,2026-05-27,2026-06-03,,APPROVED,ashley.park@nexuserp.com,2026-05-19 00:00:00,2026-04-26 00:00:00
680,ANNUAL,2026-02-19,2026-02-27,,APPROVED,ashley.park@nexuserp.com,2026-02-03 00:00:00,2026-01-30 00:00:00
680,ANNUAL,2026-10-08,2026-10-15,Family holiday,PENDING,,,2026-09-24 00:00:00
682,ANNUAL,2026-07-08,2026-07-12,,APPROVED,amira.muller@nexuserp.com,2026-06-19 00:00:00,2026-06-11 00:00:00
682,UNPAID,2026-08-05,2026-08-12,,APPROVED,amira.muller@nexuserp.com,2026-07-31 00:00:00,2026-07-01 00:00:00
683,ANNUAL,2025-09-26,2025-10-01,,REJECTED,arjun.wang@nexuserp.com,2025-09-18 00:00:00,2025-08-20 00:00:00
684,UNPAID,2025-05-07,2025-05-16,,REJECTED,alice.tanaka@nexuserp.com,2025-05-04 00:00:00,2025-04-07 00:00:00
684,SICK,2025-06-20,2025-06-22,,APPROVED,alice.tanaka@nexuserp.com,2025-06-05 00:00:00,2025-05-24 00:00:00
686,ANNUAL,2026-01-27,2026-01-31,,APPROVED,jacob.sato@nexuserp.com,2026-01-19 00:00:00,2025-12-24 00:00:00
686,ANNUAL,2026-05-24,2026-06-02,,APPROVED,jacob.sato@nexuserp.com,2026-05-21 00:00:00,2026-04-28 00:00:00
689,OTHER,2025-12-16,2025-12-22,,APPROVED,nancy.singh@nexuserp.com,2025-12-13 00:00:00,2025-11-08 00:00:00
689,ANNUAL,2026-04-20,2026-04-27,,REJECTED,nancy.singh@nexuserp.com,2026-04-08 00:00:00,2026-03-25 00:00:00
690,SICK,2026-03-04,2026-03-04,,APPROVED,adam.roberts@nexuserp.com,2026-02-15 00:00:00,2026-02-08 00:00:00
691,ANNUAL,2026-07-27,2026-08-01,,APPROVED,nour.obrien@nexuserp.com,2026-07-23 00:00:00,2026-06-20 00:00:00
698,SICK,2026-01-16,2026-01-17,,APPROVED,kevin.hernandez@nexuserp.com,2026-01-11 00:00:00,2025-12-11 00:00:00
699,ANNUAL,2025-11-10,2025-11-17,,APPROVED,cynthia.lewis2@nexuserp.com,2025-10-26 00:00:00,2025-10-12 00:00:00
699,ANNUAL,2025-11-24,2025-11-27,,APPROVED,cynthia.lewis2@nexuserp.com,2025-11-14 00:00:00,2025-10-17 00:00:00
699,SICK,2026-01-10,2026-01-10,,APPROVED,cynthia.lewis2@nexuserp.com,2026-01-03 00:00:00,2025-12-10 00:00:00
701,OTHER,2025-01-31,2025-02-06,,APPROVED,eric.adams2@nexuserp.com,2025-01-28 00:00:00,2025-01-02 00:00:00
701,ANNUAL,2025-12-11,2025-12-12,,APPROVED,eric.adams2@nexuserp.com,2025-11-25 00:00:00,2025-11-07 00:00:00
702,ANNUAL,2025-09-22,2025-09-23,,APPROVED,sara.dubois@nexuserp.com,2025-09-12 00:00:00,2025-08-14 00:00:00
702,ANNUAL,2025-10-06,2025-10-11,,APPROVED,sara.dubois@nexuserp.com,2025-10-02 00:00:00,2025-09-10 00:00:00
704,ANNUAL,2026-05-22,2026-05-30,,APPROVED,karen.lee@nexuserp.com,2026-05-14 00:00:00,2026-04-19 00:00:00
704,SICK,2026-06-30,2026-07-02,,APPROVED,karen.lee@nexuserp.com,2026-06-25 00:00:00,2026-05-31 00:00:00
705,ANNUAL,2025-10-19,2025-10-25,,APPROVED,elizabeth.williams3@nexuserp.com,2025-10-04 00:00:00,2025-09-24 00:00:00
707,SICK,2025-10-24,2025-10-25,,APPROVED,andrew.robinson2@nexuserp.com,2025-10-11 00:00:00,2025-09-30 00:00:00
709,SICK,2025-11-29,2025-11-29,,APPROVED,steven.robinson@nexuserp.com,2025-11-17 00:00:00,2025-11-02 00:00:00
709,ANNUAL,2025-11-25,2025-11-27,,APPROVED,steven.robinson@nexuserp.com,2025-11-21 00:00:00,2025-10-28 00:00:00
709,ANNUAL,2026-10-08,2026-10-14,Wedding,PENDING,,,2026-09-22 00:00:00
710,ANNUAL,2026-05-09,2026-05-18,,APPROVED,michelle.king@nexuserp.com,2026-04-22 00:00:00,2026-03-31 00:00:00
712,ANNUAL,2025-12-06,2025-12-09,,APPROVED,alice.tanaka@nexuserp.com,2025-11-20 00:00:00,2025-11-02 00:00:00
712,ANNUAL,2025-12-25,2025-12-31,,APPROVED,alice.tanaka@nexuserp.com,2025-12-10 00:00:00,2025-11-26 00:00:00
714,ANNUAL,2025-11-14,2025-11-23,,APPROVED,amanda.martin2@nexuserp.com,2025-11-01 00:00:00,2025-10-23 00:00:00
715,SICK,2025-11-01,2025-11-02,,APPROVED,sara.dubois@nexuserp.com,2025-10-28 00:00:00,2025-10-04 00:00:00
716,ANNUAL,2026-05-24,2026-05-29,,APPROVED,paul.taylor@nexuserp.com,2026-05-14 00:00:00,2026-04-18 00:00:00
717,ANNUAL,2026-06-08,2026-06-11,,APPROVED,priya.mitchell@nexuserp.com,2026-05-29 00:00:00,2026-05-04 00:00:00
717,ANNUAL,2025-10-01,2025-10-06,,APPROVED,priya.mitchell@nexuserp.com,2025-09-22 00:00:00,2025-08-30 00:00:00
720,ANNUAL,2025-05-29,2025-06-01,,APPROVED,sharon.nielsen2@nexuserp.com,2025-05-23 00:00:00,2025-05-02 00:00:00
721,ANNUAL,2025-10-20,2025-10-23,,APPROVED,susan.muller@nexuserp.com,2025-10-06 00:00:00,2025-09-11 00:00:00
722,SICK,2026-05-19,2026-05-20,,APPROVED,andrew.robinson2@nexuserp.com,2026-05-09 00:00:00,2026-04-18 00:00:00
722,ANNUAL,2025-11-19,2025-11-24,,APPROVED,andrew.robinson2@nexuserp.com,2025-11-07 00:00:00,2025-10-28 00:00:00
723,ANNUAL,2026-03-20,2026-03-25,,APPROVED,priya.shah@nexuserp.com,2026-03-12 00:00:00,2026-02-20 00:00:00
724,ANNUAL,2026-08-01,2026-08-02,,APPROVED,mei.chen@nexuserp.com,2026-07-20 00:00:00,2026-06-28 00:00:00
724,OTHER,2026-06-24,2026-06-29,,APPROVED,mei.chen@nexuserp.com,2026-06-17 00:00:00,2026-05-25 00:00:00
725,SICK,2026-09-06,2026-09-08,,APPROVED,ryan.taylor@nexuserp.com,2026-08-21 00:00:00,2026-08-11 00:00:00
727,ANNUAL,2026-04-23,2026-04-25,,APPROVED,hugo.jones@nexuserp.com,2026-04-14 00:00:00,2026-03-20 00:00:00
727,UNPAID,2026-09-16,2026-09-17,,APPROVED,hugo.jones@nexuserp.com,2026-09-12 00:00:00,2026-08-16 00:00:00
727,ANNUAL,2026-04-08,2026-04-10,,APPROVED,hugo.jones@nexuserp.com,2026-04-02 00:00:00,2026-03-07 00:00:00
728,ANNUAL,2026-01-09,2026-01-18,,APPROVED,mark.smith@nexuserp.com,2026-01-06 00:00:00,2025-12-16 00:00:00
729,ANNUAL,2026-01-11,2026-01-15,,APPROVED,karim.park@nexuserp.com,2026-01-04 00:00:00,2025-12-12 00:00:00
730,SICK,2025-10-12,2025-10-14,,APPROVED,hugo.jones@nexuserp.com,2025-09-24 00:00:00,2025-09-14 00:00:00
731,ANNUAL,2025-12-18,2025-12-22,,APPROVED,james.park@nexuserp.com,2025-12-06 00:00:00,2025-11-11 00:00:00
733,ANNUAL,2026-04-08,2026-04-13,,APPROVED,richard.nguyen@nexuserp.com,2026-03-26 00:00:00,2026-03-09 00:00:00
738,ANNUAL,2026-08-13,2026-08-14,,APPROVED,mark.lee@nexuserp.com,2026-08-09 00:00:00,2026-07-11 00:00:00
738,SICK,2025-12-01,2025-12-01,,REJECTED,mark.lee@nexuserp.com,2025-11-12 00:00:00,2025-10-24 00:00:00
738,ANNUAL,2025-12-28,2025-12-31,,APPROVED,mark.lee@nexuserp.com,2025-12-10 00:00:00,2025-11-26 00:00:00
741,ANNUAL,2025-08-14,2025-08-15,,REJECTED,elizabeth.williams3@nexuserp.com,2025-08-02 00:00:00,2025-07-06 00:00:00
742,ANNUAL,2026-05-26,2026-05-31,,APPROVED,hugo.jones@nexuserp.com,2026-05-13 00:00:00,2026-04-19 00:00:00
742,ANNUAL,2026-04-17,2026-04-23,,APPROVED,hugo.jones@nexuserp.com,2026-04-05 00:00:00,2026-03-23 00:00:00
743,ANNUAL,2026-04-20,2026-04-23,,APPROVED,john.clark@nexuserp.com,2026-04-03 00:00:00,2026-03-21 00:00:00
743,ANNUAL,2026-06-09,2026-06-13,,APPROVED,john.clark@nexuserp.com,2026-05-27 00:00:00,2026-05-11 00:00:00
743,UNPAID,2026-09-12,2026-09-19,,APPROVED,john.clark@nexuserp.com,2026-08-25 00:00:00,2026-08-05 00:00:00
744,UNPAID,2026-09-05,2026-09-14,,APPROVED,nour.adams@nexuserp.com,2026-08-23 00:00:00,2026-07-30 00:00:00
744,ANNUAL,2026-06-22,2026-06-24,,APPROVED,nour.adams@nexuserp.com,2026-06-07 00:00:00,2026-05-16 00:00:00
746,ANNUAL,2025-11-13,2025-11-15,,APPROVED,elizabeth.russo@nexuserp.com,2025-10-26 00:00:00,2025-10-18 00:00:00
746,UNPAID,2026-08-07,2026-08-08,,APPROVED,elizabeth.russo@nexuserp.com,2026-08-01 00:00:00,2026-07-07 00:00:00
747,ANNUAL,2026-06-15,2026-06-23,,APPROVED,amanda.martin2@nexuserp.com,2026-05-27 00:00:00,2026-05-20 00:00:00
752,ANNUAL,2025-07-24,2025-08-02,,APPROVED,nour.obrien@nexuserp.com,2025-07-14 00:00:00,2025-06-26 00:00:00
752,ANNUAL,2025-09-04,2025-09-12,,APPROVED,nour.obrien@nexuserp.com,2025-08-29 00:00:00,2025-08-08 00:00:00
754,SICK,2026-07-25,2026-07-26,,APPROVED,alice.tanaka@nexuserp.com,2026-07-08 00:00:00,2026-06-16 00:00:00
754,ANNUAL,2026-09-15,2026-09-18,,APPROVED,alice.tanaka@nexuserp.com,2026-09-11 00:00:00,2026-08-11 00:00:00
757,OTHER,2026-03-11,2026-03-12,,APPROVED,sarah.thomas@nexuserp.com,2026-03-03 00:00:00,2026-02-14 00:00:00
757,ANNUAL,2026-09-10,2026-09-18,,REJECTED,sarah.thomas@nexuserp.com,2026-08-29 00:00:00,2026-08-11 00:00:00
758,ANNUAL,2026-06-08,2026-06-12,,APPROVED,mark.chen@nexuserp.com,2026-06-03 00:00:00,2026-05-09 00:00:00
760,ANNUAL,2026-01-17,2026-01-18,,APPROVED,kevin.hernandez@nexuserp.com,2025-12-30 00:00:00,2025-12-11 00:00:00
760,UNPAID,2025-11-01,2025-11-04,,REJECTED,kevin.hernandez@nexuserp.com,2025-10-23 00:00:00,2025-09-24 00:00:00
762,ANNUAL,2025-11-14,2025-11-16,,APPROVED,priya.mitchell@nexuserp.com,2025-11-01 00:00:00,2025-10-21 00:00:00
762,ANNUAL,2026-02-08,2026-02-09,,APPROVED,priya.mitchell@nexuserp.com,2026-02-01 00:00:00,2026-01-14 00:00:00
762,ANNUAL,2025-11-09,2025-11-10,,APPROVED,priya.mitchell@nexuserp.com,2025-11-04 00:00:00,2025-10-05 00:00:00
764,ANNUAL,2026-08-13,2026-08-18,,APPROVED,jennifer.rodriguez@nexuserp.com,2026-08-08 00:00:00,2026-07-10 00:00:00
766,ANNUAL,2026-09-10,2026-09-14,,APPROVED,adam.roberts@nexuserp.com,2026-09-06 00:00:00,2026-08-15 00:00:00
769,OTHER,2025-10-29,2025-11-02,,APPROVED,paul.moreau@nexuserp.com,2025-10-12 00:00:00,2025-09-30 00:00:00
769,ANNUAL,2025-11-05,2025-11-09,,APPROVED,paul.moreau@nexuserp.com,2025-10-17 00:00:00,2025-10-01 00:00:00
771,ANNUAL,2025-10-03,2025-10-07,,APPROVED,anthony.lee@nexuserp.com,2025-09-17 00:00:00,2025-09-11 00:00:00
771,SICK,2026-02-09,2026-02-10,,APPROVED,anthony.lee@nexuserp.com,2026-01-27 00:00:00,2026-01-12 00:00:00
772,ANNUAL,2026-06-16,2026-06-18,,REJECTED,arjun.khalil@nexuserp.com,2026-06-12 00:00:00,2026-05-17 00:00:00
772,ANNUAL,2025-10-20,2025-10-25,,APPROVED,arjun.khalil@nexuserp.com,2025-10-03 00:00:00,2025-09-17 00:00:00
780,ANNUAL,2025-06-17,2025-06-20,,APPROVED,aiko.silva@nexuserp.com,2025-05-29 00:00:00,2025-05-22 00:00:00
781,ANNUAL,2026-07-18,2026-07-27,,APPROVED,sandra.dubois@nexuserp.com,2026-07-15 00:00:00,2026-06-28 00:00:00
781,SICK,2025-12-21,2025-12-21,,APPROVED,sandra.dubois@nexuserp.com,2025-12-06 00:00:00,2025-11-18 00:00:00
784,ANNUAL,2026-09-15,2026-09-18,,APPROVED,elizabeth.williams3@nexuserp.com,2026-09-05 00:00:00,2026-08-19 00:00:00
785,ANNUAL,2026-04-10,2026-04-11,,APPROVED,susan.roberts@nexuserp.com,2026-03-29 00:00:00,2026-03-12 00:00:00
786,ANNUAL,2025-10-08,2025-10-09,,APPROVED,elena.lee@nexuserp.com,2025-09-22 00:00:00,2025-09-01 00:00:00
786,ANNUAL,2026-04-21,2026-04-30,,APPROVED,elena.lee@nexuserp.com,2026-04-05 00:00:00,2026-03-24 00:00:00
787,ANNUAL,2026-04-19,2026-04-21,,APPROVED,hugo.jones@nexuserp.com,2026-04-12 00:00:00,2026-03-21 00:00:00
793,ANNUAL,2026-03-07,2026-03-09,,APPROVED,nicholas.smith@nexuserp.com,2026-02-16 00:00:00,2026-02-08 00:00:00
793,OTHER,2026-06-16,2026-06-24,,APPROVED,nicholas.smith@nexuserp.com,2026-06-05 00:00:00,2026-05-10 00:00:00
793,ANNUAL,2026-09-07,2026-09-09,,APPROVED,nicholas.smith@nexuserp.com,2026-09-03 00:00:00,2026-08-18 00:00:00
796,ANNUAL,2025-03-03,2025-03-04,,APPROVED,amira.muller@nexuserp.com,2025-02-23 00:00:00,2025-02-10 00:00:00
797,ANNUAL,2025-10-19,2025-10-25,,APPROVED,karen.oliveira2@nexuserp.com,2025-09-30 00:00:00,2025-09-24 00:00:00
797,ANNUAL,2026-05-02,2026-05-08,,APPROVED,karen.oliveira2@nexuserp.com,2026-04-29 00:00:00,2026-03-24 00:00:00
799,ANNUAL,2025-10-30,2025-11-01,,APPROVED,mark.patel@nexuserp.com,2025-10-17 00:00:00,2025-09-28 00:00:00
799,ANNUAL,2025-10-06,2025-10-09,,APPROVED,mark.patel@nexuserp.com,2025-09-22 00:00:00,2025-09-03 00:00:00
800,ANNUAL,2026-05-28,2026-06-06,,APPROVED,elena.lee@nexuserp.com,2026-05-09 00:00:00,2026-05-03 00:00:00
802,ANNUAL,2026-09-02,2026-09-08,,APPROVED,elizabeth.williams3@nexuserp.com,2026-08-24 00:00:00,2026-07-25 00:00:00
802,ANNUAL,2026-07-10,2026-07-16,,APPROVED,elizabeth.williams3@nexuserp.com,2026-07-02 00:00:00,2026-06-12 00:00:00
803,ANNUAL,2026-04-04,2026-04-13,,APPROVED,mark.patel@nexuserp.com,2026-04-01 00:00:00,2026-02-27 00:00:00
803,ANNUAL,2026-01-04,2026-01-11,,APPROVED,mark.patel@nexuserp.com,2025-12-22 00:00:00,2025-12-01 00:00:00
804,ANNUAL,2025-10-06,2025-10-12,,REJECTED,joshua.roberts@nexuserp.com,2025-10-01 00:00:00,2025-09-15 00:00:00
804,ANNUAL,2026-07-04,2026-07-11,,APPROVED,joshua.roberts@nexuserp.com,2026-06-24 00:00:00,2026-05-27 00:00:00
805,ANNUAL,2025-12-18,2025-12-25,,REJECTED,kevin.obrien@nexuserp.com,2025-12-10 00:00:00,2025-11-10 00:00:00
807,ANNUAL,2026-09-01,2026-09-08,,APPROVED,anthony.lee@nexuserp.com,2026-08-23 00:00:00,2026-07-29 00:00:00
808,ANNUAL,2026-04-28,2026-05-02,,APPROVED,karim.park@nexuserp.com,2026-04-25 00:00:00,2026-03-25 00:00:00
808,ANNUAL,2026-08-13,2026-08-16,,APPROVED,karim.park@nexuserp.com,2026-08-10 00:00:00,2026-07-21 00:00:00
809,ANNUAL,2026-07-16,2026-07-25,,APPROVED,hugo.jones@nexuserp.com,2026-06-27 00:00:00,2026-06-12 00:00:00
811,ANNUAL,2025-11-15,2025-11-16,,APPROVED,hiroshi.scott2@nexuserp.com,2025-11-06 00:00:00,2025-10-07 00:00:00
811,ANNUAL,2025-10-26,2025-11-02,,APPROVED,hiroshi.scott2@nexuserp.com,2025-10-20 00:00:00,2025-10-05 00:00:00
813,ANNUAL,2026-02-19,2026-02-25,,APPROVED,luca.wang@nexuserp.com,2026-02-11 00:00:00,2026-01-26 00:00:00
813,OTHER,2026-08-07,2026-08-13,,REJECTED,luca.wang@nexuserp.com,2026-07-30 00:00:00,2026-07-08 00:00:00
813,ANNUAL,2026-02-03,2026-02-05,,REJECTED,luca.wang@nexuserp.com,2026-01-22 00:00:00,2025-12-29 00:00:00
815,ANNUAL,2026-07-28,2026-08-02,,APPROVED,hugo.jones@nexuserp.com,2026-07-17 00:00:00,2026-06-25 00:00:00
816,OTHER,2025-12-08,2025-12-13,,APPROVED,oscar.kim@nexuserp.com,2025-11-26 00:00:00,2025-11-05 00:00:00
817,ANNUAL,2026-04-15,2026-04-18,,APPROVED,hugo.jones@nexuserp.com,2026-04-07 00:00:00,2026-03-20 00:00:00
817,ANNUAL,2025-12-05,2025-12-08,,APPROVED,hugo.jones@nexuserp.com,2025-12-02 00:00:00,2025-11-02 00:00:00
817,SICK,2026-01-18,2026-01-20,,REJECTED,hugo.jones@nexuserp.com,2026-01-04 00:00:00,2025-12-22 00:00:00
819,ANNUAL,2025-02-08,2025-02-17,,APPROVED,mark.lee@nexuserp.com,2025-01-21 00:00:00,2025-01-07 00:00:00
819,ANNUAL,2025-04-08,2025-04-11,,APPROVED,mark.lee@nexuserp.com,2025-03-22 00:00:00,2025-03-19 00:00:00
820,ANNUAL,2026-02-15,2026-02-22,,APPROVED,hugo.jones@nexuserp.com,2026-02-01 00:00:00,2026-01-08 00:00:00
820,ANNUAL,2025-11-27,2025-11-28,,APPROVED,hugo.jones@nexuserp.com,2025-11-18 00:00:00,2025-11-05 00:00:00
823,ANNUAL,2026-03-19,2026-03-24,,APPROVED,cynthia.lewis2@nexuserp.com,2026-03-03 00:00:00,2026-02-18 00:00:00
823,UNPAID,2025-12-17,2025-12-21,,APPROVED,cynthia.lewis2@nexuserp.com,2025-12-07 00:00:00,2025-11-13 00:00:00
824,OTHER,2026-05-02,2026-05-10,,APPROVED,steven.laurent@nexuserp.com,2026-04-26 00:00:00,2026-04-09 00:00:00
824,ANNUAL,2026-08-02,2026-08-10,,APPROVED,steven.laurent@nexuserp.com,2026-07-21 00:00:00,2026-06-26 00:00:00
824,ANNUAL,2026-05-06,2026-05-10,,APPROVED,steven.laurent@nexuserp.com,2026-04-29 00:00:00,2026-04-10 00:00:00
825,ANNUAL,2025-06-29,2025-07-06,,APPROVED,hugo.jones@nexuserp.com,2025-06-23 00:00:00,2025-05-27 00:00:00
826,ANNUAL,2026-07-27,2026-08-01,,APPROVED,ivan.davis@nexuserp.com,2026-07-22 00:00:00,2026-07-02 00:00:00
826,ANNUAL,2026-08-29,2026-09-02,,APPROVED,ivan.davis@nexuserp.com,2026-08-13 00:00:00,2026-08-09 00:00:00
826,ANNUAL,2026-07-04,2026-07-06,,APPROVED,ivan.davis@nexuserp.com,2026-06-22 00:00:00,2026-06-14 00:00:00
827,ANNUAL,2026-01-21,2026-01-29,,APPROVED,john.clark@nexuserp.com,2026-01-02 00:00:00,2025-12-30 00:00:00
827,ANNUAL,2026-07-19,2026-07-27,,APPROVED,john.clark@nexuserp.com,2026-07-02 00:00:00,2026-06-27 00:00:00
827,ANNUAL,2026-07-03,2026-07-07,,APPROVED,john.clark@nexuserp.com,2026-06-15 00:00:00,2026-05-29 00:00:00
828,UNPAID,2026-01-22,2026-01-25,,APPROVED,manon.hernandez@nexuserp.com,2026-01-08 00:00:00,2025-12-24 00:00:00
828,ANNUAL,2026-02-14,2026-02-17,,APPROVED,manon.hernandez@nexuserp.com,2026-01-26 00:00:00,2026-01-18 00:00:00
829,ANNUAL,2026-02-13,2026-02-16,,REJECTED,emily.harris@nexuserp.com,2026-02-08 00:00:00,2026-01-16 00:00:00
830,ANNUAL,2025-11-15,2025-11-19,,APPROVED,nancy.singh@nexuserp.com,2025-11-10 00:00:00,2025-10-22 00:00:00
830,ANNUAL,2026-09-07,2026-09-09,,APPROVED,nancy.singh@nexuserp.com,2026-08-27 00:00:00,2026-08-02 00:00:00
833,SICK,2026-07-02,2026-07-04,,APPROVED,nancy.singh@nexuserp.com,2026-06-16 00:00:00,2026-06-07 00:00:00
834,ANNUAL,2026-08-13,2026-08-14,,APPROVED,ashley.park@nexuserp.com,2026-08-02 00:00:00,2026-07-12 00:00:00
834,ANNUAL,2025-11-20,2025-11-23,,APPROVED,ashley.park@nexuserp.com,2025-11-12 00:00:00,2025-10-21 00:00:00
834,ANNUAL,2026-06-14,2026-06-23,,APPROVED,ashley.park@nexuserp.com,2026-06-08 00:00:00,2026-05-24 00:00:00
836,ANNUAL,2026-05-16,2026-05-22,,APPROVED,john.clark@nexuserp.com,2026-05-13 00:00:00,2026-04-12 00:00:00
837,ANNUAL,2026-08-15,2026-08-17,,REJECTED,sarah.thomas@nexuserp.com,2026-08-04 00:00:00,2026-07-20 00:00:00
837,ANNUAL,2026-02-17,2026-02-22,,APPROVED,sarah.thomas@nexuserp.com,2026-02-05 00:00:00,2026-01-20 00:00:00
838,ANNUAL,2026-04-22,2026-05-01,,APPROVED,arjun.wang@nexuserp.com,2026-04-19 00:00:00,2026-03-28 00:00:00
838,ANNUAL,2026-03-11,2026-03-15,,APPROVED,arjun.wang@nexuserp.com,2026-03-01 00:00:00,2026-02-08 00:00:00
838,ANNUAL,2026-06-06,2026-06-13,,APPROVED,arjun.wang@nexuserp.com,2026-05-23 00:00:00,2026-05-03 00:00:00
840,ANNUAL,2025-09-21,2025-09-27,,APPROVED,steven.robinson@nexuserp.com,2025-09-09 00:00:00,2025-08-17 00:00:00
840,ANNUAL,2024-11-04,2024-11-07,,APPROVED,steven.robinson@nexuserp.com,2024-10-24 00:00:00,2024-10-02 00:00:00
842,ANNUAL,2026-01-14,2026-01-20,,REJECTED,mark.lee@nexuserp.com,2026-01-11 00:00:00,2025-12-08 00:00:00
844,ANNUAL,2026-01-04,2026-01-13,,APPROVED,hugo.jones@nexuserp.com,2025-12-30 00:00:00,2025-12-14 00:00:00
844,SICK,2026-08-17,2026-08-17,,APPROVED,hugo.jones@nexuserp.com,2026-08-10 00:00:00,2026-07-11 00:00:00
844,ANNUAL,2026-03-01,2026-03-10,,APPROVED,hugo.jones@nexuserp.com,2026-02-12 00:00:00,2026-01-21 00:00:00
845,ANNUAL,2026-08-14,2026-08-18,,APPROVED,john.clark@nexuserp.com,2026-07-29 00:00:00,2026-07-08 00:00:00
845,OTHER,2026-08-05,2026-08-10,,REJECTED,john.clark@nexuserp.com,2026-07-27 00:00:00,2026-06-28 00:00:00
846,UNPAID,2026-07-23,2026-07-26,,APPROVED,priya.shah@nexuserp.com,2026-07-07 00:00:00,2026-06-16 00:00:00
846,ANNUAL,2025-10-12,2025-10-17,,APPROVED,priya.shah@nexuserp.com,2025-09-30 00:00:00,2025-09-13 00:00:00
847,ANNUAL,2026-08-05,2026-08-09,,APPROVED,kevin.hernandez@nexuserp.com,2026-07-30 00:00:00,2026-07-13 00:00:00
847,ANNUAL,2025-12-22,2025-12-25,,APPROVED,kevin.hernandez@nexuserp.com,2025-12-10 00:00:00,2025-11-24 00:00:00
847,ANNUAL,2026-07-31,2026-08-03,,REJECTED,kevin.hernandez@nexuserp.com,2026-07-14 00:00:00,2026-07-11 00:00:00
848,ANNUAL,2025-11-15,2025-11-21,,APPROVED,aiko.silva@nexuserp.com,2025-11-03 00:00:00,2025-10-18 00:00:00
850,ANNUAL,2026-04-05,2026-04-11,,APPROVED,steven.laurent@nexuserp.com,2026-03-18 00:00:00,2026-03-11 00:00:00
851,ANNUAL,2025-10-25,2025-11-02,,APPROVED,tariq.lopez@nexuserp.com,2025-10-13 00:00:00,2025-09-21 00:00:00
852,ANNUAL,2025-10-03,2025-10-08,,APPROVED,matthew.hernandez@nexuserp.com,2025-09-28 00:00:00,2025-09-06 00:00:00
852,ANNUAL,2026-03-04,2026-03-09,,APPROVED,matthew.hernandez@nexuserp.com,2026-02-21 00:00:00,2026-01-24 00:00:00
854,ANNUAL,2025-12-07,2025-12-12,,APPROVED,ivan.davis@nexuserp.com,2025-11-24 00:00:00,2025-11-14 00:00:00
854,ANNUAL,2026-03-07,2026-03-12,,APPROVED,ivan.davis@nexuserp.com,2026-02-25 00:00:00,2026-01-29 00:00:00
855,SICK,2026-07-04,2026-07-04,,APPROVED,elizabeth.tanaka2@nexuserp.com,2026-06-25 00:00:00,2026-05-31 00:00:00
856,ANNUAL,2026-07-28,2026-07-30,,APPROVED,camille.trabelsi@nexuserp.com,2026-07-09 00:00:00,2026-06-28 00:00:00
857,ANNUAL,2026-01-28,2026-02-05,,APPROVED,mark.lee@nexuserp.com,2026-01-15 00:00:00,2026-01-03 00:00:00
857,SICK,2026-02-10,2026-02-10,,APPROVED,mark.lee@nexuserp.com,2026-01-25 00:00:00,2026-01-03 00:00:00
859,ANNUAL,2025-12-23,2025-12-26,,APPROVED,alice.tanaka@nexuserp.com,2025-12-15 00:00:00,2025-11-23 00:00:00
861,ANNUAL,2026-07-30,2026-08-01,,APPROVED,richard.carter@nexuserp.com,2026-07-25 00:00:00,2026-06-24 00:00:00
861,ANNUAL,2026-08-01,2026-08-04,,APPROVED,richard.carter@nexuserp.com,2026-07-22 00:00:00,2026-07-05 00:00:00
862,ANNUAL,2025-11-27,2025-12-02,,APPROVED,nicholas.brown2@nexuserp.com,2025-11-24 00:00:00,2025-11-07 00:00:00
864,ANNUAL,2026-04-30,2026-05-07,,APPROVED,rayan.haddad@nexuserp.com,2026-04-18 00:00:00,2026-03-27 00:00:00
865,SICK,2026-06-22,2026-06-23,,APPROVED,ivan.davis@nexuserp.com,2026-06-14 00:00:00,2026-05-18 00:00:00
867,ANNUAL,2026-03-18,2026-03-20,,APPROVED,cynthia.lewis2@nexuserp.com,2026-03-11 00:00:00,2026-02-21 00:00:00
867,ANNUAL,2026-05-13,2026-05-22,,APPROVED,cynthia.lewis2@nexuserp.com,2026-05-04 00:00:00,2026-04-06 00:00:00
869,ANNUAL,2025-11-07,2025-11-11,,APPROVED,camille.lewis@nexuserp.com,2025-11-01 00:00:00,2025-09-30 00:00:00
869,ANNUAL,2026-06-02,2026-06-11,,APPROVED,camille.lewis@nexuserp.com,2026-05-19 00:00:00,2026-04-30 00:00:00
872,ANNUAL,2026-08-27,2026-08-29,,APPROVED,wei.wilson@nexuserp.com,2026-08-09 00:00:00,2026-07-29 00:00:00
872,ANNUAL,2026-08-20,2026-08-22,,APPROVED,wei.wilson@nexuserp.com,2026-08-07 00:00:00,2026-07-12 00:00:00
874,SICK,2026-08-17,2026-08-19,,APPROVED,jacob.sato@nexuserp.com,2026-08-02 00:00:00,2026-07-27 00:00:00
874,ANNUAL,2025-11-03,2025-11-10,,APPROVED,jacob.sato@nexuserp.com,2025-10-16 00:00:00,2025-10-10 00:00:00
874,ANNUAL,2026-01-05,2026-01-11,,APPROVED,jacob.sato@nexuserp.com,2025-12-28 00:00:00,2025-12-10 00:00:00
875,SICK,2026-05-31,2026-06-01,,APPROVED,timothy.moreau@nexuserp.com,2026-05-21 00:00:00,2026-04-22 00:00:00
878,ANNUAL,2026-07-29,2026-08-05,,APPROVED,camille.lewis@nexuserp.com,2026-07-15 00:00:00,2026-06-24 00:00:00
880,UNPAID,2026-01-27,2026-01-31,,APPROVED,chloe.carter@nexuserp.com,2026-01-10 00:00:00,2026-01-06 00:00:00
880,ANNUAL,2026-06-29,2026-06-30,,APPROVED,chloe.carter@nexuserp.com,2026-06-16 00:00:00,2026-06-07 00:00:00
880,ANNUAL,2026-03-16,2026-03-21,,APPROVED,chloe.carter@nexuserp.com,2026-03-11 00:00:00,2026-02-21 00:00:00
881,ANNUAL,2025-07-12,2025-07-20,,APPROVED,richard.carter@nexuserp.com,2025-07-04 00:00:00,2025-06-14 00:00:00
881,ANNUAL,2025-08-10,2025-08-15,,APPROVED,richard.carter@nexuserp.com,2025-08-02 00:00:00,2025-07-19 00:00:00
882,ANNUAL,2026-06-27,2026-06-29,,APPROVED,rayan.flores@nexuserp.com,2026-06-19 00:00:00,2026-05-20 00:00:00
885,SICK,2026-05-16,2026-05-18,,APPROVED,elena.lee@nexuserp.com,2026-05-11 00:00:00,2026-04-21 00:00:00
885,ANNUAL,2026-08-10,2026-08-19,,APPROVED,elena.lee@nexuserp.com,2026-08-04 00:00:00,2026-07-14 00:00:00
887,ANNUAL,2026-05-13,2026-05-17,,APPROVED,elena.scott@nexuserp.com,2026-05-09 00:00:00,2026-04-17 00:00:00
888,ANNUAL,2026-04-15,2026-04-22,,APPROVED,hiroshi.scott2@nexuserp.com,2026-04-06 00:00:00,2026-03-23 00:00:00
888,ANNUAL,2026-04-15,2026-04-21,,APPROVED,hiroshi.scott2@nexuserp.com,2026-04-11 00:00:00,2026-03-22 00:00:00
889,ANNUAL,2026-02-16,2026-02-24,,APPROVED,paul.khalil@nexuserp.com,2026-01-30 00:00:00,2026-01-25 00:00:00
889,OTHER,2026-01-08,2026-01-17,,APPROVED,paul.khalil@nexuserp.com,2025-12-26 00:00:00,2025-12-13 00:00:00
895,SICK,2026-09-11,2026-09-13,,APPROVED,camille.trabelsi@nexuserp.com,2026-08-24 00:00:00,2026-08-10 00:00:00
895,SICK,2026-04-15,2026-04-15,,REJECTED,camille.trabelsi@nexuserp.com,2026-04-05 00:00:00,2026-03-16 00:00:00
897,ANNUAL,2025-12-25,2026-01-01,,APPROVED,elena.lee@nexuserp.com,2025-12-08 00:00:00,2025-11-23 00:00:00
899,ANNUAL,2026-01-11,2026-01-15,,APPROVED,hiroshi.russo2@nexuserp.com,2026-01-01 00:00:00,2025-12-06 00:00:00
900,UNPAID,2026-04-01,2026-04-06,,APPROVED,rayan.haddad@nexuserp.com,2026-03-18 00:00:00,2026-02-22 00:00:00
901,ANNUAL,2025-11-08,2025-11-10,,APPROVED,hugo.jones@nexuserp.com,2025-10-29 00:00:00,2025-10-07 00:00:00
902,ANNUAL,2026-02-14,2026-02-16,,APPROVED,mei.chen@nexuserp.com,2026-02-05 00:00:00,2026-01-15 00:00:00
902,ANNUAL,2025-11-05,2025-11-06,,APPROVED,mei.chen@nexuserp.com,2025-10-22 00:00:00,2025-10-02 00:00:00
903,SICK,2026-01-27,2026-01-28,,APPROVED,alice.tanaka@nexuserp.com,2026-01-16 00:00:00,2025-12-20 00:00:00
904,SICK,2026-06-29,2026-06-30,,APPROVED,amanda.martin2@nexuserp.com,2026-06-21 00:00:00,2026-06-04 00:00:00
904,ANNUAL,2026-04-18,2026-04-22,,APPROVED,amanda.martin2@nexuserp.com,2026-04-07 00:00:00,2026-03-14 00:00:00
905,SICK,2026-01-25,2026-01-27,,APPROVED,hugo.jones@nexuserp.com,2026-01-18 00:00:00,2025-12-21 00:00:00
909,ANNUAL,2026-01-16,2026-01-24,,APPROVED,kevin.hernandez@nexuserp.com,2026-01-12 00:00:00,2025-12-27 00:00:00
910,ANNUAL,2025-11-06,2025-11-13,,APPROVED,camille.lewis@nexuserp.com,2025-10-25 00:00:00,2025-10-12 00:00:00
911,ANNUAL,2026-07-08,2026-07-10,,APPROVED,olivia.williams@nexuserp.com,2026-07-01 00:00:00,2026-06-10 00:00:00
911,SICK,2025-10-07,2025-10-07,,REJECTED,olivia.williams@nexuserp.com,2025-10-01 00:00:00,2025-09-09 00:00:00
912,ANNUAL,2025-12-01,2025-12-03,,APPROVED,rayan.flores@nexuserp.com,2025-11-23 00:00:00,2025-10-31 00:00:00
912,ANNUAL,2026-03-02,2026-03-11,,APPROVED,rayan.flores@nexuserp.com,2026-02-25 00:00:00,2026-01-26 00:00:00
913,ANNUAL,2026-02-09,2026-02-15,,APPROVED,ashley.park@nexuserp.com,2026-01-22 00:00:00,2026-01-06 00:00:00
916,ANNUAL,2026-09-13,2026-09-14,,APPROVED,camille.wang@nexuserp.com,2026-08-30 00:00:00,2026-08-05 00:00:00
920,ANNUAL,2026-09-12,2026-09-18,,REJECTED,john.clark@nexuserp.com,2026-09-05 00:00:00,2026-08-22 00:00:00
920,ANNUAL,2026-05-25,2026-05-29,,APPROVED,john.clark@nexuserp.com,2026-05-14 00:00:00,2026-04-30 00:00:00
922,SICK,2026-02-11,2026-02-13,,APPROVED,adam.roberts@nexuserp.com,2026-01-23 00:00:00,2026-01-16 00:00:00
922,SICK,2025-08-24,2025-08-25,,APPROVED,adam.roberts@nexuserp.com,2025-08-13 00:00:00,2025-07-16 00:00:00
923,ANNUAL,2025-07-25,2025-08-03,,APPROVED,sara.khalil@nexuserp.com,2025-07-14 00:00:00,2025-06-24 00:00:00
923,ANNUAL,2024-12-27,2025-01-02,,APPROVED,sara.khalil@nexuserp.com,2024-12-19 00:00:00,2024-11-18 00:00:00
923,OTHER,2025-02-26,2025-03-07,,APPROVED,sara.khalil@nexuserp.com,2025-02-07 00:00:00,2025-02-03 00:00:00
924,ANNUAL,2026-02-24,2026-03-04,,APPROVED,nicholas.smith@nexuserp.com,2026-02-15 00:00:00,2026-01-22 00:00:00
925,ANNUAL,2025-11-01,2025-11-10,,APPROVED,rayan.haddad@nexuserp.com,2025-10-23 00:00:00,2025-10-10 00:00:00
925,ANNUAL,2025-10-20,2025-10-26,,APPROVED,rayan.haddad@nexuserp.com,2025-10-06 00:00:00,2025-09-13 00:00:00
927,ANNUAL,2025-10-04,2025-10-13,,APPROVED,olivia.williams@nexuserp.com,2025-09-24 00:00:00,2025-08-30 00:00:00
927,OTHER,2025-01-30,2025-02-04,,APPROVED,olivia.williams@nexuserp.com,2025-01-22 00:00:00,2024-12-24 00:00:00
930,ANNUAL,2026-07-01,2026-07-05,,REJECTED,eric.adams2@nexuserp.com,2026-06-15 00:00:00,2026-05-23 00:00:00
930,ANNUAL,2025-11-19,2025-11-24,,APPROVED,eric.adams2@nexuserp.com,2025-11-02 00:00:00,2025-10-25 00:00:00
930,ANNUAL,2026-02-11,2026-02-16,,APPROVED,eric.adams2@nexuserp.com,2026-01-29 00:00:00,2026-01-07 00:00:00
932,ANNUAL,2025-03-06,2025-03-15,,APPROVED,lucas.laurent@nexuserp.com,2025-02-27 00:00:00,2025-02-05 00:00:00
933,ANNUAL,2026-09-09,2026-09-16,,APPROVED,michelle.king@nexuserp.com,2026-08-28 00:00:00,2026-08-04 00:00:00
934,ANNUAL,2025-11-16,2025-11-19,,REJECTED,paul.moreau@nexuserp.com,2025-11-10 00:00:00,2025-10-19 00:00:00
934,SICK,2026-05-14,2026-05-14,,APPROVED,paul.moreau@nexuserp.com,2026-05-11 00:00:00,2026-04-05 00:00:00
939,ANNUAL,2026-01-22,2026-01-31,,APPROVED,michelle.king@nexuserp.com,2026-01-08 00:00:00,2025-12-14 00:00:00
940,ANNUAL,2026-05-27,2026-06-04,,APPROVED,anthony.lee@nexuserp.com,2026-05-23 00:00:00,2026-04-18 00:00:00
940,OTHER,2026-03-18,2026-03-26,,APPROVED,anthony.lee@nexuserp.com,2026-03-10 00:00:00,2026-02-22 00:00:00
941,ANNUAL,2026-06-24,2026-06-27,,APPROVED,adam.roberts@nexuserp.com,2026-06-10 00:00:00,2026-05-28 00:00:00
941,OTHER,2026-05-26,2026-06-01,,APPROVED,adam.roberts@nexuserp.com,2026-05-23 00:00:00,2026-04-23 00:00:00
942,ANNUAL,2026-07-28,2026-08-03,,APPROVED,priya.mitchell@nexuserp.com,2026-07-09 00:00:00,2026-06-27 00:00:00
942,UNPAID,2026-03-05,2026-03-09,,APPROVED,priya.mitchell@nexuserp.com,2026-02-28 00:00:00,2026-02-12 00:00:00
947,ANNUAL,2026-08-09,2026-08-18,,APPROVED,sandra.dubois@nexuserp.com,2026-08-06 00:00:00,2026-07-19 00:00:00
949,ANNUAL,2026-06-24,2026-07-01,,APPROVED,sara.dubois@nexuserp.com,2026-06-14 00:00:00,2026-06-03 00:00:00
950,ANNUAL,2026-01-21,2026-01-26,,APPROVED,hugo.jones@nexuserp.com,2026-01-13 00:00:00,2026-01-01 00:00:00
950,ANNUAL,2026-10-18,2026-10-26,Moving house,PENDING,,,2026-09-25 00:00:00
951,ANNUAL,2026-09-09,2026-09-11,,APPROVED,oscar.kim@nexuserp.com,2026-09-04 00:00:00,2026-08-01 00:00:00
951,ANNUAL,2025-12-19,2025-12-23,,APPROVED,oscar.kim@nexuserp.com,2025-12-03 00:00:00,2025-11-11 00:00:00
954,ANNUAL,2026-02-10,2026-02-16,,APPROVED,elizabeth.russo@nexuserp.com,2026-01-28 00:00:00,2026-01-21 00:00:00
954,ANNUAL,2026-05-24,2026-06-02,,APPROVED,elizabeth.russo@nexuserp.com,2026-05-17 00:00:00,2026-04-25 00:00:00
956,ANNUAL,2025-12-16,2025-12-17,,APPROVED,rayan.haddad@nexuserp.com,2025-12-11 00:00:00,2025-11-15 00:00:00
957,ANNUAL,2026-03-03,2026-03-04,,APPROVED,paul.taylor@nexuserp.com,2026-02-26 00:00:00,2026-01-27 00:00:00
958,ANNUAL,2025-12-23,2025-12-27,,APPROVED,olivia.williams@nexuserp.com,2025-12-20 00:00:00,2025-11-26 00:00:00
958,ANNUAL,2026-05-11,2026-05-19,,APPROVED,olivia.williams@nexuserp.com,2026-05-02 00:00:00,2026-04-11 00:00:00
958,SICK,2026-02-07,2026-02-07,,APPROVED,olivia.williams@nexuserp.com,2026-01-26 00:00:00,2026-01-10 00:00:00
959,ANNUAL,2025-10-04,2025-10-09,,APPROVED,felix.murphy@nexuserp.com,2025-09-27 00:00:00,2025-09-06 00:00:00
959,ANNUAL,2025-07-12,2025-07-20,,APPROVED,felix.murphy@nexuserp.com,2025-06-28 00:00:00,2025-06-09 00:00:00
959,ANNUAL,2025-05-18,2025-05-22,,APPROVED,felix.murphy@nexuserp.com,2025-05-01 00:00:00,2025-04-16 00:00:00
961,ANNUAL,2026-06-12,2026-06-18,,APPROVED,jennifer.rodriguez@nexuserp.com,2026-05-27 00:00:00,2026-05-12 00:00:00
961,ANNUAL,2026-03-10,2026-03-16,,APPROVED,jennifer.rodriguez@nexuserp.com,2026-02-23 00:00:00,2026-02-15 00:00:00
961,UNPAID,2026-02-22,2026-02-28,,APPROVED,jennifer.rodriguez@nexuserp.com,2026-02-05 00:00:00,2026-01-24 00:00:00
964,ANNUAL,2025-12-22,2025-12-28,,APPROVED,elena.scott@nexuserp.com,2025-12-04 00:00:00,2025-11-19 00:00:00
964,ANNUAL,2026-09-08,2026-09-13,,APPROVED,elena.scott@nexuserp.com,2026-09-01 00:00:00,2026-08-01 00:00:00
966,ANNUAL,2026-07-08,2026-07-11,,APPROVED,hiroshi.russo2@nexuserp.com,2026-06-25 00:00:00,2026-05-30 00:00:00
967,ANNUAL,2025-10-22,2025-10-29,,APPROVED,priya.shah@nexuserp.com,2025-10-18 00:00:00,2025-09-24 00:00:00
969,ANNUAL,2026-05-29,2026-06-07,,APPROVED,anthony.lee@nexuserp.com,2026-05-23 00:00:00,2026-04-28 00:00:00
969,ANNUAL,2026-08-02,2026-08-11,,APPROVED,anthony.lee@nexuserp.com,2026-07-29 00:00:00,2026-07-10 00:00:00
970,ANNUAL,2025-11-05,2025-11-10,,APPROVED,hana.lopez@nexuserp.com,2025-10-23 00:00:00,2025-09-27 00:00:00
970,ANNUAL,2025-08-10,2025-08-17,,APPROVED,hana.lopez@nexuserp.com,2025-08-03 00:00:00,2025-07-02 00:00:00
972,OTHER,2025-11-02,2025-11-08,,APPROVED,rayan.flores@nexuserp.com,2025-10-21 00:00:00,2025-09-24 00:00:00
972,ANNUAL,2026-09-08,2026-09-15,,APPROVED,rayan.flores@nexuserp.com,2026-09-04 00:00:00,2026-08-05 00:00:00
974,UNPAID,2025-10-04,2025-10-12,,APPROVED,elizabeth.russo@nexuserp.com,2025-09-29 00:00:00,2025-09-07 00:00:00
974,ANNUAL,2026-05-31,2026-06-01,,APPROVED,elizabeth.russo@nexuserp.com,2026-05-19 00:00:00,2026-04-24 00:00:00
975,ANNUAL,2025-12-21,2025-12-23,,APPROVED,camille.wang@nexuserp.com,2025-12-09 00:00:00,2025-11-26 00:00:00
976,UNPAID,2026-01-06,2026-01-09,,APPROVED,hugo.jones@nexuserp.com,2025-12-30 00:00:00,2025-12-04 00:00:00
976,ANNUAL,2026-01-03,2026-01-05,,APPROVED,hugo.jones@nexuserp.com,2025-12-21 00:00:00,2025-11-25 00:00:00
977,SICK,2025-05-05,2025-05-06,,APPROVED,eric.adams2@nexuserp.com,2025-04-25 00:00:00,2025-04-10 00:00:00
981,OTHER,2026-08-18,2026-08-24,,APPROVED,tariq.lopez@nexuserp.com,2026-08-13 00:00:00,2026-07-15 00:00:00
982,ANNUAL,2026-07-11,2026-07-12,,APPROVED,hana.lopez@nexuserp.com,2026-07-03 00:00:00,2026-06-15 00:00:00
983,ANNUAL,2026-04-25,2026-05-01,,APPROVED,mark.lee@nexuserp.com,2026-04-18 00:00:00,2026-04-02 00:00:00
983,SICK,2026-01-30,2026-01-30,,APPROVED,mark.lee@nexuserp.com,2026-01-16 00:00:00,2026-01-09 00:00:00
984,ANNUAL,2026-07-09,2026-07-12,,APPROVED,elizabeth.tanaka2@nexuserp.com,2026-07-04 00:00:00,2026-06-13 00:00:00
984,ANNUAL,2026-06-29,2026-07-01,,APPROVED,elizabeth.tanaka2@nexuserp.com,2026-06-26 00:00:00,2026-05-28 00:00:00
985,SICK,2026-05-07,2026-05-09,,APPROVED,mark.smith@nexuserp.com,2026-04-22 00:00:00,2026-04-06 00:00:00
986,ANNUAL,2026-02-19,2026-02-23,,APPROVED,elena.lee@nexuserp.com,2026-02-12 00:00:00,2026-01-19 00:00:00
986,ANNUAL,2025-08-31,2025-09-03,,APPROVED,elena.lee@nexuserp.com,2025-08-16 00:00:00,2025-08-02 00:00:00
987,OTHER,2026-05-02,2026-05-08,,REJECTED,mark.patel@nexuserp.com,2026-04-16 00:00:00,2026-04-04 00:00:00
987,OTHER,2026-07-12,2026-07-14,,APPROVED,mark.patel@nexuserp.com,2026-07-04 00:00:00,2026-06-03 00:00:00
990,SICK,2025-10-27,2025-10-27,,APPROVED,amanda.martin2@nexuserp.com,2025-10-23 00:00:00,2025-10-02 00:00:00
991,ANNUAL,2026-03-20,2026-03-28,,APPROVED,sara.khalil@nexuserp.com,2026-03-12 00:00:00,2026-02-18 00:00:00
991,ANNUAL,2026-01-23,2026-01-31,,REJECTED,sara.khalil@nexuserp.com,2026-01-17 00:00:00,2025-12-22 00:00:00
991,ANNUAL,2025-12-23,2025-12-27,,APPROVED,sara.khalil@nexuserp.com,2025-12-19 00:00:00,2025-11-18 00:00:00
992,UNPAID,2026-03-25,2026-04-03,,APPROVED,tariq.lopez@nexuserp.com,2026-03-14 00:00:00,2026-02-17 00:00:00
992,ANNUAL,2026-05-20,2026-05-29,,REJECTED,tariq.lopez@nexuserp.com,2026-05-09 00:00:00,2026-04-27 00:00:00
992,ANNUAL,2026-06-23,2026-06-28,,APPROVED,tariq.lopez@nexuserp.com,2026-06-13 00:00:00,2026-05-31 00:00:00
994,ANNUAL,2025-08-18,2025-08-25,,APPROVED,steven.laurent@nexuserp.com,2025-07-31 00:00:00,2025-07-28 00:00:00
994,ANNUAL,2025-05-16,2025-05-21,,APPROVED,steven.laurent@nexuserp.com,2025-05-03 00:00:00,2025-04-20 00:00:00
994,ANNUAL,2026-02-08,2026-02-12,,APPROVED,steven.laurent@nexuserp.com,2026-01-21 00:00:00,2026-01-03 00:00:00
996,ANNUAL,2026-04-16,2026-04-22,,APPROVED,ryan.khalil@nexuserp.com,2026-04-07 00:00:00,2026-03-25 00:00:00
997,ANNUAL,2026-04-23,2026-05-02,,APPROVED,hugo.jones@nexuserp.com,2026-04-05 00:00:00,2026-03-25 00:00:00
998,ANNUAL,2026-02-05,2026-02-09,,APPROVED,oscar.wang@nexuserp.com,2026-01-26 00:00:00,2026-01-13 00:00:00
999,ANNUAL,2026-04-20,2026-04-29,,APPROVED,hugo.jones@nexuserp.com,2026-04-10 00:00:00,2026-03-21 00:00:00
1001,SICK,2025-11-01,2025-11-03,,APPROVED,andrew.smith@nexuserp.com,2025-10-24 00:00:00,2025-09-25 00:00:00
1001,ANNUAL,2025-11-17,2025-11-21,,APPROVED,andrew.smith@nexuserp.com,2025-11-06 00:00:00,2025-10-24 00:00:00
1003,ANNUAL,2026-07-20,2026-07-22,,APPROVED,elizabeth.tanaka2@nexuserp.com,2026-07-07 00:00:00,2026-06-28 00:00:00
1003,ANNUAL,2026-06-01,2026-06-08,,APPROVED,elizabeth.tanaka2@nexuserp.com,2026-05-15 00:00:00,2026-05-07 00:00:00
1004,ANNUAL,2026-01-24,2026-02-02,,APPROVED,sara.khalil@nexuserp.com,2026-01-06 00:00:00,2026-01-01 00:00:00
1004,ANNUAL,2025-12-29,2026-01-06,,APPROVED,sara.khalil@nexuserp.com,2025-12-24 00:00:00,2025-11-21 00:00:00
1005,ANNUAL,2026-04-24,2026-04-27,,APPROVED,john.clark@nexuserp.com,2026-04-21 00:00:00,2026-03-16 00:00:00
1005,ANNUAL,2026-01-19,2026-01-21,,APPROVED,john.clark@nexuserp.com,2026-01-01 00:00:00,2025-12-24 00:00:00
1006,ANNUAL,2026-01-06,2026-01-14,,APPROVED,arjun.wang@nexuserp.com,2025-12-27 00:00:00,2025-12-02 00:00:00
1006,SICK,2026-08-25,2026-08-26,,APPROVED,arjun.wang@nexuserp.com,2026-08-07 00:00:00,2026-08-03 00:00:00
1009,SICK,2026-09-10,2026-09-12,,APPROVED,ryan.taylor@nexuserp.com,2026-09-01 00:00:00,2026-08-16 00:00:00
1009,ANNUAL,2026-02-27,2026-03-04,,APPROVED,ryan.taylor@nexuserp.com,2026-02-17 00:00:00,2026-02-03 00:00:00
1010,ANNUAL,2026-01-16,2026-01-23,,APPROVED,sharon.muller@nexuserp.com,2026-01-13 00:00:00,2025-12-14 00:00:00
1010,SICK,2025-10-05,2025-10-05,,REJECTED,sharon.muller@nexuserp.com,2025-09-23 00:00:00,2025-09-04 00:00:00
1010,SICK,2025-12-11,2025-12-13,,APPROVED,sharon.muller@nexuserp.com,2025-11-26 00:00:00,2025-11-08 00:00:00
1011,SICK,2026-04-29,2026-04-30,,APPROVED,ryan.taylor@nexuserp.com,2026-04-16 00:00:00,2026-03-29 00:00:00
1013,ANNUAL,2026-03-14,2026-03-16,,APPROVED,nancy.singh@nexuserp.com,2026-03-01 00:00:00,2026-02-12 00:00:00
1014,ANNUAL,2025-10-02,2025-10-11,,APPROVED,mei.chen@nexuserp.com,2025-09-19 00:00:00,2025-08-24 00:00:00
1014,ANNUAL,2025-12-13,2025-12-21,,APPROVED,mei.chen@nexuserp.com,2025-12-09 00:00:00,2025-11-12 00:00:00
1015,ANNUAL,2026-08-08,2026-08-09,,APPROVED,hugo.jones@nexuserp.com,2026-08-03 00:00:00,2026-07-06 00:00:00
1015,ANNUAL,2026-01-19,2026-01-23,,APPROVED,hugo.jones@nexuserp.com,2026-01-10 00:00:00,2025-12-28 00:00:00
1016,ANNUAL,2026-04-01,2026-04-08,,APPROVED,manon.hernandez@nexuserp.com,2026-03-15 00:00:00,2026-02-27 00:00:00
1016,ANNUAL,2025-08-11,2025-08-13,,APPROVED,manon.hernandez@nexuserp.com,2025-07-27 00:00:00,2025-07-15 00:00:00
1016,ANNUAL,2026-01-12,2026-01-18,,APPROVED,manon.hernandez@nexuserp.com,2025-12-27 00:00:00,2025-12-13 00:00:00
1017,ANNUAL,2026-01-28,2026-02-03,,APPROVED,oscar.kim@nexuserp.com,2026-01-24 00:00:00,2026-01-06 00:00:00
1019,SICK,2026-01-09,2026-01-11,,APPROVED,hiroshi.scott2@nexuserp.com,2025-12-27 00:00:00,2025-12-08 00:00:00
1019,ANNUAL,2026-02-19,2026-02-28,,APPROVED,hiroshi.scott2@nexuserp.com,2026-02-07 00:00:00,2026-01-28 00:00:00
1022,ANNUAL,2025-11-29,2025-12-08,,APPROVED,nicholas.smith@nexuserp.com,2025-11-17 00:00:00,2025-10-29 00:00:00
1022,SICK,2026-07-30,2026-07-30,,APPROVED,nicholas.smith@nexuserp.com,2026-07-18 00:00:00,2026-06-25 00:00:00
1022,ANNUAL,2026-01-14,2026-01-19,,APPROVED,nicholas.smith@nexuserp.com,2026-01-05 00:00:00,2025-12-17 00:00:00
1024,ANNUAL,2026-07-27,2026-08-03,,APPROVED,susan.muller@nexuserp.com,2026-07-12 00:00:00,2026-06-26 00:00:00
1024,ANNUAL,2026-11-22,2026-11-23,Wedding,PENDING,,,2026-09-25 00:00:00
1025,ANNUAL,2025-10-27,2025-11-03,,APPROVED,samuel.rivera@nexuserp.com,2025-10-08 00:00:00,2025-09-22 00:00:00
1026,ANNUAL,2026-06-12,2026-06-19,,APPROVED,john.clark@nexuserp.com,2026-05-28 00:00:00,2026-05-13 00:00:00
1026,SICK,2026-05-20,2026-05-21,,APPROVED,john.clark@nexuserp.com,2026-05-17 00:00:00,2026-04-29 00:00:00
1026,ANNUAL,2026-05-01,2026-05-04,,APPROVED,john.clark@nexuserp.com,2026-04-22 00:00:00,2026-03-31 00:00:00
1028,ANNUAL,2025-10-22,2025-10-27,,APPROVED,mark.chen@nexuserp.com,2025-10-15 00:00:00,2025-09-19 00:00:00
1028,ANNUAL,2026-01-30,2026-02-02,,APPROVED,mark.chen@nexuserp.com,2026-01-25 00:00:00,2025-12-23 00:00:00
1028,ANNUAL,2026-03-10,2026-03-13,,APPROVED,mark.chen@nexuserp.com,2026-03-02 00:00:00,2026-02-09 00:00:00
1032,ANNUAL,2026-01-23,2026-01-26,,APPROVED,chloe.carter@nexuserp.com,2026-01-13 00:00:00,2025-12-22 00:00:00
1032,ANNUAL,2026-03-06,2026-03-09,,APPROVED,chloe.carter@nexuserp.com,2026-02-23 00:00:00,2026-02-14 00:00:00
1034,ANNUAL,2026-08-08,2026-08-16,,APPROVED,matthew.hernandez@nexuserp.com,2026-07-22 00:00:00,2026-07-18 00:00:00
1034,ANNUAL,2026-04-22,2026-04-24,,APPROVED,matthew.hernandez@nexuserp.com,2026-04-14 00:00:00,2026-03-16 00:00:00
1034,ANNUAL,2026-03-30,2026-04-08,,APPROVED,matthew.hernandez@nexuserp.com,2026-03-24 00:00:00,2026-03-01 00:00:00
1034,ANNUAL,2026-11-18,2026-11-24,,PENDING,,,2026-09-22 00:00:00
1036,ANNUAL,2026-08-15,2026-08-18,,APPROVED,steven.robinson@nexuserp.com,2026-08-09 00:00:00,2026-07-08 00:00:00
1036,ANNUAL,2026-02-20,2026-02-21,,APPROVED,steven.robinson@nexuserp.com,2026-02-07 00:00:00,2026-01-23 00:00:00
1036,ANNUAL,2026-05-26,2026-05-29,,REJECTED,steven.robinson@nexuserp.com,2026-05-10 00:00:00,2026-04-18 00:00:00
1037,OTHER,2026-03-16,2026-03-19,,APPROVED,elena.lee@nexuserp.com,2026-02-26 00:00:00,2026-02-12 00:00:00
1039,UNPAID,2026-03-17,2026-03-22,,APPROVED,elizabeth.russo@nexuserp.com,2026-03-03 00:00:00,2026-02-06 00:00:00
1039,SICK,2025-10-16,2025-10-16,,APPROVED,elizabeth.russo@nexuserp.com,2025-10-06 00:00:00,2025-09-09 00:00:00
1042,ANNUAL,2025-10-18,2025-10-26,,REJECTED,sharon.muller@nexuserp.com,2025-10-01 00:00:00,2025-09-18 00:00:00
1042,ANNUAL,2025-04-20,2025-04-21,,APPROVED,sharon.muller@nexuserp.com,2025-04-16 00:00:00,2025-03-13 00:00:00
1043,UNPAID,2026-01-29,2026-02-02,,APPROVED,ryan.taylor@nexuserp.com,2026-01-12 00:00:00,2025-12-26 00:00:00
1044,ANNUAL,2026-10-05,2026-10-13,Personal matters,PENDING,,,2026-09-24 00:00:00
1045,ANNUAL,2026-08-25,2026-08-28,,APPROVED,tariq.lopez@nexuserp.com,2026-08-16 00:00:00,2026-07-21 00:00:00
1046,ANNUAL,2026-02-18,2026-02-22,,APPROVED,sharon.muller@nexuserp.com,2026-02-05 00:00:00,2026-01-12 00:00:00
1046,ANNUAL,2026-09-11,2026-09-12,,APPROVED,sharon.muller@nexuserp.com,2026-09-01 00:00:00,2026-08-21 00:00:00
1047,ANNUAL,2026-05-23,2026-05-31,,APPROVED,karim.park@nexuserp.com,2026-05-06 00:00:00,2026-04-27 00:00:00
1047,ANNUAL,2026-06-30,2026-07-01,,APPROVED,karim.park@nexuserp.com,2026-06-17 00:00:00,2026-05-22 00:00:00
1048,ANNUAL,2026-06-11,2026-06-15,,APPROVED,tariq.lopez@nexuserp.com,2026-05-24 00:00:00,2026-05-06 00:00:00
1048,ANNUAL,2026-05-23,2026-05-27,,APPROVED,tariq.lopez@nexuserp.com,2026-05-19 00:00:00,2026-05-01 00:00:00
1048,ANNUAL,2026-02-10,2026-02-15,,APPROVED,tariq.lopez@nexuserp.com,2026-01-26 00:00:00,2026-01-11 00:00:00
1049,ANNUAL,2025-12-26,2025-12-28,,APPROVED,camille.lewis@nexuserp.com,2025-12-16 00:00:00,2025-11-29 00:00:00
1052,ANNUAL,2026-01-09,2026-01-17,,APPROVED,sharon.muller@nexuserp.com,2025-12-28 00:00:00,2025-12-19 00:00:00
1053,SICK,2025-02-03,2025-02-03,,APPROVED,elena.scott@nexuserp.com,2025-01-25 00:00:00,2025-01-10 00:00:00
1053,ANNUAL,2024-12-12,2024-12-13,,APPROVED,elena.scott@nexuserp.com,2024-11-30 00:00:00,2024-11-17 00:00:00
1055,ANNUAL,2026-07-29,2026-07-31,,APPROVED,adam.roberts@nexuserp.com,2026-07-24 00:00:00,2026-06-24 00:00:00
1055,SICK,2025-12-29,2025-12-30,,APPROVED,adam.roberts@nexuserp.com,2025-12-17 00:00:00,2025-11-20 00:00:00
1056,ANNUAL,2026-02-06,2026-02-11,,APPROVED,rayan.haddad@nexuserp.com,2026-01-21 00:00:00,2026-01-08 00:00:00
1060,ANNUAL,2026-04-28,2026-05-03,,APPROVED,eric.adams2@nexuserp.com,2026-04-25 00:00:00,2026-03-24 00:00:00
1060,ANNUAL,2025-11-30,2025-12-07,,APPROVED,eric.adams2@nexuserp.com,2025-11-12 00:00:00,2025-11-01 00:00:00
1066,ANNUAL,2025-10-16,2025-10-18,,APPROVED,elizabeth.tanaka2@nexuserp.com,2025-10-10 00:00:00,2025-09-15 00:00:00
1066,ANNUAL,2025-11-03,2025-11-09,,APPROVED,elizabeth.tanaka2@nexuserp.com,2025-10-30 00:00:00,2025-09-28 00:00:00
1068,ANNUAL,2026-05-22,2026-05-29,,APPROVED,joshua.roberts@nexuserp.com,2026-05-12 00:00:00,2026-04-24 00:00:00
1068,ANNUAL,2026-10-10,2026-10-14,,PENDING,,,2026-09-24 00:00:00
1069,ANNUAL,2026-04-02,2026-04-09,,APPROVED,hugo.jones@nexuserp.com,2026-03-20 00:00:00,2026-03-05 00:00:00
1070,ANNUAL,2026-04-14,2026-04-22,,APPROVED,elena.lee@nexuserp.com,2026-03-27 00:00:00,2026-03-18 00:00:00
1071,ANNUAL,2026-07-06,2026-07-15,,REJECTED,ashley.park@nexuserp.com,2026-06-26 00:00:00,2026-06-04 00:00:00
1071,ANNUAL,2025-12-28,2026-01-04,,APPROVED,ashley.park@nexuserp.com,2025-12-22 00:00:00,2025-11-21 00:00:00
1071,ANNUAL,2026-10-23,2026-10-26,Moving house,PENDING,,,2026-09-25 00:00:00
1073,SICK,2026-08-12,2026-08-13,,APPROVED,mark.patel@nexuserp.com,2026-08-01 00:00:00,2026-07-15 00:00:00
1073,ANNUAL,2026-09-03,2026-09-09,,APPROVED,mark.patel@nexuserp.com,2026-08-20 00:00:00,2026-08-01 00:00:00
1073,SICK,2025-11-01,2025-11-01,,APPROVED,mark.patel@nexuserp.com,2025-10-21 00:00:00,2025-10-10 00:00:00
1074,ANNUAL,2026-04-02,2026-04-06,,APPROVED,hugo.jones@nexuserp.com,2026-03-25 00:00:00,2026-02-24 00:00:00
1076,SICK,2026-01-16,2026-01-18,,APPROVED,mark.lee@nexuserp.com,2025-12-31 00:00:00,2025-12-22 00:00:00
1076,SICK,2025-11-24,2025-11-24,,APPROVED,mark.lee@nexuserp.com,2025-11-06 00:00:00,2025-11-04 00:00:00
1077,ANNUAL,2025-12-08,2025-12-13,,APPROVED,kevin.obrien@nexuserp.com,2025-11-26 00:00:00,2025-11-03 00:00:00
1077,SICK,2025-09-21,2025-09-23,,APPROVED,kevin.obrien@nexuserp.com,2025-09-16 00:00:00,2025-08-19 00:00:00
1077,UNPAID,2025-04-23,2025-04-26,,APPROVED,kevin.obrien@nexuserp.com,2025-04-17 00:00:00,2025-03-21 00:00:00
1079,ANNUAL,2026-03-08,2026-03-16,,APPROVED,oscar.kim@nexuserp.com,2026-02-23 00:00:00,2026-02-04 00:00:00
1080,SICK,2026-02-04,2026-02-04,,APPROVED,karen.oliveira2@nexuserp.com,2026-01-20 00:00:00,2026-01-08 00:00:00
1081,SICK,2025-01-09,2025-01-10,,APPROVED,ashley.park@nexuserp.com,2024-12-30 00:00:00,2024-12-03 00:00:00
1081,SICK,2025-09-07,2025-09-08,,APPROVED,ashley.park@nexuserp.com,2025-09-01 00:00:00,2025-08-12 00:00:00
1082,OTHER,2025-10-29,2025-11-05,,APPROVED,nicholas.smith@nexuserp.com,2025-10-12 00:00:00,2025-10-02 00:00:00
1084,ANNUAL,2026-06-11,2026-06-12,,APPROVED,hiroshi.russo2@nexuserp.com,2026-06-06 00:00:00,2026-05-09 00:00:00
1085,ANNUAL,2026-09-03,2026-09-06,,APPROVED,jonathan.brown@nexuserp.com,2026-08-15 00:00:00,2026-08-08 00:00:00
1088,ANNUAL,2025-10-10,2025-10-19,,APPROVED,jennifer.rodriguez@nexuserp.com,2025-09-25 00:00:00,2025-09-03 00:00:00
1096,ANNUAL,2026-02-12,2026-02-17,,REJECTED,nancy.singh@nexuserp.com,2026-01-27 00:00:00,2026-01-15 00:00:00
1097,SICK,2026-08-14,2026-08-14,,APPROVED,sara.khalil@nexuserp.com,2026-08-04 00:00:00,2026-07-09 00:00:00
1098,SICK,2025-05-10,2025-05-10,,APPROVED,emily.harris@nexuserp.com,2025-05-03 00:00:00,2025-04-19 00:00:00
1099,ANNUAL,2025-10-04,2025-10-05,,APPROVED,susan.muller@nexuserp.com,2025-09-24 00:00:00,2025-09-12 00:00:00
1099,SICK,2026-06-03,2026-06-03,,APPROVED,susan.muller@nexuserp.com,2026-05-30 00:00:00,2026-05-04 00:00:00
1100,ANNUAL,2025-04-05,2025-04-14,,APPROVED,priya.shah@nexuserp.com,2025-03-31 00:00:00,2025-03-08 00:00:00
1100,ANNUAL,2025-05-02,2025-05-09,,APPROVED,priya.shah@nexuserp.com,2025-04-28 00:00:00,2025-04-06 00:00:00
1101,ANNUAL,2025-11-16,2025-11-21,,APPROVED,aiko.silva@nexuserp.com,2025-11-06 00:00:00,2025-10-15 00:00:00
1101,ANNUAL,2026-01-21,2026-01-24,,APPROVED,aiko.silva@nexuserp.com,2026-01-04 00:00:00,2025-12-30 00:00:00
1101,ANNUAL,2025-03-01,2025-03-08,,APPROVED,aiko.silva@nexuserp.com,2025-02-17 00:00:00,2025-01-21 00:00:00
1102,SICK,2026-04-21,2026-04-22,,APPROVED,paul.moreau@nexuserp.com,2026-04-18 00:00:00,2026-03-15 00:00:00
1102,ANNUAL,2026-05-01,2026-05-10,,APPROVED,paul.moreau@nexuserp.com,2026-04-27 00:00:00,2026-03-26 00:00:00
1102,ANNUAL,2026-07-27,2026-08-05,,APPROVED,paul.moreau@nexuserp.com,2026-07-09 00:00:00,2026-06-24 00:00:00
1103,ANNUAL,2026-03-25,2026-03-27,,APPROVED,mei.chen@nexuserp.com,2026-03-22 00:00:00,2026-02-16 00:00:00
1105,ANNUAL,2025-11-17,2025-11-22,,APPROVED,amanda.martin2@nexuserp.com,2025-11-07 00:00:00,2025-10-24 00:00:00
1106,ANNUAL,2026-06-28,2026-06-30,,APPROVED,oscar.kim@nexuserp.com,2026-06-24 00:00:00,2026-05-31 00:00:00
1106,OTHER,2026-06-13,2026-06-20,,APPROVED,oscar.kim@nexuserp.com,2026-05-27 00:00:00,2026-05-18 00:00:00
1107,ANNUAL,2025-11-12,2025-11-18,,APPROVED,paul.taylor@nexuserp.com,2025-11-03 00:00:00,2025-10-17 00:00:00
1107,ANNUAL,2026-01-28,2026-02-01,,APPROVED,paul.taylor@nexuserp.com,2026-01-09 00:00:00,2026-01-04 00:00:00
1109,ANNUAL,2025-11-13,2025-11-16,,APPROVED,hugo.jones@nexuserp.com,2025-11-03 00:00:00,2025-10-14 00:00:00
1111,UNPAID,2025-10-30,2025-10-31,,APPROVED,paul.taylor@nexuserp.com,2025-10-21 00:00:00,2025-09-26 00:00:00
1111,ANNUAL,2025-06-24,2025-06-27,,APPROVED,paul.taylor@nexuserp.com,2025-06-11 00:00:00,2025-05-31 00:00:00
1111,SICK,2026-01-23,2026-01-25,,REJECTED,paul.taylor@nexuserp.com,2026-01-19 00:00:00,2025-12-23 00:00:00
1113,ANNUAL,2025-10-18,2025-10-19,,APPROVED,alice.tanaka@nexuserp.com,2025-10-14 00:00:00,2025-09-27 00:00:00
1113,ANNUAL,2025-09-30,2025-10-03,,APPROVED,alice.tanaka@nexuserp.com,2025-09-19 00:00:00,2025-09-05 00:00:00
1114,ANNUAL,2026-06-18,2026-06-25,,APPROVED,adam.roberts@nexuserp.com,2026-06-04 00:00:00,2026-05-17 00:00:00
1114,ANNUAL,2025-12-10,2025-12-11,,APPROVED,adam.roberts@nexuserp.com,2025-11-22 00:00:00,2025-11-20 00:00:00
1115,ANNUAL,2026-06-16,2026-06-22,,APPROVED,michelle.king@nexuserp.com,2026-06-13 00:00:00,2026-05-11 00:00:00
1115,SICK,2026-03-28,2026-03-30,,APPROVED,michelle.king@nexuserp.com,2026-03-11 00:00:00,2026-02-17 00:00:00
1115,ANNUAL,2026-02-22,2026-02-26,,APPROVED,michelle.king@nexuserp.com,2026-02-06 00:00:00,2026-01-27 00:00:00
1116,ANNUAL,2026-07-07,2026-07-13,,APPROVED,hugo.jones@nexuserp.com,2026-07-02 00:00:00,2026-05-30 00:00:00
1116,ANNUAL,2026-05-31,2026-06-02,,APPROVED,hugo.jones@nexuserp.com,2026-05-16 00:00:00,2026-05-10 00:00:00
1116,SICK,2026-01-17,2026-01-17,,APPROVED,hugo.jones@nexuserp.com,2025-12-30 00:00:00,2025-12-27 00:00:00
1117,ANNUAL,2026-07-20,2026-07-28,,APPROVED,mark.smith@nexuserp.com,2026-07-04 00:00:00,2026-06-26 00:00:00
1117,OTHER,2026-04-01,2026-04-02,,APPROVED,mark.smith@nexuserp.com,2026-03-29 00:00:00,2026-03-10 00:00:00
1118,ANNUAL,2026-02-01,2026-02-10,,APPROVED,susan.muller@nexuserp.com,2026-01-20 00:00:00,2025-12-29 00:00:00
1118,ANNUAL,2026-05-15,2026-05-19,,APPROVED,susan.muller@nexuserp.com,2026-05-11 00:00:00,2026-04-25 00:00:00
1119,ANNUAL,2026-08-25,2026-08-27,,APPROVED,mark.lee@nexuserp.com,2026-08-08 00:00:00,2026-07-18 00:00:00
1119,ANNUAL,2026-02-27,2026-03-04,,APPROVED,mark.lee@nexuserp.com,2026-02-10 00:00:00,2026-01-24 00:00:00
1121,ANNUAL,2026-04-07,2026-04-15,,APPROVED,wei.wilson@nexuserp.com,2026-03-22 00:00:00,2026-03-16 00:00:00
1124,ANNUAL,2026-07-24,2026-07-27,,APPROVED,tariq.lopez@nexuserp.com,2026-07-07 00:00:00,2026-06-21 00:00:00
1126,ANNUAL,2025-10-24,2025-10-29,,APPROVED,hiroshi.russo2@nexuserp.com,2025-10-15 00:00:00,2025-09-17 00:00:00
1126,ANNUAL,2026-03-09,2026-03-17,,APPROVED,hiroshi.russo2@nexuserp.com,2026-02-20 00:00:00,2026-02-12 00:00:00
1127,SICK,2026-07-20,2026-07-22,,REJECTED,priya.mitchell@nexuserp.com,2026-07-03 00:00:00,2026-06-19 00:00:00
1131,ANNUAL,2026-05-14,2026-05-17,,APPROVED,manon.hernandez@nexuserp.com,2026-05-05 00:00:00,2026-04-11 00:00:00
1132,ANNUAL,2026-02-02,2026-02-05,,APPROVED,olivia.williams@nexuserp.com,2026-01-16 00:00:00,2025-12-31 00:00:00
1133,SICK,2025-12-19,2025-12-21,,APPROVED,ryan.taylor@nexuserp.com,2025-12-05 00:00:00,2025-11-20 00:00:00
1135,ANNUAL,2026-08-12,2026-08-18,,APPROVED,rayan.haddad@nexuserp.com,2026-08-07 00:00:00,2026-07-04 00:00:00
1135,ANNUAL,2026-06-16,2026-06-19,,APPROVED,rayan.haddad@nexuserp.com,2026-06-02 00:00:00,2026-05-09 00:00:00
1136,ANNUAL,2026-04-20,2026-04-21,,APPROVED,ashley.park@nexuserp.com,2026-04-07 00:00:00,2026-03-21 00:00:00
1138,ANNUAL,2026-06-11,2026-06-12,,APPROVED,elizabeth.russo@nexuserp.com,2026-06-06 00:00:00,2026-05-14 00:00:00
1148,ANNUAL,2026-03-17,2026-03-20,,APPROVED,nour.adams@nexuserp.com,2026-03-08 00:00:00,2026-02-21 00:00:00
1148,SICK,2026-09-05,2026-09-07,,APPROVED,nour.adams@nexuserp.com,2026-08-29 00:00:00,2026-08-12 00:00:00
1148,OTHER,2026-02-27,2026-03-06,,APPROVED,nour.adams@nexuserp.com,2026-02-18 00:00:00,2026-01-22 00:00:00
1150,ANNUAL,2026-06-15,2026-06-17,,APPROVED,chloe.carter@nexuserp.com,2026-06-02 00:00:00,2026-05-23 00:00:00
1152,SICK,2025-11-02,2025-11-04,,APPROVED,emily.harris@nexuserp.com,2025-10-30 00:00:00,2025-10-13 00:00:00
1152,ANNUAL,2026-01-23,2026-01-26,,APPROVED,emily.harris@nexuserp.com,2026-01-18 00:00:00,2025-12-27 00:00:00
1154,ANNUAL,2025-10-22,2025-10-29,,APPROVED,manon.hernandez@nexuserp.com,2025-10-11 00:00:00,2025-09-23 00:00:00
1156,ANNUAL,2026-01-25,2026-01-30,,APPROVED,karen.lee@nexuserp.com,2026-01-09 00:00:00,2025-12-19 00:00:00
1157,ANNUAL,2025-10-09,2025-10-12,,APPROVED,elena.lee@nexuserp.com,2025-09-21 00:00:00,2025-09-10 00:00:00
1157,SICK,2025-10-30,2025-11-01,,APPROVED,elena.lee@nexuserp.com,2025-10-16 00:00:00,2025-10-01 00:00:00
1157,UNPAID,2025-05-20,2025-05-24,,APPROVED,elena.lee@nexuserp.com,2025-05-06 00:00:00,2025-04-18 00:00:00
1158,ANNUAL,2026-03-31,2026-04-07,,APPROVED,lucas.laurent@nexuserp.com,2026-03-13 00:00:00,2026-02-27 00:00:00
1158,ANNUAL,2026-04-10,2026-04-19,,APPROVED,lucas.laurent@nexuserp.com,2026-04-02 00:00:00,2026-03-16 00:00:00
1161,ANNUAL,2026-08-22,2026-08-28,,APPROVED,nicholas.smith@nexuserp.com,2026-08-09 00:00:00,2026-07-22 00:00:00
1163,ANNUAL,2026-08-08,2026-08-12,,APPROVED,hana.lopez@nexuserp.com,2026-07-27 00:00:00,2026-07-14 00:00:00
1163,ANNUAL,2025-12-02,2025-12-04,,APPROVED,hana.lopez@nexuserp.com,2025-11-16 00:00:00,2025-10-24 00:00:00
1164,SICK,2026-05-13,2026-05-14,,REJECTED,camille.lewis@nexuserp.com,2026-04-27 00:00:00,2026-04-15 00:00:00
1164,SICK,2026-05-27,2026-05-29,,APPROVED,camille.lewis@nexuserp.com,2026-05-21 00:00:00,2026-04-30 00:00:00
1164,ANNUAL,2026-06-23,2026-06-24,,REJECTED,camille.lewis@nexuserp.com,2026-06-05 00:00:00,2026-05-22 00:00:00
1165,ANNUAL,2025-12-05,2025-12-14,,APPROVED,steven.robinson@nexuserp.com,2025-11-29 00:00:00,2025-11-15 00:00:00
1165,SICK,2026-02-21,2026-02-22,,APPROVED,steven.robinson@nexuserp.com,2026-02-06 00:00:00,2026-01-20 00:00:00
1165,ANNUAL,2026-04-10,2026-04-11,,APPROVED,steven.robinson@nexuserp.com,2026-04-04 00:00:00,2026-03-16 00:00:00
1166,ANNUAL,2025-11-04,2025-11-12,,APPROVED,hugo.jones@nexuserp.com,2025-10-26 00:00:00,2025-09-28 00:00:00
1166,UNPAID,2026-03-09,2026-03-17,,APPROVED,hugo.jones@nexuserp.com,2026-03-06 00:00:00,2026-02-10 00:00:00
1166,OTHER,2026-08-16,2026-08-24,,APPROVED,hugo.jones@nexuserp.com,2026-08-09 00:00:00,2026-07-14 00:00:00
1167,ANNUAL,2025-12-06,2025-12-07,,REJECTED,paul.khalil@nexuserp.com,2025-11-20 00:00:00,2025-11-07 00:00:00
1171,OTHER,2026-02-22,2026-02-28,,APPROVED,susan.roberts@nexuserp.com,2026-02-13 00:00:00,2026-01-31 00:00:00
1171,ANNUAL,2026-06-18,2026-06-21,,APPROVED,susan.roberts@nexuserp.com,2026-06-13 00:00:00,2026-05-11 00:00:00
1172,SICK,2026-04-06,2026-04-06,,APPROVED,mark.chen@nexuserp.com,2026-03-31 00:00:00,2026-02-26 00:00:00
1173,ANNUAL,2026-06-19,2026-06-25,,APPROVED,oscar.kim@nexuserp.com,2026-06-09 00:00:00,2026-05-18 00:00:00
1175,ANNUAL,2025-06-18,2025-06-21,,APPROVED,rayan.flores@nexuserp.com,2025-06-11 00:00:00,2025-05-10 00:00:00
1175,SICK,2025-06-10,2025-06-10,,APPROVED,rayan.flores@nexuserp.com,2025-05-30 00:00:00,2025-05-13 00:00:00
1177,ANNUAL,2026-01-23,2026-01-29,,APPROVED,arjun.khalil@nexuserp.com,2026-01-07 00:00:00,2025-12-31 00:00:00
1177,ANNUAL,2026-03-23,2026-04-01,,APPROVED,arjun.khalil@nexuserp.com,2026-03-18 00:00:00,2026-02-15 00:00:00
1179,ANNUAL,2025-10-12,2025-10-16,,APPROVED,steven.robinson@nexuserp.com,2025-09-25 00:00:00,2025-09-07 00:00:00
1180,SICK,2026-08-17,2026-08-19,,APPROVED,manon.hernandez@nexuserp.com,2026-07-31 00:00:00,2026-07-13 00:00:00
1180,ANNUAL,2026-08-14,2026-08-21,,APPROVED,manon.hernandez@nexuserp.com,2026-07-27 00:00:00,2026-07-13 00:00:00
1184,OTHER,2026-01-15,2026-01-21,,APPROVED,nicholas.smith@nexuserp.com,2026-01-01 00:00:00,2025-12-16 00:00:00
1190,SICK,2026-05-23,2026-05-23,,APPROVED,rayan.haddad@nexuserp.com,2026-05-18 00:00:00,2026-04-25 00:00:00
1190,ANNUAL,2026-05-14,2026-05-16,,APPROVED,rayan.haddad@nexuserp.com,2026-05-09 00:00:00,2026-04-18 00:00:00
1191,ANNUAL,2026-07-15,2026-07-19,,APPROVED,hugo.jones@nexuserp.com,2026-07-04 00:00:00,2026-06-24 00:00:00
1192,SICK,2026-03-12,2026-03-14,,APPROVED,ryan.khalil@nexuserp.com,2026-02-27 00:00:00,2026-02-18 00:00:00
1192,UNPAID,2026-04-08,2026-04-10,,APPROVED,ryan.khalil@nexuserp.com,2026-03-28 00:00:00,2026-03-02 00:00:00
1193,ANNUAL,2026-01-04,2026-01-09,,APPROVED,elena.scott@nexuserp.com,2025-12-18 00:00:00,2025-11-28 00:00:00
1193,ANNUAL,2026-08-23,2026-09-01,,APPROVED,elena.scott@nexuserp.com,2026-08-06 00:00:00,2026-07-22 00:00:00
1195,UNPAID,2025-12-19,2025-12-25,,APPROVED,ashley.park@nexuserp.com,2025-12-14 00:00:00,2025-11-28 00:00:00
1196,SICK,2026-07-23,2026-07-23,,APPROVED,ryan.taylor@nexuserp.com,2026-07-16 00:00:00,2026-06-14 00:00:00
1198,ANNUAL,2026-05-15,2026-05-16,,APPROVED,karen.lee@nexuserp.com,2026-05-03 00:00:00,2026-04-23 00:00:00
1198,ANNUAL,2026-08-01,2026-08-02,,APPROVED,karen.lee@nexuserp.com,2026-07-27 00:00:00,2026-07-10 00:00:00
1200,ANNUAL,2025-06-13,2025-06-21,,APPROVED,eric.adams2@nexuserp.com,2025-05-27 00:00:00,2025-05-18 00:00:00
1201,OTHER,2026-02-24,2026-02-26,,APPROVED,hugo.jones@nexuserp.com,2026-02-08 00:00:00,2026-01-17 00:00:00
1202,OTHER,2026-08-13,2026-08-14,,REJECTED,michelle.king@nexuserp.com,2026-08-01 00:00:00,2026-07-05 00:00:00
1202,ANNUAL,2026-02-05,2026-02-13,,APPROVED,michelle.king@nexuserp.com,2026-01-25 00:00:00,2025-12-30 00:00:00
1202,ANNUAL,2025-12-09,2025-12-11,,REJECTED,michelle.king@nexuserp.com,2025-11-23 00:00:00,2025-11-12 00:00:00
1203,ANNUAL,2026-04-26,2026-05-04,,APPROVED,ivan.davis@nexuserp.com,2026-04-16 00:00:00,2026-03-25 00:00:00
1203,UNPAID,2026-07-23,2026-07-30,,APPROVED,ivan.davis@nexuserp.com,2026-07-06 00:00:00,2026-06-26 00:00:00
1203,ANNUAL,2026-02-28,2026-03-08,,APPROVED,ivan.davis@nexuserp.com,2026-02-25 00:00:00,2026-02-02 00:00:00
1206,ANNUAL,2026-08-30,2026-09-08,,APPROVED,ivan.davis@nexuserp.com,2026-08-16 00:00:00,2026-07-29 00:00:00
1206,SICK,2026-09-16,2026-09-18,,APPROVED,ivan.davis@nexuserp.com,2026-09-11 00:00:00,2026-08-14 00:00:00
1210,ANNUAL,2025-10-18,2025-10-23,,APPROVED,camille.trabelsi@nexuserp.com,2025-10-14 00:00:00,2025-09-23 00:00:00
1211,SICK,2026-08-10,2026-08-10,,APPROVED,amira.muller@nexuserp.com,2026-08-05 00:00:00,2026-07-19 00:00:00
1212,ANNUAL,2026-09-12,2026-09-16,,APPROVED,rayan.haddad@nexuserp.com,2026-08-26 00:00:00,2026-08-21 00:00:00
1215,ANNUAL,2025-10-05,2025-10-13,,APPROVED,hugo.jones@nexuserp.com,2025-09-29 00:00:00,2025-08-28 00:00:00
1216,ANNUAL,2025-09-28,2025-10-03,,APPROVED,ryan.khalil@nexuserp.com,2025-09-22 00:00:00,2025-09-07 00:00:00
1216,ANNUAL,2026-07-22,2026-07-29,,APPROVED,ryan.khalil@nexuserp.com,2026-07-10 00:00:00,2026-06-25 00:00:00
1217,ANNUAL,2026-06-08,2026-06-15,,APPROVED,hugo.jones@nexuserp.com,2026-05-29 00:00:00,2026-05-08 00:00:00
1218,ANNUAL,2026-01-17,2026-01-21,,APPROVED,karim.park@nexuserp.com,2026-01-10 00:00:00,2025-12-21 00:00:00
1219,OTHER,2025-05-19,2025-05-25,,APPROVED,ryan.khalil@nexuserp.com,2025-05-06 00:00:00,2025-04-18 00:00:00
1221,SICK,2026-07-05,2026-07-06,,APPROVED,mark.chen@nexuserp.com,2026-06-16 00:00:00,2026-06-10 00:00:00
1224,SICK,2026-03-16,2026-03-17,,APPROVED,hiroshi.scott2@nexuserp.com,2026-03-04 00:00:00,2026-02-08 00:00:00
1224,ANNUAL,2026-04-05,2026-04-14,,APPROVED,hiroshi.scott2@nexuserp.com,2026-04-01 00:00:00,2026-03-11 00:00:00
1224,SICK,2026-06-26,2026-06-27,,APPROVED,hiroshi.scott2@nexuserp.com,2026-06-18 00:00:00,2026-05-23 00:00:00
1225,ANNUAL,2026-05-28,2026-06-06,,APPROVED,jonathan.brown@nexuserp.com,2026-05-14 00:00:00,2026-04-19 00:00:00
1226,ANNUAL,2026-04-01,2026-04-10,,APPROVED,felix.murphy@nexuserp.com,2026-03-28 00:00:00,2026-02-26 00:00:00
1226,ANNUAL,2025-12-01,2025-12-04,,APPROVED,felix.murphy@nexuserp.com,2025-11-27 00:00:00,2025-11-02 00:00:00
1228,ANNUAL,2026-08-22,2026-08-26,,APPROVED,hiroshi.russo2@nexuserp.com,2026-08-17 00:00:00,2026-07-15 00:00:00
1231,ANNUAL,2026-01-07,2026-01-10,,APPROVED,kevin.hernandez@nexuserp.com,2026-01-02 00:00:00,2025-12-18 00:00:00
1231,ANNUAL,2026-04-02,2026-04-05,,APPROVED,kevin.hernandez@nexuserp.com,2026-03-23 00:00:00,2026-02-26 00:00:00
1233,SICK,2026-09-22,2026-09-22,,APPROVED,hana.lopez@nexuserp.com,2026-09-11 00:00:00,2026-08-15 00:00:00
1234,ANNUAL,2026-08-24,2026-09-01,,APPROVED,luca.wang@nexuserp.com,2026-08-20 00:00:00,2026-07-27 00:00:00
1234,SICK,2026-05-14,2026-05-16,,REJECTED,luca.wang@nexuserp.com,2026-05-07 00:00:00,2026-04-09 00:00:00
1235,ANNUAL,2025-11-05,2025-11-11,,APPROVED,camille.trabelsi@nexuserp.com,2025-10-31 00:00:00,2025-10-16 00:00:00
1237,ANNUAL,2026-09-01,2026-09-02,,APPROVED,mark.patel@nexuserp.com,2026-08-16 00:00:00,2026-08-03 00:00:00
1238,ANNUAL,2026-09-01,2026-09-06,,APPROVED,elena.scott@nexuserp.com,2026-08-21 00:00:00,2026-07-29 00:00:00
1238,ANNUAL,2026-06-24,2026-06-27,,APPROVED,elena.scott@nexuserp.com,2026-06-17 00:00:00,2026-05-17 00:00:00
1238,ANNUAL,2026-11-20,2026-11-23,Personal matters,PENDING,,,2026-09-26 00:00:00
1239,ANNUAL,2026-02-15,2026-02-21,,APPROVED,sandra.dubois@nexuserp.com,2026-02-02 00:00:00,2026-01-13 00:00:00
1239,ANNUAL,2026-05-07,2026-05-15,,REJECTED,sandra.dubois@nexuserp.com,2026-04-26 00:00:00,2026-04-10 00:00:00
1239,ANNUAL,2026-09-09,2026-09-11,,APPROVED,sandra.dubois@nexuserp.com,2026-08-22 00:00:00,2026-08-02 00:00:00
1240,ANNUAL,2025-10-06,2025-10-15,,APPROVED,andrew.robinson2@nexuserp.com,2025-09-24 00:00:00,2025-09-04 00:00:00
1240,ANNUAL,2026-05-30,2026-06-02,,APPROVED,andrew.robinson2@nexuserp.com,2026-05-23 00:00:00,2026-04-23 00:00:00
1240,OTHER,2026-08-15,2026-08-23,,APPROVED,andrew.robinson2@nexuserp.com,2026-08-11 00:00:00,2026-07-20 00:00:00
1241,ANNUAL,2026-06-12,2026-06-16,,APPROVED,arjun.wang@nexuserp.com,2026-06-08 00:00:00,2026-05-08 00:00:00
1241,ANNUAL,2026-01-13,2026-01-15,,APPROVED,arjun.wang@nexuserp.com,2025-12-26 00:00:00,2025-12-23 00:00:00
1242,ANNUAL,2025-10-20,2025-10-26,,APPROVED,hugo.jones@nexuserp.com,2025-10-09 00:00:00,2025-09-21 00:00:00
1242,ANNUAL,2026-04-07,2026-04-10,,APPROVED,hugo.jones@nexuserp.com,2026-04-04 00:00:00,2026-03-12 00:00:00
1242,SICK,2026-06-15,2026-06-16,,APPROVED,hugo.jones@nexuserp.com,2026-06-11 00:00:00,2026-05-19 00:00:00
1243,SICK,2025-12-21,2025-12-22,,APPROVED,adam.roberts@nexuserp.com,2025-12-18 00:00:00,2025-11-24 00:00:00
1243,ANNUAL,2026-03-20,2026-03-28,,APPROVED,adam.roberts@nexuserp.com,2026-03-07 00:00:00,2026-02-19 00:00:00
1244,ANNUAL,2026-03-02,2026-03-09,,APPROVED,sara.dubois@nexuserp.com,2026-02-21 00:00:00,2026-02-01 00:00:00
1245,ANNUAL,2026-05-26,2026-05-29,,APPROVED,hiroshi.russo2@nexuserp.com,2026-05-14 00:00:00,2026-05-01 00:00:00
1246,ANNUAL,2025-12-07,2025-12-11,,APPROVED,michelle.king@nexuserp.com,2025-11-22 00:00:00,2025-11-02 00:00:00
1246,OTHER,2025-11-05,2025-11-08,,APPROVED,michelle.king@nexuserp.com,2025-10-23 00:00:00,2025-09-27 00:00:00
1248,ANNUAL,2025-11-12,2025-11-21,,APPROVED,karen.oliveira2@nexuserp.com,2025-11-03 00:00:00,2025-10-21 00:00:00
1248,ANNUAL,2026-06-08,2026-06-16,,APPROVED,karen.oliveira2@nexuserp.com,2026-05-29 00:00:00,2026-05-07 00:00:00
1249,ANNUAL,2026-04-12,2026-04-13,,APPROVED,steven.laurent@nexuserp.com,2026-03-26 00:00:00,2026-03-09 00:00:00
1250,UNPAID,2025-12-16,2025-12-22,,APPROVED,hugo.jones@nexuserp.com,2025-12-09 00:00:00,2025-11-10 00:00:00
1250,ANNUAL,2026-05-14,2026-05-20,,APPROVED,hugo.jones@nexuserp.com,2026-05-11 00:00:00,2026-04-07 00:00:00
1251,ANNUAL,2026-07-12,2026-07-13,,APPROVED,mei.chen@nexuserp.com,2026-06-25 00:00:00,2026-06-12 00:00:00
1251,SICK,2026-02-07,2026-02-08,,APPROVED,mei.chen@nexuserp.com,2026-01-29 00:00:00,2026-01-11 00:00:00
1254,ANNUAL,2026-08-18,2026-08-21,,APPROVED,steven.robinson@nexuserp.com,2026-08-01 00:00:00,2026-07-17 00:00:00
1254,SICK,2025-12-07,2025-12-09,,APPROVED,steven.robinson@nexuserp.com,2025-11-27 00:00:00,2025-11-15 00:00:00
1254,ANNUAL,2026-10-19,2026-10-22,Moving house,PENDING,,,2026-09-25 00:00:00
1255,ANNUAL,2026-08-15,2026-08-19,,APPROVED,hugo.jones@nexuserp.com,2026-07-30 00:00:00,2026-07-18 00:00:00
1255,ANNUAL,2026-08-06,2026-08-11,,REJECTED,hugo.jones@nexuserp.com,2026-07-26 00:00:00,2026-07-05 00:00:00
1256,ANNUAL,2026-03-20,2026-03-25,,APPROVED,hugo.jones@nexuserp.com,2026-03-02 00:00:00,2026-02-20 00:00:00
1256,ANNUAL,2025-10-16,2025-10-21,,APPROVED,hugo.jones@nexuserp.com,2025-10-05 00:00:00,2025-09-17 00:00:00
1256,ANNUAL,2025-11-24,2025-11-30,,APPROVED,hugo.jones@nexuserp.com,2025-11-18 00:00:00,2025-10-23 00:00:00
1257,ANNUAL,2026-02-02,2026-02-03,,APPROVED,aiko.silva@nexuserp.com,2026-01-20 00:00:00,2025-12-27 00:00:00
1258,ANNUAL,2025-12-14,2025-12-23,,APPROVED,sharon.muller@nexuserp.com,2025-11-29 00:00:00,2025-11-22 00:00:00
1258,ANNUAL,2025-10-22,2025-10-25,,APPROVED,sharon.muller@nexuserp.com,2025-10-06 00:00:00,2025-09-18 00:00:00
1258,ANNUAL,2025-11-30,2025-12-07,,APPROVED,sharon.muller@nexuserp.com,2025-11-15 00:00:00,2025-11-01 00:00:00
1259,ANNUAL,2026-08-22,2026-08-24,,APPROVED,elena.scott@nexuserp.com,2026-08-13 00:00:00,2026-08-01 00:00:00
1260,ANNUAL,2026-06-24,2026-06-26,,APPROVED,oscar.wang@nexuserp.com,2026-06-17 00:00:00,2026-06-01 00:00:00
1263,ANNUAL,2025-12-12,2025-12-16,,APPROVED,hugo.jones@nexuserp.com,2025-11-24 00:00:00,2025-11-14 00:00:00
1263,ANNUAL,2026-06-15,2026-06-18,,APPROVED,hugo.jones@nexuserp.com,2026-06-09 00:00:00,2026-05-08 00:00:00
1264,ANNUAL,2026-03-03,2026-03-09,,APPROVED,hugo.jones@nexuserp.com,2026-02-16 00:00:00,2026-01-23 00:00:00
1264,ANNUAL,2025-10-18,2025-10-26,,APPROVED,hugo.jones@nexuserp.com,2025-10-15 00:00:00,2025-09-28 00:00:00
1265,ANNUAL,2026-04-04,2026-04-05,,APPROVED,steven.laurent@nexuserp.com,2026-03-27 00:00:00,2026-02-26 00:00:00
1265,ANNUAL,2025-09-30,2025-10-02,,APPROVED,steven.laurent@nexuserp.com,2025-09-26 00:00:00,2025-08-23 00:00:00
1267,SICK,2025-12-25,2025-12-27,,APPROVED,tariq.lopez@nexuserp.com,2025-12-09 00:00:00,2025-11-23 00:00:00
1269,ANNUAL,2025-10-04,2025-10-05,,APPROVED,richard.carter@nexuserp.com,2025-09-18 00:00:00,2025-09-03 00:00:00
1270,ANNUAL,2025-10-04,2025-10-10,,APPROVED,elizabeth.williams3@nexuserp.com,2025-09-23 00:00:00,2025-09-09 00:00:00
1270,ANNUAL,2026-01-14,2026-01-22,,APPROVED,elizabeth.williams3@nexuserp.com,2025-12-27 00:00:00,2025-12-18 00:00:00
1273,ANNUAL,2025-07-14,2025-07-19,,APPROVED,rayan.haddad@nexuserp.com,2025-07-08 00:00:00,2025-06-11 00:00:00
1275,ANNUAL,2025-12-01,2025-12-08,,APPROVED,joshua.roberts@nexuserp.com,2025-11-23 00:00:00,2025-11-10 00:00:00
1275,ANNUAL,2025-12-25,2025-12-26,,APPROVED,joshua.roberts@nexuserp.com,2025-12-19 00:00:00,2025-12-04 00:00:00
1275,ANNUAL,2026-11-21,2026-11-26,Family holiday,PENDING,,,2026-09-24 00:00:00
1277,ANNUAL,2025-11-23,2025-11-25,,APPROVED,tariq.lopez@nexuserp.com,2025-11-10 00:00:00,2025-10-20 00:00:00
1278,ANNUAL,2026-09-17,2026-09-21,,APPROVED,oscar.wang@nexuserp.com,2026-08-30 00:00:00,2026-08-22 00:00:00
1279,ANNUAL,2025-05-06,2025-05-11,,APPROVED,paul.taylor@nexuserp.com,2025-04-17 00:00:00,2025-04-09 00:00:00
1280,ANNUAL,2026-09-11,2026-09-15,,APPROVED,tariq.lopez@nexuserp.com,2026-09-07 00:00:00,2026-08-16 00:00:00
1280,ANNUAL,2026-09-17,2026-09-19,,APPROVED,tariq.lopez@nexuserp.com,2026-09-08 00:00:00,2026-08-26 00:00:00
1281,ANNUAL,2026-06-05,2026-06-07,,APPROVED,sharon.nielsen2@nexuserp.com,2026-05-27 00:00:00,2026-05-04 00:00:00
1281,ANNUAL,2026-04-08,2026-04-15,,APPROVED,sharon.nielsen2@nexuserp.com,2026-03-22 00:00:00,2026-03-10 00:00:00
1281,ANNUAL,2025-10-04,2025-10-10,,APPROVED,sharon.nielsen2@nexuserp.com,2025-09-27 00:00:00,2025-09-02 00:00:00
1282,ANNUAL,2025-12-11,2025-12-17,,APPROVED,tariq.lopez@nexuserp.com,2025-12-08 00:00:00,2025-11-02 00:00:00
1282,ANNUAL,2026-09-21,2026-09-24,,APPROVED,tariq.lopez@nexuserp.com,2026-09-15 00:00:00,2026-08-20 00:00:00
1283,UNPAID,2026-03-15,2026-03-23,,APPROVED,chloe.carter@nexuserp.com,2026-02-28 00:00:00,2026-02-05 00:00:00
1285,OTHER,2025-10-01,2025-10-07,,APPROVED,hiroshi.scott2@nexuserp.com,2025-09-25 00:00:00,2025-09-04 00:00:00
1286,ANNUAL,2026-01-16,2026-01-23,,APPROVED,rayan.flores@nexuserp.com,2026-01-12 00:00:00,2025-12-12 00:00:00
1286,OTHER,2026-02-18,2026-02-19,,REJECTED,rayan.flores@nexuserp.com,2026-02-13 00:00:00,2026-01-19 00:00:00
1289,ANNUAL,2026-05-20,2026-05-28,,APPROVED,camille.lewis@nexuserp.com,2026-05-04 00:00:00,2026-04-19 00:00:00
1289,UNPAID,2026-07-27,2026-07-30,,APPROVED,camille.lewis@nexuserp.com,2026-07-14 00:00:00,2026-07-02 00:00:00
1289,ANNUAL,2026-02-14,2026-02-17,,APPROVED,camille.lewis@nexuserp.com,2026-01-28 00:00:00,2026-01-13 00:00:00
1291,ANNUAL,2026-01-24,2026-01-27,,APPROVED,timothy.moreau@nexuserp.com,2026-01-19 00:00:00,2026-01-01 00:00:00
1292,ANNUAL,2026-09-06,2026-09-07,,APPROVED,arjun.wang@nexuserp.com,2026-09-01 00:00:00,2026-08-13 00:00:00
1292,UNPAID,2026-08-07,2026-08-12,,APPROVED,arjun.wang@nexuserp.com,2026-08-03 00:00:00,2026-07-15 00:00:00
1293,ANNUAL,2025-12-05,2025-12-06,,APPROVED,camille.wang@nexuserp.com,2025-11-24 00:00:00,2025-11-01 00:00:00
1293,ANNUAL,2025-10-15,2025-10-21,,APPROVED,camille.wang@nexuserp.com,2025-10-05 00:00:00,2025-09-13 00:00:00
1294,ANNUAL,2025-10-23,2025-10-28,,APPROVED,chloe.carter@nexuserp.com,2025-10-09 00:00:00,2025-10-02 00:00:00
1294,ANNUAL,2026-08-13,2026-08-18,,APPROVED,chloe.carter@nexuserp.com,2026-07-27 00:00:00,2026-07-22 00:00:00
1295,ANNUAL,2026-01-06,2026-01-14,,APPROVED,sarah.thomas@nexuserp.com,2025-12-18 00:00:00,2025-12-04 00:00:00
1296,SICK,2026-01-11,2026-01-13,,APPROVED,rayan.flores@nexuserp.com,2026-01-03 00:00:00,2025-12-11 00:00:00
1296,ANNUAL,2025-10-23,2025-11-01,,APPROVED,rayan.flores@nexuserp.com,2025-10-04 00:00:00,2025-09-26 00:00:00
1297,ANNUAL,2026-03-22,2026-03-29,,APPROVED,nour.adams@nexuserp.com,2026-03-03 00:00:00,2026-02-27 00:00:00
1297,ANNUAL,2025-10-17,2025-10-20,,REJECTED,nour.adams@nexuserp.com,2025-10-11 00:00:00,2025-09-08 00:00:00
1297,SICK,2026-09-19,2026-09-20,,APPROVED,nour.adams@nexuserp.com,2026-09-16 00:00:00,2026-08-12 00:00:00
1298,SICK,2026-03-31,2026-03-31,,APPROVED,cynthia.lewis2@nexuserp.com,2026-03-20 00:00:00,2026-03-05 00:00:00
1298,ANNUAL,2025-10-06,2025-10-12,,APPROVED,cynthia.lewis2@nexuserp.com,2025-09-29 00:00:00,2025-08-31 00:00:00
1299,ANNUAL,2025-09-11,2025-09-13,,APPROVED,ryan.khalil@nexuserp.com,2025-08-24 00:00:00,2025-08-09 00:00:00
1299,ANNUAL,2026-03-19,2026-03-23,,APPROVED,ryan.khalil@nexuserp.com,2026-03-05 00:00:00,2026-02-08 00:00:00
1301,SICK,2025-12-10,2025-12-12,,APPROVED,elizabeth.williams3@nexuserp.com,2025-11-25 00:00:00,2025-11-19 00:00:00
1301,ANNUAL,2026-02-18,2026-02-23,,APPROVED,elizabeth.williams3@nexuserp.com,2026-02-12 00:00:00,2026-01-28 00:00:00
1304,ANNUAL,2025-12-24,2025-12-30,,APPROVED,amira.muller@nexuserp.com,2025-12-20 00:00:00,2025-11-18 00:00:00
1306,UNPAID,2026-07-30,2026-08-03,,APPROVED,hugo.jones@nexuserp.com,2026-07-16 00:00:00,2026-07-08 00:00:00
1306,ANNUAL,2026-07-31,2026-08-05,,APPROVED,hugo.jones@nexuserp.com,2026-07-14 00:00:00,2026-06-27 00:00:00
1306,ANNUAL,2026-08-09,2026-08-18,,APPROVED,hugo.jones@nexuserp.com,2026-07-26 00:00:00,2026-07-07 00:00:00
1307,ANNUAL,2026-02-11,2026-02-15,,APPROVED,hugo.jones@nexuserp.com,2026-01-25 00:00:00,2026-01-11 00:00:00
1307,ANNUAL,2026-08-09,2026-08-11,,APPROVED,hugo.jones@nexuserp.com,2026-08-01 00:00:00,2026-07-13 00:00:00
1308,ANNUAL,2026-01-21,2026-01-27,,APPROVED,jonathan.brown@nexuserp.com,2026-01-02 00:00:00,2025-12-25 00:00:00
1308,ANNUAL,2026-09-07,2026-09-11,,APPROVED,jonathan.brown@nexuserp.com,2026-08-20 00:00:00,2026-08-16 00:00:00
1309,ANNUAL,2025-10-16,2025-10-24,,APPROVED,ryan.khalil@nexuserp.com,2025-09-28 00:00:00,2025-09-24 00:00:00
1310,ANNUAL,2025-10-09,2025-10-10,,APPROVED,michelle.king@nexuserp.com,2025-09-28 00:00:00,2025-09-10 00:00:00
1310,OTHER,2025-09-21,2025-09-29,,APPROVED,michelle.king@nexuserp.com,2025-09-14 00:00:00,2025-08-18 00:00:00
1311,ANNUAL,2026-05-30,2026-06-05,,APPROVED,nour.adams@nexuserp.com,2026-05-16 00:00:00,2026-04-30 00:00:00
1311,ANNUAL,2026-07-30,2026-08-05,,APPROVED,nour.adams@nexuserp.com,2026-07-17 00:00:00,2026-06-28 00:00:00
1311,ANNUAL,2025-09-30,2025-10-08,,APPROVED,nour.adams@nexuserp.com,2025-09-19 00:00:00,2025-08-23 00:00:00
1312,ANNUAL,2026-07-09,2026-07-12,,REJECTED,oscar.wang@nexuserp.com,2026-06-22 00:00:00,2026-06-08 00:00:00
1314,ANNUAL,2026-02-21,2026-02-27,,APPROVED,kevin.hernandez@nexuserp.com,2026-02-08 00:00:00,2026-01-14 00:00:00
1314,UNPAID,2026-08-31,2026-09-05,,APPROVED,kevin.hernandez@nexuserp.com,2026-08-19 00:00:00,2026-07-25 00:00:00
1315,ANNUAL,2026-09-07,2026-09-14,,REJECTED,karen.lee@nexuserp.com,2026-08-26 00:00:00,2026-08-07 00:00:00
1315,ANNUAL,2025-09-29,2025-10-06,,APPROVED,karen.lee@nexuserp.com,2025-09-26 00:00:00,2025-09-02 00:00:00
1317,ANNUAL,2026-05-22,2026-05-31,,APPROVED,hugo.jones@nexuserp.com,2026-05-11 00:00:00,2026-04-15 00:00:00
1317,ANNUAL,2026-05-31,2026-06-04,,APPROVED,hugo.jones@nexuserp.com,2026-05-13 00:00:00,2026-05-07 00:00:00
1317,ANNUAL,2026-07-12,2026-07-14,,REJECTED,hugo.jones@nexuserp.com,2026-07-09 00:00:00,2026-06-06 00:00:00
1318,ANNUAL,2025-12-11,2025-12-16,,APPROVED,rayan.haddad@nexuserp.com,2025-11-27 00:00:00,2025-11-12 00:00:00
1318,OTHER,2025-05-21,2025-05-29,,APPROVED,rayan.haddad@nexuserp.com,2025-05-09 00:00:00,2025-04-29 00:00:00
1318,ANNUAL,2026-01-02,2026-01-03,,APPROVED,rayan.haddad@nexuserp.com,2025-12-18 00:00:00,2025-12-01 00:00:00
1319,SICK,2025-05-23,2025-05-23,,APPROVED,rayan.haddad@nexuserp.com,2025-05-15 00:00:00,2025-04-29 00:00:00
1319,ANNUAL,2026-02-14,2026-02-17,,APPROVED,rayan.haddad@nexuserp.com,2026-02-02 00:00:00,2026-01-25 00:00:00
1319,ANNUAL,2026-01-20,2026-01-25,,APPROVED,rayan.haddad@nexuserp.com,2026-01-06 00:00:00,2025-12-27 00:00:00
1321,ANNUAL,2025-10-05,2025-10-13,,APPROVED,hugo.jones@nexuserp.com,2025-09-21 00:00:00,2025-09-13 00:00:00
1321,ANNUAL,2025-12-07,2025-12-11,,APPROVED,hugo.jones@nexuserp.com,2025-12-01 00:00:00,2025-11-12 00:00:00
1321,ANNUAL,2026-06-07,2026-06-15,,APPROVED,hugo.jones@nexuserp.com,2026-05-22 00:00:00,2026-04-29 00:00:00
1322,ANNUAL,2026-04-05,2026-04-10,,APPROVED,richard.nguyen@nexuserp.com,2026-03-20 00:00:00,2026-03-02 00:00:00
1322,ANNUAL,2026-07-05,2026-07-14,,APPROVED,richard.nguyen@nexuserp.com,2026-06-23 00:00:00,2026-05-27 00:00:00
1322,ANNUAL,2026-02-23,2026-02-27,,APPROVED,richard.nguyen@nexuserp.com,2026-02-05 00:00:00,2026-01-24 00:00:00
1329,ANNUAL,2026-06-26,2026-07-03,,APPROVED,mark.lee@nexuserp.com,2026-06-12 00:00:00,2026-05-26 00:00:00
1329,ANNUAL,2025-12-01,2025-12-10,,REJECTED,mark.lee@nexuserp.com,2025-11-23 00:00:00,2025-11-05 00:00:00
1329,ANNUAL,2026-05-08,2026-05-15,,APPROVED,mark.lee@nexuserp.com,2026-04-21 00:00:00,2026-04-10 00:00:00
1333,ANNUAL,2025-08-06,2025-08-09,,APPROVED,sharon.muller@nexuserp.com,2025-07-25 00:00:00,2025-07-02 00:00:00
1333,ANNUAL,2024-11-22,2024-11-30,,APPROVED,sharon.muller@nexuserp.com,2024-11-18 00:00:00,2024-10-29 00:00:00
1333,ANNUAL,2025-02-27,2025-03-06,,APPROVED,sharon.muller@nexuserp.com,2025-02-08 00:00:00,2025-01-25 00:00:00
1334,SICK,2026-04-24,2026-04-25,,APPROVED,hugo.jones@nexuserp.com,2026-04-18 00:00:00,2026-03-24 00:00:00
1334,ANNUAL,2025-12-04,2025-12-13,,APPROVED,hugo.jones@nexuserp.com,2025-11-25 00:00:00,2025-11-07 00:00:00
1336,ANNUAL,2026-05-27,2026-06-05,,APPROVED,hugo.jones@nexuserp.com,2026-05-19 00:00:00,2026-04-18 00:00:00
1336,ANNUAL,2026-04-29,2026-05-04,,APPROVED,hugo.jones@nexuserp.com,2026-04-21 00:00:00,2026-04-07 00:00:00
1338,ANNUAL,2025-12-13,2025-12-14,,APPROVED,hugo.jones@nexuserp.com,2025-12-10 00:00:00,2025-11-18 00:00:00
1338,ANNUAL,2026-02-23,2026-03-04,,APPROVED,hugo.jones@nexuserp.com,2026-02-13 00:00:00,2026-01-19 00:00:00
1340,SICK,2026-07-28,2026-07-29,,APPROVED,elena.scott@nexuserp.com,2026-07-10 00:00:00,2026-06-23 00:00:00
1344,ANNUAL,2026-08-10,2026-08-16,,APPROVED,oscar.wang@nexuserp.com,2026-07-24 00:00:00,2026-07-15 00:00:00
1344,ANNUAL,2026-08-13,2026-08-21,,APPROVED,oscar.wang@nexuserp.com,2026-08-08 00:00:00,2026-07-07 00:00:00
1346,SICK,2026-03-11,2026-03-13,,APPROVED,eric.adams2@nexuserp.com,2026-02-23 00:00:00,2026-02-15 00:00:00
1349,ANNUAL,2026-03-10,2026-03-17,,APPROVED,hana.lopez@nexuserp.com,2026-02-24 00:00:00,2026-02-14 00:00:00
1349,ANNUAL,2025-11-10,2025-11-17,,REJECTED,hana.lopez@nexuserp.com,2025-10-27 00:00:00,2025-10-17 00:00:00
1349,ANNUAL,2025-12-19,2025-12-25,,APPROVED,hana.lopez@nexuserp.com,2025-12-09 00:00:00,2025-11-26 00:00:00
1350,SICK,2026-09-07,2026-09-07,,APPROVED,michelle.king@nexuserp.com,2026-08-29 00:00:00,2026-08-03 00:00:00
1350,ANNUAL,2025-12-28,2026-01-04,,APPROVED,michelle.king@nexuserp.com,2025-12-25 00:00:00,2025-12-04 00:00:00
1350,ANNUAL,2025-12-14,2025-12-21,,APPROVED,michelle.king@nexuserp.com,2025-11-30 00:00:00,2025-11-06 00:00:00
1356,ANNUAL,2025-10-29,2025-11-04,,APPROVED,adam.roberts@nexuserp.com,2025-10-15 00:00:00,2025-09-30 00:00:00
1358,ANNUAL,2026-06-18,2026-06-25,,APPROVED,arjun.khalil@nexuserp.com,2026-06-14 00:00:00,2026-05-24 00:00:00
1360,SICK,2025-06-04,2025-06-04,,APPROVED,cynthia.lewis2@nexuserp.com,2025-05-30 00:00:00,2025-05-04 00:00:00
1360,ANNUAL,2025-07-07,2025-07-14,,APPROVED,cynthia.lewis2@nexuserp.com,2025-06-23 00:00:00,2025-06-09 00:00:00
1360,OTHER,2025-04-28,2025-05-02,,APPROVED,cynthia.lewis2@nexuserp.com,2025-04-23 00:00:00,2025-03-21 00:00:00
1361,ANNUAL,2026-05-07,2026-05-13,,APPROVED,lucas.laurent@nexuserp.com,2026-05-02 00:00:00,2026-03-29 00:00:00
1362,ANNUAL,2026-08-23,2026-08-27,,APPROVED,rayan.haddad@nexuserp.com,2026-08-20 00:00:00,2026-07-22 00:00:00
1362,ANNUAL,2025-12-24,2025-12-26,,APPROVED,rayan.haddad@nexuserp.com,2025-12-19 00:00:00,2025-11-25 00:00:00
1362,OTHER,2025-12-29,2026-01-06,,APPROVED,rayan.haddad@nexuserp.com,2025-12-20 00:00:00,2025-11-30 00:00:00
1363,SICK,2026-06-12,2026-06-12,,APPROVED,cynthia.lewis2@nexuserp.com,2026-05-26 00:00:00,2026-05-15 00:00:00
1363,ANNUAL,2026-03-23,2026-03-27,,APPROVED,cynthia.lewis2@nexuserp.com,2026-03-10 00:00:00,2026-02-13 00:00:00
1364,ANNUAL,2025-12-01,2025-12-10,,REJECTED,mark.lee@nexuserp.com,2025-11-26 00:00:00,2025-11-01 00:00:00
1364,ANNUAL,2026-07-05,2026-07-09,,APPROVED,mark.lee@nexuserp.com,2026-06-23 00:00:00,2026-06-08 00:00:00
1364,ANNUAL,2026-10-06,2026-10-14,Family holiday,PENDING,,,2026-09-22 00:00:00
1368,ANNUAL,2026-06-08,2026-06-14,,APPROVED,nour.adams@nexuserp.com,2026-05-24 00:00:00,2026-05-13 00:00:00
1369,ANNUAL,2026-02-23,2026-03-04,,APPROVED,jacob.sato@nexuserp.com,2026-02-14 00:00:00,2026-01-25 00:00:00
1369,SICK,2026-05-02,2026-05-04,,APPROVED,jacob.sato@nexuserp.com,2026-04-13 00:00:00,2026-04-04 00:00:00
1369,ANNUAL,2026-02-10,2026-02-15,,APPROVED,jacob.sato@nexuserp.com,2026-01-25 00:00:00,2026-01-15 00:00:00
1371,ANNUAL,2026-06-02,2026-06-07,,APPROVED,adam.roberts@nexuserp.com,2026-05-15 00:00:00,2026-05-07 00:00:00
1372,ANNUAL,2025-07-01,2025-07-03,,APPROVED,clara.novak@nexuserp.com,2025-06-16 00:00:00,2025-05-31 00:00:00
1373,ANNUAL,2026-08-13,2026-08-16,,APPROVED,mark.patel@nexuserp.com,2026-07-28 00:00:00,2026-07-12 00:00:00
1373,ANNUAL,2026-07-06,2026-07-14,,APPROVED,mark.patel@nexuserp.com,2026-06-20 00:00:00,2026-06-12 00:00:00
1377,ANNUAL,2026-07-07,2026-07-16,,APPROVED,paul.taylor@nexuserp.com,2026-06-26 00:00:00,2026-06-04 00:00:00
1377,SICK,2026-01-29,2026-01-31,,REJECTED,paul.taylor@nexuserp.com,2026-01-23 00:00:00,2026-01-08 00:00:00
1377,OTHER,2025-10-13,2025-10-22,,APPROVED,paul.taylor@nexuserp.com,2025-09-30 00:00:00,2025-09-14 00:00:00
1380,ANNUAL,2025-11-09,2025-11-10,,APPROVED,clara.novak@nexuserp.com,2025-10-21 00:00:00,2025-10-04 00:00:00
1380,SICK,2026-04-07,2026-04-08,,APPROVED,clara.novak@nexuserp.com,2026-03-26 00:00:00,2026-02-28 00:00:00
1380,ANNUAL,2025-06-04,2025-06-10,,APPROVED,clara.novak@nexuserp.com,2025-05-22 00:00:00,2025-05-12 00:00:00
1382,ANNUAL,2026-04-12,2026-04-21,,APPROVED,michelle.king@nexuserp.com,2026-03-31 00:00:00,2026-03-15 00:00:00
1383,ANNUAL,2025-10-20,2025-10-26,,APPROVED,jennifer.rodriguez@nexuserp.com,2025-10-09 00:00:00,2025-09-12 00:00:00
1389,ANNUAL,2025-09-27,2025-10-03,,APPROVED,john.clark@nexuserp.com,2025-09-16 00:00:00,2025-09-01 00:00:00
1389,UNPAID,2025-02-27,2025-03-07,,APPROVED,john.clark@nexuserp.com,2025-02-12 00:00:00,2025-02-07 00:00:00
1390,SICK,2025-11-10,2025-11-11,,APPROVED,mark.lee@nexuserp.com,2025-10-30 00:00:00,2025-10-15 00:00:00
1390,SICK,2026-04-04,2026-04-04,,APPROVED,mark.lee@nexuserp.com,2026-03-19 00:00:00,2026-03-11 00:00:00
1390,ANNUAL,2026-05-23,2026-05-27,,APPROVED,mark.lee@nexuserp.com,2026-05-09 00:00:00,2026-04-28 00:00:00
1391,ANNUAL,2026-07-01,2026-07-10,,APPROVED,alice.tanaka@nexuserp.com,2026-06-20 00:00:00,2026-06-07 00:00:00
1392,OTHER,2026-01-30,2026-02-02,,APPROVED,karen.oliveira2@nexuserp.com,2026-01-15 00:00:00,2026-01-09 00:00:00
1394,ANNUAL,2025-12-11,2025-12-12,,APPROVED,nour.obrien@nexuserp.com,2025-12-06 00:00:00,2025-11-17 00:00:00
1394,ANNUAL,2026-07-25,2026-08-03,,APPROVED,nour.obrien@nexuserp.com,2026-07-09 00:00:00,2026-06-21 00:00:00
1395,ANNUAL,2026-04-07,2026-04-09,,APPROVED,amira.muller@nexuserp.com,2026-04-01 00:00:00,2026-03-13 00:00:00
1395,ANNUAL,2026-11-09,2026-11-13,Wedding,PENDING,,,2026-09-22 00:00:00
1396,ANNUAL,2025-10-29,2025-11-07,,APPROVED,mark.smith@nexuserp.com,2025-10-22 00:00:00,2025-10-01 00:00:00
1396,ANNUAL,2026-01-04,2026-01-13,,APPROVED,mark.smith@nexuserp.com,2025-12-17 00:00:00,2025-12-01 00:00:00
1399,UNPAID,2026-07-11,2026-07-15,,APPROVED,camille.wang@nexuserp.com,2026-06-29 00:00:00,2026-06-07 00:00:00
1399,ANNUAL,2026-02-18,2026-02-24,,APPROVED,camille.wang@nexuserp.com,2026-02-04 00:00:00,2026-01-16 00:00:00
1401,ANNUAL,2026-03-01,2026-03-03,,APPROVED,hiroshi.russo2@nexuserp.com,2026-02-13 00:00:00,2026-01-31 00:00:00
1401,ANNUAL,2025-12-23,2025-12-30,,REJECTED,hiroshi.russo2@nexuserp.com,2025-12-17 00:00:00,2025-11-15 00:00:00
1401,ANNUAL,2026-09-13,2026-09-17,,APPROVED,hiroshi.russo2@nexuserp.com,2026-08-26 00:00:00,2026-08-24 00:00:00
1402,ANNUAL,2025-11-08,2025-11-17,,APPROVED,karen.oliveira2@nexuserp.com,2025-10-23 00:00:00,2025-10-16 00:00:00
1402,SICK,2026-07-17,2026-07-18,,APPROVED,karen.oliveira2@nexuserp.com,2026-07-05 00:00:00,2026-06-11 00:00:00
1403,SICK,2025-11-12,2025-11-13,,APPROVED,camille.wang@nexuserp.com,2025-10-25 00:00:00,2025-10-23 00:00:00
1403,ANNUAL,2025-12-22,2025-12-23,,REJECTED,camille.wang@nexuserp.com,2025-12-09 00:00:00,2025-11-20 00:00:00
1405,ANNUAL,2026-05-05,2026-05-12,,APPROVED,jonathan.brown@nexuserp.com,2026-05-01 00:00:00,2026-04-06 00:00:00
1407,SICK,2025-12-15,2025-12-17,,APPROVED,arjun.wang@nexuserp.com,2025-12-06 00:00:00,2025-11-25 00:00:00
1407,ANNUAL,2026-05-19,2026-05-23,,APPROVED,arjun.wang@nexuserp.com,2026-05-03 00:00:00,2026-04-11 00:00:00
1408,ANNUAL,2026-02-17,2026-02-22,,APPROVED,james.park@nexuserp.com,2026-02-10 00:00:00,2026-01-19 00:00:00
1408,ANNUAL,2026-05-27,2026-06-02,,APPROVED,james.park@nexuserp.com,2026-05-20 00:00:00,2026-05-03 00:00:00
1409,UNPAID,2026-03-09,2026-03-11,,APPROVED,lea.moreau@nexuserp.com,2026-02-25 00:00:00,2026-02-15 00:00:00
1409,ANNUAL,2026-01-01,2026-01-08,,APPROVED,lea.moreau@nexuserp.com,2025-12-13 00:00:00,2025-11-23 00:00:00
1411,ANNUAL,2025-11-27,2025-12-01,,APPROVED,jacob.sato@nexuserp.com,2025-11-15 00:00:00,2025-11-02 00:00:00
1411,ANNUAL,2026-03-07,2026-03-08,,APPROVED,jacob.sato@nexuserp.com,2026-03-03 00:00:00,2026-02-04 00:00:00
1411,SICK,2025-11-06,2025-11-07,,APPROVED,jacob.sato@nexuserp.com,2025-10-19 00:00:00,2025-10-12 00:00:00
1415,ANNUAL,2025-11-25,2025-11-30,,APPROVED,oscar.kim@nexuserp.com,2025-11-21 00:00:00,2025-11-03 00:00:00
1417,SICK,2026-01-29,2026-01-29,,APPROVED,oscar.kim@nexuserp.com,2026-01-19 00:00:00,2026-01-03 00:00:00
1417,SICK,2026-05-22,2026-05-22,,APPROVED,oscar.kim@nexuserp.com,2026-05-07 00:00:00,2026-04-27 00:00:00
1419,ANNUAL,2025-11-04,2025-11-08,,APPROVED,kevin.hernandez@nexuserp.com,2025-10-24 00:00:00,2025-09-27 00:00:00
1419,ANNUAL,2026-03-03,2026-03-04,,APPROVED,kevin.hernandez@nexuserp.com,2026-02-26 00:00:00,2026-01-28 00:00:00
1420,ANNUAL,2025-11-15,2025-11-22,,APPROVED,jacob.sato@nexuserp.com,2025-11-09 00:00:00,2025-10-25 00:00:00
1421,ANNUAL,2026-01-24,2026-01-31,,APPROVED,jennifer.rodriguez@nexuserp.com,2026-01-19 00:00:00,2026-01-04 00:00:00
1422,UNPAID,2026-09-16,2026-09-20,,APPROVED,hugo.jones@nexuserp.com,2026-09-06 00:00:00,2026-08-23 00:00:00
1423,ANNUAL,2026-07-27,2026-08-01,,APPROVED,hugo.jones@nexuserp.com,2026-07-24 00:00:00,2026-07-07 00:00:00
1423,ANNUAL,2026-07-23,2026-07-25,,APPROVED,hugo.jones@nexuserp.com,2026-07-11 00:00:00,2026-07-01 00:00:00
1424,ANNUAL,2025-10-07,2025-10-11,,APPROVED,hugo.jones@nexuserp.com,2025-09-29 00:00:00,2025-09-13 00:00:00
1425,ANNUAL,2025-10-17,2025-10-26,,APPROVED,priya.shah@nexuserp.com,2025-10-11 00:00:00,2025-09-21 00:00:00
1425,ANNUAL,2026-02-11,2026-02-20,,APPROVED,priya.shah@nexuserp.com,2026-01-27 00:00:00,2026-01-17 00:00:00
1427,SICK,2026-05-06,2026-05-06,,APPROVED,elizabeth.russo@nexuserp.com,2026-04-27 00:00:00,2026-04-12 00:00:00
1427,ANNUAL,2026-03-12,2026-03-19,,APPROVED,elizabeth.russo@nexuserp.com,2026-03-08 00:00:00,2026-02-13 00:00:00
1428,ANNUAL,2026-02-24,2026-03-05,,APPROVED,elizabeth.tanaka2@nexuserp.com,2026-02-07 00:00:00,2026-01-25 00:00:00
1428,OTHER,2026-05-30,2026-06-05,,APPROVED,elizabeth.tanaka2@nexuserp.com,2026-05-21 00:00:00,2026-04-29 00:00:00
1433,ANNUAL,2026-06-04,2026-06-13,,APPROVED,joshua.roberts@nexuserp.com,2026-05-17 00:00:00,2026-04-30 00:00:00
1433,ANNUAL,2026-01-24,2026-01-28,,APPROVED,joshua.roberts@nexuserp.com,2026-01-14 00:00:00,2025-12-20 00:00:00
1433,ANNUAL,2026-05-23,2026-06-01,,REJECTED,joshua.roberts@nexuserp.com,2026-05-20 00:00:00,2026-04-22 00:00:00
1435,ANNUAL,2026-03-17,2026-03-18,,REJECTED,jacob.sato@nexuserp.com,2026-02-27 00:00:00,2026-02-09 00:00:00
1435,SICK,2026-01-23,2026-01-23,,APPROVED,jacob.sato@nexuserp.com,2026-01-06 00:00:00,2025-12-17 00:00:00
1438,SICK,2025-10-29,2025-10-31,,APPROVED,joshua.roberts@nexuserp.com,2025-10-24 00:00:00,2025-10-03 00:00:00
1438,SICK,2025-09-30,2025-09-30,,REJECTED,joshua.roberts@nexuserp.com,2025-09-13 00:00:00,2025-09-01 00:00:00
1438,ANNUAL,2026-04-29,2026-05-05,,APPROVED,joshua.roberts@nexuserp.com,2026-04-11 00:00:00,2026-03-25 00:00:00
1439,ANNUAL,2025-11-12,2025-11-17,,REJECTED,kevin.obrien@nexuserp.com,2025-10-26 00:00:00,2025-10-19 00:00:00
1439,ANNUAL,2026-03-14,2026-03-22,,APPROVED,kevin.obrien@nexuserp.com,2026-02-27 00:00:00,2026-02-16 00:00:00
1440,ANNUAL,2025-10-28,2025-11-06,,APPROVED,arjun.khalil@nexuserp.com,2025-10-21 00:00:00,2025-09-23 00:00:00
1440,ANNUAL,2026-06-13,2026-06-19,,APPROVED,arjun.khalil@nexuserp.com,2026-06-10 00:00:00,2026-05-07 00:00:00
1440,ANNUAL,2025-11-13,2025-11-18,,APPROVED,arjun.khalil@nexuserp.com,2025-11-09 00:00:00,2025-10-14 00:00:00
1441,ANNUAL,2025-11-21,2025-11-25,,APPROVED,joshua.roberts@nexuserp.com,2025-11-18 00:00:00,2025-10-27 00:00:00
1441,SICK,2026-07-01,2026-07-02,,APPROVED,joshua.roberts@nexuserp.com,2026-06-24 00:00:00,2026-06-04 00:00:00
1443,ANNUAL,2026-05-26,2026-06-04,,APPROVED,hugo.jones@nexuserp.com,2026-05-15 00:00:00,2026-04-28 00:00:00
1445,ANNUAL,2026-06-07,2026-06-11,,APPROVED,karim.park@nexuserp.com,2026-05-24 00:00:00,2026-05-14 00:00:00
1445,ANNUAL,2026-01-08,2026-01-13,,APPROVED,karim.park@nexuserp.com,2026-01-02 00:00:00,2025-12-10 00:00:00
1446,ANNUAL,2026-05-20,2026-05-29,,APPROVED,nicholas.brown2@nexuserp.com,2026-05-02 00:00:00,2026-04-12 00:00:00
1446,ANNUAL,2026-08-10,2026-08-11,,APPROVED,nicholas.brown2@nexuserp.com,2026-07-26 00:00:00,2026-07-06 00:00:00
1446,ANNUAL,2026-01-14,2026-01-17,,APPROVED,nicholas.brown2@nexuserp.com,2026-01-09 00:00:00,2025-12-10 00:00:00
1448,SICK,2026-01-08,2026-01-08,,APPROVED,timothy.moreau@nexuserp.com,2026-01-02 00:00:00,2025-12-05 00:00:00
1449,ANNUAL,2026-04-08,2026-04-16,,APPROVED,karen.lee@nexuserp.com,2026-04-05 00:00:00,2026-03-01 00:00:00
1449,ANNUAL,2026-06-29,2026-07-02,,APPROVED,karen.lee@nexuserp.com,2026-06-20 00:00:00,2026-06-05 00:00:00
1449,SICK,2026-01-21,2026-01-22,,REJECTED,karen.lee@nexuserp.com,2026-01-18 00:00:00,2025-12-27 00:00:00
1453,ANNUAL,2026-09-06,2026-09-12,,REJECTED,rayan.haddad@nexuserp.com,2026-08-23 00:00:00,2026-08-10 00:00:00
1453,ANNUAL,2026-09-12,2026-09-20,,APPROVED,rayan.haddad@nexuserp.com,2026-08-26 00:00:00,2026-08-10 00:00:00
1453,ANNUAL,2026-07-16,2026-07-22,,APPROVED,rayan.haddad@nexuserp.com,2026-06-27 00:00:00,2026-06-17 00:00:00
1457,ANNUAL,2025-07-17,2025-07-21,,APPROVED,sharon.nielsen2@nexuserp.com,2025-07-03 00:00:00,2025-06-14 00:00:00
1458,ANNUAL,2025-04-27,2025-04-29,,APPROVED,paul.moreau@nexuserp.com,2025-04-08 00:00:00,2025-03-28 00:00:00
1458,ANNUAL,2025-07-29,2025-08-05,,APPROVED,paul.moreau@nexuserp.com,2025-07-18 00:00:00,2025-07-02 00:00:00
1458,ANNUAL,2025-06-27,2025-07-03,,APPROVED,paul.moreau@nexuserp.com,2025-06-21 00:00:00,2025-05-26 00:00:00
1459,UNPAID,2025-02-12,2025-02-15,,APPROVED,samuel.rivera@nexuserp.com,2025-02-01 00:00:00,2025-01-19 00:00:00
1460,SICK,2026-08-07,2026-08-09,,APPROVED,matthew.hernandez@nexuserp.com,2026-07-26 00:00:00,2026-07-12 00:00:00
1460,ANNUAL,2026-04-04,2026-04-13,,APPROVED,matthew.hernandez@nexuserp.com,2026-03-25 00:00:00,2026-03-02 00:00:00
1460,ANNUAL,2025-11-25,2025-11-28,,APPROVED,matthew.hernandez@nexuserp.com,2025-11-11 00:00:00,2025-10-24 00:00:00
1464,ANNUAL,2025-08-21,2025-08-23,,APPROVED,mark.chen@nexuserp.com,2025-08-11 00:00:00,2025-07-17 00:00:00
1464,ANNUAL,2026-02-12,2026-02-13,,APPROVED,mark.chen@nexuserp.com,2026-01-28 00:00:00,2026-01-18 00:00:00
1465,ANNUAL,2026-06-26,2026-07-01,,APPROVED,john.clark@nexuserp.com,2026-06-22 00:00:00,2026-05-30 00:00:00
1465,ANNUAL,2026-09-14,2026-09-18,,APPROVED,john.clark@nexuserp.com,2026-08-30 00:00:00,2026-08-07 00:00:00
1467,ANNUAL,2025-06-24,2025-06-29,,APPROVED,camille.lewis@nexuserp.com,2025-06-13 00:00:00,2025-05-22 00:00:00
1467,ANNUAL,2025-05-05,2025-05-09,,APPROVED,camille.lewis@nexuserp.com,2025-04-24 00:00:00,2025-03-28 00:00:00
1471,ANNUAL,2026-07-04,2026-07-08,,APPROVED,nour.adams@nexuserp.com,2026-06-15 00:00:00,2026-06-01 00:00:00
1472,ANNUAL,2026-05-04,2026-05-10,,APPROVED,hugo.jones@nexuserp.com,2026-04-18 00:00:00,2026-03-26 00:00:00
1472,UNPAID,2026-07-18,2026-07-25,,REJECTED,hugo.jones@nexuserp.com,2026-07-07 00:00:00,2026-06-18 00:00:00
1473,ANNUAL,2026-04-15,2026-04-18,,APPROVED,anthony.lee@nexuserp.com,2026-04-03 00:00:00,2026-03-23 00:00:00
1474,ANNUAL,2026-09-04,2026-09-10,,APPROVED,jonathan.brown@nexuserp.com,2026-08-23 00:00:00,2026-07-29 00:00:00
1475,ANNUAL,2026-09-16,2026-09-24,,APPROVED,jonathan.brown@nexuserp.com,2026-09-13 00:00:00,2026-08-20 00:00:00
1475,ANNUAL,2026-04-03,2026-04-09,,APPROVED,jonathan.brown@nexuserp.com,2026-03-27 00:00:00,2026-02-26 00:00:00
1478,ANNUAL,2025-10-09,2025-10-10,,APPROVED,karim.park@nexuserp.com,2025-09-20 00:00:00,2025-09-15 00:00:00
1478,ANNUAL,2026-03-07,2026-03-13,,APPROVED,karim.park@nexuserp.com,2026-03-01 00:00:00,2026-02-15 00:00:00
1478,SICK,2026-08-27,2026-08-28,,APPROVED,karim.park@nexuserp.com,2026-08-24 00:00:00,2026-08-07 00:00:00
1480,ANNUAL,2026-05-26,2026-05-30,,APPROVED,ryan.khalil@nexuserp.com,2026-05-20 00:00:00,2026-05-01 00:00:00
1480,ANNUAL,2026-03-23,2026-03-26,,APPROVED,ryan.khalil@nexuserp.com,2026-03-15 00:00:00,2026-02-13 00:00:00
1480,ANNUAL,2026-07-26,2026-07-29,,APPROVED,ryan.khalil@nexuserp.com,2026-07-15 00:00:00,2026-07-02 00:00:00
1481,ANNUAL,2026-05-19,2026-05-20,,APPROVED,alice.tanaka@nexuserp.com,2026-05-12 00:00:00,2026-04-15 00:00:00
1481,ANNUAL,2025-10-13,2025-10-22,,REJECTED,alice.tanaka@nexuserp.com,2025-10-02 00:00:00,2025-09-19 00:00:00
1482,ANNUAL,2026-02-25,2026-02-26,,APPROVED,richard.carter@nexuserp.com,2026-02-19 00:00:00,2026-01-26 00:00:00
1482,SICK,2026-06-04,2026-06-05,,APPROVED,richard.carter@nexuserp.com,2026-05-19 00:00:00,2026-05-01 00:00:00
1483,ANNUAL,2025-12-17,2025-12-24,,APPROVED,joshua.roberts@nexuserp.com,2025-12-08 00:00:00,2025-11-11 00:00:00
1483,ANNUAL,2026-02-08,2026-02-12,,APPROVED,joshua.roberts@nexuserp.com,2026-01-27 00:00:00,2025-12-31 00:00:00
1484,ANNUAL,2026-06-26,2026-07-01,,APPROVED,nicholas.smith@nexuserp.com,2026-06-15 00:00:00,2026-05-23 00:00:00
1484,ANNUAL,2026-07-26,2026-08-01,,APPROVED,nicholas.smith@nexuserp.com,2026-07-09 00:00:00,2026-06-23 00:00:00
1485,ANNUAL,2025-11-28,2025-12-01,,REJECTED,hugo.jones@nexuserp.com,2025-11-22 00:00:00,2025-10-27 00:00:00
1485,SICK,2026-04-13,2026-04-14,,APPROVED,hugo.jones@nexuserp.com,2026-04-10 00:00:00,2026-03-15 00:00:00
1487,UNPAID,2025-10-09,2025-10-10,,APPROVED,amira.muller@nexuserp.com,2025-09-25 00:00:00,2025-09-14 00:00:00
1489,ANNUAL,2025-03-29,2025-04-07,,APPROVED,rayan.haddad@nexuserp.com,2025-03-10 00:00:00,2025-02-26 00:00:00
1492,OTHER,2025-09-30,2025-10-01,,APPROVED,felix.murphy@nexuserp.com,2025-09-27 00:00:00,2025-08-29 00:00:00
1494,ANNUAL,2025-10-11,2025-10-13,,APPROVED,luca.wang@nexuserp.com,2025-09-26 00:00:00,2025-09-10 00:00:00
1494,ANNUAL,2025-03-19,2025-03-23,,APPROVED,luca.wang@nexuserp.com,2025-03-01 00:00:00,2025-02-11 00:00:00
1495,ANNUAL,2026-04-29,2026-05-04,,REJECTED,felix.murphy@nexuserp.com,2026-04-26 00:00:00,2026-03-23 00:00:00
1496,ANNUAL,2025-10-30,2025-11-03,,APPROVED,hiroshi.russo2@nexuserp.com,2025-10-27 00:00:00,2025-10-08 00:00:00
1499,ANNUAL,2026-02-26,2026-03-05,,APPROVED,kevin.hernandez@nexuserp.com,2026-02-16 00:00:00,2026-02-02 00:00:00
1501,ANNUAL,2026-07-14,2026-07-15,,APPROVED,matthew.hernandez@nexuserp.com,2026-07-05 00:00:00,2026-06-18 00:00:00
1501,ANNUAL,2026-03-10,2026-03-14,,APPROVED,matthew.hernandez@nexuserp.com,2026-02-28 00:00:00,2026-02-14 00:00:00
1501,ANNUAL,2026-03-09,2026-03-14,,APPROVED,matthew.hernandez@nexuserp.com,2026-02-18 00:00:00,2026-02-10 00:00:00
1503,SICK,2025-11-30,2025-11-30,,APPROVED,susan.roberts@nexuserp.com,2025-11-18 00:00:00,2025-10-28 00:00:00
1503,ANNUAL,2026-03-13,2026-03-14,,APPROVED,susan.roberts@nexuserp.com,2026-03-06 00:00:00,2026-02-02 00:00:00
1504,UNPAID,2026-07-07,2026-07-15,,APPROVED,olivia.williams@nexuserp.com,2026-07-02 00:00:00,2026-06-06 00:00:00
1506,SICK,2026-07-28,2026-07-30,,APPROVED,steven.laurent@nexuserp.com,2026-07-10 00:00:00,2026-07-03 00:00:00
1506,ANNUAL,2025-12-06,2025-12-13,,APPROVED,steven.laurent@nexuserp.com,2025-11-24 00:00:00,2025-11-05 00:00:00
1507,ANNUAL,2026-03-18,2026-03-27,,REJECTED,hana.lopez@nexuserp.com,2026-02-28 00:00:00,2026-02-20 00:00:00
1507,SICK,2026-05-03,2026-05-05,,APPROVED,hana.lopez@nexuserp.com,2026-04-16 00:00:00,2026-04-05 00:00:00
1509,ANNUAL,2025-12-22,2025-12-30,,APPROVED,luca.wang@nexuserp.com,2025-12-04 00:00:00,2025-11-20 00:00:00
1509,ANNUAL,2026-08-13,2026-08-17,,APPROVED,luca.wang@nexuserp.com,2026-08-09 00:00:00,2026-07-17 00:00:00
1509,ANNUAL,2026-05-11,2026-05-12,,APPROVED,luca.wang@nexuserp.com,2026-04-22 00:00:00,2026-04-03 00:00:00
1513,ANNUAL,2026-08-11,2026-08-12,,APPROVED,rayan.flores@nexuserp.com,2026-07-27 00:00:00,2026-07-09 00:00:00
1513,SICK,2026-08-30,2026-09-01,,APPROVED,rayan.flores@nexuserp.com,2026-08-25 00:00:00,2026-07-24 00:00:00
1515,ANNUAL,2026-06-30,2026-07-06,,APPROVED,oscar.wang@nexuserp.com,2026-06-19 00:00:00,2026-06-08 00:00:00
1516,SICK,2026-04-02,2026-04-04,,REJECTED,hugo.jones@nexuserp.com,2026-03-21 00:00:00,2026-02-27 00:00:00
1520,ANNUAL,2025-12-25,2026-01-02,,APPROVED,hugo.jones@nexuserp.com,2025-12-14 00:00:00,2025-11-27 00:00:00
1522,ANNUAL,2025-12-22,2025-12-24,,APPROVED,ivan.davis@nexuserp.com,2025-12-14 00:00:00,2025-11-18 00:00:00
1523,ANNUAL,2026-02-01,2026-02-07,,APPROVED,hugo.jones@nexuserp.com,2026-01-29 00:00:00,2026-01-03 00:00:00
1523,ANNUAL,2026-02-14,2026-02-19,,APPROVED,hugo.jones@nexuserp.com,2026-01-27 00:00:00,2026-01-13 00:00:00
1523,SICK,2025-12-30,2025-12-30,,APPROVED,hugo.jones@nexuserp.com,2025-12-22 00:00:00,2025-11-26 00:00:00
1525,ANNUAL,2026-01-28,2026-02-02,,APPROVED,ryan.taylor@nexuserp.com,2026-01-19 00:00:00,2025-12-30 00:00:00
1527,SICK,2026-02-15,2026-02-17,,REJECTED,tariq.lopez@nexuserp.com,2026-02-07 00:00:00,2026-01-22 00:00:00
1529,ANNUAL,2025-11-03,2025-11-09,,APPROVED,anthony.lee@nexuserp.com,2025-10-15 00:00:00,2025-10-11 00:00:00
1533,ANNUAL,2026-07-06,2026-07-10,,APPROVED,karen.lee@nexuserp.com,2026-06-17 00:00:00,2026-06-16 00:00:00
1535,ANNUAL,2026-01-17,2026-01-23,,APPROVED,elena.lee@nexuserp.com,2026-01-11 00:00:00,2025-12-14 00:00:00
1535,ANNUAL,2026-01-12,2026-01-20,,APPROVED,elena.lee@nexuserp.com,2026-01-07 00:00:00,2025-12-05 00:00:00
1537,ANNUAL,2025-12-13,2025-12-21,,APPROVED,sara.khalil@nexuserp.com,2025-12-04 00:00:00,2025-11-12 00:00:00
1537,ANNUAL,2025-04-21,2025-04-22,,APPROVED,sara.khalil@nexuserp.com,2025-04-06 00:00:00,2025-03-26 00:00:00
1539,ANNUAL,2025-12-16,2025-12-18,,APPROVED,hugo.jones@nexuserp.com,2025-12-10 00:00:00,2025-11-20 00:00:00
1541,ANNUAL,2026-08-28,2026-09-03,,APPROVED,elizabeth.russo@nexuserp.com,2026-08-23 00:00:00,2026-07-30 00:00:00
1541,ANNUAL,2025-10-30,2025-11-08,,APPROVED,elizabeth.russo@nexuserp.com,2025-10-14 00:00:00,2025-10-04 00:00:00
1542,ANNUAL,2026-07-17,2026-07-24,,APPROVED,paul.taylor@nexuserp.com,2026-07-07 00:00:00,2026-06-18 00:00:00
1542,ANNUAL,2026-05-15,2026-05-17,,APPROVED,paul.taylor@nexuserp.com,2026-04-29 00:00:00,2026-04-17 00:00:00
1544,SICK,2026-08-29,2026-08-29,,APPROVED,jennifer.rodriguez@nexuserp.com,2026-08-24 00:00:00,2026-07-31 00:00:00
1545,SICK,2026-02-11,2026-02-13,,APPROVED,cynthia.lewis2@nexuserp.com,2026-01-29 00:00:00,2026-01-14 00:00:00
1545,ANNUAL,2026-02-26,2026-03-03,,APPROVED,cynthia.lewis2@nexuserp.com,2026-02-23 00:00:00,2026-02-01 00:00:00
1545,ANNUAL,2026-02-23,2026-03-02,,APPROVED,cynthia.lewis2@nexuserp.com,2026-02-11 00:00:00,2026-01-26 00:00:00
1546,ANNUAL,2026-05-08,2026-05-15,,APPROVED,aiko.silva@nexuserp.com,2026-04-23 00:00:00,2026-03-31 00:00:00
1547,ANNUAL,2025-10-28,2025-11-05,,APPROVED,susan.muller@nexuserp.com,2025-10-20 00:00:00,2025-10-03 00:00:00
1547,ANNUAL,2026-03-02,2026-03-11,,APPROVED,susan.muller@nexuserp.com,2026-02-17 00:00:00,2026-01-28 00:00:00
1548,ANNUAL,2026-06-15,2026-06-16,,APPROVED,andrew.robinson2@nexuserp.com,2026-06-08 00:00:00,2026-05-13 00:00:00
1549,ANNUAL,2026-04-19,2026-04-27,,APPROVED,paul.taylor@nexuserp.com,2026-04-14 00:00:00,2026-03-19 00:00:00
1550,ANNUAL,2026-05-15,2026-05-20,,APPROVED,james.park@nexuserp.com,2026-04-26 00:00:00,2026-04-21 00:00:00
1551,ANNUAL,2025-10-28,2025-11-06,,APPROVED,olivia.williams@nexuserp.com,2025-10-16 00:00:00,2025-10-02 00:00:00
1551,SICK,2025-11-27,2025-11-27,,APPROVED,olivia.williams@nexuserp.com,2025-11-21 00:00:00,2025-10-21 00:00:00
1552,SICK,2026-06-21,2026-06-23,,APPROVED,mei.chen@nexuserp.com,2026-06-12 00:00:00,2026-05-20 00:00:00
1554,ANNUAL,2026-05-29,2026-06-04,,APPROVED,felix.murphy@nexuserp.com,2026-05-26 00:00:00,2026-04-26 00:00:00
1554,ANNUAL,2026-06-14,2026-06-17,,APPROVED,felix.murphy@nexuserp.com,2026-06-10 00:00:00,2026-05-09 00:00:00
1555,ANNUAL,2026-03-12,2026-03-17,,APPROVED,timothy.moreau@nexuserp.com,2026-02-23 00:00:00,2026-02-13 00:00:00
1556,SICK,2026-01-06,2026-01-06,,APPROVED,mark.lee@nexuserp.com,2026-01-03 00:00:00,2025-12-14 00:00:00
1557,ANNUAL,2026-09-08,2026-09-10,,REJECTED,hana.lopez@nexuserp.com,2026-09-05 00:00:00,2026-08-11 00:00:00
1557,ANNUAL,2026-04-10,2026-04-14,,APPROVED,hana.lopez@nexuserp.com,2026-04-03 00:00:00,2026-03-14 00:00:00
1557,SICK,2026-09-21,2026-09-23,,APPROVED,hana.lopez@nexuserp.com,2026-09-08 00:00:00,2026-08-21 00:00:00
1558,ANNUAL,2026-07-31,2026-08-09,,APPROVED,elizabeth.williams3@nexuserp.com,2026-07-20 00:00:00,2026-07-06 00:00:00
1560,ANNUAL,2026-04-27,2026-05-06,,APPROVED,paul.khalil@nexuserp.com,2026-04-17 00:00:00,2026-03-26 00:00:00
1562,SICK,2026-03-06,2026-03-07,,APPROVED,andrew.robinson2@nexuserp.com,2026-02-18 00:00:00,2026-01-27 00:00:00
1563,ANNUAL,2026-06-06,2026-06-07,,APPROVED,emily.harris@nexuserp.com,2026-06-02 00:00:00,2026-05-10 00:00:00
1563,ANNUAL,2026-07-09,2026-07-15,,APPROVED,emily.harris@nexuserp.com,2026-06-29 00:00:00,2026-06-12 00:00:00
1564,ANNUAL,2026-09-16,2026-09-20,,APPROVED,hiroshi.scott2@nexuserp.com,2026-09-08 00:00:00,2026-08-09 00:00:00
1564,OTHER,2026-08-01,2026-08-05,,APPROVED,hiroshi.scott2@nexuserp.com,2026-07-14 00:00:00,2026-07-02 00:00:00
1568,ANNUAL,2025-12-06,2025-12-07,,APPROVED,hana.lopez@nexuserp.com,2025-11-30 00:00:00,2025-10-31 00:00:00
1568,ANNUAL,2026-07-24,2026-08-01,,APPROVED,hana.lopez@nexuserp.com,2026-07-05 00:00:00,2026-06-30 00:00:00
1568,ANNUAL,2025-12-07,2025-12-15,,APPROVED,hana.lopez@nexuserp.com,2025-11-18 00:00:00,2025-10-30 00:00:00
1568,ANNUAL,2026-11-16,2026-11-20,Family holiday,PENDING,,,2026-09-24 00:00:00
1569,SICK,2026-06-07,2026-06-07,,APPROVED,olivia.williams@nexuserp.com,2026-05-22 00:00:00,2026-05-04 00:00:00
1572,OTHER,2026-01-28,2026-01-31,,APPROVED,samuel.rivera@nexuserp.com,2026-01-19 00:00:00,2025-12-26 00:00:00
1572,ANNUAL,2025-08-28,2025-09-05,,APPROVED,samuel.rivera@nexuserp.com,2025-08-20 00:00:00,2025-07-30 00:00:00
1573,ANNUAL,2026-04-20,2026-04-29,,REJECTED,hiroshi.russo2@nexuserp.com,2026-04-03 00:00:00,2026-03-25 00:00:00
1573,ANNUAL,2026-01-22,2026-01-31,,APPROVED,hiroshi.russo2@nexuserp.com,2026-01-04 00:00:00,2025-12-18 00:00:00
1573,ANNUAL,2026-02-26,2026-03-06,,APPROVED,hiroshi.russo2@nexuserp.com,2026-02-21 00:00:00,2026-01-21 00:00:00
1574,ANNUAL,2026-02-28,2026-03-05,,APPROVED,richard.carter@nexuserp.com,2026-02-22 00:00:00,2026-02-07 00:00:00
1574,ANNUAL,2025-10-04,2025-10-08,,APPROVED,richard.carter@nexuserp.com,2025-09-17 00:00:00,2025-09-12 00:00:00
1576,ANNUAL,2026-01-08,2026-01-12,,APPROVED,timothy.moreau@nexuserp.com,2025-12-23 00:00:00,2025-12-15 00:00:00
1577,ANNUAL,2026-06-10,2026-06-15,,APPROVED,jonathan.brown@nexuserp.com,2026-05-28 00:00:00,2026-05-21 00:00:00
1578,ANNUAL,2026-07-24,2026-07-26,,APPROVED,hugo.jones@nexuserp.com,2026-07-18 00:00:00,2026-06-27 00:00:00
1580,OTHER,2025-10-01,2025-10-03,,APPROVED,nour.obrien@nexuserp.com,2025-09-19 00:00:00,2025-08-29 00:00:00
1580,ANNUAL,2025-11-16,2025-11-20,,APPROVED,nour.obrien@nexuserp.com,2025-11-12 00:00:00,2025-10-22 00:00:00
1580,ANNUAL,2026-04-28,2026-05-07,,APPROVED,nour.obrien@nexuserp.com,2026-04-23 00:00:00,2026-03-31 00:00:00
1581,ANNUAL,2026-09-04,2026-09-09,,APPROVED,karen.oliveira2@nexuserp.com,2026-08-25 00:00:00,2026-08-12 00:00:00
1581,ANNUAL,2026-02-25,2026-03-04,,APPROVED,karen.oliveira2@nexuserp.com,2026-02-07 00:00:00,2026-01-28 00:00:00
1582,UNPAID,2025-10-21,2025-10-23,,APPROVED,steven.robinson@nexuserp.com,2025-10-03 00:00:00,2025-09-25 00:00:00
1583,ANNUAL,2026-04-17,2026-04-18,,APPROVED,mark.lee@nexuserp.com,2026-04-09 00:00:00,2026-03-19 00:00:00
1583,SICK,2026-04-26,2026-04-27,,APPROVED,mark.lee@nexuserp.com,2026-04-10 00:00:00,2026-03-24 00:00:00
1583,OTHER,2025-10-20,2025-10-24,,APPROVED,mark.lee@nexuserp.com,2025-10-16 00:00:00,2025-09-27 00:00:00
1585,ANNUAL,2026-07-03,2026-07-08,,APPROVED,steven.robinson@nexuserp.com,2026-06-20 00:00:00,2026-06-02 00:00:00
1587,OTHER,2026-05-26,2026-05-27,,APPROVED,matthew.hernandez@nexuserp.com,2026-05-21 00:00:00,2026-04-26 00:00:00
1587,ANNUAL,2026-08-07,2026-08-11,,APPROVED,matthew.hernandez@nexuserp.com,2026-07-26 00:00:00,2026-07-05 00:00:00
1588,ANNUAL,2026-02-21,2026-02-27,,APPROVED,amanda.martin2@nexuserp.com,2026-02-17 00:00:00,2026-01-16 00:00:00
1590,SICK,2026-02-23,2026-02-23,,APPROVED,nicholas.smith@nexuserp.com,2026-02-17 00:00:00,2026-01-26 00:00:00
1590,SICK,2026-04-01,2026-04-02,,REJECTED,nicholas.smith@nexuserp.com,2026-03-28 00:00:00,2026-03-11 00:00:00
1591,SICK,2025-11-29,2025-11-29,,APPROVED,tariq.lopez@nexuserp.com,2025-11-13 00:00:00,2025-10-29 00:00:00
1594,ANNUAL,2026-04-15,2026-04-18,,APPROVED,arjun.khalil@nexuserp.com,2026-04-12 00:00:00,2026-03-19 00:00:00
1595,ANNUAL,2025-12-17,2025-12-20,,APPROVED,hugo.jones@nexuserp.com,2025-12-14 00:00:00,2025-11-26 00:00:00
1595,ANNUAL,2026-04-30,2026-05-02,,APPROVED,hugo.jones@nexuserp.com,2026-04-27 00:00:00,2026-04-04 00:00:00
1596,ANNUAL,2026-05-29,2026-06-07,,REJECTED,andrew.smith@nexuserp.com,2026-05-12 00:00:00,2026-05-02 00:00:00
1597,SICK,2026-03-09,2026-03-11,,APPROVED,sarah.thomas@nexuserp.com,2026-03-05 00:00:00,2026-02-15 00:00:00
1597,ANNUAL,2026-06-23,2026-06-28,,APPROVED,sarah.thomas@nexuserp.com,2026-06-10 00:00:00,2026-05-15 00:00:00
1597,ANNUAL,2026-02-25,2026-03-06,,APPROVED,sarah.thomas@nexuserp.com,2026-02-10 00:00:00,2026-01-19 00:00:00
1598,ANNUAL,2026-04-08,2026-04-12,,APPROVED,mark.smith@nexuserp.com,2026-03-25 00:00:00,2026-03-10 00:00:00
1598,SICK,2026-06-04,2026-06-04,,APPROVED,mark.smith@nexuserp.com,2026-05-28 00:00:00,2026-05-11 00:00:00
1599,ANNUAL,2026-02-20,2026-02-26,,APPROVED,nour.adams@nexuserp.com,2026-02-03 00:00:00,2026-01-15 00:00:00
1599,SICK,2026-06-24,2026-06-24,,APPROVED,nour.adams@nexuserp.com,2026-06-21 00:00:00,2026-05-18 00:00:00
1604,ANNUAL,2025-09-10,2025-09-16,,APPROVED,mark.chen@nexuserp.com,2025-08-25 00:00:00,2025-08-06 00:00:00
1605,SICK,2026-06-24,2026-06-26,,APPROVED,ivan.davis@nexuserp.com,2026-06-16 00:00:00,2026-05-28 00:00:00
1606,ANNUAL,2025-10-09,2025-10-17,,APPROVED,jennifer.rodriguez@nexuserp.com,2025-09-29 00:00:00,2025-09-14 00:00:00
1606,ANNUAL,2026-09-13,2026-09-17,,APPROVED,jennifer.rodriguez@nexuserp.com,2026-09-10 00:00:00,2026-08-22 00:00:00
1608,OTHER,2026-07-31,2026-08-09,,APPROVED,hugo.jones@nexuserp.com,2026-07-28 00:00:00,2026-06-27 00:00:00
1609,ANNUAL,2026-01-11,2026-01-20,,REJECTED,elizabeth.williams3@nexuserp.com,2026-01-06 00:00:00,2025-12-11 00:00:00
1611,SICK,2025-12-19,2025-12-20,,APPROVED,ryan.khalil@nexuserp.com,2025-12-08 00:00:00,2025-11-24 00:00:00
1611,ANNUAL,2026-01-09,2026-01-11,,APPROVED,ryan.khalil@nexuserp.com,2025-12-25 00:00:00,2025-12-13 00:00:00
1612,ANNUAL,2025-11-08,2025-11-13,,APPROVED,karim.park@nexuserp.com,2025-11-04 00:00:00,2025-10-17 00:00:00
1613,SICK,2025-12-14,2025-12-14,,APPROVED,steven.robinson@nexuserp.com,2025-12-11 00:00:00,2025-11-24 00:00:00
1614,ANNUAL,2026-05-13,2026-05-16,,APPROVED,john.clark@nexuserp.com,2026-04-29 00:00:00,2026-04-13 00:00:00
1614,OTHER,2025-11-22,2025-11-26,,APPROVED,john.clark@nexuserp.com,2025-11-15 00:00:00,2025-10-29 00:00:00
1615,SICK,2025-09-27,2025-09-27,,APPROVED,richard.nguyen@nexuserp.com,2025-09-23 00:00:00,2025-08-27 00:00:00
1615,UNPAID,2025-09-29,2025-10-08,,APPROVED,richard.nguyen@nexuserp.com,2025-09-21 00:00:00,2025-09-09 00:00:00
1617,ANNUAL,2026-05-25,2026-05-29,,APPROVED,sharon.muller@nexuserp.com,2026-05-06 00:00:00,2026-04-19 00:00:00
1617,OTHER,2026-09-13,2026-09-15,,APPROVED,sharon.muller@nexuserp.com,2026-09-06 00:00:00,2026-08-23 00:00:00
1617,SICK,2026-05-06,2026-05-08,,APPROVED,sharon.muller@nexuserp.com,2026-04-27 00:00:00,2026-04-06 00:00:00
1618,UNPAID,2025-12-25,2025-12-29,,APPROVED,cynthia.lewis2@nexuserp.com,2025-12-07 00:00:00,2025-11-23 00:00:00
1618,ANNUAL,2026-07-24,2026-07-25,,APPROVED,cynthia.lewis2@nexuserp.com,2026-07-17 00:00:00,2026-06-26 00:00:00
1621,ANNUAL,2026-01-25,2026-01-29,,APPROVED,jonathan.brown@nexuserp.com,2026-01-08 00:00:00,2025-12-18 00:00:00
1621,ANNUAL,2026-04-28,2026-05-03,,APPROVED,jonathan.brown@nexuserp.com,2026-04-21 00:00:00,2026-03-30 00:00:00
1621,ANNUAL,2025-10-15,2025-10-18,,APPROVED,jonathan.brown@nexuserp.com,2025-10-04 00:00:00,2025-09-13 00:00:00
1622,SICK,2025-11-23,2025-11-23,,APPROVED,samuel.rivera@nexuserp.com,2025-11-17 00:00:00,2025-11-02 00:00:00
1623,SICK,2026-07-10,2026-07-12,,APPROVED,camille.trabelsi@nexuserp.com,2026-06-27 00:00:00,2026-06-08 00:00:00
1623,SICK,2026-02-25,2026-02-27,,APPROVED,camille.trabelsi@nexuserp.com,2026-02-06 00:00:00,2026-02-02 00:00:00
1624,ANNUAL,2025-11-02,2025-11-04,,APPROVED,felix.murphy@nexuserp.com,2025-10-24 00:00:00,2025-10-07 00:00:00
1624,ANNUAL,2025-10-20,2025-10-24,,APPROVED,felix.murphy@nexuserp.com,2025-10-02 00:00:00,2025-09-19 00:00:00
1625,ANNUAL,2026-04-19,2026-04-22,,APPROVED,james.park@nexuserp.com,2026-04-05 00:00:00,2026-03-17 00:00:00
1627,ANNUAL,2026-06-04,2026-06-07,,REJECTED,arjun.khalil@nexuserp.com,2026-06-01 00:00:00,2026-05-13 00:00:00
1627,ANNUAL,2026-06-24,2026-07-02,,APPROVED,arjun.khalil@nexuserp.com,2026-06-05 00:00:00,2026-06-03 00:00:00
1628,SICK,2026-06-01,2026-06-02,,APPROVED,samuel.rivera@nexuserp.com,2026-05-24 00:00:00,2026-05-11 00:00:00
1628,ANNUAL,2026-07-27,2026-08-05,,APPROVED,samuel.rivera@nexuserp.com,2026-07-24 00:00:00,2026-06-27 00:00:00
1628,ANNUAL,2026-10-11,2026-10-16,Moving house,PENDING,,,2026-09-24 00:00:00
1630,ANNUAL,2026-01-11,2026-01-16,,APPROVED,nicholas.smith@nexuserp.com,2026-01-07 00:00:00,2025-12-19 00:00:00
1630,ANNUAL,2026-02-09,2026-02-18,,APPROVED,nicholas.smith@nexuserp.com,2026-01-27 00:00:00,2026-01-05 00:00:00
1631,ANNUAL,2025-11-27,2025-12-05,,APPROVED,ryan.taylor@nexuserp.com,2025-11-11 00:00:00,2025-10-21 00:00:00
1631,ANNUAL,2025-12-08,2025-12-13,,APPROVED,ryan.taylor@nexuserp.com,2025-11-23 00:00:00,2025-11-17 00:00:00
1633,ANNUAL,2026-03-12,2026-03-19,,APPROVED,richard.nguyen@nexuserp.com,2026-03-07 00:00:00,2026-02-14 00:00:00
1633,SICK,2025-11-13,2025-11-15,,APPROVED,richard.nguyen@nexuserp.com,2025-10-28 00:00:00,2025-10-17 00:00:00
1635,ANNUAL,2025-09-29,2025-10-07,,APPROVED,ryan.taylor@nexuserp.com,2025-09-26 00:00:00,2025-09-08 00:00:00
1638,UNPAID,2026-03-18,2026-03-25,,APPROVED,richard.nguyen@nexuserp.com,2026-03-14 00:00:00,2026-02-22 00:00:00
1638,ANNUAL,2026-09-07,2026-09-11,,APPROVED,richard.nguyen@nexuserp.com,2026-09-03 00:00:00,2026-08-04 00:00:00
1638,ANNUAL,2026-05-01,2026-05-04,,APPROVED,richard.nguyen@nexuserp.com,2026-04-18 00:00:00,2026-03-31 00:00:00
1639,ANNUAL,2025-02-06,2025-02-14,,APPROVED,alice.tanaka@nexuserp.com,2025-01-28 00:00:00,2025-01-13 00:00:00
1639,OTHER,2026-01-17,2026-01-21,,APPROVED,alice.tanaka@nexuserp.com,2026-01-12 00:00:00,2025-12-16 00:00:00
1640,ANNUAL,2026-04-23,2026-04-30,,APPROVED,richard.carter@nexuserp.com,2026-04-10 00:00:00,2026-03-16 00:00:00
1640,SICK,2025-12-15,2025-12-17,,APPROVED,richard.carter@nexuserp.com,2025-12-09 00:00:00,2025-11-21 00:00:00
1641,ANNUAL,2026-03-18,2026-03-23,,APPROVED,richard.nguyen@nexuserp.com,2026-03-10 00:00:00,2026-02-19 00:00:00
1641,ANNUAL,2025-10-06,2025-10-10,,APPROVED,richard.nguyen@nexuserp.com,2025-10-03 00:00:00,2025-09-07 00:00:00
1642,ANNUAL,2026-05-22,2026-05-27,,APPROVED,camille.lewis@nexuserp.com,2026-05-12 00:00:00,2026-04-14 00:00:00
1644,ANNUAL,2025-09-28,2025-10-07,,APPROVED,hugo.jones@nexuserp.com,2025-09-22 00:00:00,2025-09-03 00:00:00
1645,ANNUAL,2025-08-10,2025-08-12,,APPROVED,adam.roberts@nexuserp.com,2025-07-26 00:00:00,2025-07-13 00:00:00
1645,ANNUAL,2025-12-19,2025-12-27,,REJECTED,adam.roberts@nexuserp.com,2025-12-11 00:00:00,2025-11-18 00:00:00
1646,SICK,2026-05-06,2026-05-06,,APPROVED,jonathan.brown@nexuserp.com,2026-05-01 00:00:00,2026-03-28 00:00:00
1647,ANNUAL,2025-12-12,2025-12-18,,APPROVED,karen.oliveira2@nexuserp.com,2025-11-30 00:00:00,2025-11-09 00:00:00
1648,ANNUAL,2026-03-03,2026-03-10,,APPROVED,nour.obrien@nexuserp.com,2026-02-16 00:00:00,2026-01-29 00:00:00
1649,ANNUAL,2026-03-31,2026-04-06,,REJECTED,nour.adams@nexuserp.com,2026-03-16 00:00:00,2026-03-02 00:00:00
1650,ANNUAL,2026-06-12,2026-06-19,,APPROVED,sandra.dubois@nexuserp.com,2026-05-28 00:00:00,2026-05-21 00:00:00
1650,ANNUAL,2026-03-10,2026-03-14,,APPROVED,sandra.dubois@nexuserp.com,2026-02-21 00:00:00,2026-02-09 00:00:00
1650,ANNUAL,2026-09-05,2026-09-08,,APPROVED,sandra.dubois@nexuserp.com,2026-08-31 00:00:00,2026-08-09 00:00:00
1651,OTHER,2026-02-17,2026-02-19,,APPROVED,oscar.wang@nexuserp.com,2026-02-14 00:00:00,2026-01-17 00:00:00
1651,ANNUAL,2026-03-13,2026-03-17,,REJECTED,oscar.wang@nexuserp.com,2026-03-01 00:00:00,2026-02-12 00:00:00
1653,ANNUAL,2026-08-02,2026-08-10,,APPROVED,mark.patel@nexuserp.com,2026-07-23 00:00:00,2026-06-29 00:00:00
1653,ANNUAL,2026-06-19,2026-06-20,,APPROVED,mark.patel@nexuserp.com,2026-06-07 00:00:00,2026-05-16 00:00:00
1654,ANNUAL,2026-07-19,2026-07-26,,APPROVED,mark.patel@nexuserp.com,2026-07-14 00:00:00,2026-06-10 00:00:00
1655,ANNUAL,2025-12-16,2025-12-24,,APPROVED,hugo.jones@nexuserp.com,2025-12-04 00:00:00,2025-11-12 00:00:00
1655,ANNUAL,2026-06-23,2026-06-24,,APPROVED,hugo.jones@nexuserp.com,2026-06-07 00:00:00,2026-05-30 00:00:00
1656,ANNUAL,2026-02-27,2026-03-02,,APPROVED,hugo.jones@nexuserp.com,2026-02-20 00:00:00,2026-02-01 00:00:00
1656,ANNUAL,2026-03-09,2026-03-12,,APPROVED,hugo.jones@nexuserp.com,2026-02-26 00:00:00,2026-01-29 00:00:00
1657,UNPAID,2026-01-08,2026-01-15,,APPROVED,felix.murphy@nexuserp.com,2025-12-28 00:00:00,2025-12-16 00:00:00
1657,ANNUAL,2026-01-19,2026-01-24,,APPROVED,felix.murphy@nexuserp.com,2026-01-09 00:00:00,2025-12-18 00:00:00
1659,ANNUAL,2026-07-12,2026-07-14,,APPROVED,karen.lee@nexuserp.com,2026-07-04 00:00:00,2026-06-14 00:00:00
1659,ANNUAL,2026-01-04,2026-01-05,,APPROVED,karen.lee@nexuserp.com,2025-12-25 00:00:00,2025-11-29 00:00:00
1659,ANNUAL,2026-03-14,2026-03-18,,REJECTED,karen.lee@nexuserp.com,2026-02-23 00:00:00,2026-02-03 00:00:00
1661,UNPAID,2026-08-26,2026-09-03,,APPROVED,oscar.wang@nexuserp.com,2026-08-10 00:00:00,2026-08-02 00:00:00
1661,ANNUAL,2026-01-27,2026-01-28,,APPROVED,oscar.wang@nexuserp.com,2026-01-17 00:00:00,2026-01-03 00:00:00
1662,ANNUAL,2026-01-30,2026-02-04,,APPROVED,wei.wilson@nexuserp.com,2026-01-13 00:00:00,2025-12-29 00:00:00
1664,ANNUAL,2026-03-16,2026-03-21,,APPROVED,mei.chen@nexuserp.com,2026-03-02 00:00:00,2026-02-21 00:00:00
1664,SICK,2025-11-20,2025-11-20,,REJECTED,mei.chen@nexuserp.com,2025-11-03 00:00:00,2025-10-28 00:00:00
1664,ANNUAL,2025-12-27,2026-01-04,,APPROVED,mei.chen@nexuserp.com,2025-12-23 00:00:00,2025-11-28 00:00:00
1665,OTHER,2025-11-27,2025-12-04,,APPROVED,hugo.jones@nexuserp.com,2025-11-11 00:00:00,2025-10-19 00:00:00
1665,ANNUAL,2026-10-28,2026-10-29,Personal matters,PENDING,,,2026-09-25 00:00:00
1666,ANNUAL,2026-09-05,2026-09-08,,APPROVED,hugo.jones@nexuserp.com,2026-08-26 00:00:00,2026-08-10 00:00:00
1668,ANNUAL,2026-09-11,2026-09-13,,APPROVED,arjun.wang@nexuserp.com,2026-09-08 00:00:00,2026-08-04 00:00:00
1669,ANNUAL,2026-03-02,2026-03-06,,APPROVED,sharon.nielsen2@nexuserp.com,2026-02-27 00:00:00,2026-01-22 00:00:00
1669,ANNUAL,2026-03-22,2026-03-23,,APPROVED,sharon.nielsen2@nexuserp.com,2026-03-06 00:00:00,2026-02-16 00:00:00
1669,ANNUAL,2026-10-11,2026-10-16,Wedding,PENDING,,,2026-09-21 00:00:00
1670,SICK,2026-07-19,2026-07-20,,APPROVED,sharon.nielsen2@nexuserp.com,2026-07-14 00:00:00,2026-06-13 00:00:00
1671,ANNUAL,2026-03-30,2026-04-06,,APPROVED,elizabeth.williams3@nexuserp.com,2026-03-26 00:00:00,2026-03-08 00:00:00
1671,UNPAID,2026-06-23,2026-07-02,,REJECTED,elizabeth.williams3@nexuserp.com,2026-06-08 00:00:00,2026-05-29 00:00:00
1673,ANNUAL,2026-08-25,2026-08-28,,APPROVED,adam.roberts@nexuserp.com,2026-08-20 00:00:00,2026-08-01 00:00:00
1674,ANNUAL,2026-04-04,2026-04-12,,APPROVED,sharon.muller@nexuserp.com,2026-03-31 00:00:00,2026-02-28 00:00:00
1674,ANNUAL,2025-12-08,2025-12-09,,APPROVED,sharon.muller@nexuserp.com,2025-11-28 00:00:00,2025-11-06 00:00:00
1675,UNPAID,2026-02-27,2026-03-01,,APPROVED,ryan.khalil@nexuserp.com,2026-02-23 00:00:00,2026-01-27 00:00:00
1675,SICK,2026-08-07,2026-08-07,,REJECTED,ryan.khalil@nexuserp.com,2026-07-27 00:00:00,2026-06-30 00:00:00
1675,SICK,2026-08-24,2026-08-26,,APPROVED,ryan.khalil@nexuserp.com,2026-08-18 00:00:00,2026-07-19 00:00:00
1676,SICK,2026-09-04,2026-09-06,,APPROVED,tariq.lopez@nexuserp.com,2026-08-28 00:00:00,2026-08-06 00:00:00
1676,ANNUAL,2026-03-08,2026-03-15,,APPROVED,tariq.lopez@nexuserp.com,2026-02-22 00:00:00,2026-02-10 00:00:00
1677,ANNUAL,2026-08-21,2026-08-22,,APPROVED,hugo.jones@nexuserp.com,2026-08-07 00:00:00,2026-07-29 00:00:00
1677,SICK,2026-03-16,2026-03-17,,APPROVED,hugo.jones@nexuserp.com,2026-03-06 00:00:00,2026-02-20 00:00:00
1678,ANNUAL,2026-06-23,2026-06-26,,APPROVED,amanda.martin2@nexuserp.com,2026-06-11 00:00:00,2026-05-17 00:00:00
1678,ANNUAL,2026-03-27,2026-04-05,,APPROVED,amanda.martin2@nexuserp.com,2026-03-24 00:00:00,2026-02-21 00:00:00
1680,ANNUAL,2025-11-28,2025-12-04,,APPROVED,rayan.haddad@nexuserp.com,2025-11-14 00:00:00,2025-11-04 00:00:00
1680,ANNUAL,2025-12-14,2025-12-15,,APPROVED,rayan.haddad@nexuserp.com,2025-11-25 00:00:00,2025-11-18 00:00:00
1680,ANNUAL,2026-01-20,2026-01-29,,APPROVED,rayan.haddad@nexuserp.com,2026-01-11 00:00:00,2025-12-21 00:00:00
1681,ANNUAL,2026-03-22,2026-03-31,,APPROVED,rayan.haddad@nexuserp.com,2026-03-13 00:00:00,2026-02-23 00:00:00
1681,ANNUAL,2026-02-10,2026-02-11,,APPROVED,rayan.haddad@nexuserp.com,2026-01-29 00:00:00,2026-01-16 00:00:00
1682,OTHER,2026-09-13,2026-09-20,,APPROVED,sarah.thomas@nexuserp.com,2026-09-10 00:00:00,2026-08-05 00:00:00
1682,ANNUAL,2026-07-13,2026-07-22,,APPROVED,sarah.thomas@nexuserp.com,2026-07-04 00:00:00,2026-06-18 00:00:00
1683,UNPAID,2026-04-16,2026-04-22,,APPROVED,emily.harris@nexuserp.com,2026-04-13 00:00:00,2026-03-23 00:00:00
1684,UNPAID,2026-04-22,2026-05-01,,APPROVED,luca.wang@nexuserp.com,2026-04-06 00:00:00,2026-03-23 00:00:00
1684,ANNUAL,2026-05-31,2026-06-08,,APPROVED,luca.wang@nexuserp.com,2026-05-18 00:00:00,2026-04-28 00:00:00
1684,ANNUAL,2025-10-25,2025-10-29,,APPROVED,luca.wang@nexuserp.com,2025-10-10 00:00:00,2025-09-28 00:00:00
1687,ANNUAL,2026-05-25,2026-06-03,,APPROVED,karen.lee@nexuserp.com,2026-05-19 00:00:00,2026-05-02 00:00:00
1691,OTHER,2026-03-08,2026-03-12,,APPROVED,felix.murphy@nexuserp.com,2026-03-03 00:00:00,2026-02-15 00:00:00
1692,ANNUAL,2025-11-05,2025-11-12,,APPROVED,jacob.sato@nexuserp.com,2025-10-20 00:00:00,2025-09-28 00:00:00
1692,ANNUAL,2025-08-10,2025-08-17,,APPROVED,jacob.sato@nexuserp.com,2025-07-24 00:00:00,2025-07-05 00:00:00
1693,OTHER,2025-11-22,2025-11-25,,APPROVED,arjun.khalil@nexuserp.com,2025-11-18 00:00:00,2025-10-18 00:00:00
1694,ANNUAL,2026-05-20,2026-05-21,,APPROVED,ashley.park@nexuserp.com,2026-05-15 00:00:00,2026-04-13 00:00:00
1696,ANNUAL,2026-05-02,2026-05-05,,APPROVED,paul.moreau@nexuserp.com,2026-04-17 00:00:00,2026-03-25 00:00:00
1700,ANNUAL,2026-09-05,2026-09-10,,REJECTED,susan.roberts@nexuserp.com,2026-08-22 00:00:00,2026-07-30 00:00:00
1700,ANNUAL,2026-10-16,2026-10-20,Moving house,PENDING,,,2026-09-22 00:00:00
1701,ANNUAL,2026-05-05,2026-05-11,,APPROVED,michelle.king@nexuserp.com,2026-04-24 00:00:00,2026-04-03 00:00:00
1701,SICK,2025-12-15,2025-12-17,,APPROVED,michelle.king@nexuserp.com,2025-11-27 00:00:00,2025-11-13 00:00:00
1702,ANNUAL,2026-01-21,2026-01-29,,APPROVED,adam.roberts@nexuserp.com,2026-01-05 00:00:00,2025-12-17 00:00:00
1703,ANNUAL,2026-01-04,2026-01-05,,APPROVED,jennifer.rodriguez@nexuserp.com,2025-12-17 00:00:00,2025-12-14 00:00:00
1703,ANNUAL,2025-10-14,2025-10-15,,APPROVED,jennifer.rodriguez@nexuserp.com,2025-09-29 00:00:00,2025-09-11 00:00:00
1704,ANNUAL,2026-03-15,2026-03-24,,APPROVED,aiko.silva@nexuserp.com,2026-03-04 00:00:00,2026-02-20 00:00:00
1704,SICK,2026-03-11,2026-03-13,,APPROVED,aiko.silva@nexuserp.com,2026-02-22 00:00:00,2026-02-01 00:00:00
1706,ANNUAL,2026-01-11,2026-01-15,,APPROVED,amanda.martin2@nexuserp.com,2026-01-01 00:00:00,2025-12-18 00:00:00
1706,SICK,2025-11-27,2025-11-29,,APPROVED,amanda.martin2@nexuserp.com,2025-11-14 00:00:00,2025-11-06 00:00:00
1707,ANNUAL,2026-08-10,2026-08-15,,APPROVED,ivan.davis@nexuserp.com,2026-08-06 00:00:00,2026-07-15 00:00:00
1707,ANNUAL,2026-01-07,2026-01-12,,APPROVED,ivan.davis@nexuserp.com,2025-12-26 00:00:00,2025-12-11 00:00:00
1707,ANNUAL,2026-10-04,2026-10-12,Family holiday,PENDING,,,2026-09-25 00:00:00
1708,ANNUAL,2026-05-07,2026-05-13,,APPROVED,priya.shah@nexuserp.com,2026-05-01 00:00:00,2026-04-13 00:00:00
1708,SICK,2026-06-22,2026-06-24,,APPROVED,priya.shah@nexuserp.com,2026-06-17 00:00:00,2026-05-16 00:00:00
1709,ANNUAL,2026-06-09,2026-06-14,,APPROVED,olivia.williams@nexuserp.com,2026-05-26 00:00:00,2026-05-09 00:00:00
1709,OTHER,2025-10-11,2025-10-13,,APPROVED,olivia.williams@nexuserp.com,2025-10-01 00:00:00,2025-09-20 00:00:00
1712,OTHER,2026-03-06,2026-03-08,,APPROVED,sarah.thomas@nexuserp.com,2026-03-03 00:00:00,2026-02-14 00:00:00
1712,ANNUAL,2026-06-17,2026-06-24,,APPROVED,sarah.thomas@nexuserp.com,2026-06-11 00:00:00,2026-05-26 00:00:00
1714,SICK,2025-07-31,2025-08-01,,APPROVED,kevin.hernandez@nexuserp.com,2025-07-24 00:00:00,2025-06-30 00:00:00
1714,SICK,2024-10-14,2024-10-15,,APPROVED,kevin.hernandez@nexuserp.com,2024-10-09 00:00:00,2024-09-22 00:00:00
1718,UNPAID,2025-09-27,2025-10-05,,APPROVED,paul.moreau@nexuserp.com,2025-09-17 00:00:00,2025-09-04 00:00:00
1719,ANNUAL,2026-07-13,2026-07-21,,APPROVED,hugo.jones@nexuserp.com,2026-06-26 00:00:00,2026-06-11 00:00:00
1719,SICK,2026-07-10,2026-07-12,,APPROVED,hugo.jones@nexuserp.com,2026-07-04 00:00:00,2026-06-12 00:00:00
1720,ANNUAL,2026-02-12,2026-02-15,,REJECTED,aiko.silva@nexuserp.com,2026-02-09 00:00:00,2026-01-08 00:00:00
1721,ANNUAL,2025-10-06,2025-10-15,,APPROVED,andrew.smith@nexuserp.com,2025-10-01 00:00:00,2025-09-16 00:00:00
1722,ANNUAL,2026-11-24,2026-11-27,Personal matters,PENDING,,,2026-09-24 00:00:00
1724,ANNUAL,2025-11-07,2025-11-10,,APPROVED,hiroshi.russo2@nexuserp.com,2025-11-03 00:00:00,2025-10-07 00:00:00
1724,ANNUAL,2025-11-25,2025-12-02,,APPROVED,hiroshi.russo2@nexuserp.com,2025-11-20 00:00:00,2025-10-25 00:00:00
1725,ANNUAL,2025-11-01,2025-11-05,,REJECTED,lucas.laurent@nexuserp.com,2025-10-28 00:00:00,2025-10-07 00:00:00
1727,ANNUAL,2026-09-01,2026-09-08,,APPROVED,nicholas.smith@nexuserp.com,2026-08-28 00:00:00,2026-08-06 00:00:00
1727,SICK,2025-11-23,2025-11-24,,APPROVED,nicholas.smith@nexuserp.com,2025-11-14 00:00:00,2025-10-23 00:00:00
1728,ANNUAL,2026-08-14,2026-08-18,,APPROVED,richard.nguyen@nexuserp.com,2026-07-30 00:00:00,2026-07-19 00:00:00
1728,ANNUAL,2026-09-07,2026-09-10,,APPROVED,richard.nguyen@nexuserp.com,2026-08-20 00:00:00,2026-08-14 00:00:00
1729,ANNUAL,2025-11-01,2025-11-09,,APPROVED,camille.trabelsi@nexuserp.com,2025-10-23 00:00:00,2025-10-05 00:00:00
1731,SICK,2026-05-02,2026-05-03,,REJECTED,mark.smith@nexuserp.com,2026-04-18 00:00:00,2026-04-01 00:00:00
1731,ANNUAL,2026-07-01,2026-07-08,,REJECTED,mark.smith@nexuserp.com,2026-06-23 00:00:00,2026-05-24 00:00:00
1731,ANNUAL,2026-01-29,2026-02-01,,APPROVED,mark.smith@nexuserp.com,2026-01-19 00:00:00,2025-12-29 00:00:00
1731,ANNUAL,2026-10-23,2026-10-25,Family holiday,PENDING,,,2026-09-26 00:00:00
1732,ANNUAL,2025-12-27,2025-12-29,,APPROVED,paul.khalil@nexuserp.com,2025-12-08 00:00:00,2025-11-24 00:00:00
1734,SICK,2025-07-01,2025-07-02,,APPROVED,susan.roberts@nexuserp.com,2025-06-13 00:00:00,2025-06-04 00:00:00
1734,ANNUAL,2025-08-27,2025-09-05,,APPROVED,susan.roberts@nexuserp.com,2025-08-12 00:00:00,2025-07-23 00:00:00
1734,ANNUAL,2026-01-10,2026-01-17,,APPROVED,susan.roberts@nexuserp.com,2026-01-04 00:00:00,2025-12-19 00:00:00
1736,ANNUAL,2026-03-31,2026-04-01,,APPROVED,samuel.rivera@nexuserp.com,2026-03-27 00:00:00,2026-03-09 00:00:00
1736,ANNUAL,2025-12-07,2025-12-14,,APPROVED,samuel.rivera@nexuserp.com,2025-11-24 00:00:00,2025-11-05 00:00:00
1737,SICK,2026-04-06,2026-04-07,,APPROVED,paul.moreau@nexuserp.com,2026-03-28 00:00:00,2026-03-01 00:00:00
1737,SICK,2026-02-06,2026-02-07,,APPROVED,paul.moreau@nexuserp.com,2026-01-20 00:00:00,2026-01-01 00:00:00
1739,ANNUAL,2026-03-10,2026-03-17,,APPROVED,nicholas.brown2@nexuserp.com,2026-03-06 00:00:00,2026-02-10 00:00:00
1739,ANNUAL,2026-07-13,2026-07-21,,APPROVED,nicholas.brown2@nexuserp.com,2026-06-24 00:00:00,2026-06-21 00:00:00
1740,ANNUAL,2026-01-21,2026-01-28,,APPROVED,tariq.lopez@nexuserp.com,2026-01-04 00:00:00,2025-12-25 00:00:00
1740,ANNUAL,2026-06-25,2026-06-26,,APPROVED,tariq.lopez@nexuserp.com,2026-06-13 00:00:00,2026-06-01 00:00:00
1744,SICK,2026-05-06,2026-05-08,,APPROVED,emily.harris@nexuserp.com,2026-04-17 00:00:00,2026-04-14 00:00:00
1745,ANNUAL,2026-07-03,2026-07-10,,APPROVED,elena.scott@nexuserp.com,2026-06-25 00:00:00,2026-06-04 00:00:00
1746,ANNUAL,2026-03-06,2026-03-13,,APPROVED,emily.harris@nexuserp.com,2026-02-17 00:00:00,2026-02-07 00:00:00
1747,SICK,2025-10-14,2025-10-15,,APPROVED,kevin.hernandez@nexuserp.com,2025-10-04 00:00:00,2025-09-08 00:00:00
1747,OTHER,2025-08-24,2025-08-31,,APPROVED,kevin.hernandez@nexuserp.com,2025-08-09 00:00:00,2025-07-31 00:00:00
1749,OTHER,2025-11-23,2025-12-01,,REJECTED,clara.novak@nexuserp.com,2025-11-17 00:00:00,2025-10-24 00:00:00
1749,ANNUAL,2025-12-31,2026-01-03,,REJECTED,clara.novak@nexuserp.com,2025-12-13 00:00:00,2025-12-11 00:00:00
1751,SICK,2026-08-05,2026-08-07,,APPROVED,manon.hernandez@nexuserp.com,2026-07-20 00:00:00,2026-07-09 00:00:00
1751,ANNUAL,2025-11-24,2025-11-25,,APPROVED,manon.hernandez@nexuserp.com,2025-11-18 00:00:00,2025-10-31 00:00:00
1752,ANNUAL,2025-07-26,2025-07-29,,APPROVED,kevin.obrien@nexuserp.com,2025-07-21 00:00:00,2025-06-23 00:00:00
1753,ANNUAL,2026-05-24,2026-06-01,,APPROVED,priya.mitchell@nexuserp.com,2026-05-14 00:00:00,2026-04-20 00:00:00
1754,SICK,2025-11-25,2025-11-27,,APPROVED,karim.park@nexuserp.com,2025-11-22 00:00:00,2025-11-05 00:00:00
1754,ANNUAL,2026-03-07,2026-03-13,,APPROVED,karim.park@nexuserp.com,2026-02-18 00:00:00,2026-02-08 00:00:00
1755,UNPAID,2026-04-06,2026-04-07,,APPROVED,eric.adams2@nexuserp.com,2026-04-01 00:00:00,2026-03-10 00:00:00
1755,ANNUAL,2025-12-29,2026-01-04,,APPROVED,eric.adams2@nexuserp.com,2025-12-26 00:00:00,2025-12-02 00:00:00
1755,ANNUAL,2026-02-03,2026-02-09,,APPROVED,eric.adams2@nexuserp.com,2026-01-31 00:00:00,2026-01-10 00:00:00
1756,ANNUAL,2026-07-10,2026-07-18,,APPROVED,karim.park@nexuserp.com,2026-06-22 00:00:00,2026-06-05 00:00:00
1757,ANNUAL,2026-05-24,2026-05-26,,APPROVED,mark.smith@nexuserp.com,2026-05-14 00:00:00,2026-04-27 00:00:00
1757,SICK,2026-09-05,2026-09-07,,APPROVED,mark.smith@nexuserp.com,2026-08-27 00:00:00,2026-08-03 00:00:00
1760,ANNUAL,2025-10-03,2025-10-04,,APPROVED,andrew.smith@nexuserp.com,2025-09-20 00:00:00,2025-08-28 00:00:00
1760,OTHER,2026-02-06,2026-02-11,,APPROVED,andrew.smith@nexuserp.com,2026-01-22 00:00:00,2026-01-04 00:00:00
1760,ANNUAL,2025-11-09,2025-11-11,,APPROVED,andrew.smith@nexuserp.com,2025-11-01 00:00:00,2025-10-02 00:00:00
1762,ANNUAL,2025-10-24,2025-10-29,,REJECTED,ivan.davis@nexuserp.com,2025-10-09 00:00:00,2025-09-30 00:00:00
1763,ANNUAL,2025-12-12,2025-12-15,,REJECTED,anthony.lee@nexuserp.com,2025-12-06 00:00:00,2025-11-12 00:00:00
1763,ANNUAL,2026-06-10,2026-06-18,,APPROVED,anthony.lee@nexuserp.com,2026-05-31 00:00:00,2026-05-02 00:00:00
1763,ANNUAL,2026-01-23,2026-01-31,,REJECTED,anthony.lee@nexuserp.com,2026-01-13 00:00:00,2025-12-25 00:00:00
1764,ANNUAL,2025-12-24,2025-12-30,,APPROVED,ivan.davis@nexuserp.com,2025-12-20 00:00:00,2025-12-02 00:00:00
1766,ANNUAL,2026-01-25,2026-01-26,,APPROVED,matthew.hernandez@nexuserp.com,2026-01-15 00:00:00,2025-12-25 00:00:00
1767,ANNUAL,2024-11-24,2024-11-26,,REJECTED,aiko.silva@nexuserp.com,2024-11-18 00:00:00,2024-10-26 00:00:00
1767,SICK,2025-09-29,2025-09-29,,APPROVED,aiko.silva@nexuserp.com,2025-09-16 00:00:00,2025-09-01 00:00:00
1768,SICK,2026-04-27,2026-04-28,,APPROVED,andrew.smith@nexuserp.com,2026-04-21 00:00:00,2026-03-25 00:00:00
1768,ANNUAL,2026-02-08,2026-02-13,,APPROVED,andrew.smith@nexuserp.com,2026-02-03 00:00:00,2026-01-08 00:00:00
1768,ANNUAL,2026-08-08,2026-08-17,,APPROVED,andrew.smith@nexuserp.com,2026-07-27 00:00:00,2026-07-02 00:00:00
1770,ANNUAL,2026-09-17,2026-09-19,,APPROVED,hugo.jones@nexuserp.com,2026-08-29 00:00:00,2026-08-11 00:00:00
1770,ANNUAL,2025-10-29,2025-11-07,,APPROVED,hugo.jones@nexuserp.com,2025-10-20 00:00:00,2025-09-22 00:00:00
1771,ANNUAL,2026-01-31,2026-02-01,,APPROVED,manon.hernandez@nexuserp.com,2026-01-23 00:00:00,2025-12-26 00:00:00
1772,ANNUAL,2026-06-11,2026-06-18,,APPROVED,olivia.williams@nexuserp.com,2026-05-29 00:00:00,2026-05-20 00:00:00
1772,ANNUAL,2026-04-16,2026-04-25,,APPROVED,olivia.williams@nexuserp.com,2026-03-29 00:00:00,2026-03-16 00:00:00
1774,ANNUAL,2026-01-16,2026-01-24,,APPROVED,priya.shah@nexuserp.com,2026-01-08 00:00:00,2025-12-21 00:00:00
1774,ANNUAL,2026-03-29,2026-04-06,,APPROVED,priya.shah@nexuserp.com,2026-03-12 00:00:00,2026-03-03 00:00:00
1775,ANNUAL,2026-05-14,2026-05-16,,APPROVED,chloe.carter@nexuserp.com,2026-05-08 00:00:00,2026-04-06 00:00:00
1775,ANNUAL,2025-11-04,2025-11-13,,APPROVED,chloe.carter@nexuserp.com,2025-10-20 00:00:00,2025-09-27 00:00:00
1778,SICK,2026-06-23,2026-06-23,,APPROVED,kevin.hernandez@nexuserp.com,2026-06-15 00:00:00,2026-06-03 00:00:00
1778,SICK,2025-11-19,2025-11-21,,APPROVED,kevin.hernandez@nexuserp.com,2025-11-03 00:00:00,2025-10-15 00:00:00
1779,ANNUAL,2025-10-26,2025-11-03,,APPROVED,sandra.dubois@nexuserp.com,2025-10-11 00:00:00,2025-09-25 00:00:00
1779,ANNUAL,2026-05-12,2026-05-16,,APPROVED,sandra.dubois@nexuserp.com,2026-04-30 00:00:00,2026-04-03 00:00:00
1779,ANNUAL,2025-10-26,2025-11-01,,APPROVED,sandra.dubois@nexuserp.com,2025-10-21 00:00:00,2025-09-23 00:00:00
1780,ANNUAL,2026-03-08,2026-03-09,,APPROVED,elizabeth.russo@nexuserp.com,2026-02-22 00:00:00,2026-02-07 00:00:00
1780,ANNUAL,2025-12-03,2025-12-06,,APPROVED,elizabeth.russo@nexuserp.com,2025-11-22 00:00:00,2025-10-27 00:00:00
1780,ANNUAL,2026-05-24,2026-05-26,,APPROVED,elizabeth.russo@nexuserp.com,2026-05-07 00:00:00,2026-04-30 00:00:00
1783,ANNUAL,2025-04-24,2025-04-27,,APPROVED,mark.chen@nexuserp.com,2025-04-21 00:00:00,2025-03-31 00:00:00
1783,ANNUAL,2025-11-09,2025-11-13,,APPROVED,mark.chen@nexuserp.com,2025-11-06 00:00:00,2025-10-10 00:00:00
1784,ANNUAL,2026-10-28,2026-11-02,Wedding,PENDING,,,2026-09-24 00:00:00
1786,SICK,2026-02-02,2026-02-02,,APPROVED,hugo.jones@nexuserp.com,2026-01-21 00:00:00,2025-12-28 00:00:00
1786,ANNUAL,2026-08-16,2026-08-21,,APPROVED,hugo.jones@nexuserp.com,2026-08-11 00:00:00,2026-07-09 00:00:00
1787,ANNUAL,2025-10-04,2025-10-08,,APPROVED,amanda.martin2@nexuserp.com,2025-09-22 00:00:00,2025-08-27 00:00:00
1789,SICK,2026-03-15,2026-03-17,,APPROVED,hugo.jones@nexuserp.com,2026-02-27 00:00:00,2026-02-19 00:00:00
1789,SICK,2026-05-09,2026-05-09,,APPROVED,hugo.jones@nexuserp.com,2026-05-01 00:00:00,2026-04-06 00:00:00
1789,SICK,2025-12-06,2025-12-07,,APPROVED,hugo.jones@nexuserp.com,2025-11-22 00:00:00,2025-11-09 00:00:00
1792,ANNUAL,2026-04-02,2026-04-03,,REJECTED,jonathan.brown@nexuserp.com,2026-03-25 00:00:00,2026-03-09 00:00:00
1794,ANNUAL,2026-07-08,2026-07-12,,APPROVED,emily.harris@nexuserp.com,2026-06-24 00:00:00,2026-06-09 00:00:00
1797,SICK,2025-07-08,2025-07-10,,APPROVED,andrew.robinson2@nexuserp.com,2025-06-22 00:00:00,2025-05-31 00:00:00
1797,ANNUAL,2025-01-16,2025-01-17,,APPROVED,andrew.robinson2@nexuserp.com,2025-01-01 00:00:00,2024-12-10 00:00:00
1798,ANNUAL,2026-08-18,2026-08-24,,APPROVED,ashley.park@nexuserp.com,2026-08-09 00:00:00,2026-07-19 00:00:00
1798,SICK,2026-09-17,2026-09-19,,APPROVED,ashley.park@nexuserp.com,2026-09-13 00:00:00,2026-08-22 00:00:00
1799,SICK,2025-09-29,2025-10-01,,APPROVED,richard.carter@nexuserp.com,2025-09-25 00:00:00,2025-08-30 00:00:00
1800,SICK,2026-02-11,2026-02-12,,APPROVED,hugo.jones@nexuserp.com,2026-02-01 00:00:00,2026-01-10 00:00:00
1800,ANNUAL,2026-06-25,2026-07-01,,APPROVED,hugo.jones@nexuserp.com,2026-06-17 00:00:00,2026-05-25 00:00:00
1801,SICK,2025-12-26,2025-12-27,,APPROVED,priya.shah@nexuserp.com,2025-12-09 00:00:00,2025-12-02 00:00:00
1801,ANNUAL,2026-02-15,2026-02-22,,APPROVED,priya.shah@nexuserp.com,2026-02-03 00:00:00,2026-01-20 00:00:00
1802,ANNUAL,2025-12-14,2025-12-17,,APPROVED,olivia.williams@nexuserp.com,2025-12-01 00:00:00,2025-11-20 00:00:00
1803,ANNUAL,2026-07-29,2026-08-06,,APPROVED,anthony.lee@nexuserp.com,2026-07-10 00:00:00,2026-06-26 00:00:00
1803,ANNUAL,2026-05-10,2026-05-18,,APPROVED,anthony.lee@nexuserp.com,2026-04-23 00:00:00,2026-04-01 00:00:00
1804,ANNUAL,2026-01-31,2026-02-06,,APPROVED,richard.nguyen@nexuserp.com,2026-01-13 00:00:00,2025-12-29 00:00:00
1805,SICK,2026-06-14,2026-06-16,,APPROVED,emily.harris@nexuserp.com,2026-06-06 00:00:00,2026-05-11 00:00:00
1807,SICK,2025-08-31,2025-08-31,,APPROVED,luca.wang@nexuserp.com,2025-08-23 00:00:00,2025-07-26 00:00:00
1807,ANNUAL,2025-07-20,2025-07-22,,APPROVED,luca.wang@nexuserp.com,2025-07-10 00:00:00,2025-06-13 00:00:00
1807,ANNUAL,2025-03-17,2025-03-23,,APPROVED,luca.wang@nexuserp.com,2025-03-09 00:00:00,2025-02-11 00:00:00
1809,SICK,2025-04-15,2025-04-15,,APPROVED,wei.wilson@nexuserp.com,2025-04-01 00:00:00,2025-03-09 00:00:00
1809,ANNUAL,2025-12-06,2025-12-08,,APPROVED,wei.wilson@nexuserp.com,2025-11-19 00:00:00,2025-11-03 00:00:00
1812,ANNUAL,2026-09-09,2026-09-17,,APPROVED,susan.roberts@nexuserp.com,2026-09-06 00:00:00,2026-08-18 00:00:00
1813,ANNUAL,2026-09-16,2026-09-19,,APPROVED,joshua.roberts@nexuserp.com,2026-09-01 00:00:00,2026-08-24 00:00:00
1813,ANNUAL,2026-07-10,2026-07-16,,APPROVED,joshua.roberts@nexuserp.com,2026-06-25 00:00:00,2026-06-05 00:00:00
1814,ANNUAL,2026-05-04,2026-05-08,,APPROVED,nicholas.smith@nexuserp.com,2026-04-21 00:00:00,2026-03-31 00:00:00
1814,ANNUAL,2026-01-22,2026-01-27,,APPROVED,nicholas.smith@nexuserp.com,2026-01-13 00:00:00,2025-12-25 00:00:00
1815,ANNUAL,2026-10-27,2026-11-05,Moving house,PENDING,,,2026-09-26 00:00:00
1816,ANNUAL,2026-01-18,2026-01-26,,APPROVED,ryan.taylor@nexuserp.com,2026-01-12 00:00:00,2025-12-18 00:00:00
1818,ANNUAL,2025-03-24,2025-03-27,,APPROVED,camille.lewis@nexuserp.com,2025-03-19 00:00:00,2025-02-20 00:00:00
1821,ANNUAL,2026-02-24,2026-02-28,,APPROVED,matthew.hernandez@nexuserp.com,2026-02-12 00:00:00,2026-02-01 00:00:00
1822,ANNUAL,2026-09-13,2026-09-17,,APPROVED,priya.mitchell@nexuserp.com,2026-09-08 00:00:00,2026-08-13 00:00:00
1822,SICK,2026-09-22,2026-09-22,,APPROVED,priya.mitchell@nexuserp.com,2026-09-11 00:00:00,2026-08-22 00:00:00
1823,SICK,2025-11-10,2025-11-10,,APPROVED,amira.muller@nexuserp.com,2025-10-27 00:00:00,2025-10-03 00:00:00
1823,ANNUAL,2025-09-29,2025-10-07,,APPROVED,amira.muller@nexuserp.com,2025-09-14 00:00:00,2025-09-04 00:00:00
1824,ANNUAL,2026-03-27,2026-04-05,,APPROVED,tariq.lopez@nexuserp.com,2026-03-24 00:00:00,2026-02-22 00:00:00
1824,SICK,2026-01-09,2026-01-11,,APPROVED,tariq.lopez@nexuserp.com,2025-12-28 00:00:00,2025-12-06 00:00:00
1826,ANNUAL,2025-12-05,2025-12-07,,APPROVED,karen.lee@nexuserp.com,2025-11-22 00:00:00,2025-11-09 00:00:00
1827,ANNUAL,2026-02-25,2026-02-28,,APPROVED,wei.wilson@nexuserp.com,2026-02-20 00:00:00,2026-02-03 00:00:00
1827,OTHER,2026-06-24,2026-06-25,,APPROVED,wei.wilson@nexuserp.com,2026-06-14 00:00:00,2026-05-17 00:00:00
1827,ANNUAL,2026-02-22,2026-03-03,,APPROVED,wei.wilson@nexuserp.com,2026-02-14 00:00:00,2026-01-17 00:00:00
1829,ANNUAL,2026-08-25,2026-08-27,,APPROVED,sarah.thomas@nexuserp.com,2026-08-18 00:00:00,2026-07-29 00:00:00
1829,ANNUAL,2026-07-29,2026-08-07,,APPROVED,sarah.thomas@nexuserp.com,2026-07-25 00:00:00,2026-06-26 00:00:00
1830,ANNUAL,2026-02-22,2026-02-28,,APPROVED,aiko.silva@nexuserp.com,2026-02-12 00:00:00,2026-01-30 00:00:00
1830,SICK,2026-07-30,2026-07-30,,APPROVED,aiko.silva@nexuserp.com,2026-07-19 00:00:00,2026-07-10 00:00:00
1830,ANNUAL,2025-12-11,2025-12-16,,APPROVED,aiko.silva@nexuserp.com,2025-12-02 00:00:00,2025-11-06 00:00:00
1833,ANNUAL,2026-05-23,2026-05-24,,APPROVED,andrew.robinson2@nexuserp.com,2026-05-20 00:00:00,2026-04-22 00:00:00
1834,ANNUAL,2026-01-28,2026-02-06,,APPROVED,jonathan.brown@nexuserp.com,2026-01-14 00:00:00,2025-12-28 00:00:00
1835,ANNUAL,2026-01-03,2026-01-08,,APPROVED,adam.roberts@nexuserp.com,2025-12-28 00:00:00,2025-11-30 00:00:00
1836,ANNUAL,2026-03-08,2026-03-09,,APPROVED,mark.smith@nexuserp.com,2026-02-21 00:00:00,2026-02-15 00:00:00
1836,OTHER,2025-10-10,2025-10-19,,APPROVED,mark.smith@nexuserp.com,2025-09-27 00:00:00,2025-09-07 00:00:00
1836,ANNUAL,2026-09-15,2026-09-18,,APPROVED,mark.smith@nexuserp.com,2026-09-02 00:00:00,2026-08-09 00:00:00
1837,ANNUAL,2026-07-14,2026-07-16,,APPROVED,hugo.jones@nexuserp.com,2026-06-27 00:00:00,2026-06-13 00:00:00
1837,ANNUAL,2025-11-26,2025-11-29,,APPROVED,hugo.jones@nexuserp.com,2025-11-22 00:00:00,2025-10-23 00:00:00
1839,ANNUAL,2026-07-23,2026-07-24,,APPROVED,arjun.wang@nexuserp.com,2026-07-06 00:00:00,2026-07-02 00:00:00
1839,ANNUAL,2026-07-26,2026-08-02,,APPROVED,arjun.wang@nexuserp.com,2026-07-18 00:00:00,2026-06-29 00:00:00
1839,SICK,2026-08-15,2026-08-16,,APPROVED,arjun.wang@nexuserp.com,2026-08-04 00:00:00,2026-07-07 00:00:00
1842,SICK,2025-12-19,2025-12-20,,APPROVED,camille.lewis@nexuserp.com,2025-12-03 00:00:00,2025-11-24 00:00:00
1844,SICK,2025-10-30,2025-10-30,,APPROVED,camille.lewis@nexuserp.com,2025-10-17 00:00:00,2025-10-03 00:00:00
1844,ANNUAL,2026-02-26,2026-03-04,,APPROVED,camille.lewis@nexuserp.com,2026-02-20 00:00:00,2026-01-22 00:00:00
1845,SICK,2026-07-16,2026-07-16,,APPROVED,hana.lopez@nexuserp.com,2026-07-13 00:00:00,2026-06-24 00:00:00
1845,ANNUAL,2026-08-02,2026-08-06,,APPROVED,hana.lopez@nexuserp.com,2026-07-27 00:00:00,2026-07-12 00:00:00
1845,ANNUAL,2026-10-18,2026-10-25,Moving house,PENDING,,,2026-09-26 00:00:00
1849,ANNUAL,2026-08-25,2026-08-30,,APPROVED,sandra.dubois@nexuserp.com,2026-08-06 00:00:00,2026-08-05 00:00:00
1849,ANNUAL,2025-09-30,2025-10-08,,APPROVED,sandra.dubois@nexuserp.com,2025-09-18 00:00:00,2025-08-27 00:00:00
1852,ANNUAL,2026-07-28,2026-08-04,,APPROVED,luca.wang@nexuserp.com,2026-07-25 00:00:00,2026-07-04 00:00:00
1852,OTHER,2025-11-03,2025-11-09,,APPROVED,luca.wang@nexuserp.com,2025-10-15 00:00:00,2025-10-11 00:00:00
1852,SICK,2026-04-10,2026-04-12,,APPROVED,luca.wang@nexuserp.com,2026-03-30 00:00:00,2026-03-11 00:00:00
1853,SICK,2026-04-04,2026-04-05,,APPROVED,sharon.nielsen2@nexuserp.com,2026-03-26 00:00:00,2026-02-27 00:00:00
1853,ANNUAL,2026-09-15,2026-09-17,,REJECTED,sharon.nielsen2@nexuserp.com,2026-09-04 00:00:00,2026-08-14 00:00:00
1854,ANNUAL,2026-09-21,2026-09-22,,APPROVED,arjun.wang@nexuserp.com,2026-09-03 00:00:00,2026-08-30 00:00:00
1854,ANNUAL,2026-09-05,2026-09-08,,APPROVED,arjun.wang@nexuserp.com,2026-08-22 00:00:00,2026-08-15 00:00:00
1857,ANNUAL,2026-05-22,2026-05-24,,APPROVED,nancy.singh@nexuserp.com,2026-05-17 00:00:00,2026-04-15 00:00:00
1859,OTHER,2025-11-24,2025-11-25,,APPROVED,jennifer.rodriguez@nexuserp.com,2025-11-07 00:00:00,2025-10-28 00:00:00
1859,ANNUAL,2026-01-27,2026-01-31,,APPROVED,jennifer.rodriguez@nexuserp.com,2026-01-15 00:00:00,2026-01-07 00:00:00
1860,ANNUAL,2026-07-31,2026-08-02,,APPROVED,jacob.sato@nexuserp.com,2026-07-25 00:00:00,2026-07-08 00:00:00
1860,ANNUAL,2026-08-11,2026-08-12,,APPROVED,jacob.sato@nexuserp.com,2026-08-01 00:00:00,2026-07-03 00:00:00
1862,ANNUAL,2025-12-16,2025-12-17,,APPROVED,nicholas.brown2@nexuserp.com,2025-12-08 00:00:00,2025-11-15 00:00:00
1862,SICK,2025-12-16,2025-12-16,,APPROVED,nicholas.brown2@nexuserp.com,2025-12-02 00:00:00,2025-11-12 00:00:00
1863,ANNUAL,2026-04-03,2026-04-04,,APPROVED,elena.lee@nexuserp.com,2026-03-20 00:00:00,2026-03-03 00:00:00
1865,SICK,2026-03-26,2026-03-26,,APPROVED,kevin.hernandez@nexuserp.com,2026-03-20 00:00:00,2026-03-02 00:00:00
1865,ANNUAL,2026-01-08,2026-01-15,,APPROVED,kevin.hernandez@nexuserp.com,2026-01-04 00:00:00,2025-12-04 00:00:00
1866,ANNUAL,2025-11-10,2025-11-17,,APPROVED,hugo.jones@nexuserp.com,2025-11-05 00:00:00,2025-10-11 00:00:00
1866,ANNUAL,2026-07-02,2026-07-07,,APPROVED,hugo.jones@nexuserp.com,2026-06-28 00:00:00,2026-06-07 00:00:00
1867,ANNUAL,2026-02-04,2026-02-13,,APPROVED,hugo.jones@nexuserp.com,2026-02-01 00:00:00,2026-01-10 00:00:00
1868,UNPAID,2025-02-21,2025-02-26,,APPROVED,elizabeth.williams3@nexuserp.com,2025-02-04 00:00:00,2025-01-15 00:00:00
1869,SICK,2025-11-20,2025-11-21,,APPROVED,elizabeth.russo@nexuserp.com,2025-11-04 00:00:00,2025-10-18 00:00:00
1870,ANNUAL,2026-05-31,2026-06-05,,APPROVED,ivan.davis@nexuserp.com,2026-05-25 00:00:00,2026-04-28 00:00:00
1871,ANNUAL,2026-02-18,2026-02-24,,APPROVED,nour.obrien@nexuserp.com,2026-02-08 00:00:00,2026-01-28 00:00:00
1873,ANNUAL,2026-01-30,2026-02-01,,APPROVED,joshua.roberts@nexuserp.com,2026-01-18 00:00:00,2025-12-31 00:00:00
1873,ANNUAL,2026-07-16,2026-07-18,,APPROVED,joshua.roberts@nexuserp.com,2026-06-27 00:00:00,2026-06-18 00:00:00
1875,ANNUAL,2025-12-29,2026-01-03,,APPROVED,rayan.haddad@nexuserp.com,2025-12-26 00:00:00,2025-11-30 00:00:00
1875,ANNUAL,2026-06-25,2026-06-28,,APPROVED,rayan.haddad@nexuserp.com,2026-06-18 00:00:00,2026-06-02 00:00:00
1876,OTHER,2026-03-01,2026-03-02,,APPROVED,rayan.haddad@nexuserp.com,2026-02-18 00:00:00,2026-01-28 00:00:00
1878,SICK,2025-06-04,2025-06-04,,APPROVED,elena.scott@nexuserp.com,2025-05-23 00:00:00,2025-05-01 00:00:00
1878,ANNUAL,2025-08-08,2025-08-14,,APPROVED,elena.scott@nexuserp.com,2025-07-28 00:00:00,2025-07-03 00:00:00
1880,UNPAID,2025-11-01,2025-11-10,,APPROVED,paul.khalil@nexuserp.com,2025-10-27 00:00:00,2025-10-02 00:00:00
1881,UNPAID,2026-08-04,2026-08-05,,APPROVED,karen.lee@nexuserp.com,2026-07-28 00:00:00,2026-07-14 00:00:00
1881,ANNUAL,2026-08-24,2026-08-26,,REJECTED,karen.lee@nexuserp.com,2026-08-16 00:00:00,2026-07-30 00:00:00
1882,ANNUAL,2025-12-20,2025-12-26,,REJECTED,amanda.martin2@nexuserp.com,2025-12-07 00:00:00,2025-11-16 00:00:00
1882,SICK,2026-02-22,2026-02-22,,APPROVED,amanda.martin2@nexuserp.com,2026-02-11 00:00:00,2026-02-01 00:00:00
1882,ANNUAL,2026-07-30,2026-08-03,,APPROVED,amanda.martin2@nexuserp.com,2026-07-15 00:00:00,2026-06-23 00:00:00
1883,OTHER,2026-04-13,2026-04-14,,APPROVED,arjun.khalil@nexuserp.com,2026-03-30 00:00:00,2026-03-23 00:00:00
1883,ANNUAL,2026-03-03,2026-03-05,,REJECTED,arjun.khalil@nexuserp.com,2026-02-20 00:00:00,2026-01-27 00:00:00
1883,ANNUAL,2026-01-22,2026-01-26,,APPROVED,arjun.khalil@nexuserp.com,2026-01-11 00:00:00,2025-12-16 00:00:00
1885,ANNUAL,2026-07-18,2026-07-20,,APPROVED,sara.dubois@nexuserp.com,2026-07-13 00:00:00,2026-06-17 00:00:00
1888,OTHER,2026-04-27,2026-05-01,,APPROVED,wei.wilson@nexuserp.com,2026-04-12 00:00:00,2026-04-02 00:00:00
1893,SICK,2026-04-03,2026-04-03,,APPROVED,aiko.silva@nexuserp.com,2026-03-20 00:00:00,2026-03-08 00:00:00
1898,SICK,2026-05-16,2026-05-16,,APPROVED,sandra.dubois@nexuserp.com,2026-05-06 00:00:00,2026-04-19 00:00:00
1898,ANNUAL,2026-08-26,2026-09-03,,APPROVED,sandra.dubois@nexuserp.com,2026-08-20 00:00:00,2026-08-04 00:00:00
1900,ANNUAL,2026-05-30,2026-06-05,,APPROVED,hugo.jones@nexuserp.com,2026-05-15 00:00:00,2026-05-10 00:00:00
1900,ANNUAL,2026-05-14,2026-05-22,,APPROVED,hugo.jones@nexuserp.com,2026-05-03 00:00:00,2026-04-05 00:00:00
1903,OTHER,2026-03-11,2026-03-18,,APPROVED,matthew.hernandez@nexuserp.com,2026-03-03 00:00:00,2026-02-18 00:00:00
1907,OTHER,2025-12-05,2025-12-14,,APPROVED,arjun.khalil@nexuserp.com,2025-11-25 00:00:00,2025-10-28 00:00:00
1907,ANNUAL,2025-06-02,2025-06-10,,APPROVED,arjun.khalil@nexuserp.com,2025-05-17 00:00:00,2025-04-28 00:00:00
1907,SICK,2025-05-09,2025-05-11,,APPROVED,arjun.khalil@nexuserp.com,2025-04-28 00:00:00,2025-04-02 00:00:00
1908,ANNUAL,2026-03-21,2026-03-30,,APPROVED,andrew.robinson2@nexuserp.com,2026-03-11 00:00:00,2026-02-22 00:00:00
1908,ANNUAL,2025-12-24,2025-12-30,,REJECTED,andrew.robinson2@nexuserp.com,2025-12-13 00:00:00,2025-11-18 00:00:00
1908,SICK,2026-03-29,2026-03-30,,APPROVED,andrew.robinson2@nexuserp.com,2026-03-13 00:00:00,2026-02-27 00:00:00
1909,ANNUAL,2026-01-08,2026-01-16,,APPROVED,hana.lopez@nexuserp.com,2025-12-20 00:00:00,2025-12-16 00:00:00
1909,OTHER,2026-03-25,2026-03-29,,APPROVED,hana.lopez@nexuserp.com,2026-03-07 00:00:00,2026-02-23 00:00:00
1915,ANNUAL,2026-03-06,2026-03-08,,APPROVED,clara.novak@nexuserp.com,2026-02-18 00:00:00,2026-02-10 00:00:00
1916,ANNUAL,2026-01-27,2026-01-28,,REJECTED,nour.adams@nexuserp.com,2026-01-14 00:00:00,2025-12-31 00:00:00
1918,ANNUAL,2025-10-10,2025-10-17,,APPROVED,paul.moreau@nexuserp.com,2025-09-24 00:00:00,2025-09-11 00:00:00
1918,ANNUAL,2025-10-09,2025-10-10,,APPROVED,paul.moreau@nexuserp.com,2025-10-03 00:00:00,2025-09-12 00:00:00
1918,ANNUAL,2026-08-26,2026-08-31,,APPROVED,paul.moreau@nexuserp.com,2026-08-16 00:00:00,2026-08-06 00:00:00
1922,UNPAID,2026-02-16,2026-02-20,,APPROVED,mei.chen@nexuserp.com,2026-02-06 00:00:00,2026-01-13 00:00:00
1924,ANNUAL,2025-11-20,2025-11-22,,APPROVED,andrew.robinson2@nexuserp.com,2025-11-16 00:00:00,2025-10-31 00:00:00
1924,SICK,2025-12-24,2025-12-24,,APPROVED,andrew.robinson2@nexuserp.com,2025-12-07 00:00:00,2025-11-23 00:00:00
1928,ANNUAL,2026-04-25,2026-04-29,,APPROVED,felix.murphy@nexuserp.com,2026-04-15 00:00:00,2026-03-25 00:00:00
1929,ANNUAL,2026-05-10,2026-05-14,,APPROVED,sandra.dubois@nexuserp.com,2026-05-07 00:00:00,2026-04-20 00:00:00
1929,SICK,2026-01-24,2026-01-26,,APPROVED,sandra.dubois@nexuserp.com,2026-01-20 00:00:00,2025-12-29 00:00:00
1932,ANNUAL,2025-11-05,2025-11-12,,APPROVED,elena.scott@nexuserp.com,2025-10-21 00:00:00,2025-10-06 00:00:00
1932,SICK,2026-06-13,2026-06-13,,APPROVED,elena.scott@nexuserp.com,2026-05-26 00:00:00,2026-05-14 00:00:00
1932,ANNUAL,2026-08-23,2026-08-26,,REJECTED,elena.scott@nexuserp.com,2026-08-15 00:00:00,2026-07-31 00:00:00
1933,ANNUAL,2025-03-16,2025-03-17,,APPROVED,karim.park@nexuserp.com,2025-03-07 00:00:00,2025-02-07 00:00:00
1933,ANNUAL,2025-04-03,2025-04-07,,REJECTED,karim.park@nexuserp.com,2025-03-15 00:00:00,2025-03-08 00:00:00
1934,ANNUAL,2026-04-09,2026-04-17,,APPROVED,karen.oliveira2@nexuserp.com,2026-03-24 00:00:00,2026-03-05 00:00:00
1937,ANNUAL,2026-04-21,2026-04-29,,REJECTED,elizabeth.williams3@nexuserp.com,2026-04-14 00:00:00,2026-03-30 00:00:00
1937,ANNUAL,2026-08-22,2026-08-24,,APPROVED,elizabeth.williams3@nexuserp.com,2026-08-17 00:00:00,2026-07-14 00:00:00
1939,ANNUAL,2025-09-09,2025-09-13,,APPROVED,elena.scott@nexuserp.com,2025-08-22 00:00:00,2025-08-18 00:00:00
1939,ANNUAL,2025-11-25,2025-11-27,,APPROVED,elena.scott@nexuserp.com,2025-11-16 00:00:00,2025-10-28 00:00:00
1940,ANNUAL,2026-09-04,2026-09-06,,APPROVED,elizabeth.williams3@nexuserp.com,2026-08-24 00:00:00,2026-08-01 00:00:00
1940,ANNUAL,2026-05-07,2026-05-11,,APPROVED,elizabeth.williams3@nexuserp.com,2026-04-19 00:00:00,2026-04-03 00:00:00
1941,ANNUAL,2025-10-06,2025-10-13,,APPROVED,hugo.jones@nexuserp.com,2025-09-22 00:00:00,2025-09-05 00:00:00
1943,SICK,2026-08-24,2026-08-26,,APPROVED,karim.park@nexuserp.com,2026-08-15 00:00:00,2026-07-28 00:00:00
1943,ANNUAL,2026-08-18,2026-08-22,,APPROVED,karim.park@nexuserp.com,2026-08-13 00:00:00,2026-07-26 00:00:00
1944,ANNUAL,2025-11-19,2025-11-25,,APPROVED,camille.lewis@nexuserp.com,2025-11-03 00:00:00,2025-10-11 00:00:00
1945,UNPAID,2026-05-31,2026-06-03,,APPROVED,elizabeth.tanaka2@nexuserp.com,2026-05-25 00:00:00,2026-05-08 00:00:00
1945,ANNUAL,2026-07-07,2026-07-09,,APPROVED,elizabeth.tanaka2@nexuserp.com,2026-07-02 00:00:00,2026-06-09 00:00:00
1945,ANNUAL,2026-01-09,2026-01-11,,APPROVED,elizabeth.tanaka2@nexuserp.com,2026-01-02 00:00:00,2025-12-17 00:00:00
1947,ANNUAL,2026-06-16,2026-06-19,,APPROVED,camille.trabelsi@nexuserp.com,2026-06-12 00:00:00,2026-05-18 00:00:00
1948,ANNUAL,2025-12-24,2025-12-27,,APPROVED,richard.carter@nexuserp.com,2025-12-09 00:00:00,2025-12-04 00:00:00
1948,ANNUAL,2025-12-09,2025-12-13,,APPROVED,richard.carter@nexuserp.com,2025-11-28 00:00:00,2025-11-12 00:00:00
1949,ANNUAL,2026-01-20,2026-01-21,,APPROVED,paul.taylor@nexuserp.com,2026-01-09 00:00:00,2025-12-23 00:00:00
1949,ANNUAL,2026-05-25,2026-05-27,,APPROVED,paul.taylor@nexuserp.com,2026-05-17 00:00:00,2026-04-24 00:00:00
1950,ANNUAL,2026-02-13,2026-02-16,,APPROVED,susan.roberts@nexuserp.com,2026-02-07 00:00:00,2026-01-12 00:00:00
1950,ANNUAL,2026-04-27,2026-04-28,,APPROVED,susan.roberts@nexuserp.com,2026-04-20 00:00:00,2026-03-21 00:00:00
1951,ANNUAL,2026-04-07,2026-04-12,,APPROVED,elizabeth.tanaka2@nexuserp.com,2026-04-03 00:00:00,2026-03-03 00:00:00
1951,ANNUAL,2025-12-12,2025-12-14,,APPROVED,elizabeth.tanaka2@nexuserp.com,2025-11-26 00:00:00,2025-11-14 00:00:00
1951,UNPAID,2025-10-08,2025-10-09,,REJECTED,elizabeth.tanaka2@nexuserp.com,2025-09-29 00:00:00,2025-09-14 00:00:00
1952,ANNUAL,2026-05-18,2026-05-25,,APPROVED,arjun.khalil@nexuserp.com,2026-04-30 00:00:00,2026-04-23 00:00:00
1952,ANNUAL,2026-02-01,2026-02-06,,APPROVED,arjun.khalil@nexuserp.com,2026-01-13 00:00:00,2026-01-01 00:00:00
1952,SICK,2026-07-07,2026-07-08,,APPROVED,arjun.khalil@nexuserp.com,2026-07-03 00:00:00,2026-06-13 00:00:00
1954,ANNUAL,2026-03-05,2026-03-14,,APPROVED,anthony.lee@nexuserp.com,2026-02-19 00:00:00,2026-01-30 00:00:00
1954,ANNUAL,2026-06-05,2026-06-13,,APPROVED,anthony.lee@nexuserp.com,2026-05-27 00:00:00,2026-04-30 00:00:00
1955,ANNUAL,2026-06-26,2026-06-28,,APPROVED,sarah.thomas@nexuserp.com,2026-06-20 00:00:00,2026-05-31 00:00:00
1955,ANNUAL,2026-05-13,2026-05-21,,APPROVED,sarah.thomas@nexuserp.com,2026-04-27 00:00:00,2026-04-17 00:00:00
1956,ANNUAL,2026-02-24,2026-03-01,,APPROVED,timothy.moreau@nexuserp.com,2026-02-19 00:00:00,2026-02-02 00:00:00
1956,ANNUAL,2025-12-28,2026-01-06,,APPROVED,timothy.moreau@nexuserp.com,2025-12-23 00:00:00,2025-12-06 00:00:00
1961,SICK,2026-04-03,2026-04-04,,APPROVED,mark.lee@nexuserp.com,2026-03-28 00:00:00,2026-03-05 00:00:00
1962,ANNUAL,2026-02-13,2026-02-20,,APPROVED,mark.smith@nexuserp.com,2026-02-04 00:00:00,2026-01-14 00:00:00
1962,SICK,2026-02-26,2026-02-28,,APPROVED,mark.smith@nexuserp.com,2026-02-20 00:00:00,2026-01-31 00:00:00
1965,UNPAID,2026-04-07,2026-04-08,,APPROVED,sharon.nielsen2@nexuserp.com,2026-03-22 00:00:00,2026-03-03 00:00:00
1966,ANNUAL,2025-10-20,2025-10-28,,APPROVED,nancy.singh@nexuserp.com,2025-10-02 00:00:00,2025-09-14 00:00:00
1966,ANNUAL,2026-01-02,2026-01-09,,REJECTED,nancy.singh@nexuserp.com,2025-12-19 00:00:00,2025-12-06 00:00:00
1967,ANNUAL,2025-06-02,2025-06-08,,APPROVED,mark.lee@nexuserp.com,2025-05-30 00:00:00,2025-05-05 00:00:00
1967,ANNUAL,2025-12-18,2025-12-24,,APPROVED,mark.lee@nexuserp.com,2025-12-12 00:00:00,2025-11-27 00:00:00
1968,ANNUAL,2025-01-19,2025-01-20,,APPROVED,paul.khalil@nexuserp.com,2025-01-06 00:00:00,2024-12-21 00:00:00
1968,ANNUAL,2025-09-13,2025-09-17,,APPROVED,paul.khalil@nexuserp.com,2025-08-27 00:00:00,2025-08-16 00:00:00
1969,ANNUAL,2026-08-21,2026-08-23,,APPROVED,manon.hernandez@nexuserp.com,2026-08-12 00:00:00,2026-08-01 00:00:00
1969,ANNUAL,2025-11-29,2025-12-03,,APPROVED,manon.hernandez@nexuserp.com,2025-11-24 00:00:00,2025-11-02 00:00:00
1970,ANNUAL,2025-10-09,2025-10-17,,APPROVED,jennifer.rodriguez@nexuserp.com,2025-09-29 00:00:00,2025-09-03 00:00:00
1970,ANNUAL,2026-04-10,2026-04-14,,APPROVED,jennifer.rodriguez@nexuserp.com,2026-03-25 00:00:00,2026-03-17 00:00:00
1971,ANNUAL,2025-10-15,2025-10-21,,APPROVED,susan.muller@nexuserp.com,2025-09-29 00:00:00,2025-09-22 00:00:00
1971,ANNUAL,2025-11-19,2025-11-20,,APPROVED,susan.muller@nexuserp.com,2025-11-06 00:00:00,2025-10-22 00:00:00
1972,ANNUAL,2026-01-28,2026-01-31,,APPROVED,kevin.hernandez@nexuserp.com,2026-01-22 00:00:00,2026-01-02 00:00:00
1972,ANNUAL,2025-11-21,2025-11-28,,APPROVED,kevin.hernandez@nexuserp.com,2025-11-07 00:00:00,2025-10-29 00:00:00
1972,ANNUAL,2026-04-24,2026-05-01,,APPROVED,kevin.hernandez@nexuserp.com,2026-04-06 00:00:00,2026-04-04 00:00:00
1973,ANNUAL,2026-08-20,2026-08-28,,APPROVED,james.park@nexuserp.com,2026-08-05 00:00:00,2026-07-15 00:00:00
1973,ANNUAL,2026-08-01,2026-08-06,,APPROVED,james.park@nexuserp.com,2026-07-15 00:00:00,2026-07-01 00:00:00
1973,ANNUAL,2025-10-02,2025-10-09,,APPROVED,james.park@nexuserp.com,2025-09-25 00:00:00,2025-08-29 00:00:00
1974,SICK,2026-02-06,2026-02-08,,APPROVED,rayan.flores@nexuserp.com,2026-01-27 00:00:00,2026-01-08 00:00:00
1974,ANNUAL,2025-11-10,2025-11-17,,APPROVED,rayan.flores@nexuserp.com,2025-11-04 00:00:00,2025-10-03 00:00:00
1975,ANNUAL,2026-05-09,2026-05-11,,APPROVED,elizabeth.tanaka2@nexuserp.com,2026-04-22 00:00:00,2026-03-31 00:00:00
1976,ANNUAL,2026-01-16,2026-01-24,,APPROVED,timothy.moreau@nexuserp.com,2026-01-13 00:00:00,2025-12-14 00:00:00
1979,ANNUAL,2025-11-07,2025-11-10,,APPROVED,hugo.jones@nexuserp.com,2025-10-21 00:00:00,2025-10-11 00:00:00
1980,SICK,2026-08-20,2026-08-21,,APPROVED,samuel.rivera@nexuserp.com,2026-08-02 00:00:00,2026-07-29 00:00:00
1981,ANNUAL,2026-02-07,2026-02-09,,APPROVED,priya.mitchell@nexuserp.com,2026-01-28 00:00:00,2026-01-17 00:00:00
1981,ANNUAL,2025-12-24,2025-12-25,,APPROVED,priya.mitchell@nexuserp.com,2025-12-20 00:00:00,2025-11-28 00:00:00
1981,SICK,2026-08-27,2026-08-29,,APPROVED,priya.mitchell@nexuserp.com,2026-08-09 00:00:00,2026-07-23 00:00:00
1982,ANNUAL,2026-05-21,2026-05-25,,APPROVED,olivia.williams@nexuserp.com,2026-05-08 00:00:00,2026-04-27 00:00:00
1982,SICK,2025-12-18,2025-12-20,,APPROVED,olivia.williams@nexuserp.com,2025-12-09 00:00:00,2025-11-28 00:00:00
1986,SICK,2025-11-01,2025-11-02,,APPROVED,camille.wang@nexuserp.com,2025-10-14 00:00:00,2025-09-23 00:00:00
1987,ANNUAL,2025-11-05,2025-11-10,,APPROVED,emily.harris@nexuserp.com,2025-10-28 00:00:00,2025-09-28 00:00:00
1987,SICK,2026-06-26,2026-06-26,,APPROVED,emily.harris@nexuserp.com,2026-06-13 00:00:00,2026-05-25 00:00:00
1989,ANNUAL,2026-08-02,2026-08-11,,APPROVED,sharon.muller@nexuserp.com,2026-07-16 00:00:00,2026-07-11 00:00:00
1992,SICK,2025-11-23,2025-11-25,,APPROVED,jacob.sato@nexuserp.com,2025-11-14 00:00:00,2025-10-30 00:00:00
1992,ANNUAL,2026-03-30,2026-04-02,,REJECTED,jacob.sato@nexuserp.com,2026-03-15 00:00:00,2026-02-19 00:00:00
1993,ANNUAL,2026-06-11,2026-06-18,,APPROVED,anthony.lee@nexuserp.com,2026-06-05 00:00:00,2026-05-12 00:00:00
1993,SICK,2025-11-18,2025-11-20,,APPROVED,anthony.lee@nexuserp.com,2025-11-14 00:00:00,2025-10-13 00:00:00
1995,ANNUAL,2026-07-29,2026-08-02,,APPROVED,camille.wang@nexuserp.com,2026-07-26 00:00:00,2026-07-02 00:00:00
1996,ANNUAL,2026-09-07,2026-09-16,,APPROVED,adam.roberts@nexuserp.com,2026-08-26 00:00:00,2026-08-13 00:00:00
1996,ANNUAL,2026-04-30,2026-05-03,,REJECTED,adam.roberts@nexuserp.com,2026-04-26 00:00:00,2026-04-10 00:00:00
1997,ANNUAL,2026-05-18,2026-05-23,,APPROVED,samuel.rivera@nexuserp.com,2026-05-07 00:00:00,2026-04-22 00:00:00
1997,ANNUAL,2026-03-21,2026-03-23,,APPROVED,samuel.rivera@nexuserp.com,2026-03-14 00:00:00,2026-02-23 00:00:00
2000,ANNUAL,2026-09-08,2026-09-15,,APPROVED,hugo.jones@nexuserp.com,2026-09-03 00:00:00,2026-08-01 00:00:00
2000,ANNUAL,2026-03-09,2026-03-18,,APPROVED,hugo.jones@nexuserp.com,2026-02-22 00:00:00,2026-02-06 00:00:00
2003,ANNUAL,2026-05-14,2026-05-23,,APPROVED,hiroshi.scott2@nexuserp.com,2026-05-02 00:00:00,2026-04-22 00:00:00
2003,ANNUAL,2026-07-31,2026-08-07,,APPROVED,hiroshi.scott2@nexuserp.com,2026-07-17 00:00:00,2026-07-11 00:00:00
2007,ANNUAL,2025-12-10,2025-12-17,,APPROVED,ivan.davis@nexuserp.com,2025-11-26 00:00:00,2025-11-11 00:00:00
2007,ANNUAL,2025-11-22,2025-11-26,,APPROVED,ivan.davis@nexuserp.com,2025-11-04 00:00:00,2025-10-30 00:00:00
2007,OTHER,2026-04-08,2026-04-12,,APPROVED,ivan.davis@nexuserp.com,2026-03-27 00:00:00,2026-03-08 00:00:00
2008,ANNUAL,2026-09-01,2026-09-06,,APPROVED,richard.carter@nexuserp.com,2026-08-18 00:00:00,2026-08-05 00:00:00
2009,ANNUAL,2025-11-17,2025-11-24,,APPROVED,jennifer.rodriguez@nexuserp.com,2025-11-06 00:00:00,2025-10-14 00:00:00
2010,ANNUAL,2026-03-11,2026-03-15,,APPROVED,sharon.muller@nexuserp.com,2026-03-05 00:00:00,2026-02-15 00:00:00
2012,ANNUAL,2026-11-16,2026-11-25,Wedding,PENDING,,,2026-09-23 00:00:00
2015,ANNUAL,2026-02-01,2026-02-08,,APPROVED,hugo.jones@nexuserp.com,2026-01-27 00:00:00,2026-01-08 00:00:00
2015,ANNUAL,2026-04-26,2026-04-29,,APPROVED,hugo.jones@nexuserp.com,2026-04-18 00:00:00,2026-03-30 00:00:00
2016,ANNUAL,2026-04-29,2026-05-02,,APPROVED,elizabeth.russo@nexuserp.com,2026-04-15 00:00:00,2026-03-27 00:00:00
2017,ANNUAL,2026-01-30,2026-02-04,,APPROVED,hugo.jones@nexuserp.com,2026-01-11 00:00:00,2025-12-25 00:00:00
2018,ANNUAL,2025-10-03,2025-10-04,,APPROVED,elena.lee@nexuserp.com,2025-09-30 00:00:00,2025-08-29 00:00:00
2019,ANNUAL,2026-03-29,2026-04-05,,REJECTED,elizabeth.russo@nexuserp.com,2026-03-26 00:00:00,2026-03-09 00:00:00
2019,UNPAID,2026-03-07,2026-03-08,,APPROVED,elizabeth.russo@nexuserp.com,2026-03-02 00:00:00,2026-02-08 00:00:00
2020,ANNUAL,2026-05-23,2026-05-28,,APPROVED,elena.scott@nexuserp.com,2026-05-04 00:00:00,2026-04-28 00:00:00
2020,ANNUAL,2026-04-22,2026-05-01,,APPROVED,elena.scott@nexuserp.com,2026-04-15 00:00:00,2026-03-25 00:00:00
2021,ANNUAL,2026-02-09,2026-02-17,,APPROVED,rayan.haddad@nexuserp.com,2026-01-26 00:00:00,2026-01-04 00:00:00
2022,ANNUAL,2025-10-17,2025-10-23,,APPROVED,hugo.jones@nexuserp.com,2025-09-28 00:00:00,2025-09-15 00:00:00
2022,ANNUAL,2026-03-28,2026-03-31,,APPROVED,hugo.jones@nexuserp.com,2026-03-18 00:00:00,2026-02-27 00:00:00
2023,ANNUAL,2026-05-18,2026-05-22,,APPROVED,elizabeth.russo@nexuserp.com,2026-05-03 00:00:00,2026-04-13 00:00:00
2024,ANNUAL,2026-03-28,2026-03-29,,APPROVED,amanda.martin2@nexuserp.com,2026-03-14 00:00:00,2026-02-22 00:00:00
2024,ANNUAL,2026-03-05,2026-03-14,,REJECTED,amanda.martin2@nexuserp.com,2026-02-22 00:00:00,2026-02-07 00:00:00
2025,ANNUAL,2026-07-28,2026-08-04,,REJECTED,chloe.carter@nexuserp.com,2026-07-14 00:00:00,2026-07-02 00:00:00
2025,ANNUAL,2026-06-02,2026-06-09,,APPROVED,chloe.carter@nexuserp.com,2026-05-27 00:00:00,2026-04-26 00:00:00
2027,ANNUAL,2025-10-10,2025-10-17,,APPROVED,aiko.silva@nexuserp.com,2025-09-25 00:00:00,2025-09-17 00:00:00
2027,ANNUAL,2025-06-04,2025-06-13,,APPROVED,aiko.silva@nexuserp.com,2025-05-23 00:00:00,2025-05-03 00:00:00
2027,ANNUAL,2025-04-02,2025-04-05,,APPROVED,aiko.silva@nexuserp.com,2025-03-18 00:00:00,2025-03-04 00:00:00
2031,ANNUAL,2026-01-18,2026-01-26,,APPROVED,hugo.jones@nexuserp.com,2026-01-03 00:00:00,2025-12-16 00:00:00
2031,ANNUAL,2026-02-16,2026-02-19,,APPROVED,hugo.jones@nexuserp.com,2026-02-13 00:00:00,2026-01-14 00:00:00
2031,UNPAID,2026-07-12,2026-07-18,,APPROVED,hugo.jones@nexuserp.com,2026-07-06 00:00:00,2026-06-10 00:00:00
2032,ANNUAL,2025-04-14,2025-04-21,,APPROVED,lucas.laurent@nexuserp.com,2025-04-05 00:00:00,2025-03-17 00:00:00
2034,ANNUAL,2026-01-13,2026-01-22,,APPROVED,cynthia.lewis2@nexuserp.com,2025-12-25 00:00:00,2025-12-20 00:00:00
2034,ANNUAL,2026-04-04,2026-04-13,,APPROVED,cynthia.lewis2@nexuserp.com,2026-03-31 00:00:00,2026-03-08 00:00:00
2034,ANNUAL,2026-06-07,2026-06-12,,APPROVED,cynthia.lewis2@nexuserp.com,2026-06-03 00:00:00,2026-05-13 00:00:00
2035,SICK,2026-05-22,2026-05-24,,APPROVED,clara.novak@nexuserp.com,2026-05-17 00:00:00,2026-04-21 00:00:00
2035,ANNUAL,2025-10-02,2025-10-10,,APPROVED,clara.novak@nexuserp.com,2025-09-19 00:00:00,2025-08-25 00:00:00
2035,ANNUAL,2026-06-05,2026-06-11,,APPROVED,clara.novak@nexuserp.com,2026-05-28 00:00:00,2026-04-28 00:00:00
2036,ANNUAL,2026-04-09,2026-04-12,,APPROVED,elizabeth.russo@nexuserp.com,2026-03-26 00:00:00,2026-03-14 00:00:00
2037,ANNUAL,2026-04-09,2026-04-18,,APPROVED,hana.lopez@nexuserp.com,2026-03-27 00:00:00,2026-03-18 00:00:00
2038,ANNUAL,2026-05-07,2026-05-10,,APPROVED,ashley.park@nexuserp.com,2026-04-29 00:00:00,2026-04-12 00:00:00
2040,UNPAID,2026-05-12,2026-05-16,,APPROVED,kevin.hernandez@nexuserp.com,2026-05-03 00:00:00,2026-04-15 00:00:00
2040,ANNUAL,2026-06-05,2026-06-06,,APPROVED,kevin.hernandez@nexuserp.com,2026-06-02 00:00:00,2026-05-16 00:00:00
2041,ANNUAL,2026-01-12,2026-01-14,,APPROVED,sharon.nielsen2@nexuserp.com,2026-01-06 00:00:00,2025-12-23 00:00:00
2041,SICK,2026-04-24,2026-04-24,,APPROVED,sharon.nielsen2@nexuserp.com,2026-04-07 00:00:00,2026-03-21 00:00:00
2041,ANNUAL,2025-10-03,2025-10-11,,APPROVED,sharon.nielsen2@nexuserp.com,2025-09-14 00:00:00,2025-09-10 00:00:00
2041,ANNUAL,2026-10-16,2026-10-25,Family holiday,PENDING,,,2026-09-22 00:00:00
2044,SICK,2025-09-21,2025-09-21,,APPROVED,hana.lopez@nexuserp.com,2025-09-17 00:00:00,2025-08-26 00:00:00
2044,ANNUAL,2025-10-09,2025-10-13,,APPROVED,hana.lopez@nexuserp.com,2025-09-25 00:00:00,2025-09-01 00:00:00
2044,ANNUAL,2025-03-23,2025-04-01,,APPROVED,hana.lopez@nexuserp.com,2025-03-04 00:00:00,2025-03-02 00:00:00
2045,ANNUAL,2026-02-14,2026-02-23,,APPROVED,camille.wang@nexuserp.com,2026-01-29 00:00:00,2026-01-13 00:00:00
2048,ANNUAL,2026-05-15,2026-05-23,,APPROVED,ivan.davis@nexuserp.com,2026-05-02 00:00:00,2026-04-18 00:00:00
2048,ANNUAL,2026-01-28,2026-01-30,,APPROVED,ivan.davis@nexuserp.com,2026-01-20 00:00:00,2025-12-28 00:00:00
2049,ANNUAL,2026-03-09,2026-03-17,,APPROVED,priya.mitchell@nexuserp.com,2026-03-04 00:00:00,2026-02-07 00:00:00
2049,SICK,2025-12-30,2025-12-31,,APPROVED,priya.mitchell@nexuserp.com,2025-12-12 00:00:00,2025-12-03 00:00:00
2051,ANNUAL,2026-05-29,2026-06-02,,APPROVED,arjun.wang@nexuserp.com,2026-05-15 00:00:00,2026-04-28 00:00:00
2052,UNPAID,2026-05-02,2026-05-05,,APPROVED,karen.oliveira2@nexuserp.com,2026-04-29 00:00:00,2026-03-24 00:00:00
2053,UNPAID,2025-11-10,2025-11-15,,APPROVED,andrew.smith@nexuserp.com,2025-10-29 00:00:00,2025-10-05 00:00:00
2053,ANNUAL,2026-11-10,2026-11-11,Moving house,PENDING,,,2026-09-24 00:00:00
2054,ANNUAL,2025-09-28,2025-09-30,,APPROVED,camille.trabelsi@nexuserp.com,2025-09-15 00:00:00,2025-09-04 00:00:00
2055,ANNUAL,2025-04-08,2025-04-10,,APPROVED,clara.novak@nexuserp.com,2025-03-27 00:00:00,2025-03-19 00:00:00
2055,ANNUAL,2025-07-15,2025-07-23,,APPROVED,clara.novak@nexuserp.com,2025-07-01 00:00:00,2025-06-19 00:00:00
2056,ANNUAL,2026-02-05,2026-02-07,,APPROVED,nicholas.brown2@nexuserp.com,2026-01-27 00:00:00,2026-01-16 00:00:00
2056,ANNUAL,2026-05-31,2026-06-05,,APPROVED,nicholas.brown2@nexuserp.com,2026-05-18 00:00:00,2026-05-11 00:00:00
2056,ANNUAL,2026-03-14,2026-03-21,,APPROVED,nicholas.brown2@nexuserp.com,2026-03-03 00:00:00,2026-02-11 00:00:00
2057,ANNUAL,2026-03-22,2026-03-23,,APPROVED,chloe.carter@nexuserp.com,2026-03-07 00:00:00,2026-02-26 00:00:00
2057,ANNUAL,2026-04-28,2026-05-03,,APPROVED,chloe.carter@nexuserp.com,2026-04-12 00:00:00,2026-03-23 00:00:00
2060,SICK,2026-06-10,2026-06-12,,APPROVED,kevin.obrien@nexuserp.com,2026-06-05 00:00:00,2026-05-02 00:00:00
2061,OTHER,2025-12-09,2025-12-11,,APPROVED,rayan.flores@nexuserp.com,2025-12-05 00:00:00,2025-11-03 00:00:00
2062,ANNUAL,2026-02-22,2026-02-28,,APPROVED,matthew.hernandez@nexuserp.com,2026-02-13 00:00:00,2026-01-30 00:00:00
2064,ANNUAL,2026-09-16,2026-09-23,,APPROVED,chloe.carter@nexuserp.com,2026-09-04 00:00:00,2026-08-11 00:00:00
2064,ANNUAL,2025-10-05,2025-10-10,,APPROVED,chloe.carter@nexuserp.com,2025-09-28 00:00:00,2025-09-06 00:00:00
2064,SICK,2025-09-27,2025-09-28,,APPROVED,chloe.carter@nexuserp.com,2025-09-18 00:00:00,2025-08-21 00:00:00
2065,ANNUAL,2026-07-16,2026-07-21,,APPROVED,andrew.robinson2@nexuserp.com,2026-06-28 00:00:00,2026-06-26 00:00:00
2065,ANNUAL,2026-09-01,2026-09-06,,APPROVED,andrew.robinson2@nexuserp.com,2026-08-13 00:00:00,2026-08-11 00:00:00
2068,ANNUAL,2025-12-08,2025-12-15,,APPROVED,hiroshi.scott2@nexuserp.com,2025-12-01 00:00:00,2025-11-05 00:00:00
2068,ANNUAL,2026-07-14,2026-07-20,,APPROVED,hiroshi.scott2@nexuserp.com,2026-07-04 00:00:00,2026-06-07 00:00:00
