employee_id,reviewer,review_date,rating,comments
1,adam.roberts@nexuserp.com,2025-12-20,3,Meets expectations. Good involvement. Regular overtime: watch the workload.
2,sara.dubois@nexuserp.com,2026-04-24,4,Exceeds expectations. Involvement could improve.
4,lucas.laurent@nexuserp.com,2025-07-06,3,Meets expectations. Involvement could improve. Regular overtime: watch the workload.
5,sara.khalil@nexuserp.com,2026-07-09,3,Meets expectations. Good involvement. Regular overtime: watch the workload.
7,lea.moreau@nexuserp.com,2026-05-03,3,Meets expectations. Good involvement.
8,sharon.muller@nexuserp.com,2026-04-02,3,Meets expectations. Good involvement.
10,lea.moreau@nexuserp.com,2026-07-23,4,Exceeds expectations. Very high involvement. Regular overtime: watch the workload.
11,karen.lee@nexuserp.com,2026-03-08,4,Exceeds expectations. Good involvement.
12,john.clark@nexuserp.com,2026-03-14,4,Exceeds expectations. Involvement could improve.
13,susan.muller@nexuserp.com,2026-01-12,3,Meets expectations. Good involvement. No promotion for 7 years: discuss career path.
14,ryan.khalil@nexuserp.com,2026-08-13,3,Meets expectations. Very high involvement. Followed 5 trainings this year.
15,lucas.laurent@nexuserp.com,2026-06-27,3,Meets expectations. Involvement could improve. Regular overtime: watch the workload.
16,sara.dubois@nexuserp.com,2026-05-03,3,Meets expectations. Good involvement. No promotion for 4 years: discuss career path.
18,rayan.flores@nexuserp.com,2026-01-01,3,Meets expectations. Good involvement.
19,luca.wang@nexuserp.com,2025-10-23,3,Meets expectations. Involvement could improve. Followed 4 trainings this year. Regular overtime: watch the workload.
20,cynthia.lewis2@nexuserp.com,2025-12-07,3,Meets expectations. Very high involvement. No promotion for 8 years: discuss career path.
21,sara.khalil@nexuserp.com,2025-12-11,3,Meets expectations. Very high involvement. Followed 5 trainings this year. Regular overtime: watch the workload.
22,luca.wang@nexuserp.com,2026-08-02,3,Meets expectations. Very high involvement. Regular overtime: watch the workload.
23,tariq.lopez@nexuserp.com,2026-05-21,3,Meets expectations. Involvement could improve.
24,jonathan.brown@nexuserp.com,2026-06-18,3,Meets expectations. Good involvement. Regular overtime: watch the workload.
26,mark.patel@nexuserp.com,2026-04-17,3,Meets expectations. Very high involvement. Followed 5 trainings this year.
27,mark.lee@nexuserp.com,2025-07-04,4,Exceeds expectations. Involvement could improve. Followed 4 trainings this year.
28,hugo.jones@nexuserp.com,2026-05-18,3,Meets expectations. Good involvement. Followed 4 trainings this year.
30,karen.oliveira2@nexuserp.com,2026-03-01,3,Meets expectations. Good involvement. Followed 6 trainings this year.
31,steven.laurent@nexuserp.com,2026-02-05,3,Meets expectations. Good involvement.
32,hugo.jones@nexuserp.com,2026-03-26,3,Meets expectations. Good involvement. No promotion for 4 years: discuss career path.
33,sara.dubois@nexuserp.com,2025-07-12,4,Exceeds expectations. Low involvement: needs support. Followed 5 trainings this year. No promotion for 6 years: discuss career path. Regular overtime: watch the workload.
35,amanda.martin2@nexuserp.com,2025-12-22,3,Meets expectations. Good involvement. No promotion for 4 years: discuss career path.
36,priya.mitchell@nexuserp.com,2026-01-28,3,Meets expectations. Involvement could improve. Followed 4 trainings this year. No promotion for 5 years: discuss career path.
38,tariq.lopez@nexuserp.com,2026-06-30,3,Meets expectations. Good involvement.
39,rayan.flores@nexuserp.com,2026-03-12,3,Meets expectations. Good involvement.
40,susan.muller@nexuserp.com,2026-05-27,3,Meets expectations. Good involvement. Followed 5 trainings this year. Regular overtime: watch the workload.
41,jacob.sato@nexuserp.com,2026-05-01,3,Meets expectations. Involvement could improve. Followed 5 trainings this year.
42,elizabeth.russo@nexuserp.com,2026-03-10,3,Meets expectations. Good involvement. Followed 6 trainings this year.
45,richard.carter@nexuserp.com,2025-05-03,3,Meets expectations. Good involvement. Regular overtime: watch the workload.
46,eric.adams2@nexuserp.com,2026-06-10,3,Meets expectations. Very high involvement.
47,felix.murphy@nexuserp.com,2026-06-02,3,Meets expectations. Involvement could improve. Regular overtime: watch the workload.
49,adam.roberts@nexuserp.com,2026-07-06,3,Meets expectations. Good involvement.
51,timothy.moreau@nexuserp.com,2026-01-15,3,Meets expectations. Involvement could improve. Regular overtime: watch the workload.
52,elizabeth.russo@nexuserp.com,2026-06-08,3,Meets expectations. Very high involvement.
53,hiroshi.scott2@nexuserp.com,2026-08-11,3,Meets expectations. Good involvement.
54,ryan.khalil@nexuserp.com,2026-05-11,3,Meets expectations. Good involvement. Followed 6 trainings this year.
55,rayan.flores@nexuserp.com,2025-11-17,3,Meets expectations. Low involvement: needs support.
56,amira.muller@nexuserp.com,2026-01-03,3,Meets expectations. Good involvement.
57,andrew.smith@nexuserp.com,2025-12-14,4,Exceeds expectations. Good involvement.
58,hugo.jones@nexuserp.com,2025-08-08,3,Meets expectations. Good involvement. No promotion for 15 years: discuss career path.
60,mark.lee@nexuserp.com,2026-01-18,4,Exceeds expectations. Good involvement. No promotion for 8 years: discuss career path.
61,ashley.park@nexuserp.com,2026-01-30,4,Exceeds expectations. Good involvement.
62,clara.novak@nexuserp.com,2026-08-22,4,Exceeds expectations. Good involvement. Followed 4 trainings this year. Regular overtime: watch the workload.
63,andrew.smith@nexuserp.com,2026-05-06,3,Meets expectations. Very high involvement.
64,andrew.smith@nexuserp.com,2025-04-15,3,Meets expectations. Involvement could improve. Regular overtime: watch the workload.
65,paul.moreau@nexuserp.com,2025-07-25,3,Meets expectations. Good involvement. Regular overtime: watch the workload.
68,camille.wang@nexuserp.com,2026-01-15,4,Exceeds expectations. Good involvement. Regular overtime: watch the workload.
70,sarah.thomas@nexuserp.com,2025-12-04,3,Meets expectations. Involvement could improve. Regular overtime: watch the workload.
72,susan.roberts@nexuserp.com,2026-04-02,3,Meets expectations. Involvement could improve. Regular overtime: watch the workload.
73,hugo.jones@nexuserp.com,2026-08-01,3,Meets expectations. Good involvement. No promotion for 8 years: discuss career path. Regular overtime: watch the workload.
74,adam.roberts@nexuserp.com,2026-05-22,4,Exceeds expectations. Good involvement.
75,ryan.khalil@nexuserp.com,2026-07-05,3,Meets expectations. Good involvement. Regular overtime: watch the workload.
76,karen.lee@nexuserp.com,2026-04-22,4,Exceeds expectations. Good involvement.
77,nancy.singh@nexuserp.com,2026-06-25,3,Meets expectations. Involvement could improve.
78,nancy.singh@nexuserp.com,2026-08-06,4,Exceeds expectations. Good involvement. No promotion for 7 years: discuss career path. Regular overtime: watch the workload.
79,ryan.khalil@nexuserp.com,2026-07-12,3,Meets expectations. Good involvement. No promotion for 9 years: discuss career path.
80,hugo.jones@nexuserp.com,2026-04-15,3,Meets expectations. Involvement could improve. No promotion for 13 years: discuss career path. Regular overtime: watch the workload.
81,susan.roberts@nexuserp.com,2026-07-20,3,Meets expectations. Good involvement. No promotion for 7 years: discuss career path.
83,oscar.wang@nexuserp.com,2026-08-20,3,Meets expectations. Good involvement. No promotion for 12 years: discuss career path.
84,hugo.jones@nexuserp.com,2026-06-13,3,Meets expectations. Good involvement. Regular overtime: watch the workload.
85,hiroshi.russo2@nexuserp.com,2026-03-06,3,Meets expectations. Involvement could improve.
86,aiko.silva@nexuserp.com,2026-03-10,3,Meets expectations. Good involvement.
88,richard.carter@nexuserp.com,2026-05-14,3,Meets expectations. Good involvement.
90,sara.dubois@nexuserp.com,2025-05-23,3,Meets expectations. Involvement could improve. Regular overtime: watch the workload.
91,clara.novak@nexuserp.com,2026-07-07,3,Meets expectations. Involvement could improve.
94,arjun.wang@nexuserp.com,2026-02-13,4,Exceeds expectations. Good involvement.
95,steven.laurent@nexuserp.com,2026-08-23,3,Meets expectations. Good involvement. Followed 4 trainings this year.
96,karen.oliveira2@nexuserp.com,2026-07-22,3,Meets expectations. Good involvement.
97,lea.moreau@nexuserp.com,2025-12-21,3,Meets expectations. Very high involvement.
98,ryan.taylor@nexuserp.com,2026-04-23,4,Exceeds expectations. Good involvement.
100,adam.roberts@nexuserp.com,2026-03-30,3,Meets expectations. Involvement could improve.
101,hugo.jones@nexuserp.com,2026-08-07,3,Meets expectations. Good involvement. Regular overtime: watch the workload.
102,hugo.jones@nexuserp.com,2026-03-05,3,Meets expectations. Good involvement.
103,kevin.hernandez@nexuserp.com,2026-02-06,4,Exceeds expectations. Good involvement. Regular overtime: watch the workload.
104,lucas.laurent@nexuserp.com,2026-01-28,3,Meets expectations. Involvement could improve. Regular overtime: watch the workload.
105,karen.oliveira2@nexuserp.com,2026-06-21,3,Meets expectations. Involvement could improve.
106,nicholas.brown2@nexuserp.com,2026-03-11,3,Meets expectations. Good involvement. Followed 4 trainings this year.
107,joshua.roberts@nexuserp.com,2026-01-27,3,Meets expectations. Low involvement: needs support. Regular overtime: watch the workload.
110,wei.wilson@nexuserp.com,2026-05-08,3,Meets expectations. Good involvement.
112,samuel.rivera@nexuserp.com,2026-05-16,3,Meets expectations. Low involvement: needs support.
113,kevin.obrien@nexuserp.com,2026-03-10,3,Meets expectations. Good involvement.
116,mark.chen@nexuserp.com,2026-03-25,4,Exceeds expectations. Good involvement. Followed 4 trainings this year.
117,sarah.thomas@nexuserp.com,2026-06-20,3,Meets expectations. Involvement could improve. No promotion for 10 years: discuss career path.
118,amanda.martin2@nexuserp.com,2025-03-20,3,Meets expectations. Involvement could improve. No promotion for 4 years: discuss career path.
119,matthew.hernandez@nexuserp.com,2026-03-28,4,Exceeds expectations. Involvement could improve. No promotion for 11 years: discuss career path.
120,mark.lee@nexuserp.com,2026-03-28,4,Exceeds expectations. Good involvement. Regular overtime: watch the workload.
121,sandra.dubois@nexuserp.com,2026-07-03,3,Meets expectations. Involvement could improve. Followed 4 trainings this year. Regular overtime: watch the workload.
124,jennifer.rodriguez@nexuserp.com,2026-02-25,3,Meets expectations. Involvement could improve. Followed 5 trainings this year. No promotion for 9 years: discuss career path. Regular overtime: watch the workload.
125,elena.lee@nexuserp.com,2025-12-22,3,Meets expectations. Good involvement. No promotion for 5 years: discuss career path.
126,hugo.jones@nexuserp.com,2026-02-12,3,Meets expectations. Good involvement. Followed 5 trainings this year.
128,hana.lopez@nexuserp.com,2026-04-11,4,Exceeds expectations. Good involvement.
129,alice.tanaka@nexuserp.com,2026-03-08,3,Meets expectations. Good involvement.
131,susan.roberts@nexuserp.com,2026-06-25,3,Meets expectations. Good involvement.
132,sharon.muller@nexuserp.com,2026-08-11,3,Meets expectations. Good involvement.
133,emily.harris@nexuserp.com,2025-05-21,4,Exceeds expectations. Good involvement. Regular overtime: watch the workload.
134,michelle.king@nexuserp.com,2026-07-09,3,Meets expectations. Good involvement.
137,lea.moreau@nexuserp.com,2026-01-20,3,Meets expectations. Involvement could improve. Followed 5 trainings this year. Regular overtime: watch the workload.
138,timothy.moreau@nexuserp.com,2026-01-30,3,Meets expectations. Good involvement.
139,priya.mitchell@nexuserp.com,2026-05-02,3,Meets expectations. Involvement could improve.
140,james.park@nexuserp.com,2026-01-08,4,Exceeds expectations. Involvement could improve.
141,hugo.jones@nexuserp.com,2026-01-05,3,Meets expectations. Good involvement. Regular overtime: watch the workload.
142,paul.khalil@nexuserp.com,2026-05-27,3,Meets expectations. Involvement could improve. Regular overtime: watch the workload.
143,manon.hernandez@nexuserp.com,2026-01-31,3,Meets expectations. Involvement could improve.
144,paul.taylor@nexuserp.com,2026-05-29,3,Meets expectations. Good involvement. Followed 5 trainings this year.
145,priya.mitchell@nexuserp.com,2026-02-18,4,Exceeds expectations. Involvement could improve. No promotion for 12 years: discuss career path.
147,luca.wang@nexuserp.com,2025-10-11,4,Exceeds expectations. Low involvement: needs support. Regular overtime: watch the workload.
148,james.park@nexuserp.com,2026-04-22,3,Meets expectations. Very high involvement. No promotion for 4 years: discuss career path. Regular overtime: watch the workload.
150,lea.moreau@nexuserp.com,2026-03-10,3,Meets expectations. Good involvement.
151,aiko.silva@nexuserp.com,2026-04-28,3,Meets expectations. Involvement could improve.
152,sharon.nielsen2@nexuserp.com,2026-03-31,3,Meets expectations. Good involvement.
153,hugo.jones@nexuserp.com,2026-08-24,3,Meets expectations. Involvement could improve. Followed 6 trainings this year. No promotion for 5 years: discuss career path.
154,nicholas.brown2@nexuserp.com,2026-08-26,3,Meets expectations. Good involvement. Followed 6 trainings this year.
155,lea.moreau@nexuserp.com,2026-03-18,4,Exceeds expectations. Good involvement.
158,tariq.lopez@nexuserp.com,2026-05-07,3,Meets expectations. Good involvement. No promotion for 4 years: discuss career path. Regular overtime: watch the workload.
159,sara.khalil@nexuserp.com,2026-03-24,4,Exceeds expectations. Low involvement: needs support.
160,karim.park@nexuserp.com,2026-05-22,3,Meets expectations. Good involvement.
161,eric.adams2@nexuserp.com,2026-03-06,3,Meets expectations. Good involvement. No promotion for 4 years: discuss career path. Regular overtime: watch the workload.
162,hugo.jones@nexuserp.com,2026-02-19,3,Meets expectations. Good involvement. Followed 5 trainings this year. No promotion for 15 years: discuss career path.
163,alice.tanaka@nexuserp.com,2026-01-12,3,Meets expectations. Low involvement: needs support. No promotion for 7 years: discuss career path. Regular overtime: watch the workload.
164,steven.laurent@nexuserp.com,2026-01-27,3,Meets expectations. Involvement could improve. No promotion for 4 years: discuss career path.
165,anthony.lee@nexuserp.com,2026-04-01,3,Meets expectations. Good involvement. No promotion for 15 years: discuss career path.
167,kevin.obrien@nexuserp.com,2026-07-01,3,Meets expectations. Good involvement. Regular overtime: watch the workload.
169,rayan.flores@nexuserp.com,2026-06-20,3,Meets expectations. Good involvement.
170,ryan.taylor@nexuserp.com,2025-12-29,3,Meets expectations. Good involvement. No promotion for 5 years: discuss career path.
171,eric.adams2@nexuserp.com,2026-08-26,3,Meets expectations. Very high involvement.
174,alice.tanaka@nexuserp.com,2026-04-28,3,Meets expectations. Good involvement.
175,paul.khalil@nexuserp.com,2025-05-31,3,Meets expectations. Low involvement: needs support. Regular overtime: watch the workload.
176,sandra.dubois@nexuserp.com,2026-07-14,3,Meets expectations. Good involvement. Regular overtime: watch the workload.
177,emily.harris@nexuserp.com,2026-04-20,4,Exceeds expectations. Good involvement. No promotion for 5 years: discuss career path.
178,chloe.carter@nexuserp.com,2026-06-30,4,Exceeds expectations. Good involvement.
179,mark.patel@nexuserp.com,2025-07-16,3,Meets expectations. Low involvement: needs support.
182,adam.roberts@nexuserp.com,2026-05-18,3,Meets expectations. Involvement could improve. No promotion for 5 years: discuss career path.
183,clara.novak@nexuserp.com,2026-07-04,3,Meets expectations. Involvement could improve.
184,camille.lewis@nexuserp.com,2026-01-26,3,Meets expectations. Good involvement. No promotion for 4 years: discuss career path. Regular overtime: watch the workload.
190,luca.wang@nexuserp.com,2025-08-11,4,Exceeds expectations. Good involvement.
192,manon.hernandez@nexuserp.com,2026-01-12,3,Meets expectations. Good involvement.
193,timothy.moreau@nexuserp.com,2026-01-19,4,Exceeds expectations. Good involvement. Regular overtime: watch the workload.
194,aiko.silva@nexuserp.com,2026-06-17,3,Meets expectations. Good involvement. Followed 4 trainings this year.
195,adam.roberts@nexuserp.com,2026-06-10,3,Meets expectations. Low involvement: needs support.
197,richard.carter@nexuserp.com,2025-12-13,3,Meets expectations. Good involvement.
198,arjun.khalil@nexuserp.com,2026-06-04,3,Meets expectations. Involvement could improve.
199,hugo.jones@nexuserp.com,2026-08-02,3,Meets expectations. Involvement could improve. No promotion for 7 years: discuss career path.
200,nour.adams@nexuserp.com,2026-04-02,4,Exceeds expectations. Good involvement.
201,paul.taylor@nexuserp.com,2025-12-09,3,Meets expectations. Good involvement.
202,nour.obrien@nexuserp.com,2026-06-25,3,Meets expectations. Good involvement.
204,rayan.haddad@nexuserp.com,2026-03-08,3,Meets expectations. Good involvement.
205,felix.murphy@nexuserp.com,2026-05-28,4,Exceeds expectations. Good involvement. No promotion for 4 years: discuss career path. Regular overtime: watch the workload.
206,paul.moreau@nexuserp.com,2026-05-15,3,Meets expectations. Good involvement.
207,clara.novak@nexuserp.com,2026-04-27,3,Meets expectations. Good involvement.
208,ryan.taylor@nexuserp.com,2026-07-20,3,Meets expectations. Good involvement.
211,john.clark@nexuserp.com,2026-05-15,3,Meets expectations. Involvement could improve.
214,camille.trabelsi@nexuserp.com,2026-06-15,4,Exceeds expectations. Involvement could improve. Regular overtime: watch the workload.
215,susan.roberts@nexuserp.com,2026-01-18,3,Meets expectations. Involvement could improve.
216,elizabeth.russo@nexuserp.com,2026-06-27,3,Meets expectations. Good involvement.
217,karen.oliveira2@nexuserp.com,2026-01-09,4,Exceeds expectations. Good involvement. Followed 6 trainings this year.
218,camille.trabelsi@nexuserp.com,2026-08-23,3,Meets expectations. Good involvement.
221,manon.hernandez@nexuserp.com,2026-05-10,3,Meets expectations. Good involvement.
223,susan.muller@nexuserp.com,2026-06-16,3,Meets expectations. Very high involvement. Regular overtime: watch the workload.
224,sara.dubois@nexuserp.com,2026-04-28,3,Meets expectations. Involvement could improve. Regular overtime: watch the workload.
226,hugo.jones@nexuserp.com,2026-01-31,3,Meets expectations. Good involvement. Followed 5 trainings this year. No promotion for 4 years: discuss career path.
227,elizabeth.williams3@nexuserp.com,2025-12-11,3,Meets expectations. Good involvement.
228,sandra.dubois@nexuserp.com,2026-02-11,3,Meets expectations. Good involvement. No promotion for 7 years: discuss career path.
230,sharon.nielsen2@nexuserp.com,2026-04-13,4,Exceeds expectations. Involvement could improve.
231,eric.adams2@nexuserp.com,2026-04-11,4,Exceeds expectations. Good involvement.
233,sara.khalil@nexuserp.com,2025-12-01,3,Meets expectations. Good involvement. Regular overtime: watch the workload.
235,mark.lee@nexuserp.com,2025-07-18,4,Exceeds expectations. Low involvement: needs support. Followed 5 trainings this year.
238,karen.lee@nexuserp.com,2026-02-02,3,Meets expectations. Good involvement. No promotion for 7 years: discuss career path.
239,mark.chen@nexuserp.com,2026-07-14,3,Meets expectations. Good involvement. Followed 4 trainings this year. No promotion for 6 years: discuss career path.
240,steven.robinson@nexuserp.com,2026-06-17,3,Meets expectations. Good involvement. Regular overtime: watch the workload.
241,aiko.silva@nexuserp.com,2026-06-15,3,Meets expectations. Good involvement. Regular overtime: watch the workload.
242,nour.obrien@nexuserp.com,2026-06-26,3,Meets expectations. Good involvement.
243,mark.chen@nexuserp.com,2025-02-08,4,Exceeds expectations. Involvement could improve.
244,steven.robinson@nexuserp.com,2026-07-15,4,Exceeds expectations. Good involvement. No promotion for 15 years: discuss career path.
245,arjun.khalil@nexuserp.com,2026-01-08,3,Meets expectations. Good involvement.
246,elena.scott@nexuserp.com,2026-01-21,4,Exceeds expectations. Good involvement. Regular overtime: watch the workload.
247,michelle.king@nexuserp.com,2026-04-06,3,Meets expectations. Good involvement.
248,rayan.haddad@nexuserp.com,2025-11-11,4,Exceeds expectations. Good involvement. Followed 5 trainings this year. Regular overtime: watch the workload.
249,nour.adams@nexuserp.com,2026-06-16,3,Meets expectations. Involvement could improve.
250,john.clark@nexuserp.com,2026-02-25,3,Meets expectations. Very high involvement.
252,timothy.moreau@nexuserp.com,2026-02-27,3,Meets expectations. Good involvement. Followed 5 trainings this year.
253,hugo.jones@nexuserp.com,2026-04-03,3,Meets expectations. Good involvement. No promotion for 9 years: discuss career path.
254,hugo.jones@nexuserp.com,2026-03-26,3,Meets expectations. Very high involvement.
256,samuel.rivera@nexuserp.com,2026-01-16,3,Meets expectations. Involvement could improve.
258,susan.muller@nexuserp.com,2026-02-04,3,Meets expectations. Good involvement. Followed 6 trainings this year.
259,hugo.jones@nexuserp.com,2026-02-05,3,Meets expectations. Involvement could improve. Followed 5 trainings this year. No promotion for 11 years: discuss career path.
260,eric.adams2@nexuserp.com,2026-06-13,3,Meets expectations. Good involvement.
261,richard.nguyen@nexuserp.com,2026-02-21,3,Meets expectations. Involvement could improve. Regular overtime: watch the workload.
262,nour.obrien@nexuserp.com,2026-04-25,3,Meets expectations. Very high involvement.
264,hugo.jones@nexuserp.com,2026-05-28,4,Exceeds expectations. Involvement could improve. No promotion for 11 years: discuss career path.
267,eric.adams2@nexuserp.com,2026-05-29,3,Meets expectations. Very high involvement. Regular overtime: watch the workload.
269,nour.adams@nexuserp.com,2026-04-09,3,Meets expectations. Good involvement. Followed 5 trainings this year.
270,nancy.singh@nexuserp.com,2025-12-20,3,Meets expectations. Good involvement. Followed 5 trainings this year.
271,hiroshi.russo2@nexuserp.com,2026-01-22,3,Meets expectations. Good involvement.
273,wei.wilson@nexuserp.com,2026-02-26,3,Meets expectations. Good involvement.
274,cynthia.lewis2@nexuserp.com,2026-02-15,3,Meets expectations. Involvement could improve.
275,ryan.taylor@nexuserp.com,2026-05-07,3,Meets expectations. Good involvement. Regular overtime: watch the workload.
277,arjun.wang@nexuserp.com,2026-04-01,3,Meets expectations. Good involvement. Followed 4 trainings this year. Regular overtime: watch the workload.
281,paul.taylor@nexuserp.com,2026-05-02,3,Meets expectations. Good involvement. Regular overtime: watch the workload.
282,mei.chen@nexuserp.com,2025-07-31,3,Meets expectations. Good involvement. Regular overtime: watch the workload.
283,elizabeth.russo@nexuserp.com,2025-08-30,4,Exceeds expectations. Good involvement.
284,joshua.roberts@nexuserp.com,2026-05-02,3,Meets expectations. Very high involvement. Regular overtime: watch the workload.
286,oscar.kim@nexuserp.com,2026-02-13,3,Meets expectations. Good involvement.
287,priya.mitchell@nexuserp.com,2026-08-12,3,Meets expectations. Involvement could improve. Followed 5 trainings this year.
288,mei.chen@nexuserp.com,2026-05-11,3,Meets expectations. Good involvement.
291,mark.smith@nexuserp.com,2025-11-18,3,Meets expectations. Low involvement: needs support. No promotion for 9 years: discuss career path.
292,hiroshi.russo2@nexuserp.com,2026-02-22,4,Exceeds expectations. Involvement could improve. No promotion for 5 years: discuss career path.
293,sharon.nielsen2@nexuserp.com,2026-04-07,3,Meets expectations. Good involvement.
296,hugo.jones@nexuserp.com,2026-07-01,3,Meets expectations. Involvement could improve. Followed 5 trainings this year. No promotion for 4 years: discuss career path.
297,steven.laurent@nexuserp.com,2025-06-25,3,Meets expectations. Good involvement. Followed 5 trainings this year. Regular overtime: watch the workload.
298,tariq.lopez@nexuserp.com,2025-12-07,3,Meets expectations. Good involvement. Regular overtime: watch the workload.
299,andrew.robinson2@nexuserp.com,2025-06-21,3,Meets expectations. Involvement could improve. Followed 5 trainings this year.
300,timothy.moreau@nexuserp.com,2025-12-14,3,Meets expectations. Good involvement.
302,rayan.haddad@nexuserp.com,2026-03-21,3,Meets expectations. Involvement could improve. No promotion for 12 years: discuss career path.
303,amira.muller@nexuserp.com,2026-05-12,3,Meets expectations. Good involvement. Followed 4 trainings this year.
304,paul.taylor@nexuserp.com,2026-05-30,3,Meets expectations. Good involvement.
305,joshua.roberts@nexuserp.com,2026-04-13,4,Exceeds expectations. Involvement could improve.
306,hugo.jones@nexuserp.com,2026-05-09,3,Meets expectations. Good involvement. Regular overtime: watch the workload.
307,sharon.nielsen2@nexuserp.com,2026-03-13,3,Meets expectations. Good involvement. Followed 6 trainings this year. No promotion for 5 years: discuss career path.
308,chloe.carter@nexuserp.com,2026-07-19,3,Meets expectations. Low involvement: needs support.
309,camille.trabelsi@nexuserp.com,2026-04-20,3,Meets expectations. Involvement could improve. Followed 6 trainings this year.
311,adam.roberts@nexuserp.com,2026-02-08,3,Meets expectations. Good involvement. No promotion for 5 years: discuss career path.
312,sharon.nielsen2@nexuserp.com,2026-01-10,3,Meets expectations. Good involvement. Followed 5 trainings this year. No promotion for 4 years: discuss career path.
314,susan.roberts@nexuserp.com,2026-06-13,3,Meets expectations. Good involvement.
315,sara.dubois@nexuserp.com,2025-05-06,3,Meets expectations. Involvement could improve. Regular overtime: watch the workload.
316,lea.moreau@nexuserp.com,2026-06-07,3,Meets expectations. Involvement could improve.
319,hugo.jones@nexuserp.com,2026-01-25,3,Meets expectations. Good involvement. No promotion for 11 years: discuss career path.
321,emily.harris@nexuserp.com,2026-05-24,3,Meets expectations. Good involvement.
323,tariq.lopez@nexuserp.com,2026-02-26,3,Meets expectations. Good involvement.
325,luca.wang@nexuserp.com,2025-07-01,3,Meets expectations. Good involvement. Regular overtime: watch the workload.
327,tariq.lopez@nexuserp.com,2026-06-16,4,Exceeds expectations. Good involvement. Regular overtime: watch the workload.
328,oscar.kim@nexuserp.com,2025-12-02,4,Exceeds expectations. Good involvement.
329,tariq.lopez@nexuserp.com,2026-03-11,3,Meets expectations. Involvement could improve. No promotion for 15 years: discuss career path. Regular overtime: watch the workload.
330,mark.lee@nexuserp.com,2026-02-23,3,Meets expectations. Good involvement. Followed 5 trainings this year.
331,mark.chen@nexuserp.com,2025-06-03,3,Meets expectations. Involvement could improve. Regular overtime: watch the workload.
332,luca.wang@nexuserp.com,2026-02-25,3,Meets expectations. Good involvement.
333,paul.khalil@nexuserp.com,2026-01-09,3,Meets expectations. Good involvement.
334,sara.khalil@nexuserp.com,2026-05-05,3,Meets expectations. Good involvement.
335,sara.khalil@nexuserp.com,2026-04-12,3,Meets expectations. Good involvement. No promotion for 4 years: discuss career path.
336,hugo.jones@nexuserp.com,2026-04-19,3,Meets expectations. Very high involvement.
337,hugo.jones@nexuserp.com,2026-03-24,3,Meets expectations. Good involvement.
338,richard.carter@nexuserp.com,2026-07-20,3,Meets expectations. Involvement could improve.
339,hiroshi.russo2@nexuserp.com,2026-01-08,3,Meets expectations. Involvement could improve. No promotion for 5 years: discuss career path.
340,joshua.roberts@nexuserp.com,2026-04-08,3,Meets expectations. Involvement could improve.
341,samuel.rivera@nexuserp.com,2026-03-31,3,Meets expectations. Very high involvement.
342,hiroshi.russo2@nexuserp.com,2025-10-22,3,Meets expectations. Good involvement. Followed 5 trainings this year.
343,mei.chen@nexuserp.com,2026-04-24,4,Exceeds expectations. Good involvement. No promotion for 11 years: discuss career path.
346,timothy.moreau@nexuserp.com,2026-04-25,3,Meets expectations. Good involvement.
347,manon.hernandez@nexuserp.com,2026-03-27,3,Meets expectations. Very high involvement. Regular overtime: watch the workload.
349,mark.smith@nexuserp.com,2025-12-16,3,Meets expectations. Good involvement.
350,nancy.singh@nexuserp.com,2026-06-20,3,Meets expectations. Good involvement.
351,hiroshi.scott2@nexuserp.com,2026-07-16,3,Meets expectations. Involvement could improve. Followed 4 trainings this year. No promotion for 7 years: discuss career path. Regular overtime: watch the workload.
352,hugo.jones@nexuserp.com,2026-07-29,3,Meets expectations. Good involvement. Followed 5 trainings this year.
353,steven.laurent@nexuserp.com,2026-02-09,3,Meets expectations. Good involvement.
355,karen.lee@nexuserp.com,2025-11-17,3,Meets expectations. Involvement could improve.
359,jacob.sato@nexuserp.com,2026-02-17,4,Exceeds expectations. Very high involvement.
361,priya.shah@nexuserp.com,2025-12-31,3,Meets expectations. Involvement could improve. No promotion for 7 years: discuss career path.
362,andrew.smith@nexuserp.com,2026-02-24,3,Meets expectations. Involvement could improve. Followed 5 trainings this year.
363,tariq.lopez@nexuserp.com,2026-07-12,3,Meets expectations. Low involvement: needs support. No promotion for 7 years: discuss career path. Regular overtime: watch the workload.
364,oscar.kim@nexuserp.com,2025-07-08,3,Meets expectations. Good involvement. Followed 5 trainings this year.
366,sandra.dubois@nexuserp.com,2026-04-29,3,Meets expectations. Involvement could improve.
367,anthony.lee@nexuserp.com,2026-08-21,4,Exceeds expectations. Involvement could improve. No promotion for 7 years: discuss career path.
369,susan.muller@nexuserp.com,2026-07-05,3,Meets expectations. Very high involvement.
372,nicholas.smith@nexuserp.com,2026-02-07,3,Meets expectations. Good involvement. No promotion for 4 years: discuss career path. Regular overtime: watch the workload.
373,paul.moreau@nexuserp.com,2026-03-28,3,Meets expectations. Good involvement. Followed 4 trainings this year. No promotion for 10 years: discuss career path.
374,,2026-04-14,3,Meets expectations. Good involvement. No promotion for 4 years: discuss career path. Regular overtime: watch the workload.
376,hugo.jones@nexuserp.com,2025-09-12,3,Meets expectations. Good involvement. No promotion for 9 years: discuss career path. Regular overtime: watch the workload.
377,karen.oliveira2@nexuserp.com,2026-04-07,4,Exceeds expectations. Good involvement.
378,amira.muller@nexuserp.com,2025-12-08,3,Meets expectations. Good involvement. Followed 5 trainings this year.
379,ashley.park@nexuserp.com,2026-08-14,3,Meets expectations. Involvement could improve. Followed 4 trainings this year.
380,hugo.jones@nexuserp.com,2026-06-11,3,Meets expectations. Good involvement. Regular overtime: watch the workload.
381,hugo.jones@nexuserp.com,2026-07-07,3,Meets expectations. Very high involvement. Followed 6 trainings this year. No promotion for 6 years: discuss career path.
382,sharon.nielsen2@nexuserp.com,2026-05-07,4,Exceeds expectations. Very high involvement. No promotion for 7 years: discuss career path. Regular overtime: watch the workload.
384,mark.patel@nexuserp.com,2025-12-24,4,Exceeds expectations. Good involvement. Followed 6 trainings this year.
385,hugo.jones@nexuserp.com,2026-05-09,3,Meets expectations. Good involvement. Followed 4 trainings this year.
386,hugo.jones@nexuserp.com,2026-06-03,3,Meets expectations. Good involvement. Followed 5 trainings this year. Regular overtime: watch the workload.
387,adam.roberts@nexuserp.com,2026-08-05,4,Exceeds expectations. Good involvement. No promotion for 11 years: discuss career path.
388,priya.shah@nexuserp.com,2026-05-13,3,Meets expectations. Good involvement.
389,ryan.khalil@nexuserp.com,2026-06-26,3,Meets expectations. Good involvement. Followed 4 trainings this year. Regular overtime: watch the workload.
390,nicholas.smith@nexuserp.com,2026-07-07,3,Meets expectations. Good involvement. Regular overtime: watch the workload.
391,sara.khalil@nexuserp.com,2026-07-22,3,Meets expectations. Good involvement. No promotion for 5 years: discuss career path.
392,olivia.williams@nexuserp.com,2026-01-30,4,Exceeds expectations. Good involvement. Regular overtime: watch the workload.
393,sarah.thomas@nexuserp.com,2026-02-16,3,Meets expectations. Good involvement.
394,oscar.kim@nexuserp.com,2025-02-18,3,Meets expectations. Good involvement. Regular overtime: watch the workload.
395,ashley.park@nexuserp.com,2026-08-13,4,Exceeds expectations. Good involvement.
396,hugo.jones@nexuserp.com,2025-12-21,3,Meets expectations. Good involvement. Followed 4 trainings this year. Regular overtime: watch the workload.
397,sara.dubois@nexuserp.com,2026-04-12,3,Meets expectations. Good involvement. No promotion for 7 years: discuss career path.
399,mark.lee@nexuserp.com,2026-03-28,3,Meets expectations. Good involvement. Followed 5 trainings this year.
401,elizabeth.tanaka2@nexuserp.com,2025-07-15,3,Meets expectations. Involvement could improve. No promotion for 7 years: discuss career path. Regular overtime: watch the workload.
403,manon.hernandez@nexuserp.com,2026-06-14,3,Meets expectations. Good involvement. Regular overtime: watch the workload.
404,amanda.martin2@nexuserp.com,2026-04-13,3,Meets expectations. Good involvement. No promotion for 4 years: discuss career path.
405,oscar.kim@nexuserp.com,2025-09-14,3,Meets expectations. Good involvement.
406,rayan.haddad@nexuserp.com,2026-04-16,3,Meets expectations. Good involvement. No promotion for 6 years: discuss career path.
407,mark.chen@nexuserp.com,2026-06-16,3,Meets expectations. Very high involvement.
408,nancy.singh@nexuserp.com,2026-07-09,3,Meets expectations. Low involvement: needs support.
410,tariq.lopez@nexuserp.com,2026-03-13,3,Meets expectations. Good involvement.
411,elizabeth.russo@nexuserp.com,2026-07-23,3,Meets expectations. Involvement could improve.
412,sarah.thomas@nexuserp.com,2025-12-07,3,Meets expectations. Very high involvement.
416,elizabeth.russo@nexuserp.com,2026-06-25,3,Meets expectations. Very high involvement. No promotion for 7 years: discuss career path.
417,nicholas.smith@nexuserp.com,2026-08-06,3,Meets expectations. Very high involvement. Followed 5 trainings this year.
419,rayan.flores@nexuserp.com,2026-04-28,3,Meets expectations. Good involvement.
420,sandra.dubois@nexuserp.com,2026-05-14,3,Meets expectations. Involvement could improve. No promotion for 4 years: discuss career path.
421,hugo.jones@nexuserp.com,2026-03-02,3,Meets expectations. Involvement could improve.
422,oscar.wang@nexuserp.com,2026-02-28,3,Meets expectations. Low involvement: needs support. Regular overtime: watch the workload.
423,richard.carter@nexuserp.com,2026-03-20,3,Meets expectations. Good involvement. Followed 4 trainings this year. Regular overtime: watch the workload.
424,camille.lewis@nexuserp.com,2026-03-25,3,Meets expectations. Involvement could improve.
425,jacob.sato@nexuserp.com,2026-01-29,3,Meets expectations. Good involvement. No promotion for 9 years: discuss career path.
426,nour.obrien@nexuserp.com,2026-03-04,3,Meets expectations. Good involvement. Regular overtime: watch the workload.
428,hugo.jones@nexuserp.com,2026-07-21,3,Meets expectations. Good involvement. No promotion for 8 years: discuss career path.
429,hugo.jones@nexuserp.com,2026-04-24,3,Meets expectations. Good involvement. No promotion for 11 years: discuss career path. Regular overtime: watch the workload.
430,mark.chen@nexuserp.com,2026-02-22,3,Meets expectations. Good involvement. Followed 5 trainings this year.
431,matthew.hernandez@nexuserp.com,2026-06-16,3,Meets expectations. Involvement could improve. Regular overtime: watch the workload.
433,steven.laurent@nexuserp.com,2025-04-28,3,Meets expectations. Involvement could improve. No promotion for 7 years: discuss career path.
434,steven.laurent@nexuserp.com,2026-04-19,3,Meets expectations. Good involvement. Regular overtime: watch the workload.
436,karim.park@nexuserp.com,2026-06-01,3,Meets expectations. Involvement could improve. No promotion for 11 years: discuss career path. Regular overtime: watch the workload.
437,clara.novak@nexuserp.com,2026-05-16,3,Meets expectations. Good involvement. Regular overtime: watch the workload.
438,adam.roberts@nexuserp.com,2026-03-13,3,Meets expectations. Good involvement.
439,timothy.moreau@nexuserp.com,2026-02-16,3,Meets expectations. Very high involvement.
440,nour.obrien@nexuserp.com,2025-09-04,3,Meets expectations. Low involvement: needs support. Followed 4 trainings this year. Regular overtime: watch the workload.
441,ashley.park@nexuserp.com,2026-07-12,3,Meets expectations. Good involvement.
442,richard.nguyen@nexuserp.com,2026-08-03,4,Exceeds expectations. Involvement could improve. No promotion for 8 years: discuss career path.
444,hugo.jones@nexuserp.com,2026-04-15,3,Meets expectations. Involvement could improve. No promotion for 13 years: discuss career path.
445,paul.khalil@nexuserp.com,2025-03-13,3,Meets expectations. Good involvement. Regular overtime: watch the workload.
446,steven.robinson@nexuserp.com,2025-12-11,3,Meets expectations. Involvement could improve. Followed 6 trainings this year.
447,hugo.jones@nexuserp.com,2026-03-29,3,Meets expectations. Good involvement.
448,hiroshi.scott2@nexuserp.com,2026-04-05,3,Meets expectations. Involvement could improve.
449,susan.roberts@nexuserp.com,2026-04-13,3,Meets expectations. Good involvement. Regular overtime: watch the workload.
450,joshua.roberts@nexuserp.com,2026-06-24,3,Meets expectations. Good involvement. Followed 4 trainings this year.
451,oscar.wang@nexuserp.com,2026-05-07,3,Meets expectations. Good involvement.
452,sara.dubois@nexuserp.com,2025-12-17,3,Meets expectations. Good involvement. No promotion for 9 years: discuss career path.
453,nicholas.brown2@nexuserp.com,2026-03-14,4,Exceeds expectations. Low involvement: needs support. Regular overtime: watch the workload.
454,nour.adams@nexuserp.com,2026-03-31,3,Meets expectations. Low involvement: needs support. Followed 4 trainings this year. Regular overtime: watch the workload.
455,lea.moreau@nexuserp.com,2026-08-04,3,Meets expectations. Involvement could improve.
456,karim.park@nexuserp.com,2026-02-05,3,Meets expectations. Involvement could improve.
458,elizabeth.russo@nexuserp.com,2025-12-26,3,Meets expectations. Good involvement.
460,cynthia.lewis2@nexuserp.com,2026-07-29,3,Meets expectations. Good involvement.
461,hugo.jones@nexuserp.com,2026-05-18,3,Meets expectations. Involvement could improve. Regular overtime: watch the workload.
462,wei.wilson@nexuserp.com,2026-01-09,3,Meets expectations. Good involvement. No promotion for 4 years: discuss career path. Regular overtime: watch the workload.
463,paul.khalil@nexuserp.com,2026-06-20,3,Meets expectations. Involvement could improve. Regular overtime: watch the workload.
464,nancy.singh@nexuserp.com,2026-07-10,3,Meets expectations. Good involvement. Followed 5 trainings this year.
465,eric.adams2@nexuserp.com,2026-05-13,3,Meets expectations. Good involvement.
466,john.clark@nexuserp.com,2026-05-13,3,Meets expectations. Involvement could improve. Regular overtime: watch the workload.
467,rayan.haddad@nexuserp.com,2026-06-15,3,Meets expectations. Good involvement.
468,hugo.jones@nexuserp.com,2025-12-09,3,Meets expectations. Good involvement.
469,paul.khalil@nexuserp.com,2025-12-07,3,Meets expectations. Good involvement.
470,kevin.hernandez@nexuserp.com,2026-03-23,3,Meets expectations. Good involvement. Followed 5 trainings this year. Regular overtime: watch the workload.
471,lucas.laurent@nexuserp.com,2026-08-07,3,Meets expectations. Good involvement. Followed 4 trainings this year.
473,tariq.lopez@nexuserp.com,2026-06-17,4,Exceeds expectations. Good involvement.
474,manon.hernandez@nexuserp.com,2026-07-10,3,Meets expectations. Very high involvement. No promotion for 6 years: discuss career path. Regular overtime: watch the workload.
475,rayan.haddad@nexuserp.com,2026-08-27,3,Meets expectations. Good involvement. Regular overtime: watch the workload.
476,sharon.nielsen2@nexuserp.com,2026-05-16,3,Meets expectations. Good involvement. No promotion for 7 years: discuss career path.
477,sarah.thomas@nexuserp.com,2026-08-26,4,Exceeds expectations. Involvement could improve. Followed 6 trainings this year.
478,kevin.obrien@nexuserp.com,2025-11-03,3,Meets expectations. Involvement could improve. Regular overtime: watch the workload.
479,amira.muller@nexuserp.com,2026-06-14,3,Meets expectations. Good involvement. Followed 6 trainings this year.
481,clara.novak@nexuserp.com,2026-02-12,3,Meets expectations. Involvement could improve.
482,matthew.hernandez@nexuserp.com,2026-04-07,3,Meets expectations. Good involvement.
483,olivia.williams@nexuserp.com,2025-12-13,3,Meets expectations. Very high involvement. Regular overtime: watch the workload.
484,kevin.obrien@nexuserp.com,2026-04-18,4,Exceeds expectations. Good involvement.
485,adam.roberts@nexuserp.com,2026-01-19,3,Meets expectations. Good involvement. Regular overtime: watch the workload.
486,arjun.khalil@nexuserp.com,2025-12-21,4,Exceeds expectations. Good involvement.
487,samuel.rivera@nexuserp.com,2026-06-05,3,Meets expectations. Good involvement.
488,mark.smith@nexuserp.com,2025-07-27,3,Meets expectations. Good involvement. Followed 5 trainings this year. No promotion for 7 years: discuss career path.
491,anthony.lee@nexuserp.com,2026-01-27,3,Meets expectations. Involvement could improve.
492,priya.shah@nexuserp.com,2025-11-20,3,Meets expectations. Involvement could improve. Followed 6 trainings this year. Regular overtime: watch the workload.
493,elena.scott@nexuserp.com,2026-03-07,3,Meets expectations. Involvement could improve. Followed 5 trainings this year. Regular overtime: watch the workload.
494,elizabeth.russo@nexuserp.com,2025-09-17,3,Meets expectations. Very high involvement.
495,michelle.king@nexuserp.com,2026-05-15,3,Meets expectations. Good involvement. Followed 4 trainings this year.
496,jennifer.rodriguez@nexuserp.com,2026-04-28,3,Meets expectations. Involvement could improve. Followed 5 trainings this year.
497,andrew.smith@nexuserp.com,2026-01-28,3,Meets expectations. Good involvement.
498,andrew.robinson2@nexuserp.com,2026-03-27,3,Meets expectations. Good involvement.
499,matthew.hernandez@nexuserp.com,2026-08-14,4,Exceeds expectations. Involvement could improve.
500,andrew.robinson2@nexuserp.com,2026-05-19,3,Meets expectations. Good involvement.
501,nour.obrien@nexuserp.com,2025-12-23,3,Meets expectations. Good involvement.
502,rayan.haddad@nexuserp.com,2026-04-23,3,Meets expectations. Very high involvement. Regular overtime: watch the workload.
505,hugo.jones@nexuserp.com,2026-04-22,3,Meets expectations. Good involvement. Regular overtime: watch the workload.
507,sandra.dubois@nexuserp.com,2026-01-13,3,Meets expectations. Good involvement. Regular overtime: watch the workload.
508,kevin.obrien@nexuserp.com,2026-06-10,3,Meets expectations. Good involvement.
510,nour.obrien@nexuserp.com,2025-05-25,4,Exceeds expectations. Good involvement.
511,arjun.wang@nexuserp.com,2026-01-27,3,Meets expectations. Good involvement.
513,elena.lee@nexuserp.com,2026-05-31,3,Meets expectations. Involvement could improve. No promotion for 9 years: discuss career path.
514,sara.khalil@nexuserp.com,2025-04-18,4,Exceeds expectations. Good involvement. Followed 4 trainings this year. Regular overtime: watch the workload.
515,jacob.sato@nexuserp.com,2026-04-29,3,Meets expectations. Good involvement. No promotion for 12 years: discuss career path.
516,priya.shah@nexuserp.com,2026-06-08,3,Meets expectations. Good involvement. Followed 5 trainings this year.
517,jacob.sato@nexuserp.com,2026-06-27,3,Meets expectations. Good involvement. Followed 5 trainings this year.
518,richard.nguyen@nexuserp.com,2026-06-16,3,Meets expectations. Good involvement. Regular overtime: watch the workload.
520,hugo.jones@nexuserp.com,2026-03-28,3,Meets expectations. Involvement could improve.
521,jacob.sato@nexuserp.com,2026-06-27,4,Exceeds expectations. Involvement could improve.
522,hugo.jones@nexuserp.com,2026-05-22,3,Meets expectations. Good involvement. Followed 4 trainings this year.
523,nicholas.brown2@nexuserp.com,2026-02-16,3,Meets expectations. Good involvement.
524,john.clark@nexuserp.com,2026-01-02,3,Meets expectations. Good involvement. Followed 5 trainings this year.
525,paul.moreau@nexuserp.com,2026-02-25,4,Exceeds expectations. Good involvement.
526,susan.muller@nexuserp.com,2026-04-06,3,Meets expectations. Good involvement. Regular overtime: watch the workload.
527,steven.robinson@nexuserp.com,2026-02-20,3,Meets expectations. Involvement could improve. Regular overtime: watch the workload.
529,sara.dubois@nexuserp.com,2026-05-08,3,Meets expectations. Good involvement. No promotion for 10 years: discuss career path. Regular overtime: watch the workload.
530,oscar.kim@nexuserp.com,2026-06-15,3,Meets expectations. Involvement could improve.
531,hugo.jones@nexuserp.com,2026-02-05,3,Meets expectations. Good involvement. Regular overtime: watch the workload.
532,nicholas.brown2@nexuserp.com,2026-07-22,3,Meets expectations. Very high involvement. No promotion for 7 years: discuss career path.
533,mark.lee@nexuserp.com,2025-12-25,3,Meets expectations. Good involvement. Followed 6 trainings this year. No promotion for 4 years: discuss career path.
534,mark.smith@nexuserp.com,2026-05-03,3,Meets expectations. Very high involvement.
536,olivia.williams@nexuserp.com,2026-01-18,3,Meets expectations. Good involvement.
538,lea.moreau@nexuserp.com,2025-08-28,3,Meets expectations. Good involvement. Followed 5 trainings this year.
543,mark.patel@nexuserp.com,2026-04-15,3,Meets expectations. Involvement could improve. Followed 4 trainings this year. Regular overtime: watch the workload.
544,karen.oliveira2@nexuserp.com,2026-05-05,4,Exceeds expectations. Good involvement.
546,hugo.jones@nexuserp.com,2026-05-23,3,Meets expectations. Good involvement.
547,manon.hernandez@nexuserp.com,2026-04-11,3,Meets expectations. Good involvement.
548,nancy.singh@nexuserp.com,2026-03-01,4,Exceeds expectations. Low involvement: needs support.
549,hugo.jones@nexuserp.com,2025-12-15,3,Meets expectations. Good involvement. Followed 5 trainings this year. No promotion for 11 years: discuss career path.
550,chloe.carter@nexuserp.com,2026-01-18,3,Meets expectations. Good involvement. Followed 5 trainings this year.
551,mei.chen@nexuserp.com,2026-06-26,3,Meets expectations. Involvement could improve. Followed 4 trainings this year.
554,elizabeth.russo@nexuserp.com,2025-03-04,3,Meets expectations. Good involvement. Followed 4 trainings this year. Regular overtime: watch the workload.
555,mark.lee@nexuserp.com,2025-11-22,3,Meets expectations. Low involvement: needs support.
556,lea.moreau@nexuserp.com,2026-04-26,4,Exceeds expectations. Good involvement. Regular overtime: watch the workload.
558,tariq.lopez@nexuserp.com,2026-08-25,3,Meets expectations. Good involvement.
560,camille.trabelsi@nexuserp.com,2026-02-27,4,Exceeds expectations. Good involvement.
562,paul.moreau@nexuserp.com,2025-12-30,3,Meets expectations. Good involvement.
564,hugo.jones@nexuserp.com,2026-06-09,3,Meets expectations. Involvement could improve.
565,ashley.park@nexuserp.com,2025-01-15,3,Meets expectations. Involvement could improve.
566,emily.harris@nexuserp.com,2026-02-26,3,Meets expectations. Involvement could improve.
567,camille.wang@nexuserp.com,2025-12-08,3,Meets expectations. Good involvement. No promotion for 7 years: discuss career path.
568,tariq.lopez@nexuserp.com,2026-06-20,3,Meets expectations. Involvement could improve.
569,hugo.jones@nexuserp.com,2026-04-19,3,Meets expectations. Involvement could improve. No promotion for 15 years: discuss career path.
571,andrew.smith@nexuserp.com,2026-08-24,3,Meets expectations. Good involvement. No promotion for 6 years: discuss career path.
573,mark.lee@nexuserp.com,2025-12-27,3,Meets expectations. Involvement could improve. Followed 5 trainings this year. No promotion for 13 years: discuss career path.
574,wei.wilson@nexuserp.com,2026-04-11,3,Meets expectations. Good involvement.
575,hugo.jones@nexuserp.com,2025-12-07,3,Meets expectations. Good involvement.
577,andrew.smith@nexuserp.com,2026-05-18,3,Meets expectations. Low involvement: needs support. No promotion for 4 years: discuss career path.
578,sharon.muller@nexuserp.com,2026-08-11,3,Meets expectations. Good involvement.
579,nour.obrien@nexuserp.com,2026-02-25,3,Meets expectations. Involvement could improve. No promotion for 5 years: discuss career path.
580,nicholas.brown2@nexuserp.com,2026-07-14,3,Meets expectations. Involvement could improve. Regular overtime: watch the workload.
581,ryan.taylor@nexuserp.com,2026-03-14,4,Exceeds expectations. Good involvement. Followed 6 trainings this year.
582,hugo.jones@nexuserp.com,2026-04-11,3,Meets expectations. Good involvement. No promotion for 7 years: discuss career path. Regular overtime: watch the workload.
584,paul.taylor@nexuserp.com,2025-08-15,3,Meets expectations. Low involvement: needs support.
585,mark.lee@nexuserp.com,2026-03-08,3,Meets expectations. Good involvement.
586,oscar.wang@nexuserp.com,2026-02-26,3,Meets expectations. Good involvement. Regular overtime: watch the workload.
587,matthew.hernandez@nexuserp.com,2026-02-22,3,Meets expectations. Good involvement.
590,camille.lewis@nexuserp.com,2026-05-28,3,Meets expectations. Good involvement. Regular overtime: watch the workload.
591,ryan.khalil@nexuserp.com,2026-01-07,3,Meets expectations. Good involvement. Followed 4 trainings this year.
592,andrew.robinson2@nexuserp.com,2026-08-26,3,Meets expectations. Good involvement. No promotion for 9 years: discuss career path.
593,lucas.laurent@nexuserp.com,2025-12-29,3,Meets expectations. Involvement could improve.
595,karim.park@nexuserp.com,2025-12-08,3,Meets expectations. Good involvement. No promotion for 6 years: discuss career path.
597,tariq.lopez@nexuserp.com,2026-04-01,4,Exceeds expectations. Good involvement. No promotion for 7 years: discuss career path.
599,elizabeth.russo@nexuserp.com,2026-08-20,3,Meets expectations. Good involvement.
600,rayan.haddad@nexuserp.com,2025-12-29,3,Meets expectations. Good involvement. No promotion for 6 years: discuss career path.
601,richard.nguyen@nexuserp.com,2026-05-27,3,Meets expectations. Good involvement. No promotion for 5 years: discuss career path.
602,hiroshi.scott2@nexuserp.com,2026-02-15,3,Meets expectations. Good involvement.
604,amira.muller@nexuserp.com,2026-03-08,3,Meets expectations. Good involvement. Regular overtime: watch the workload.
605,wei.wilson@nexuserp.com,2026-05-20,4,Exceeds expectations. Good involvement. Followed 5 trainings this year. No promotion for 5 years: discuss career path. Regular overtime: watch the workload.
606,clara.novak@nexuserp.com,2026-05-19,3,Meets expectations. Good involvement.
608,camille.lewis@nexuserp.com,2025-06-10,3,Meets expectations. Good involvement. Regular overtime: watch the workload.
611,cynthia.lewis2@nexuserp.com,2026-05-16,3,Meets expectations. Good involvement.
612,hugo.jones@nexuserp.com,2026-07-11,3,Meets expectations. Very high involvement.
613,tariq.lopez@nexuserp.com,2026-02-13,4,Exceeds expectations. Involvement could improve.
615,amira.muller@nexuserp.com,2026-03-17,3,Meets expectations. Low involvement: needs support.
616,anthony.lee@nexuserp.com,2026-02-08,3,Meets expectations. Involvement could improve. Regular overtime: watch the workload.
618,mark.smith@nexuserp.com,2026-04-14,3,Meets expectations. Good involvement. Followed 5 trainings this year.
620,mark.smith@nexuserp.com,2025-12-19,3,Meets expectations. Good involvement.
621,elena.lee@nexuserp.com,2025-12-30,3,Meets expectations. Very high involvement. No promotion for 5 years: discuss career path.
622,rayan.flores@nexuserp.com,2025-06-11,3,Meets expectations. Low involvement: needs support. Regular overtime: watch the workload.
623,mark.patel@nexuserp.com,2026-07-29,3,Meets expectations. Good involvement.
624,oscar.wang@nexuserp.com,2026-07-31,3,Meets expectations. Good involvement.
625,tariq.lopez@nexuserp.com,2026-04-22,3,Meets expectations. Good involvement. No promotion for 11 years: discuss career path.
626,paul.khalil@nexuserp.com,2026-02-21,3,Meets expectations. Good involvement. Followed 6 trainings this year. No promotion for 7 years: discuss career path.
630,joshua.roberts@nexuserp.com,2026-06-24,3,Meets expectations. Good involvement. No promotion for 6 years: discuss career path. Regular overtime: watch the workload.
631,alice.tanaka@nexuserp.com,2026-05-28,3,Meets expectations. Very high involvement.
632,elizabeth.russo@nexuserp.com,2026-08-18,3,Meets expectations. Good involvement.
634,mei.chen@nexuserp.com,2026-03-30,3,Meets expectations. Good involvement. Followed 4 trainings this year.
635,wei.wilson@nexuserp.com,2025-12-05,3,Meets expectations. Good involvement. No promotion for 4 years: discuss career path.
638,hugo.jones@nexuserp.com,2026-04-24,3,Meets expectations. Involvement could improve. Followed 5 trainings this year. Regular overtime: watch the workload.
639,aiko.silva@nexuserp.com,2026-02-10,3,Meets expectations. Very high involvement. Regular overtime: watch the workload.
641,priya.shah@nexuserp.com,2026-08-13,4,Exceeds expectations. Good involvement. Followed 5 trainings this year.
643,mark.chen@nexuserp.com,2026-06-30,4,Exceeds expectations. Involvement could improve.
644,james.park@nexuserp.com,2026-02-24,3,Meets expectations. Good involvement. No promotion for 10 years: discuss career path.
645,felix.murphy@nexuserp.com,2026-05-10,3,Meets expectations. Good involvement.
647,luca.wang@nexuserp.com,2025-12-08,3,Meets expectations. Good involvement. Followed 4 trainings this year. Regular overtime: watch the workload.
648,mark.lee@nexuserp.com,2025-12-28,3,Meets expectations. Involvement could improve.
649,sara.khalil@nexuserp.com,2026-01-25,3,Meets expectations. Involvement could improve. Regular overtime: watch the workload.
650,nicholas.brown2@nexuserp.com,2025-10-16,3,Meets expectations. Good involvement.
652,sharon.muller@nexuserp.com,2026-01-20,3,Meets expectations. Involvement could improve.
653,elizabeth.tanaka2@nexuserp.com,2026-05-25,4,Exceeds expectations. Very high involvement. Followed 4 trainings this year. No promotion for 5 years: discuss career path.
655,jonathan.brown@nexuserp.com,2025-12-19,3,Meets expectations. Involvement could improve. Followed 5 trainings this year.
656,steven.robinson@nexuserp.com,2025-12-21,3,Meets expectations. Good involvement. Regular overtime: watch the workload.
657,jonathan.brown@nexuserp.com,2026-05-20,3,Meets expectations. Involvement could improve.
659,priya.mitchell@nexuserp.com,2026-07-02,3,Meets expectations. Good involvement. Followed 4 trainings this year.
661,hugo.jones@nexuserp.com,2025-12-10,3,Meets expectations. Involvement could improve. Regular overtime: watch the workload.
663,lucas.laurent@nexuserp.com,2026-04-15,3,Meets expectations. Good involvement. No promotion for 4 years: discuss career path. Regular overtime: watch the workload.
664,hugo.jones@nexuserp.com,2025-12-18,3,Meets expectations. Involvement could improve.
665,kevin.hernandez@nexuserp.com,2026-06-16,3,Meets expectations. Involvement could improve.
666,mark.lee@nexuserp.com,2025-12-31,3,Meets expectations. Good involvement. Regular overtime: watch the workload.
667,rayan.haddad@nexuserp.com,2026-04-12,3,Meets expectations. Good involvement.
669,felix.murphy@nexuserp.com,2026-06-09,3,Meets expectations. Good involvement.
671,hugo.jones@nexuserp.com,2026-05-14,3,Meets expectations. Good involvement. Regular overtime: watch the workload.
675,ivan.davis@nexuserp.com,2026-04-19,4,Exceeds expectations. Good involvement.
677,camille.wang@nexuserp.com,2026-06-23,3,Meets expectations. Good involvement.
679,michelle.king@nexuserp.com,2025-12-31,3,Meets expectations. Good involvement. Regular overtime: watch the workload.
680,ashley.park@nexuserp.com,2026-02-28,4,Exceeds expectations. Good involvement.
682,amira.muller@nexuserp.com,2026-02-27,4,Exceeds expectations. Good involvement. No promotion for 8 years: discuss career path.
683,arjun.wang@nexuserp.com,2026-02-10,3,Meets expectations. Good involvement. Followed 4 trainings this year. No promotion for 8 years: discuss career path.
684,alice.tanaka@nexuserp.com,2025-08-07,3,Meets expectations. Good involvement. Followed 4 trainings this year.
686,jacob.sato@nexuserp.com,2026-03-06,3,Meets expectations. Good involvement. Regular overtime: watch the workload.
689,nancy.singh@nexuserp.com,2026-03-01,3,Meets expectations. Good involvement. No promotion for 7 years: discuss career path.
690,adam.roberts@nexuserp.com,2026-02-13,3,Meets expectations. Good involvement. Followed 5 trainings this year.
691,nour.obrien@nexuserp.com,2025-12-21,3,Meets expectations. Low involvement: needs support. No promotion for 11 years: discuss career path.
692,mei.chen@nexuserp.com,2026-07-05,4,Exceeds expectations. Good involvement. No promotion for 4 years: discuss career path.
698,kevin.hernandez@nexuserp.com,2026-04-09,3,Meets expectations. Good involvement. No promotion for 7 years: discuss career path.
699,cynthia.lewis2@nexuserp.com,2026-07-09,3,Meets expectations. Involvement could improve. Regular overtime: watch the workload.
700,richard.carter@nexuserp.com,2026-07-09,3,Meets expectations. Involvement could improve.
701,eric.adams2@nexuserp.com,2025-04-07,3,Meets expectations. Good involvement. Followed 5 trainings this year. Regular overtime: watch the workload.
702,sara.dubois@nexuserp.com,2025-05-11,3,Meets expectations. Good involvement. No promotion for 9 years: discuss career path. Regular overtime: watch the workload.
704,karen.lee@nexuserp.com,2026-02-18,3,Meets expectations. Involvement could improve.
705,elizabeth.williams3@nexuserp.com,2026-02-11,3,Meets expectations. Very high involvement.
707,andrew.robinson2@nexuserp.com,2026-08-19,4,Exceeds expectations. Very high involvement. Followed 4 trainings this year.
709,steven.robinson@nexuserp.com,2026-04-16,4,Exceeds expectations. Involvement could improve.
710,michelle.king@nexuserp.com,2026-07-10,3,Meets expectations. Low involvement: needs support. Followed 5 trainings this year.
712,alice.tanaka@nexuserp.com,2026-06-04,3,Meets expectations. Very high involvement.
714,amanda.martin2@nexuserp.com,2026-07-07,4,Exceeds expectations. Very high involvement. Regular overtime: watch the workload.
715,sara.dubois@nexuserp.com,2026-02-28,3,Meets expectations. Very high involvement.
716,paul.taylor@nexuserp.com,2026-07-23,3,Meets expectations. Very high involvement. Regular overtime: watch the workload.
717,priya.mitchell@nexuserp.com,2026-04-27,3,Meets expectations. Involvement could improve. No promotion for 7 years: discuss career path.
720,sharon.nielsen2@nexuserp.com,2025-12-20,3,Meets expectations. Good involvement.
721,susan.muller@nexuserp.com,2025-12-10,3,Meets expectations. Involvement could improve. Followed 4 trainings this year. No promotion for 11 years: discuss career path.
722,andrew.robinson2@nexuserp.com,2026-01-26,3,Meets expectations. Good involvement.
723,priya.shah@nexuserp.com,2026-03-14,3,Meets expectations. Good involvement. Followed 4 trainings this year. Regular overtime: watch the workload.
724,mei.chen@nexuserp.com,2026-06-09,3,Meets expectations. Very high involvement. Followed 4 trainings this year.
725,ryan.taylor@nexuserp.com,2026-02-14,3,Meets expectations. Good involvement.
727,hugo.jones@nexuserp.com,2026-03-09,3,Meets expectations. Good involvement. Followed 6 trainings this year. No promotion for 7 years: discuss career path.
728,mark.smith@nexuserp.com,2026-03-30,3,Meets expectations. Good involvement.
729,karim.park@nexuserp.com,2026-08-08,4,Exceeds expectations. Involvement could improve. Regular overtime: watch the workload.
730,hugo.jones@nexuserp.com,2026-08-06,3,Meets expectations. Very high involvement.
731,james.park@nexuserp.com,2026-03-08,3,Meets expectations. Involvement could improve. No promotion for 12 years: discuss career path.
732,elizabeth.tanaka2@nexuserp.com,2026-04-22,3,Meets expectations. Good involvement.
733,richard.nguyen@nexuserp.com,2026-01-15,4,Exceeds expectations. Good involvement. Followed 4 trainings this year.
734,james.park@nexuserp.com,2026-08-20,3,Meets expectations. Involvement could improve.
738,mark.lee@nexuserp.com,2026-07-08,3,Meets expectations. Good involvement.
741,elizabeth.williams3@nexuserp.com,2025-03-24,3,Meets expectations. Low involvement: needs support. Followed 4 trainings this year. Regular overtime: watch the workload.
742,hugo.jones@nexuserp.com,2025-12-05,3,Meets expectations. Very high involvement.
743,john.clark@nexuserp.com,2026-02-09,3,Meets expectations. Good involvement. Followed 4 trainings this year. Regular overtime: watch the workload.
744,nour.adams@nexuserp.com,2026-08-24,3,Meets expectations. Low involvement: needs support. Followed 5 trainings this year.
746,elizabeth.russo@nexuserp.com,2026-08-14,3,Meets expectations. Good involvement. No promotion for 11 years: discuss career path. Regular overtime: watch the workload.
747,amanda.martin2@nexuserp.com,2026-01-01,4,Exceeds expectations. Good involvement. No promotion for 7 years: discuss career path.
749,adam.roberts@nexuserp.com,2026-04-14,3,Meets expectations. Good involvement. Followed 6 trainings this year.
752,nour.obrien@nexuserp.com,2025-08-22,3,Meets expectations. Very high involvement. Regular overtime: watch the workload.
754,alice.tanaka@nexuserp.com,2025-12-10,3,Meets expectations. Involvement could improve. Followed 5 trainings this year.
757,sarah.thomas@nexuserp.com,2026-06-21,3,Meets expectations. Good involvement. No promotion for 4 years: discuss career path.
758,mark.chen@nexuserp.com,2026-06-11,3,Meets expectations. Good involvement.
760,kevin.hernandez@nexuserp.com,2026-02-23,3,Meets expectations. Very high involvement.
762,priya.mitchell@nexuserp.com,2025-12-25,3,Meets expectations. Good involvement.
763,camille.trabelsi@nexuserp.com,2026-05-20,4,Exceeds expectations. Involvement could improve. Regular overtime: watch the workload.
764,jennifer.rodriguez@nexuserp.com,2026-07-18,3,Meets expectations. Involvement could improve.
766,adam.roberts@nexuserp.com,2026-08-12,3,Meets expectations. Good involvement.
769,paul.moreau@nexuserp.com,2026-08-26,3,Meets expectations. Good involvement. Followed 4 trainings this year.
771,anthony.lee@nexuserp.com,2026-05-18,3,Meets expectations. Good involvement.
772,arjun.khalil@nexuserp.com,2026-04-06,3,Meets expectations. Good involvement. No promotion for 4 years: discuss career path.
773,sara.dubois@nexuserp.com,2026-04-17,3,Meets expectations. Good involvement. Regular overtime: watch the workload.
775,cynthia.lewis2@nexuserp.com,2026-06-24,3,Meets expectations. Good involvement.
776,tariq.lopez@nexuserp.com,2026-02-25,3,Meets expectations. Involvement could improve.
780,aiko.silva@nexuserp.com,2025-04-16,3,Meets expectations. Good involvement. No promotion for 7 years: discuss career path. Regular overtime: watch the workload.
781,sandra.dubois@nexuserp.com,2026-06-25,4,Exceeds expectations. Good involvement. Followed 5 trainings this year.
783,felix.murphy@nexuserp.com,2026-02-26,3,Meets expectations. Low involvement: needs support.
784,elizabeth.williams3@nexuserp.com,2026-04-02,3,Meets expectations. Very high involvement.
785,susan.roberts@nexuserp.com,2026-01-04,3,Meets expectations. Very high involvement. Regular overtime: watch the workload.
786,elena.lee@nexuserp.com,2026-08-24,4,Exceeds expectations. Good involvement. Followed 5 trainings this year.
787,hugo.jones@nexuserp.com,2025-10-25,3,Meets expectations. Good involvement. Regular overtime: watch the workload.
789,alice.tanaka@nexuserp.com,2026-02-06,3,Meets expectations. Involvement could improve.
791,elizabeth.williams3@nexuserp.com,2026-02-25,3,Meets expectations. Good involvement.
792,karen.lee@nexuserp.com,2026-01-12,3,Meets expectations. Low involvement: needs support.
793,nicholas.smith@nexuserp.com,2026-02-06,3,Meets expectations. Good involvement.
796,amira.muller@nexuserp.com,2025-02-23,3,Meets expectations. Involvement could improve.
797,karen.oliveira2@nexuserp.com,2026-02-27,3,Meets expectations. Very high involvement.
799,mark.patel@nexuserp.com,2026-04-29,3,Meets expectations. Good involvement. Followed 4 trainings this year. Regular overtime: watch the workload.
800,elena.lee@nexuserp.com,2026-01-13,3,Meets expectations. Good involvement.
802,elizabeth.williams3@nexuserp.com,2026-02-20,3,Meets expectations. Good involvement. No promotion for 4 years: discuss career path. Regular overtime: watch the workload.
803,mark.patel@nexuserp.com,2026-03-29,3,Meets expectations. Very high involvement. No promotion for 4 years: discuss career path. Regular overtime: watch the workload.
804,joshua.roberts@nexuserp.com,2026-03-24,3,Meets expectations. Involvement could improve.
805,kevin.obrien@nexuserp.com,2026-05-24,3,Meets expectations. Good involvement.
806,sharon.muller@nexuserp.com,2026-03-14,4,Exceeds expectations. Low involvement: needs support.
807,anthony.lee@nexuserp.com,2026-04-23,4,Exceeds expectations. Very high involvement.
808,karim.park@nexuserp.com,2026-07-23,3,Meets expectations. Good involvement.
809,hugo.jones@nexuserp.com,2026-04-30,3,Meets expectations. Good involvement. Followed 4 trainings this year. No promotion for 14 years: discuss career path.
811,hiroshi.scott2@nexuserp.com,2025-11-08,4,Exceeds expectations. Very high involvement. Regular overtime: watch the workload.
812,nour.adams@nexuserp.com,2026-05-29,3,Meets expectations. Involvement could improve. Followed 4 trainings this year.
813,luca.wang@nexuserp.com,2026-02-25,4,Exceeds expectations. Good involvement.
815,hugo.jones@nexuserp.com,2026-05-07,3,Meets expectations. Good involvement.
816,oscar.kim@nexuserp.com,2025-12-26,3,Meets expectations. Involvement could improve. Regular overtime: watch the workload.
817,hugo.jones@nexuserp.com,2026-05-15,3,Meets expectations. Good involvement.
819,mark.lee@nexuserp.com,2025-02-17,3,Meets expectations. Good involvement.
820,hugo.jones@nexuserp.com,2026-07-28,3,Meets expectations. Good involvement. Regular overtime: watch the workload.
823,cynthia.lewis2@nexuserp.com,2026-02-28,3,Meets expectations. Good involvement.
824,steven.laurent@nexuserp.com,2026-01-14,4,Exceeds expectations. Very high involvement.
825,hugo.jones@nexuserp.com,2025-09-01,3,Meets expectations. Good involvement. No promotion for 13 years: discuss career path. Regular overtime: watch the workload.
826,ivan.davis@nexuserp.com,2026-02-03,3,Meets expectations. Very high involvement.
827,john.clark@nexuserp.com,2026-03-08,3,Meets expectations. Involvement could improve. Followed 4 trainings this year. Regular overtime: watch the workload.
828,manon.hernandez@nexuserp.com,2025-12-28,3,Meets expectations. Good involvement.
829,emily.harris@nexuserp.com,2026-07-11,3,Meets expectations. Good involvement.
830,nancy.singh@nexuserp.com,2025-12-14,3,Meets expectations. Involvement could improve. No promotion for 6 years: discuss career path.
832,arjun.khalil@nexuserp.com,2026-07-05,3,Meets expectations. Involvement could improve. Followed 6 trainings this year.
833,nancy.singh@nexuserp.com,2025-12-29,4,Exceeds expectations. Involvement could improve. Followed 4 trainings this year. Regular overtime: watch the workload.
834,ashley.park@nexuserp.com,2026-03-05,3,Meets expectations. Involvement could improve.
836,john.clark@nexuserp.com,2026-01-07,3,Meets expectations. Good involvement. No promotion for 7 years: discuss career path.
837,sarah.thomas@nexuserp.com,2026-06-08,3,Meets expectations. Involvement could improve.
838,arjun.wang@nexuserp.com,2026-08-20,3,Meets expectations. Involvement could improve.
840,steven.robinson@nexuserp.com,2025-04-07,3,Meets expectations. Good involvement. No promotion for 7 years: discuss career path.
842,mark.lee@nexuserp.com,2026-01-23,3,Meets expectations. Good involvement. No promotion for 7 years: discuss career path.
843,hugo.jones@nexuserp.com,2026-03-31,4,Exceeds expectations. Good involvement.
844,hugo.jones@nexuserp.com,2026-04-26,3,Meets expectations. Involvement could improve. Regular overtime: watch the workload.
845,john.clark@nexuserp.com,2026-06-01,4,Exceeds expectations. Good involvement.
846,priya.shah@nexuserp.com,2026-02-14,4,Exceeds expectations. Good involvement. No promotion for 7 years: discuss career path. Regular overtime: watch the workload.
847,kevin.hernandez@nexuserp.com,2026-04-14,3,Meets expectations. Good involvement.
848,aiko.silva@nexuserp.com,2025-11-29,3,Meets expectations. Involvement could improve. Regular overtime: watch the workload.
850,steven.laurent@nexuserp.com,2026-02-26,3,Meets expectations. Good involvement. Followed 6 trainings this year.
851,tariq.lopez@nexuserp.com,2026-02-25,3,Meets expectations. Good involvement. No promotion for 4 years: discuss career path.
852,matthew.hernandez@nexuserp.com,2026-05-30,3,Meets expectations. Good involvement.
854,ivan.davis@nexuserp.com,2026-02-01,3,Meets expectations. Very high involvement.
855,elizabeth.tanaka2@nexuserp.com,2026-06-29,4,Exceeds expectations. Very high involvement. Followed 5 trainings this year.
856,camille.trabelsi@nexuserp.com,2025-12-13,3,Meets expectations. Involvement could improve.
857,mark.lee@nexuserp.com,2026-01-20,3,Meets expectations. Good involvement. No promotion for 4 years: discuss career path. Regular overtime: watch the workload.
859,alice.tanaka@nexuserp.com,2026-03-31,3,Meets expectations. Good involvement.
861,richard.carter@nexuserp.com,2026-07-10,3,Meets expectations. Involvement could improve.
862,nicholas.brown2@nexuserp.com,2025-12-26,3,Meets expectations. Involvement could improve. Regular overtime: watch the workload.
864,rayan.haddad@nexuserp.com,2026-03-30,3,Meets expectations. Good involvement. Regular overtime: watch the workload.
865,ivan.davis@nexuserp.com,2026-01-19,3,Meets expectations. Very high involvement.
867,cynthia.lewis2@nexuserp.com,2026-08-20,4,Exceeds expectations. Involvement could improve.
868,adam.roberts@nexuserp.com,2026-05-28,3,Meets expectations. Involvement could improve.
869,camille.lewis@nexuserp.com,2026-06-07,3,Meets expectations. Involvement could improve. Followed 6 trainings this year.
872,wei.wilson@nexuserp.com,2026-01-19,4,Exceeds expectations. Involvement could improve.
874,jacob.sato@nexuserp.com,2026-04-24,4,Exceeds expectations. Very high involvement. Regular overtime: watch the workload.
875,timothy.moreau@nexuserp.com,2026-07-27,3,Meets expectations. Good involvement. Regular overtime: watch the workload.
878,camille.lewis@nexuserp.com,2026-03-14,4,Exceeds expectations. Involvement could improve.
879,elizabeth.tanaka2@nexuserp.com,2026-07-15,3,Meets expectations. Good involvement. Regular overtime: watch the workload.
880,chloe.carter@nexuserp.com,2026-04-28,4,Exceeds expectations. Involvement could improve. No promotion for 5 years: discuss career path. Regular overtime: watch the workload.
881,richard.carter@nexuserp.com,2025-03-23,3,Meets expectations. Good involvement. No promotion for 7 years: discuss career path. Regular overtime: watch the workload.
882,rayan.flores@nexuserp.com,2026-05-02,3,Meets expectations. Good involvement.
885,elena.lee@nexuserp.com,2026-05-03,3,Meets expectations. Involvement could improve.
887,elena.scott@nexuserp.com,2026-08-17,3,Meets expectations. Good involvement.
888,hiroshi.scott2@nexuserp.com,2026-04-25,3,Meets expectations. Involvement could improve.
889,paul.khalil@nexuserp.com,2025-12-11,3,Meets expectations. Good involvement. No promotion for 5 years: discuss career path.
893,elizabeth.russo@nexuserp.com,2025-12-13,3,Meets expectations. Involvement could improve.
894,paul.taylor@nexuserp.com,2025-12-09,3,Meets expectations. Very high involvement. Regular overtime: watch the workload.
895,camille.trabelsi@nexuserp.com,2026-05-21,3,Meets expectations. Good involvement. Regular overtime: watch the workload.
896,kevin.obrien@nexuserp.com,2025-12-15,3,Meets expectations. Involvement could improve. Regular overtime: watch the workload.
897,elena.lee@nexuserp.com,2026-06-24,3,Meets expectations. Good involvement.
899,hiroshi.russo2@nexuserp.com,2026-07-01,3,Meets expectations. Involvement could improve. No promotion for 4 years: discuss career path.
900,rayan.haddad@nexuserp.com,2026-08-06,3,Meets expectations. Good involvement.
901,hugo.jones@nexuserp.com,2026-02-16,3,Meets expectations. Good involvement.
902,mei.chen@nexuserp.com,2026-04-08,3,Meets expectations. Good involvement.
903,alice.tanaka@nexuserp.com,2026-02-13,4,Exceeds expectations. Good involvement. No promotion for 7 years: discuss career path. Regular overtime: watch the workload.
904,amanda.martin2@nexuserp.com,2026-07-04,3,Meets expectations. Good involvement. Regular overtime: watch the workload.
905,hugo.jones@nexuserp.com,2026-02-20,3,Meets expectations. Good involvement. No promotion for 14 years: discuss career path.
909,kevin.hernandez@nexuserp.com,2026-08-10,3,Meets expectations. Involvement could improve.
910,camille.lewis@nexuserp.com,2026-02-13,3,Meets expectations. Good involvement. Followed 4 trainings this year. Regular overtime: watch the workload.
911,olivia.williams@nexuserp.com,2025-11-16,4,Exceeds expectations. Good involvement. Regular overtime: watch the workload.
912,rayan.flores@nexuserp.com,2026-06-20,3,Meets expectations. Involvement could improve. Followed 5 trainings this year.
913,ashley.park@nexuserp.com,2026-05-30,3,Meets expectations. Good involvement. No promotion for 7 years: discuss career path. Regular overtime: watch the workload.
916,camille.wang@nexuserp.com,2026-05-01,3,Meets expectations. Good involvement.
918,lea.moreau@nexuserp.com,2025-05-20,3,Meets expectations. Involvement could improve. Regular overtime: watch the workload.
920,john.clark@nexuserp.com,2026-04-06,4,Exceeds expectations. Good involvement.
922,adam.roberts@nexuserp.com,2026-05-06,3,Meets expectations. Involvement could improve.
923,sara.khalil@nexuserp.com,2025-07-24,3,Meets expectations. Good involvement.
924,nicholas.smith@nexuserp.com,2026-04-12,3,Meets expectations. Good involvement. No promotion for 4 years: discuss career path. Regular overtime: watch the workload.
925,rayan.haddad@nexuserp.com,2026-03-14,3,Meets expectations. Involvement could improve. Regular overtime: watch the workload.
926,nancy.singh@nexuserp.com,2026-02-20,3,Meets expectations. Good involvement. Regular overtime: watch the workload.
927,olivia.williams@nexuserp.com,2025-05-10,3,Meets expectations. Low involvement: needs support. Regular overtime: watch the workload.
930,eric.adams2@nexuserp.com,2026-04-28,3,Meets expectations. Good involvement.
932,lucas.laurent@nexuserp.com,2025-06-26,4,Exceeds expectations. Good involvement. Regular overtime: watch the workload.
933,michelle.king@nexuserp.com,2026-05-28,3,Meets expectations. Good involvement.
934,paul.moreau@nexuserp.com,2026-06-15,3,Meets expectations. Good involvement.
936,steven.robinson@nexuserp.com,2026-06-04,3,Meets expectations. Involvement could improve. Followed 6 trainings this year.
939,michelle.king@nexuserp.com,2026-05-01,3,Meets expectations. Involvement could improve. Regular overtime: watch the workload.
940,anthony.lee@nexuserp.com,2026-07-29,3,Meets expectations. Involvement could improve. Regular overtime: watch the workload.
941,adam.roberts@nexuserp.com,2026-06-29,3,Meets expectations. Involvement could improve. No promotion for 5 years: discuss career path.
942,priya.mitchell@nexuserp.com,2026-07-27,4,Exceeds expectations. Good involvement. Regular overtime: watch the workload.
944,lea.moreau@nexuserp.com,2026-05-09,3,Meets expectations. Good involvement.
945,eric.adams2@nexuserp.com,2026-05-28,3,Meets expectations. Good involvement.
947,sandra.dubois@nexuserp.com,2026-07-14,3,Meets expectations. Good involvement.
949,sara.dubois@nexuserp.com,2026-07-21,3,Meets expectations. Good involvement. Followed 6 trainings this year.
950,hugo.jones@nexuserp.com,2026-04-07,3,Meets expectations. Good involvement. No promotion for 5 years: discuss career path.
951,oscar.kim@nexuserp.com,2026-06-28,4,Exceeds expectations. Involvement could improve.
952,mark.lee@nexuserp.com,2025-03-22,3,Meets expectations. Involvement could improve. Regular overtime: watch the workload.
954,elizabeth.russo@nexuserp.com,2026-07-14,3,Meets expectations. Involvement could improve.
956,rayan.haddad@nexuserp.com,2026-04-19,3,Meets expectations. Involvement could improve.
957,paul.taylor@nexuserp.com,2026-01-22,3,Meets expectations. Good involvement. Regular overtime: watch the workload.
958,olivia.williams@nexuserp.com,2026-07-30,4,Exceeds expectations. Good involvement. Followed 6 trainings this year.
959,felix.murphy@nexuserp.com,2025-08-23,3,Meets expectations. Involvement could improve. Regular overtime: watch the workload.
960,lucas.laurent@nexuserp.com,2025-10-24,3,Meets expectations. Good involvement.
961,jennifer.rodriguez@nexuserp.com,2026-03-31,3,Meets expectations. Good involvement. No promotion for 8 years: discuss career path. Regular overtime: watch the workload.
964,elena.scott@nexuserp.com,2025-12-30,3,Meets expectations. Good involvement. Regular overtime: watch the workload.
966,hiroshi.russo2@nexuserp.com,2026-03-23,3,Meets expectations. Good involvement. No promotion for 6 years: discuss career path.
967,priya.shah@nexuserp.com,2025-08-28,3,Meets expectations. Involvement could improve. Followed 6 trainings this year. Regular overtime: watch the workload.
969,anthony.lee@nexuserp.com,2026-05-12,3,Meets expectations. Involvement could improve.
970,hana.lopez@nexuserp.com,2025-11-19,3,Meets expectations. Involvement could improve. No promotion for 11 years: discuss career path.
972,rayan.flores@nexuserp.com,2026-06-08,3,Meets expectations. Good involvement. Followed 5 trainings this year.
974,elizabeth.russo@nexuserp.com,2026-02-23,3,Meets expectations. Good involvement. Followed 5 trainings this year.
975,camille.wang@nexuserp.com,2026-05-16,3,Meets expectations. Good involvement.
976,hugo.jones@nexuserp.com,2026-08-11,3,Meets expectations. Good involvement. No promotion for 7 years: discuss career path.
977,eric.adams2@nexuserp.com,2025-06-20,4,Exceeds expectations. Good involvement. Followed 4 trainings this year.
981,tariq.lopez@nexuserp.com,2026-06-20,3,Meets expectations. Good involvement. No promotion for 15 years: discuss career path.
982,hana.lopez@nexuserp.com,2026-05-22,3,Meets expectations. Good involvement. No promotion for 7 years: discuss career path.
983,mark.lee@nexuserp.com,2026-06-01,3,Meets expectations. Good involvement. Regular overtime: watch the workload.
984,elizabeth.tanaka2@nexuserp.com,2026-07-21,3,Meets expectations. Good involvement.
985,mark.smith@nexuserp.com,2026-06-10,3,Meets expectations. Very high involvement.
986,elena.lee@nexuserp.com,2025-05-27,3,Meets expectations. Very high involvement. Regular overtime: watch the workload.
987,mark.patel@nexuserp.com,2026-06-02,3,Meets expectations. Very high involvement. Regular overtime: watch the workload.
990,amanda.martin2@nexuserp.com,2026-02-10,3,Meets expectations. Good involvement.
991,sara.khalil@nexuserp.com,2025-11-14,4,Exceeds expectations. Involvement could improve. Regular overtime: watch the workload.
992,tariq.lopez@nexuserp.com,2026-08-10,3,Meets expectations. Good involvement. No promotion for 6 years: discuss career path.
994,steven.laurent@nexuserp.com,2025-07-04,4,Exceeds expectations. Involvement could improve. Followed 5 trainings this year. Regular overtime: watch the workload.
995,nour.obrien@nexuserp.com,2025-12-25,3,Meets expectations. Good involvement. Followed 4 trainings this year.
996,ryan.khalil@nexuserp.com,2026-06-25,3,Meets expectations. Good involvement.
997,hugo.jones@nexuserp.com,2026-07-12,4,Exceeds expectations. Good involvement.
998,oscar.wang@nexuserp.com,2025-12-18,3,Meets expectations. Very high involvement. Regular overtime: watch the workload.
999,hugo.jones@nexuserp.com,2026-08-01,3,Meets expectations. Good involvement.
1001,andrew.smith@nexuserp.com,2025-12-30,3,Meets expectations. Good involvement.
1002,olivia.williams@nexuserp.com,2026-07-12,3,Meets expectations. Good involvement. Regular overtime: watch the workload.
1003,elizabeth.tanaka2@nexuserp.com,2026-01-05,3,Meets expectations. Good involvement. Regular overtime: watch the workload.
1004,sara.khalil@nexuserp.com,2025-05-18,3,Meets expectations. Good involvement. Regular overtime: watch the workload.
1005,john.clark@nexuserp.com,2026-06-23,3,Meets expectations. Good involvement. Regular overtime: watch the workload.
1006,arjun.wang@nexuserp.com,2026-06-29,3,Meets expectations. Good involvement.
1007,richard.nguyen@nexuserp.com,2026-07-30,3,Meets expectations. Good involvement.
1009,ryan.taylor@nexuserp.com,2026-01-26,3,Meets expectations. Involvement could improve. Followed 6 trainings this year.
1010,sharon.muller@nexuserp.com,2026-04-27,4,Exceeds expectations. Involvement could improve. Regular overtime: watch the workload.
1011,ryan.taylor@nexuserp.com,2026-03-06,3,Meets expectations. Good involvement.
1012,ivan.davis@nexuserp.com,2026-03-14,3,Meets expectations. Good involvement.
1013,nancy.singh@nexuserp.com,2026-04-09,3,Meets expectations. Good involvement.
1014,mei.chen@nexuserp.com,2026-06-23,3,Meets expectations. Good involvement. No promotion for 10 years: discuss career path. Regular overtime: watch the workload.
1015,hugo.jones@nexuserp.com,2026-05-20,3,Meets expectations. Very high involvement. Followed 4 trainings this year. Regular overtime: watch the workload.
1016,manon.hernandez@nexuserp.com,2026-02-09,3,Meets expectations. Involvement could improve. Regular overtime: watch the workload.
1017,oscar.kim@nexuserp.com,2026-04-23,3,Meets expectations. Good involvement.
1018,wei.wilson@nexuserp.com,2026-05-10,3,Meets expectations. Very high involvement.
1019,hiroshi.scott2@nexuserp.com,2026-02-16,3,Meets expectations. Low involvement: needs support.
1022,nicholas.smith@nexuserp.com,2026-05-05,3,Meets expectations. Involvement could improve.
1024,susan.muller@nexuserp.com,2026-05-13,3,Meets expectations. Involvement could improve. No promotion for 4 years: discuss career path.
1025,samuel.rivera@nexuserp.com,2026-01-12,3,Meets expectations. Good involvement. Followed 6 trainings this year.
1026,john.clark@nexuserp.com,2026-04-05,3,Meets expectations. Involvement could improve. No promotion for 11 years: discuss career path.
1027,samuel.rivera@nexuserp.com,2026-02-09,3,Meets expectations. Good involvement.
1028,mark.chen@nexuserp.com,2026-08-13,4,Exceeds expectations. Good involvement. Followed 4 trainings this year.
1029,tariq.lopez@nexuserp.com,2025-12-19,3,Meets expectations. Good involvement.
1030,luca.wang@nexuserp.com,2026-01-29,3,Meets expectations. Good involvement. Followed 5 trainings this year.
1032,chloe.carter@nexuserp.com,2026-01-15,3,Meets expectations. Involvement could improve. Followed 4 trainings this year. No promotion for 4 years: discuss career path. Regular overtime: watch the workload.
1033,susan.muller@nexuserp.com,2025-12-28,3,Meets expectations. Low involvement: needs support.
1034,matthew.hernandez@nexuserp.com,2026-04-04,3,Meets expectations. Good involvement. No promotion for 6 years: discuss career path. Regular overtime: watch the workload.
1035,hugo.jones@nexuserp.com,2026-04-06,4,Exceeds expectations. Low involvement: needs support. No promotion for 5 years: discuss career path.
1036,steven.robinson@nexuserp.com,2026-03-11,3,Meets expectations. Good involvement. Regular overtime: watch the workload.
1037,elena.lee@nexuserp.com,2025-10-28,3,Meets expectations. Low involvement: needs support. Followed 6 trainings this year.
1038,tariq.lopez@nexuserp.com,2025-06-07,3,Meets expectations. Low involvement: needs support. No promotion for 6 years: discuss career path.
1039,elizabeth.russo@nexuserp.com,2026-05-28,3,Meets expectations. Very high involvement. No promotion for 11 years: discuss career path. Regular overtime: watch the workload.
1040,andrew.robinson2@nexuserp.com,2026-01-31,3,Meets expectations. Good involvement.
1042,sharon.muller@nexuserp.com,2025-09-25,3,Meets expectations. Very high involvement. No promotion for 15 years: discuss career path.
1043,ryan.taylor@nexuserp.com,2026-04-21,3,Meets expectations. Good involvement. Regular overtime: watch the workload.
1044,adam.roberts@nexuserp.com,2026-08-09,3,Meets expectations. Involvement could improve.
1045,tariq.lopez@nexuserp.com,2025-12-27,3,Meets expectations. Good involvement. Followed 4 trainings this year.
1046,sharon.muller@nexuserp.com,2026-02-22,3,Meets expectations. Good involvement. No promotion for 7 years: discuss career path.
1047,karim.park@nexuserp.com,2026-06-21,3,Meets expectations. Very high involvement.
1048,tariq.lopez@nexuserp.com,2026-08-15,3,Meets expectations. Good involvement. Regular overtime: watch the workload.
1049,camille.lewis@nexuserp.com,2026-01-09,3,Meets expectations. Good involvement.
1050,clara.novak@nexuserp.com,2026-08-27,3,Meets expectations. Involvement could improve. No promotion for 6 years: discuss career path.
1052,sharon.muller@nexuserp.com,2025-10-21,3,Meets expectations. Good involvement.
1053,elena.scott@nexuserp.com,2025-10-08,3,Meets expectations. Good involvement. Regular overtime: watch the workload.
1055,adam.roberts@nexuserp.com,2026-02-21,3,Meets expectations. Good involvement. Regular overtime: watch the workload.
1056,rayan.haddad@nexuserp.com,2026-07-03,4,Exceeds expectations. Good involvement. Followed 5 trainings this year.
1060,eric.adams2@nexuserp.com,2026-05-04,3,Meets expectations. Good involvement.
1061,hugo.jones@nexuserp.com,2026-03-26,3,Meets expectations. Good involvement. No promotion for 7 years: discuss career path. Regular overtime: watch the workload.
1062,priya.mitchell@nexuserp.com,2026-05-19,3,Meets expectations. Good involvement.
1066,elizabeth.tanaka2@nexuserp.com,2026-02-24,3,Meets expectations. Good involvement. No promotion for 7 years: discuss career path.
1068,joshua.roberts@nexuserp.com,2026-04-12,3,Meets expectations. Involvement could improve. Followed 5 trainings this year.
1069,hugo.jones@nexuserp.com,2026-05-05,3,Meets expectations. Good involvement.
1070,elena.lee@nexuserp.com,2026-06-01,3,Meets expectations. Involvement could improve. Followed 4 trainings this year. No promotion for 7 years: discuss career path.
1071,ashley.park@nexuserp.com,2026-05-09,3,Meets expectations. Good involvement. Followed 4 trainings this year.
1073,mark.patel@nexuserp.com,2026-06-01,3,Meets expectations. Involvement could improve. No promotion for 7 years: discuss career path.
1074,hugo.jones@nexuserp.com,2026-03-24,3,Meets expectations. Involvement could improve. No promotion for 6 years: discuss career path.
1076,mark.lee@nexuserp.com,2026-02-01,3,Meets expectations. Involvement could improve. Followed 5 trainings this year.
1077,kevin.obrien@nexuserp.com,2025-08-18,3,Meets expectations. Good involvement. Regular overtime: watch the workload.
1079,oscar.kim@nexuserp.com,2026-07-08,3,Meets expectations. Involvement could improve. Followed 6 trainings this year.
1080,karen.oliveira2@nexuserp.com,2026-01-11,4,Exceeds expectations. Involvement could improve. Regular overtime: watch the workload.
1081,ashley.park@nexuserp.com,2025-04-18,3,Meets expectations. Good involvement. Regular overtime: watch the workload.
1082,nicholas.smith@nexuserp.com,2025-06-16,3,Meets expectations. Involvement could improve.
1083,nour.adams@nexuserp.com,2026-08-14,3,Meets expectations. Involvement could improve.
1084,hiroshi.russo2@nexuserp.com,2026-01-16,3,Meets expectations. Good involvement.
1085,jonathan.brown@nexuserp.com,2026-04-23,3,Meets expectations. Very high involvement.
1088,jennifer.rodriguez@nexuserp.com,2026-01-11,3,Meets expectations. Involvement could improve. Followed 4 trainings this year.
1092,anthony.lee@nexuserp.com,2026-01-28,4,Exceeds expectations. Good involvement. Followed 6 trainings this year. No promotion for 11 years: discuss career path.
1094,oscar.kim@nexuserp.com,2026-01-01,3,Meets expectations. Low involvement: needs support. Followed 4 trainings this year.
1096,nancy.singh@nexuserp.com,2026-07-25,3,Meets expectations. Good involvement. Followed 4 trainings this year.
1097,sara.khalil@nexuserp.com,2026-03-30,3,Meets expectations. Good involvement. Followed 4 trainings this year.
1098,emily.harris@nexuserp.com,2025-06-19,3,Meets expectations. Involvement could improve.
1099,susan.muller@nexuserp.com,2026-03-19,3,Meets expectations. Involvement could improve.
1100,priya.shah@nexuserp.com,2025-06-21,4,Exceeds expectations. Good involvement. No promotion for 4 years: discuss career path. Regular overtime: watch the workload.
1101,aiko.silva@nexuserp.com,2025-07-17,4,Exceeds expectations. Involvement could improve. Followed 4 trainings this year.
1102,paul.moreau@nexuserp.com,2026-08-18,3,Meets expectations. Good involvement. Followed 5 trainings this year.
1103,mei.chen@nexuserp.com,2026-07-05,3,Meets expectations. Good involvement.
1105,amanda.martin2@nexuserp.com,2026-03-09,3,Meets expectations. Involvement could improve. Followed 5 trainings this year. Regular overtime: watch the workload.
1106,oscar.kim@nexuserp.com,2026-04-06,3,Meets expectations. Good involvement. No promotion for 5 years: discuss career path. Regular overtime: watch the workload.
1107,paul.taylor@nexuserp.com,2025-10-24,4,Exceeds expectations. Good involvement.
1108,camille.trabelsi@nexuserp.com,2025-03-04,4,Exceeds expectations. Involvement could improve. Regular overtime: watch the workload.
1109,hugo.jones@nexuserp.com,2026-08-03,3,Meets expectations. Good involvement. No promotion for 13 years: discuss career path.
1111,paul.taylor@nexuserp.com,2025-12-08,3,Meets expectations. Involvement could improve.
1113,alice.tanaka@nexuserp.com,2025-10-21,3,Meets expectations. Good involvement. Followed 4 trainings this year. Regular overtime: watch the workload.
1114,adam.roberts@nexuserp.com,2026-08-13,3,Meets expectations. Good involvement.
1115,michelle.king@nexuserp.com,2026-05-18,3,Meets expectations. Involvement could improve.
1116,hugo.jones@nexuserp.com,2026-05-10,4,Exceeds expectations. Very high involvement.
1117,mark.smith@nexuserp.com,2026-04-26,3,Meets expectations. Involvement could improve. No promotion for 4 years: discuss career path.
1118,susan.muller@nexuserp.com,2026-07-15,3,Meets expectations. Good involvement. Followed 4 trainings this year. No promotion for 4 years: discuss career path.
1119,mark.lee@nexuserp.com,2026-02-11,3,Meets expectations. Involvement could improve. Regular overtime: watch the workload.
1120,steven.laurent@nexuserp.com,2026-05-23,4,Exceeds expectations. Good involvement.
1121,wei.wilson@nexuserp.com,2026-03-25,3,Meets expectations. Good involvement.
1124,tariq.lopez@nexuserp.com,2026-04-02,3,Meets expectations. Good involvement. No promotion for 4 years: discuss career path.
1125,hana.lopez@nexuserp.com,2026-03-28,3,Meets expectations. Good involvement.
1126,hiroshi.russo2@nexuserp.com,2026-04-13,3,Meets expectations. Good involvement.
1127,priya.mitchell@nexuserp.com,2026-05-13,3,Meets expectations. Good involvement. Followed 4 trainings this year. No promotion for 11 years: discuss career path.
1128,hugo.jones@nexuserp.com,2026-04-17,3,Meets expectations. Involvement could improve. No promotion for 4 years: discuss career path.
1131,manon.hernandez@nexuserp.com,2026-04-06,3,Meets expectations. Involvement could improve. Followed 6 trainings this year. Regular overtime: watch the workload.
1132,olivia.williams@nexuserp.com,2026-08-23,3,Meets expectations. Good involvement.
1133,ryan.taylor@nexuserp.com,2026-02-12,4,Exceeds expectations. Good involvement.
1135,rayan.haddad@nexuserp.com,2026-04-29,3,Meets expectations. Very high involvement. Followed 4 trainings this year.
1136,ashley.park@nexuserp.com,2026-06-09,3,Meets expectations. Involvement could improve.
1137,sandra.dubois@nexuserp.com,2026-08-20,3,Meets expectations. Good involvement.
1138,elizabeth.russo@nexuserp.com,2026-06-06,3,Meets expectations. Involvement could improve.
1140,richard.nguyen@nexuserp.com,2026-05-10,3,Meets expectations. Good involvement.
1143,timothy.moreau@nexuserp.com,2026-01-13,3,Meets expectations. Good involvement.
1148,nour.adams@nexuserp.com,2026-03-05,3,Meets expectations. Low involvement: needs support.
1150,chloe.carter@nexuserp.com,2026-05-06,3,Meets expectations. Involvement could improve. Regular overtime: watch the workload.
1152,emily.harris@nexuserp.com,2026-07-24,3,Meets expectations. Very high involvement. No promotion for 5 years: discuss career path.
1154,manon.hernandez@nexuserp.com,2026-06-14,3,Meets expectations. Involvement could improve. Regular overtime: watch the workload.
1156,karen.lee@nexuserp.com,2026-02-04,3,Meets expectations. Good involvement.
1157,elena.lee@nexuserp.com,2026-02-06,3,Meets expectations. Good involvement. Regular overtime: watch the workload.
1158,lucas.laurent@nexuserp.com,2026-03-10,3,Meets expectations. Good involvement. Followed 4 trainings this year. Regular overtime: watch the workload.
1160,paul.moreau@nexuserp.com,2025-04-15,3,Meets expectations. Good involvement. Followed 5 trainings this year.
1161,nicholas.smith@nexuserp.com,2026-06-30,3,Meets expectations. Involvement could improve.
1162,michelle.king@nexuserp.com,2026-01-03,3,Meets expectations. Involvement could improve.
1163,hana.lopez@nexuserp.com,2026-05-13,4,Exceeds expectations. Good involvement.
1164,camille.lewis@nexuserp.com,2026-03-01,3,Meets expectations. Good involvement.
1165,steven.robinson@nexuserp.com,2026-05-03,3,Meets expectations. Involvement could improve.
1166,hugo.jones@nexuserp.com,2025-12-09,3,Meets expectations. Good involvement.
1167,paul.khalil@nexuserp.com,2026-05-02,3,Meets expectations. Good involvement. No promotion for 13 years: discuss career path. Regular overtime: watch the workload.
1171,susan.roberts@nexuserp.com,2026-06-04,3,Meets expectations. Good involvement.
1172,mark.chen@nexuserp.com,2025-12-22,3,Meets expectations. Involvement could improve.
1173,oscar.kim@nexuserp.com,2026-03-08,4,Exceeds expectations. Good involvement.
1175,rayan.flores@nexuserp.com,2025-09-21,3,Meets expectations. Good involvement. Followed 4 trainings this year. Regular overtime: watch the workload.
1177,arjun.khalil@nexuserp.com,2026-06-03,4,Exceeds expectations. Very high involvement.
1179,steven.robinson@nexuserp.com,2026-01-28,3,Meets expectations. Involvement could improve.
1180,manon.hernandez@nexuserp.com,2025-12-18,3,Meets expectations. Involvement could improve. Regular overtime: watch the workload.
1182,wei.wilson@nexuserp.com,2026-03-12,3,Meets expectations. Involvement could improve. No promotion for 6 years: discuss career path.
1184,nicholas.smith@nexuserp.com,2026-06-29,4,Exceeds expectations. Involvement could improve. No promotion for 4 years: discuss career path.
1185,mark.chen@nexuserp.com,2025-12-25,3,Meets expectations. Involvement could improve.
1188,camille.wang@nexuserp.com,2025-08-28,3,Meets expectations. Low involvement: needs support.
1190,rayan.haddad@nexuserp.com,2025-12-28,3,Meets expectations. Good involvement.
1191,hugo.jones@nexuserp.com,2026-08-25,3,Meets expectations. Good involvement. No promotion for 4 years: discuss career path.
1192,ryan.khalil@nexuserp.com,2026-08-12,3,Meets expectations. Good involvement. Followed 5 trainings this year.
1193,elena.scott@nexuserp.com,2026-08-16,4,Exceeds expectations. Good involvement. Followed 4 trainings this year.
1195,ashley.park@nexuserp.com,2026-07-07,3,Meets expectations. Good involvement. Regular overtime: watch the workload.
1196,ryan.taylor@nexuserp.com,2026-02-11,3,Meets expectations. Involvement could improve.
1198,karen.lee@nexuserp.com,2026-05-12,3,Meets expectations. Involvement could improve.
1200,eric.adams2@nexuserp.com,2025-09-26,3,Meets expectations. Good involvement. Followed 4 trainings this year. Regular overtime: watch the workload.
1201,hugo.jones@nexuserp.com,2026-05-27,3,Meets expectations. Good involvement. Followed 6 trainings this year. No promotion for 4 years: discuss career path.
1202,michelle.king@nexuserp.com,2025-11-30,3,Meets expectations. Low involvement: needs support. Regular overtime: watch the workload.
1203,ivan.davis@nexuserp.com,2026-03-11,3,Meets expectations. Involvement could improve. Followed 5 trainings this year. Regular overtime: watch the workload.
1204,tariq.lopez@nexuserp.com,2026-02-11,4,Exceeds expectations. Good involvement. No promotion for 15 years: discuss career path.
1206,ivan.davis@nexuserp.com,2026-06-16,3,Meets expectations. Low involvement: needs support.
1207,camille.lewis@nexuserp.com,2026-04-08,3,Meets expectations. Good involvement.
1210,camille.trabelsi@nexuserp.com,2025-10-18,3,Meets expectations. Involvement could improve.
1211,amira.muller@nexuserp.com,2026-02-26,3,Meets expectations. Good involvement.
1212,rayan.haddad@nexuserp.com,2026-09-07,3,Meets expectations. Good involvement.
1215,hugo.jones@nexuserp.com,2026-03-16,4,Exceeds expectations. Good involvement.
1216,ryan.khalil@nexuserp.com,2026-01-25,3,Meets expectations. Involvement could improve.
1217,hugo.jones@nexuserp.com,2026-07-22,3,Meets expectations. Good involvement.
1218,karim.park@nexuserp.com,2026-05-13,3,Meets expectations. Good involvement. Regular overtime: watch the workload.
1219,ryan.khalil@nexuserp.com,2025-05-07,3,Meets expectations. Good involvement.
1220,amanda.martin2@nexuserp.com,2026-08-26,3,Meets expectations. Good involvement.
1221,mark.chen@nexuserp.com,2026-02-16,3,Meets expectations. Low involvement: needs support. Followed 4 trainings this year.
1224,hiroshi.scott2@nexuserp.com,2026-01-10,3,Meets expectations. Good involvement. Followed 4 trainings this year. No promotion for 8 years: discuss career path.
1225,jonathan.brown@nexuserp.com,2026-04-07,4,Exceeds expectations. Good involvement. No promotion for 13 years: discuss career path.
1226,felix.murphy@nexuserp.com,2026-04-28,3,Meets expectations. Very high involvement.
1228,hiroshi.russo2@nexuserp.com,2026-08-03,3,Meets expectations. Good involvement.
1231,kevin.hernandez@nexuserp.com,2026-02-12,3,Meets expectations. Very high involvement.
1233,hana.lopez@nexuserp.com,2025-12-15,3,Meets expectations. Very high involvement. Regular overtime: watch the workload.
1234,luca.wang@nexuserp.com,2026-01-01,4,Exceeds expectations. Involvement could improve.
1235,camille.trabelsi@nexuserp.com,2026-04-01,3,Meets expectations. Good involvement. Regular overtime: watch the workload.
1237,mark.patel@nexuserp.com,2026-08-18,4,Exceeds expectations. Low involvement: needs support. No promotion for 7 years: discuss career path. Regular overtime: watch the workload.
1238,elena.scott@nexuserp.com,2026-06-11,3,Meets expectations. Good involvement. Followed 5 trainings this year. No promotion for 4 years: discuss career path.
1239,sandra.dubois@nexuserp.com,2026-06-17,3,Meets expectations. Involvement could improve.
1240,andrew.robinson2@nexuserp.com,2026-08-25,3,Meets expectations. Good involvement. Followed 4 trainings this year.
1241,arjun.wang@nexuserp.com,2026-07-26,4,Exceeds expectations. Good involvement. No promotion for 5 years: discuss career path. Regular overtime: watch the workload.
1242,hugo.jones@nexuserp.com,2026-03-25,3,Meets expectations. Good involvement. Followed 6 trainings this year. Regular overtime: watch the workload.
1243,adam.roberts@nexuserp.com,2026-08-01,3,Meets expectations. Involvement could improve. Followed 6 trainings this year. No promotion for 4 years: discuss career path. Regular overtime: watch the workload.
1244,sara.dubois@nexuserp.com,2026-08-17,3,Meets expectations. Good involvement. No promotion for 6 years: discuss career path. Regular overtime: watch the workload.
1245,hiroshi.russo2@nexuserp.com,2025-12-14,3,Meets expectations. Good involvement.
1246,michelle.king@nexuserp.com,2026-03-17,3,Meets expectations. Very high involvement. Followed 5 trainings this year. No promotion for 7 years: discuss career path.
1248,karen.oliveira2@nexuserp.com,2025-12-17,4,Exceeds expectations. Involvement could improve. Regular overtime: watch the workload.
1249,steven.laurent@nexuserp.com,2026-06-21,3,Meets expectations. Good involvement. Followed 5 trainings this year.
1250,hugo.jones@nexuserp.com,2026-05-21,3,Meets expectations. Good involvement.
1251,mei.chen@nexuserp.com,2026-03-15,3,Meets expectations. Good involvement. Regular overtime: watch the workload.
1252,jennifer.rodriguez@nexuserp.com,2026-02-22,3,Meets expectations. Involvement could improve.
1254,steven.robinson@nexuserp.com,2026-05-20,3,Meets expectations. Involvement could improve.
1255,hugo.jones@nexuserp.com,2025-12-21,3,Meets expectations. Low involvement: needs support.
1256,hugo.jones@nexuserp.com,2026-02-18,3,Meets expectations. Involvement could improve.
1257,aiko.silva@nexuserp.com,2026-06-29,3,Meets expectations. Good involvement.
1258,sharon.muller@nexuserp.com,2026-08-01,3,Meets expectations. Very high involvement. Followed 4 trainings this year.
1259,elena.scott@nexuserp.com,2026-08-24,3,Meets expectations. Good involvement.
1260,oscar.wang@nexuserp.com,2026-01-11,3,Meets expectations. Good involvement. Regular overtime: watch the workload.
1263,hugo.jones@nexuserp.com,2026-01-16,3,Meets expectations. Involvement could improve.
1264,hugo.jones@nexuserp.com,2026-04-20,3,Meets expectations. Involvement could improve.
1265,steven.laurent@nexuserp.com,2026-02-13,3,Meets expectations. Very high involvement. Followed 5 trainings this year.
1267,tariq.lopez@nexuserp.com,2025-12-31,3,Meets expectations. Good involvement. Followed 5 trainings this year.
1268,elizabeth.tanaka2@nexuserp.com,2026-07-15,3,Meets expectations. Very high involvement. Regular overtime: watch the workload.
1269,richard.carter@nexuserp.com,2025-12-05,3,Meets expectations. Very high involvement. Regular overtime: watch the workload.
1270,elizabeth.williams3@nexuserp.com,2026-04-17,4,Exceeds expectations. Good involvement.
1273,rayan.haddad@nexuserp.com,2025-06-20,3,Meets expectations. Low involvement: needs support. Followed 4 trainings this year. Regular overtime: watch the workload.
1275,joshua.roberts@nexuserp.com,2026-07-15,4,Exceeds expectations. Good involvement. Regular overtime: watch the workload.
1277,tariq.lopez@nexuserp.com,2025-11-05,3,Meets expectations. Low involvement: needs support. Regular overtime: watch the workload.
1278,oscar.wang@nexuserp.com,2026-03-17,3,Meets expectations. Involvement could improve. No promotion for 15 years: discuss career path. Regular overtime: watch the workload.
1279,paul.taylor@nexuserp.com,2025-09-16,4,Exceeds expectations. Involvement could improve.
1280,tariq.lopez@nexuserp.com,2026-03-05,3,Meets expectations. Involvement could improve.
1281,sharon.nielsen2@nexuserp.com,2026-07-20,3,Meets expectations. Good involvement. Regular overtime: watch the workload.
1282,tariq.lopez@nexuserp.com,2026-06-14,4,Exceeds expectations. Good involvement. Followed 5 trainings this year. No promotion for 11 years: discuss career path. Regular overtime: watch the workload.
1283,chloe.carter@nexuserp.com,2026-03-15,3,Meets expectations. Good involvement. Followed 6 trainings this year. No promotion for 5 years: discuss career path.
1285,hiroshi.scott2@nexuserp.com,2026-01-28,3,Meets expectations. Good involvement. No promotion for 5 years: discuss career path.
1286,rayan.flores@nexuserp.com,2026-07-22,3,Meets expectations. Good involvement. Regular overtime: watch the workload.
1288,hugo.jones@nexuserp.com,2026-04-21,3,Meets expectations. Very high involvement. Followed 4 trainings this year. No promotion for 14 years: discuss career path.
1289,camille.lewis@nexuserp.com,2026-06-11,3,Meets expectations. Involvement could improve. Followed 5 trainings this year.
1291,timothy.moreau@nexuserp.com,2026-02-17,3,Meets expectations. Good involvement. Regular overtime: watch the workload.
1292,arjun.wang@nexuserp.com,2026-01-15,3,Meets expectations. Very high involvement. Regular overtime: watch the workload.
1293,camille.wang@nexuserp.com,2026-03-07,3,Meets expectations. Involvement could improve. No promotion for 15 years: discuss career path.
1294,chloe.carter@nexuserp.com,2026-01-24,3,Meets expectations. Good involvement. No promotion for 5 years: discuss career path. Regular overtime: watch the workload.
1295,sarah.thomas@nexuserp.com,2025-12-30,3,Meets expectations. Good involvement.
1296,rayan.flores@nexuserp.com,2026-03-18,3,Meets expectations. Involvement could improve. Regular overtime: watch the workload.
1297,nour.adams@nexuserp.com,2026-06-09,3,Meets expectations. Involvement could improve. Followed 6 trainings this year. No promotion for 7 years: discuss career path.
1298,cynthia.lewis2@nexuserp.com,2025-12-03,3,Meets expectations. Good involvement. Regular overtime: watch the workload.
1299,ryan.khalil@nexuserp.com,2026-01-17,3,Meets expectations. Good involvement. No promotion for 7 years: discuss career path. Regular overtime: watch the workload.
1301,elizabeth.williams3@nexuserp.com,2025-12-21,3,Meets expectations. Good involvement.
1303,arjun.wang@nexuserp.com,2026-02-06,3,Meets expectations. Good involvement.
1304,amira.muller@nexuserp.com,2025-12-03,3,Meets expectations. Very high involvement. Followed 4 trainings this year.
1306,hugo.jones@nexuserp.com,2026-08-29,4,Exceeds expectations. Good involvement. Followed 4 trainings this year.
1307,hugo.jones@nexuserp.com,2026-05-24,3,Meets expectations. Involvement could improve. Followed 4 trainings this year. No promotion for 15 years: discuss career path. Regular overtime: watch the workload.
1308,jonathan.brown@nexuserp.com,2026-06-12,3,Meets expectations. Good involvement.
1309,ryan.khalil@nexuserp.com,2025-11-05,3,Meets expectations. Good involvement.
1310,michelle.king@nexuserp.com,2025-10-10,3,Meets expectations. Good involvement.
1311,nour.adams@nexuserp.com,2026-07-30,3,Meets expectations. Involvement could improve. Followed 6 trainings this year. No promotion for 6 years: discuss career path.
1312,oscar.wang@nexuserp.com,2026-01-20,3,Meets expectations. Good involvement.
1314,kevin.hernandez@nexuserp.com,2026-02-19,3,Meets expectations. Good involvement. No promotion for 5 years: discuss career path.
1315,karen.lee@nexuserp.com,2026-07-24,3,Meets expectations. Low involvement: needs support. Followed 6 trainings this year. No promotion for 7 years: discuss career path.
1317,hugo.jones@nexuserp.com,2025-12-22,3,Meets expectations. Good involvement. Regular overtime: watch the workload.
1318,rayan.haddad@nexuserp.com,2025-12-16,3,Meets expectations. Involvement could improve. Regular overtime: watch the workload.
1319,rayan.haddad@nexuserp.com,2026-01-04,3,Meets expectations. Good involvement. No promotion for 7 years: discuss career path. Regular overtime: watch the workload.
1321,hugo.jones@nexuserp.com,2026-04-02,4,Exceeds expectations. Good involvement. Regular overtime: watch the workload.
1322,richard.nguyen@nexuserp.com,2026-07-31,3,Meets expectations. Good involvement. Followed 6 trainings this year.
1324,alice.tanaka@nexuserp.com,2026-07-31,3,Meets expectations. Good involvement. Followed 5 trainings this year. No promotion for 9 years: discuss career path. Regular overtime: watch the workload.
1329,mark.lee@nexuserp.com,2026-03-11,3,Meets expectations. Low involvement: needs support. Followed 4 trainings this year. No promotion for 11 years: discuss career path.
1331,mark.lee@nexuserp.com,2025-02-22,3,Meets expectations. Good involvement. Regular overtime: watch the workload.
1333,sharon.muller@nexuserp.com,2025-08-14,3,Meets expectations. Good involvement. Followed 4 trainings this year.
1334,hugo.jones@nexuserp.com,2026-03-08,3,Meets expectations. Good involvement. Regular overtime: watch the workload.
1336,hugo.jones@nexuserp.com,2026-03-17,3,Meets expectations. Low involvement: needs support. Followed 5 trainings this year. No promotion for 9 years: discuss career path.
1338,hugo.jones@nexuserp.com,2026-08-10,3,Meets expectations. Good involvement. Followed 4 trainings this year. No promotion for 7 years: discuss career path.
1340,elena.scott@nexuserp.com,2026-07-18,3,Meets expectations. Good involvement.
1344,oscar.wang@nexuserp.com,2026-04-29,3,Meets expectations. Good involvement.
1346,eric.adams2@nexuserp.com,2026-02-21,3,Meets expectations. Good involvement. Followed 4 trainings this year. No promotion for 8 years: discuss career path.
1349,hana.lopez@nexuserp.com,2026-06-28,3,Meets expectations. Good involvement.
1350,michelle.king@nexuserp.com,2026-05-02,3,Meets expectations. Good involvement. Regular overtime: watch the workload.
1352,james.park@nexuserp.com,2026-04-17,3,Meets expectations. Good involvement. Regular overtime: watch the workload.
1355,elizabeth.russo@nexuserp.com,2026-02-16,3,Meets expectations. Good involvement.
1356,adam.roberts@nexuserp.com,2026-06-22,3,Meets expectations. Good involvement. Followed 6 trainings this year. No promotion for 9 years: discuss career path.
1358,arjun.khalil@nexuserp.com,2026-02-22,3,Meets expectations. Good involvement. Followed 6 trainings this year.
1360,cynthia.lewis2@nexuserp.com,2025-05-11,3,Meets expectations. Involvement could improve. No promotion for 5 years: discuss career path. Regular overtime: watch the workload.
1361,lucas.laurent@nexuserp.com,2026-03-23,4,Exceeds expectations. Good involvement.
1362,rayan.haddad@nexuserp.com,2026-02-13,3,Meets expectations. Very high involvement. No promotion for 6 years: discuss career path.
1363,cynthia.lewis2@nexuserp.com,2026-07-13,3,Meets expectations. Good involvement.
1364,mark.lee@nexuserp.com,2025-12-25,3,Meets expectations. Very high involvement. Followed 4 trainings this year.
1367,cynthia.lewis2@nexuserp.com,2026-06-07,3,Meets expectations. Involvement could improve.
1368,nour.adams@nexuserp.com,2026-07-05,3,Meets expectations. Good involvement. Followed 5 trainings this year.
1369,jacob.sato@nexuserp.com,2026-04-01,3,Meets expectations. Involvement could improve.
1371,adam.roberts@nexuserp.com,2026-05-15,4,Exceeds expectations. Low involvement: needs support.
1372,clara.novak@nexuserp.com,2025-11-17,3,Meets expectations. Very high involvement. Regular overtime: watch the workload.
1373,mark.patel@nexuserp.com,2026-01-21,3,Meets expectations. Good involvement. No promotion for 15 years: discuss career path. Regular overtime: watch the workload.
1374,jonathan.brown@nexuserp.com,2026-04-04,4,Exceeds expectations. Involvement could improve.
1375,jennifer.rodriguez@nexuserp.com,2026-05-18,4,Exceeds expectations. Very high involvement. No promotion for 11 years: discuss career path.
1377,paul.taylor@nexuserp.com,2026-01-23,3,Meets expectations. Good involvement. No promotion for 7 years: discuss career path.
1379,kevin.obrien@nexuserp.com,2025-12-11,3,Meets expectations. Involvement could improve.
1380,clara.novak@nexuserp.com,2025-07-03,3,Meets expectations. Good involvement. Regular overtime: watch the workload.
1382,michelle.king@nexuserp.com,2025-12-03,3,Meets expectations. Very high involvement.
1383,jennifer.rodriguez@nexuserp.com,2026-04-22,3,Meets expectations. Good involvement. No promotion for 4 years: discuss career path.
1387,elizabeth.russo@nexuserp.com,2026-01-31,3,Meets expectations. Involvement could improve.
1389,john.clark@nexuserp.com,2025-04-23,3,Meets expectations. Good involvement. No promotion for 6 years: discuss career path. Regular overtime: watch the workload.
1390,mark.lee@nexuserp.com,2026-01-06,3,Meets expectations. Involvement could improve. Regular overtime: watch the workload.
1391,alice.tanaka@nexuserp.com,2026-04-25,3,Meets expectations. Good involvement. Followed 5 trainings this year.
1392,karen.oliveira2@nexuserp.com,2026-05-09,3,Meets expectations. Good involvement. Followed 4 trainings this year. Regular overtime: watch the workload.
1394,nour.obrien@nexuserp.com,2026-06-14,3,Meets expectations. Good involvement. Regular overtime: watch the workload.
1395,amira.muller@nexuserp.com,2026-03-22,3,Meets expectations. Good involvement.
1396,mark.smith@nexuserp.com,2026-03-14,3,Meets expectations. Good involvement. Regular overtime: watch the workload.
1397,mei.chen@nexuserp.com,2026-04-27,4,Exceeds expectations. Good involvement.
1399,camille.wang@nexuserp.com,2026-06-04,3,Meets expectations. Very high involvement.
1401,hiroshi.russo2@nexuserp.com,2026-04-27,3,Meets expectations. Very high involvement. Regular overtime: watch the workload.
1402,karen.oliveira2@nexuserp.com,2026-04-13,3,Meets expectations. Involvement could improve. Regular overtime: watch the workload.
1403,camille.wang@nexuserp.com,2026-07-24,3,Meets expectations. Involvement could improve. No promotion for 4 years: discuss career path. Regular overtime: watch the workload.
1405,jonathan.brown@nexuserp.com,2025-10-26,3,Meets expectations. Good involvement. No promotion for 7 years: discuss career path. Regular overtime: watch the workload.
1407,arjun.wang@nexuserp.com,2026-01-11,3,Meets expectations. Involvement could improve.
1408,james.park@nexuserp.com,2026-06-01,3,Meets expectations. Good involvement. Followed 5 trainings this year.
1409,lea.moreau@nexuserp.com,2026-05-14,3,Meets expectations. Good involvement.
1411,jacob.sato@nexuserp.com,2026-08-02,3,Meets expectations. Good involvement. Followed 6 trainings this year.
1412,samuel.rivera@nexuserp.com,2026-03-23,3,Meets expectations. Good involvement.
1415,oscar.kim@nexuserp.com,2026-05-04,3,Meets expectations. Good involvement.
1417,oscar.kim@nexuserp.com,2026-01-07,3,Meets expectations. Very high involvement.
1419,kevin.hernandez@nexuserp.com,2025-12-25,3,Meets expectations. Involvement could improve.
1420,jacob.sato@nexuserp.com,2025-11-18,4,Exceeds expectations. Involvement could improve.
1421,jennifer.rodriguez@nexuserp.com,2026-02-20,3,Meets expectations. Good involvement. No promotion for 7 years: discuss career path. Regular overtime: watch the workload.
1422,hugo.jones@nexuserp.com,2026-07-05,3,Meets expectations. Good involvement. No promotion for 12 years: discuss career path.
1423,hugo.jones@nexuserp.com,2026-04-18,4,Exceeds expectations. Good involvement. Regular overtime: watch the workload.
1424,hugo.jones@nexuserp.com,2026-03-13,3,Meets expectations. Very high involvement. Followed 4 trainings this year.
1425,priya.shah@nexuserp.com,2026-08-19,3,Meets expectations. Good involvement. Regular overtime: watch the workload.
1427,elizabeth.russo@nexuserp.com,2026-03-24,3,Meets expectations. Low involvement: needs support.
1428,elizabeth.tanaka2@nexuserp.com,2026-08-04,3,Meets expectations. Good involvement.
1430,hugo.jones@nexuserp.com,2026-06-18,3,Meets expectations. Good involvement.
1431,manon.hernandez@nexuserp.com,2026-05-22,3,Meets expectations. Good involvement.
1433,joshua.roberts@nexuserp.com,2026-06-25,3,Meets expectations. Involvement could improve.
1434,paul.moreau@nexuserp.com,2026-06-17,3,Meets expectations. Good involvement.
1435,jacob.sato@nexuserp.com,2026-03-10,3,Meets expectations. Involvement could improve.
1436,nicholas.brown2@nexuserp.com,2025-11-30,3,Meets expectations. Involvement could improve.
1438,joshua.roberts@nexuserp.com,2026-01-28,3,Meets expectations. Good involvement.
1439,kevin.obrien@nexuserp.com,2026-04-20,3,Meets expectations. Involvement could improve.
1440,arjun.khalil@nexuserp.com,2025-12-15,3,Meets expectations. Very high involvement.
1441,joshua.roberts@nexuserp.com,2026-04-30,4,Exceeds expectations. Good involvement.
1443,hugo.jones@nexuserp.com,2026-05-23,3,Meets expectations. Good involvement. No promotion for 5 years: discuss career path.
1445,karim.park@nexuserp.com,2026-01-10,3,Meets expectations. Good involvement. Regular overtime: watch the workload.
1446,nicholas.brown2@nexuserp.com,2026-05-11,3,Meets expectations. Good involvement.
1447,mark.chen@nexuserp.com,2026-02-08,3,Meets expectations. Involvement could improve.
1448,timothy.moreau@nexuserp.com,2026-07-14,3,Meets expectations. Very high involvement. Followed 5 trainings this year. Regular overtime: watch the workload.
1449,karen.lee@nexuserp.com,2026-05-29,3,Meets expectations. Good involvement.
1453,rayan.haddad@nexuserp.com,2025-12-04,3,Meets expectations. Good involvement. Followed 5 trainings this year. No promotion for 9 years: discuss career path.
1457,sharon.nielsen2@nexuserp.com,2025-09-10,3,Meets expectations. Good involvement. No promotion for 4 years: discuss career path.
1458,paul.moreau@nexuserp.com,2025-04-16,4,Exceeds expectations. Involvement could improve. Regular overtime: watch the workload.
1459,samuel.rivera@nexuserp.com,2025-08-07,3,Meets expectations. Very high involvement. No promotion for 4 years: discuss career path.
1460,matthew.hernandez@nexuserp.com,2025-12-11,3,Meets expectations. Low involvement: needs support. Regular overtime: watch the workload.
1461,emily.harris@nexuserp.com,2026-05-07,3,Meets expectations. Very high involvement.
1464,mark.chen@nexuserp.com,2025-10-20,3,Meets expectations. Good involvement. Regular overtime: watch the workload.
1465,john.clark@nexuserp.com,2026-05-13,3,Meets expectations. Good involvement. Followed 4 trainings this year. Regular overtime: watch the workload.
1466,paul.khalil@nexuserp.com,2026-07-02,3,Meets expectations. Good involvement.
1467,camille.lewis@nexuserp.com,2025-04-20,3,Meets expectations. Good involvement.
1468,hugo.jones@nexuserp.com,2026-03-25,3,Meets expectations. Involvement could improve. Followed 5 trainings this year. No promotion for 4 years: discuss career path.
1469,elizabeth.tanaka2@nexuserp.com,2026-04-13,3,Meets expectations. Good involvement. Followed 4 trainings this year.
1471,nour.adams@nexuserp.com,2026-05-19,3,Meets expectations. Involvement could improve. Followed 5 trainings this year.
1472,hugo.jones@nexuserp.com,2026-01-30,3,Meets expectations. Very high involvement. No promotion for 8 years: discuss career path.
1473,anthony.lee@nexuserp.com,2026-05-25,3,Meets expectations. Good involvement.
1474,jonathan.brown@nexuserp.com,2026-06-24,3,Meets expectations. Good involvement.
1475,jonathan.brown@nexuserp.com,2026-08-05,3,Meets expectations. Good involvement.
1477,susan.roberts@nexuserp.com,2026-01-03,3,Meets expectations. Good involvement.
1478,karim.park@nexuserp.com,2026-08-08,3,Meets expectations. Low involvement: needs support.
1479,paul.khalil@nexuserp.com,2026-01-11,3,Meets expectations. Good involvement.
1480,ryan.khalil@nexuserp.com,2026-05-17,3,Meets expectations. Good involvement. No promotion for 5 years: discuss career path.
1481,alice.tanaka@nexuserp.com,2026-08-27,3,Meets expectations. Good involvement. Followed 4 trainings this year.
1482,richard.carter@nexuserp.com,2025-12-20,3,Meets expectations. Good involvement.
1483,joshua.roberts@nexuserp.com,2026-02-08,4,Exceeds expectations. Very high involvement.
1484,nicholas.smith@nexuserp.com,2026-02-13,3,Meets expectations. Good involvement.
1485,hugo.jones@nexuserp.com,2026-04-01,3,Meets expectations. Good involvement. No promotion for 6 years: discuss career path.
1486,adam.roberts@nexuserp.com,2025-11-23,3,Meets expectations. Good involvement.
1487,amira.muller@nexuserp.com,2025-08-25,3,Meets expectations. Good involvement. Followed 4 trainings this year.
1489,rayan.haddad@nexuserp.com,2025-12-17,4,Exceeds expectations. Involvement could improve. No promotion for 10 years: discuss career path. Regular overtime: watch the workload.
1492,felix.murphy@nexuserp.com,2026-04-02,3,Meets expectations. Good involvement.
1494,luca.wang@nexuserp.com,2025-04-06,3,Meets expectations. Good involvement. Regular overtime: watch the workload.
1495,felix.murphy@nexuserp.com,2026-03-21,3,Meets expectations. Good involvement.
1496,hiroshi.russo2@nexuserp.com,2026-05-09,3,Meets expectations. Good involvement. Regular overtime: watch the workload.
1497,amira.muller@nexuserp.com,2026-02-26,3,Meets expectations. Involvement could improve.
1499,kevin.hernandez@nexuserp.com,2026-08-11,4,Exceeds expectations. Good involvement.
1501,matthew.hernandez@nexuserp.com,2026-04-12,3,Meets expectations. Good involvement. Regular overtime: watch the workload.
1502,lucas.laurent@nexuserp.com,2026-05-13,3,Meets expectations. Involvement could improve. Followed 5 trainings this year.
1503,susan.roberts@nexuserp.com,2026-04-14,3,Meets expectations. Good involvement. Followed 4 trainings this year. Regular overtime: watch the workload.
1504,olivia.williams@nexuserp.com,2026-05-16,3,Meets expectations. Involvement could improve.
1506,steven.laurent@nexuserp.com,2025-12-26,3,Meets expectations. Involvement could improve.
1507,hana.lopez@nexuserp.com,2026-01-08,3,Meets expectations. Good involvement. Followed 5 trainings this year.
1509,luca.wang@nexuserp.com,2025-12-15,4,Exceeds expectations. Involvement could improve.
1513,rayan.flores@nexuserp.com,2026-01-12,3,Meets expectations. Good involvement.
1514,chloe.carter@nexuserp.com,2026-02-28,3,Meets expectations. Low involvement: needs support.
1515,oscar.wang@nexuserp.com,2026-07-03,3,Meets expectations. Good involvement. Followed 6 trainings this year. Regular overtime: watch the workload.
1516,hugo.jones@nexuserp.com,2026-07-28,4,Exceeds expectations. Good involvement. Followed 5 trainings this year.
1520,hugo.jones@nexuserp.com,2026-03-15,4,Exceeds expectations. Good involvement.
1522,ivan.davis@nexuserp.com,2025-06-08,3,Meets expectations. Involvement could improve.
1523,hugo.jones@nexuserp.com,2026-05-21,3,Meets expectations. Good involvement. No promotion for 14 years: discuss career path.
1525,ryan.taylor@nexuserp.com,2025-12-01,3,Meets expectations. Good involvement.
1527,tariq.lopez@nexuserp.com,2026-07-17,3,Meets expectations. Good involvement. No promotion for 5 years: discuss career path.
1529,anthony.lee@nexuserp.com,2026-06-12,3,Meets expectations. Involvement could improve.
1533,karen.lee@nexuserp.com,2026-03-05,3,Meets expectations. Good involvement.
1534,lucas.laurent@nexuserp.com,2025-07-31,3,Meets expectations. Good involvement.
1535,elena.lee@nexuserp.com,2026-02-03,3,Meets expectations. Involvement could improve. No promotion for 8 years: discuss career path. Regular overtime: watch the workload.
1537,sara.khalil@nexuserp.com,2025-11-19,3,Meets expectations. Good involvement. No promotion for 7 years: discuss career path.
1539,hugo.jones@nexuserp.com,2026-01-30,3,Meets expectations. Low involvement: needs support. No promotion for 13 years: discuss career path. Regular overtime: watch the workload.
1541,elizabeth.russo@nexuserp.com,2026-06-07,4,Exceeds expectations. Good involvement. Followed 4 trainings this year. No promotion for 5 years: discuss career path. Regular overtime: watch the workload.
1542,paul.taylor@nexuserp.com,2026-07-18,3,Meets expectations. Involvement could improve.
1543,elizabeth.williams3@nexuserp.com,2026-03-26,3,Meets expectations. Good involvement.
1544,jennifer.rodriguez@nexuserp.com,2026-04-11,3,Meets expectations. Low involvement: needs support.
1545,cynthia.lewis2@nexuserp.com,2026-03-27,3,Meets expectations. Involvement could improve.
1546,aiko.silva@nexuserp.com,2026-08-21,4,Exceeds expectations. Good involvement.
1547,susan.muller@nexuserp.com,2026-05-08,3,Meets expectations. Good involvement. No promotion for 13 years: discuss career path. Regular overtime: watch the workload.
1548,andrew.robinson2@nexuserp.com,2026-08-03,3,Meets expectations. Good involvement. Followed 5 trainings this year. No promotion for 7 years: discuss career path.
1549,paul.taylor@nexuserp.com,2026-01-21,3,Meets expectations. Good involvement. No promotion for 5 years: discuss career path. Regular overtime: watch the workload.
1550,james.park@nexuserp.com,2026-08-06,4,Exceeds expectations. Good involvement. No promotion for 7 years: discuss career path. Regular overtime: watch the workload.
1551,olivia.williams@nexuserp.com,2025-12-18,3,Meets expectations. Involvement could improve.
1552,mei.chen@nexuserp.com,2026-08-12,3,Meets expectations. Good involvement. Regular overtime: watch the workload.
1553,oscar.wang@nexuserp.com,2026-03-15,3,Meets expectations. Good involvement. Followed 4 trainings this year. No promotion for 7 years: discuss career path.
1554,felix.murphy@nexuserp.com,2026-05-29,4,Exceeds expectations. Involvement could improve. Followed 5 trainings this year. No promotion for 4 years: discuss career path.
1555,timothy.moreau@nexuserp.com,2026-07-28,3,Meets expectations. Involvement could improve.
1556,mark.lee@nexuserp.com,2026-05-23,4,Exceeds expectations. Good involvement. Regular overtime: watch the workload.
1557,hana.lopez@nexuserp.com,2026-08-17,3,Meets expectations. Good involvement. No promotion for 7 years: discuss career path.
1558,elizabeth.williams3@nexuserp.com,2026-02-19,3,Meets expectations. Very high involvement.
1560,paul.khalil@nexuserp.com,2026-01-03,3,Meets expectations. Good involvement. Followed 6 trainings this year.
1562,andrew.robinson2@nexuserp.com,2025-12-10,3,Meets expectations. Involvement could improve. Followed 4 trainings this year. No promotion for 6 years: discuss career path.
1563,emily.harris@nexuserp.com,2026-05-01,3,Meets expectations. Good involvement.
1564,hiroshi.scott2@nexuserp.com,2026-07-20,3,Meets expectations. Involvement could improve.
1568,hana.lopez@nexuserp.com,2026-04-19,3,Meets expectations. Good involvement.
1569,olivia.williams@nexuserp.com,2025-10-02,3,Meets expectations. Good involvement. Regular overtime: watch the workload.
1572,samuel.rivera@nexuserp.com,2025-11-07,3,Meets expectations. Involvement could improve. Followed 4 trainings this year.
1573,hiroshi.russo2@nexuserp.com,2025-09-26,3,Meets expectations. Good involvement.
1574,richard.carter@nexuserp.com,2026-01-28,3,Meets expectations. Good involvement.
1576,timothy.moreau@nexuserp.com,2026-07-25,3,Meets expectations. Good involvement. No promotion for 7 years: discuss career path.
1577,jonathan.brown@nexuserp.com,2026-08-13,3,Meets expectations. Good involvement. Followed 4 trainings this year.
1578,hugo.jones@nexuserp.com,2026-05-21,4,Exceeds expectations. Involvement could improve.
1580,nour.obrien@nexuserp.com,2025-12-16,3,Meets expectations. Good involvement.
1581,karen.oliveira2@nexuserp.com,2026-07-13,4,Exceeds expectations. Good involvement. Followed 5 trainings this year.
1582,steven.robinson@nexuserp.com,2026-08-15,3,Meets expectations. Good involvement. No promotion for 7 years: discuss career path.
1583,mark.lee@nexuserp.com,2025-12-11,3,Meets expectations. Good involvement. Followed 5 trainings this year.
1585,steven.robinson@nexuserp.com,2026-07-05,3,Meets expectations. Good involvement. Followed 5 trainings this year.
1586,andrew.smith@nexuserp.com,2026-05-23,3,Meets expectations. Good involvement. Regular overtime: watch the workload.
1587,matthew.hernandez@nexuserp.com,2026-01-28,3,Meets expectations. Good involvement. Followed 4 trainings this year. Regular overtime: watch the workload.
1588,amanda.martin2@nexuserp.com,2026-08-01,3,Meets expectations. Very high involvement. No promotion for 7 years: discuss career path.
1590,nicholas.smith@nexuserp.com,2026-07-12,3,Meets expectations. Good involvement.
1591,tariq.lopez@nexuserp.com,2026-02-12,3,Meets expectations. Good involvement. Regular overtime: watch the workload.
1592,jonathan.brown@nexuserp.com,2026-08-26,3,Meets expectations. Very high involvement.
1594,arjun.khalil@nexuserp.com,2026-02-16,3,Meets expectations. Very high involvement. Regular overtime: watch the workload.
1595,hugo.jones@nexuserp.com,2026-04-03,4,Exceeds expectations. Involvement could improve.
1596,andrew.smith@nexuserp.com,2026-06-23,3,Meets expectations. Very high involvement. No promotion for 6 years: discuss career path.
1597,sarah.thomas@nexuserp.com,2026-03-14,3,Meets expectations. Involvement could improve. No promotion for 7 years: discuss career path.
1598,mark.smith@nexuserp.com,2026-06-01,3,Meets expectations. Good involvement.
1599,nour.adams@nexuserp.com,2025-12-13,3,Meets expectations. Very high involvement.
1601,lea.moreau@nexuserp.com,2026-05-07,3,Meets expectations. Involvement could improve. Followed 5 trainings this year.
1602,tariq.lopez@nexuserp.com,2026-02-06,3,Meets expectations. Very high involvement. Followed 5 trainings this year.
1604,mark.chen@nexuserp.com,2026-02-16,3,Meets expectations. Good involvement. Regular overtime: watch the workload.
1605,ivan.davis@nexuserp.com,2026-01-14,3,Meets expectations. Involvement could improve. Regular overtime: watch the workload.
1606,jennifer.rodriguez@nexuserp.com,2026-06-10,3,Meets expectations. Good involvement. No promotion for 12 years: discuss career path. Regular overtime: watch the workload.
1607,michelle.king@nexuserp.com,2026-04-12,3,Meets expectations. Very high involvement.
1608,hugo.jones@nexuserp.com,2026-01-22,3,Meets expectations. Good involvement. Followed 4 trainings this year. Regular overtime: watch the workload.
1609,elizabeth.williams3@nexuserp.com,2025-12-20,3,Meets expectations. Involvement could improve.
1611,ryan.khalil@nexuserp.com,2026-02-05,3,Meets expectations. Low involvement: needs support. Regular overtime: watch the workload.
1612,karim.park@nexuserp.com,2026-02-28,3,Meets expectations. Involvement could improve. No promotion for 4 years: discuss career path.
1613,steven.robinson@nexuserp.com,2026-02-21,3,Meets expectations. Good involvement.
1614,john.clark@nexuserp.com,2026-05-09,3,Meets expectations. Good involvement. Regular overtime: watch the workload.
1615,richard.nguyen@nexuserp.com,2026-02-22,3,Meets expectations. Very high involvement. No promotion for 7 years: discuss career path.
1617,sharon.muller@nexuserp.com,2026-03-25,3,Meets expectations. Good involvement.
1618,cynthia.lewis2@nexuserp.com,2026-04-08,3,Meets expectations. Good involvement. No promotion for 7 years: discuss career path.
1619,lea.moreau@nexuserp.com,2026-06-04,3,Meets expectations. Involvement could improve.
1621,jonathan.brown@nexuserp.com,2026-05-24,3,Meets expectations. Very high involvement.
1622,samuel.rivera@nexuserp.com,2026-07-25,4,Exceeds expectations. Low involvement: needs support. Followed 5 trainings this year.
1623,camille.trabelsi@nexuserp.com,2026-02-13,3,Meets expectations. Good involvement.
1624,felix.murphy@nexuserp.com,2025-12-10,3,Meets expectations. Good involvement. Regular overtime: watch the workload.
1625,james.park@nexuserp.com,2026-07-27,3,Meets expectations. Good involvement.
1627,arjun.khalil@nexuserp.com,2026-06-09,3,Meets expectations. Involvement could improve.
1628,samuel.rivera@nexuserp.com,2026-07-20,3,Meets expectations. Involvement could improve. No promotion for 14 years: discuss career path.
1630,nicholas.smith@nexuserp.com,2026-02-05,3,Meets expectations. Good involvement. Followed 5 trainings this year.
1631,ryan.taylor@nexuserp.com,2026-07-24,3,Meets expectations. Good involvement.
1633,richard.nguyen@nexuserp.com,2026-04-26,3,Meets expectations. Good involvement.
1635,ryan.taylor@nexuserp.com,2026-02-10,3,Meets expectations. Involvement could improve.
1638,richard.nguyen@nexuserp.com,2026-03-21,3,Meets expectations. Involvement could improve. Followed 6 trainings this year. Regular overtime: watch the workload.
1639,alice.tanaka@nexuserp.com,2025-07-27,3,Meets expectations. Involvement could improve. No promotion for 6 years: discuss career path.
1640,richard.carter@nexuserp.com,2026-05-26,3,Meets expectations. Good involvement. No promotion for 7 years: discuss career path.
1641,richard.nguyen@nexuserp.com,2026-04-28,3,Meets expectations. Good involvement. Regular overtime: watch the workload.
1642,camille.lewis@nexuserp.com,2026-02-01,3,Meets expectations. Good involvement. Regular overtime: watch the workload.
1644,hugo.jones@nexuserp.com,2026-04-20,4,Exceeds expectations. Involvement could improve.
1645,adam.roberts@nexuserp.com,2025-07-06,3,Meets expectations. Low involvement: needs support. Regular overtime: watch the workload.
1646,jonathan.brown@nexuserp.com,2026-01-15,3,Meets expectations. Good involvement. Regular overtime: watch the workload.
1647,karen.oliveira2@nexuserp.com,2026-06-22,3,Meets expectations. Very high involvement.
1648,nour.obrien@nexuserp.com,2026-07-26,3,Meets expectations. Good involvement.
1649,nour.adams@nexuserp.com,2025-12-04,3,Meets expectations. Good involvement. Regular overtime: watch the workload.
1650,sandra.dubois@nexuserp.com,2026-05-16,3,Meets expectations. Involvement could improve.
1651,oscar.wang@nexuserp.com,2026-07-18,3,Meets expectations. Good involvement. Followed 6 trainings this year.
1653,mark.patel@nexuserp.com,2026-02-02,3,Meets expectations. Very high involvement. Followed 6 trainings this year.
1654,mark.patel@nexuserp.com,2026-03-11,4,Exceeds expectations. Good involvement.
1655,hugo.jones@nexuserp.com,2026-03-02,3,Meets expectations. Good involvement.
1656,hugo.jones@nexuserp.com,2026-02-16,3,Meets expectations. Involvement could improve.
1657,felix.murphy@nexuserp.com,2026-05-02,3,Meets expectations. Good involvement.
1658,sara.khalil@nexuserp.com,2026-04-11,3,Meets expectations. Good involvement. No promotion for 7 years: discuss career path.
1659,karen.lee@nexuserp.com,2026-06-28,3,Meets expectations. Good involvement. Followed 4 trainings this year.
1661,oscar.wang@nexuserp.com,2026-02-10,3,Meets expectations. Involvement could improve. Regular overtime: watch the workload.
1662,wei.wilson@nexuserp.com,2025-12-14,3,Meets expectations. Involvement could improve. Followed 6 trainings this year.
1664,mei.chen@nexuserp.com,2026-01-03,4,Exceeds expectations. Very high involvement.
1665,hugo.jones@nexuserp.com,2026-05-09,4,Exceeds expectations. Good involvement. Followed 6 trainings this year. No promotion for 4 years: discuss career path.
1666,hugo.jones@nexuserp.com,2026-08-14,4,Exceeds expectations. Involvement could improve. No promotion for 6 years: discuss career path.
1667,camille.wang@nexuserp.com,2025-01-16,4,Exceeds expectations. Good involvement. No promotion for 6 years: discuss career path. Regular overtime: watch the workload.
1668,arjun.wang@nexuserp.com,2026-03-25,3,Meets expectations. Good involvement. Followed 4 trainings this year.
1669,sharon.nielsen2@nexuserp.com,2026-01-29,3,Meets expectations. Involvement could improve. Regular overtime: watch the workload.
1670,sharon.nielsen2@nexuserp.com,2026-06-07,3,Meets expectations. Good involvement. Followed 5 trainings this year.
1671,elizabeth.williams3@nexuserp.com,2026-01-06,3,Meets expectations. Good involvement. Followed 4 trainings this year.
1673,adam.roberts@nexuserp.com,2026-01-12,3,Meets expectations. Good involvement.
1674,sharon.muller@nexuserp.com,2026-08-23,3,Meets expectations. Good involvement. Regular overtime: watch the workload.
1675,ryan.khalil@nexuserp.com,2026-03-27,4,Exceeds expectations. Involvement could improve.
1676,tariq.lopez@nexuserp.com,2026-04-20,3,Meets expectations. Very high involvement.
1677,hugo.jones@nexuserp.com,2026-03-02,3,Meets expectations. Good involvement.
1678,amanda.martin2@nexuserp.com,2026-06-18,3,Meets expectations. Good involvement. Regular overtime: watch the workload.
1680,rayan.haddad@nexuserp.com,2026-08-01,3,Meets expectations. Good involvement.
1681,rayan.haddad@nexuserp.com,2026-06-14,4,Exceeds expectations. Good involvement. Regular overtime: watch the workload.
1682,sarah.thomas@nexuserp.com,2026-04-07,3,Meets expectations. Good involvement.
1683,emily.harris@nexuserp.com,2026-06-15,3,Meets expectations. Good involvement. Regular overtime: watch the workload.
1684,luca.wang@nexuserp.com,2026-03-10,3,Meets expectations. Involvement could improve. Regular overtime: watch the workload.
1687,karen.lee@nexuserp.com,2026-05-14,3,Meets expectations. Good involvement. Followed 5 trainings this year.
1689,sarah.thomas@nexuserp.com,2026-02-20,3,Meets expectations. Very high involvement.
1691,felix.murphy@nexuserp.com,2025-12-24,3,Meets expectations. Good involvement. No promotion for 7 years: discuss career path. Regular overtime: watch the workload.
1692,jacob.sato@nexuserp.com,2026-05-24,3,Meets expectations. Good involvement.
1693,arjun.khalil@nexuserp.com,2026-03-09,4,Exceeds expectations. Good involvement. Followed 5 trainings this year. No promotion for 5 years: discuss career path.
1694,ashley.park@nexuserp.com,2026-07-01,3,Meets expectations. Involvement could improve.
1696,paul.moreau@nexuserp.com,2026-06-07,3,Meets expectations. Involvement could improve. No promotion for 4 years: discuss career path.
1697,susan.muller@nexuserp.com,2026-02-17,4,Exceeds expectations. Low involvement: needs support.
1698,olivia.williams@nexuserp.com,2026-06-15,3,Meets expectations. Very high involvement. Followed 6 trainings this year.
1700,susan.roberts@nexuserp.com,2026-08-11,3,Meets expectations. Low involvement: needs support.
1701,michelle.king@nexuserp.com,2026-05-22,3,Meets expectations. Involvement could improve. No promotion for 8 years: discuss career path.
1702,adam.roberts@nexuserp.com,2026-01-01,4,Exceeds expectations. Good involvement. Regular overtime: watch the workload.
1703,jennifer.rodriguez@nexuserp.com,2026-02-22,3,Meets expectations. Very high involvement. No promotion for 6 years: discuss career path. Regular overtime: watch the workload.
1704,aiko.silva@nexuserp.com,2026-02-16,3,Meets expectations. Involvement could improve. Regular overtime: watch the workload.
1706,amanda.martin2@nexuserp.com,2026-08-27,3,Meets expectations. Good involvement. No promotion for 8 years: discuss career path. Regular overtime: watch the workload.
1707,ivan.davis@nexuserp.com,2026-02-03,3,Meets expectations. Very high involvement.
1708,priya.shah@nexuserp.com,2026-02-06,3,Meets expectations. Good involvement. No promotion for 8 years: discuss career path.
1709,olivia.williams@nexuserp.com,2026-07-11,3,Meets expectations. Good involvement.
1710,elizabeth.russo@nexuserp.com,2026-05-28,3,Meets expectations. Good involvement. No promotion for 6 years: discuss career path.
1712,sarah.thomas@nexuserp.com,2026-02-01,4,Exceeds expectations. Involvement could improve. No promotion for 14 years: discuss career path.
1714,kevin.hernandez@nexuserp.com,2025-04-06,3,Meets expectations. Low involvement: needs support.
1716,nicholas.brown2@nexuserp.com,2026-01-04,3,Meets expectations. Low involvement: needs support. No promotion for 14 years: discuss career path.
1718,paul.moreau@nexuserp.com,2026-02-02,3,Meets expectations. Low involvement: needs support.
1719,hugo.jones@nexuserp.com,2026-03-09,3,Meets expectations. Involvement could improve. No promotion for 8 years: discuss career path.
1720,aiko.silva@nexuserp.com,2026-04-11,3,Meets expectations. Good involvement.
1721,andrew.smith@nexuserp.com,2026-08-26,3,Meets expectations. Good involvement.
1722,emily.harris@nexuserp.com,2026-03-05,3,Meets expectations. Low involvement: needs support. Followed 4 trainings this year.
1724,hiroshi.russo2@nexuserp.com,2026-07-10,3,Meets expectations. Good involvement. Regular overtime: watch the workload.
1725,lucas.laurent@nexuserp.com,2025-12-21,3,Meets expectations. Good involvement.
1727,nicholas.smith@nexuserp.com,2026-07-07,3,Meets expectations. Good involvement.
1728,richard.nguyen@nexuserp.com,2026-08-19,3,Meets expectations. Good involvement.
1729,camille.trabelsi@nexuserp.com,2026-05-18,3,Meets expectations. Good involvement.
1731,mark.smith@nexuserp.com,2026-05-25,3,Meets expectations. Good involvement.
1732,paul.khalil@nexuserp.com,2026-05-24,3,Meets expectations. Good involvement. Followed 5 trainings this year. Regular overtime: watch the workload.
1733,hana.lopez@nexuserp.com,2025-01-20,3,Meets expectations. Involvement could improve. Regular overtime: watch the workload.
1734,susan.roberts@nexuserp.com,2025-12-08,3,Meets expectations. Low involvement: needs support.
1735,lucas.laurent@nexuserp.com,2026-01-13,3,Meets expectations. Good involvement.
1736,samuel.rivera@nexuserp.com,2026-07-14,4,Exceeds expectations. Good involvement.
1737,paul.moreau@nexuserp.com,2026-03-13,3,Meets expectations. Good involvement. No promotion for 5 years: discuss career path. Regular overtime: watch the workload.
1739,nicholas.brown2@nexuserp.com,2026-07-23,3,Meets expectations. Low involvement: needs support.
1740,tariq.lopez@nexuserp.com,2026-06-26,3,Meets expectations. Good involvement. No promotion for 12 years: discuss career path.
1744,emily.harris@nexuserp.com,2026-07-18,4,Exceeds expectations. Low involvement: needs support.
1745,elena.scott@nexuserp.com,2026-05-30,3,Meets expectations. Involvement could improve.
1746,emily.harris@nexuserp.com,2026-04-25,3,Meets expectations. Good involvement.
1747,kevin.hernandez@nexuserp.com,2025-04-22,3,Meets expectations. Involvement could improve.
1749,clara.novak@nexuserp.com,2026-02-04,3,Meets expectations. Good involvement.
1751,manon.hernandez@nexuserp.com,2026-02-19,3,Meets expectations. Good involvement. Followed 5 trainings this year.
1752,kevin.obrien@nexuserp.com,2025-10-24,3,Meets expectations. Low involvement: needs support.
1753,priya.mitchell@nexuserp.com,2026-06-11,3,Meets expectations. Very high involvement. Followed 5 trainings this year. Regular overtime: watch the workload.
1754,karim.park@nexuserp.com,2026-06-08,3,Meets expectations. Involvement could improve.
1755,eric.adams2@nexuserp.com,2026-07-23,3,Meets expectations. Very high involvement. Regular overtime: watch the workload.
1756,karim.park@nexuserp.com,2026-02-28,3,Meets expectations. Good involvement.
1757,mark.smith@nexuserp.com,2026-01-28,3,Meets expectations. Good involvement.
1760,andrew.smith@nexuserp.com,2026-03-24,3,Meets expectations. Involvement could improve. Followed 4 trainings this year.
1761,elena.lee@nexuserp.com,2025-08-09,3,Meets expectations. Good involvement.
1762,ivan.davis@nexuserp.com,2025-12-09,3,Meets expectations. Involvement could improve.
1763,anthony.lee@nexuserp.com,2025-12-30,3,Meets expectations. Very high involvement.
1764,ivan.davis@nexuserp.com,2026-05-09,3,Meets expectations. Good involvement.
1766,matthew.hernandez@nexuserp.com,2026-02-04,3,Meets expectations. Low involvement: needs support. Regular overtime: watch the workload.
1767,aiko.silva@nexuserp.com,2025-06-04,3,Meets expectations. Involvement could improve. Followed 4 trainings this year. Regular overtime: watch the workload.
1768,andrew.smith@nexuserp.com,2026-07-25,4,Exceeds expectations. Good involvement. Followed 6 trainings this year.
1770,hugo.jones@nexuserp.com,2026-06-10,3,Meets expectations. Involvement could improve.
1771,manon.hernandez@nexuserp.com,2026-01-13,3,Meets expectations. Good involvement.
1772,olivia.williams@nexuserp.com,2026-04-19,4,Exceeds expectations. Good involvement.
1774,priya.shah@nexuserp.com,2026-01-05,3,Meets expectations. Good involvement. Regular overtime: watch the workload.
1775,chloe.carter@nexuserp.com,2026-06-01,4,Exceeds expectations. Involvement could improve. Regular overtime: watch the workload.
1778,kevin.hernandez@nexuserp.com,2026-04-25,3,Meets expectations. Good involvement. Followed 5 trainings this year.
1779,sandra.dubois@nexuserp.com,2026-08-08,3,Meets expectations. Low involvement: needs support.
1780,elizabeth.russo@nexuserp.com,2025-10-13,3,Meets expectations. Good involvement.
1782,arjun.khalil@nexuserp.com,2026-06-04,3,Meets expectations. Involvement could improve.
1783,mark.chen@nexuserp.com,2025-10-19,3,Meets expectations. Good involvement. Followed 6 trainings this year. Regular overtime: watch the workload.
1784,mark.lee@nexuserp.com,2026-06-29,3,Meets expectations. Involvement could improve. No promotion for 5 years: discuss career path.
1786,hugo.jones@nexuserp.com,2026-02-28,3,Meets expectations. Good involvement.
1787,amanda.martin2@nexuserp.com,2026-01-19,3,Meets expectations. Involvement could improve.
1789,hugo.jones@nexuserp.com,2025-12-12,3,Meets expectations. Good involvement. Regular overtime: watch the workload.
1790,sarah.thomas@nexuserp.com,2026-06-25,3,Meets expectations. Good involvement. No promotion for 5 years: discuss career path. Regular overtime: watch the workload.
1792,jonathan.brown@nexuserp.com,2025-12-04,3,Meets expectations. Good involvement. Regular overtime: watch the workload.
1794,emily.harris@nexuserp.com,2026-04-25,3,Meets expectations. Good involvement. Followed 4 trainings this year. No promotion for 4 years: discuss career path.
1797,andrew.robinson2@nexuserp.com,2025-05-25,3,Meets expectations. Good involvement. No promotion for 7 years: discuss career path. Regular overtime: watch the workload.
1798,ashley.park@nexuserp.com,2026-02-26,3,Meets expectations. Very high involvement. No promotion for 7 years: discuss career path.
1799,richard.carter@nexuserp.com,2026-08-08,3,Meets expectations. Good involvement. Followed 6 trainings this year.
1800,hugo.jones@nexuserp.com,2026-07-18,4,Exceeds expectations. Good involvement.
1801,priya.shah@nexuserp.com,2026-03-21,3,Meets expectations. Involvement could improve.
1802,olivia.williams@nexuserp.com,2026-04-06,3,Meets expectations. Good involvement. Followed 5 trainings this year.
1803,anthony.lee@nexuserp.com,2026-04-10,3,Meets expectations. Very high involvement.
1804,richard.nguyen@nexuserp.com,2026-01-10,3,Meets expectations. Good involvement. Followed 6 trainings this year.
1805,emily.harris@nexuserp.com,2026-08-12,3,Meets expectations. Good involvement.
1807,luca.wang@nexuserp.com,2025-06-04,3,Meets expectations. Good involvement.
1809,wei.wilson@nexuserp.com,2025-11-18,3,Meets expectations. Good involvement. Followed 4 trainings this year.
1812,susan.roberts@nexuserp.com,2026-04-19,3,Meets expectations. Good involvement. Followed 6 trainings this year.
1813,joshua.roberts@nexuserp.com,2026-08-10,3,Meets expectations. Good involvement.
1814,nicholas.smith@nexuserp.com,2026-01-12,3,Meets expectations. Very high involvement.
1815,elizabeth.russo@nexuserp.com,2026-07-14,3,Meets expectations. Good involvement. No promotion for 13 years: discuss career path. Regular overtime: watch the workload.
1816,ryan.taylor@nexuserp.com,2025-12-14,3,Meets expectations. Good involvement.
1818,camille.lewis@nexuserp.com,2025-03-20,3,Meets expectations. Good involvement. Regular overtime: watch the workload.
1821,matthew.hernandez@nexuserp.com,2025-09-29,4,Exceeds expectations. Good involvement.
1822,priya.mitchell@nexuserp.com,2026-07-27,3,Meets expectations. Good involvement.
1823,amira.muller@nexuserp.com,2026-05-09,4,Exceeds expectations. Very high involvement. Followed 5 trainings this year. No promotion for 4 years: discuss career path.
1824,tariq.lopez@nexuserp.com,2026-08-21,4,Exceeds expectations. Good involvement. No promotion for 14 years: discuss career path.
1826,karen.lee@nexuserp.com,2026-03-15,3,Meets expectations. Low involvement: needs support.
1827,wei.wilson@nexuserp.com,2026-01-05,3,Meets expectations. Involvement could improve. Followed 4 trainings this year. No promotion for 14 years: discuss career path. Regular overtime: watch the workload.
1829,sarah.thomas@nexuserp.com,2026-04-07,3,Meets expectations. Good involvement. No promotion for 7 years: discuss career path.
1830,aiko.silva@nexuserp.com,2026-08-21,3,Meets expectations. Good involvement.
1833,andrew.robinson2@nexuserp.com,2026-06-06,3,Meets expectations. Good involvement.
1834,jonathan.brown@nexuserp.com,2026-07-12,4,Exceeds expectations. Good involvement.
1835,adam.roberts@nexuserp.com,2026-05-02,4,Exceeds expectations. Low involvement: needs support. Followed 4 trainings this year. Regular overtime: watch the workload.
1836,mark.smith@nexuserp.com,2026-05-19,3,Meets expectations. Good involvement. Followed 4 trainings this year.
1837,hugo.jones@nexuserp.com,2026-01-15,3,Meets expectations. Good involvement. Regular overtime: watch the workload.
1839,arjun.wang@nexuserp.com,2026-06-29,3,Meets expectations. Good involvement. Followed 4 trainings this year.
1842,camille.lewis@nexuserp.com,2026-04-26,3,Meets expectations. Very high involvement. Followed 4 trainings this year.
1844,camille.lewis@nexuserp.com,2026-05-07,3,Meets expectations. Involvement could improve. Regular overtime: watch the workload.
1845,hana.lopez@nexuserp.com,2025-12-29,4,Exceeds expectations. Good involvement. No promotion for 5 years: discuss career path.
1847,karen.oliveira2@nexuserp.com,2026-06-09,4,Exceeds expectations. Good involvement. Regular overtime: watch the workload.
1849,sandra.dubois@nexuserp.com,2025-12-02,4,Exceeds expectations. Good involvement. Followed 5 trainings this year. No promotion for 7 years: discuss career path.
1850,hiroshi.scott2@nexuserp.com,2026-02-28,3,Meets expectations. Good involvement. Regular overtime: watch the workload.
1852,luca.wang@nexuserp.com,2026-06-05,3,Meets expectations. Good involvement.
1853,sharon.nielsen2@nexuserp.com,2026-03-20,3,Meets expectations. Good involvement.
1854,arjun.wang@nexuserp.com,2026-07-25,4,Exceeds expectations. Good involvement.
1856,hiroshi.scott2@nexuserp.com,2025-12-26,3,Meets expectations. Good involvement.
1857,nancy.singh@nexuserp.com,2025-12-11,3,Meets expectations. Good involvement. Followed 4 trainings this year. No promotion for 4 years: discuss career path.
1858,emily.harris@nexuserp.com,2026-06-09,3,Meets expectations. Good involvement.
1859,jennifer.rodriguez@nexuserp.com,2026-07-12,3,Meets expectations. Low involvement: needs support.
1860,jacob.sato@nexuserp.com,2026-08-05,3,Meets expectations. Good involvement.
1862,nicholas.brown2@nexuserp.com,2025-08-12,3,Meets expectations. Involvement could improve. Regular overtime: watch the workload.
1863,elena.lee@nexuserp.com,2026-03-11,3,Meets expectations. Very high involvement. Followed 5 trainings this year.
1864,kevin.obrien@nexuserp.com,2026-08-17,4,Exceeds expectations. Involvement could improve. Followed 5 trainings this year. No promotion for 5 years: discuss career path.
1865,kevin.hernandez@nexuserp.com,2026-08-25,3,Meets expectations. Involvement could improve.
1866,hugo.jones@nexuserp.com,2026-06-25,3,Meets expectations. Involvement could improve. No promotion for 6 years: discuss career path.
1867,hugo.jones@nexuserp.com,2026-02-04,3,Meets expectations. Involvement could improve. No promotion for 12 years: discuss career path.
1868,elizabeth.williams3@nexuserp.com,2025-07-22,4,Exceeds expectations. Involvement could improve. Regular overtime: watch the workload.
1869,elizabeth.russo@nexuserp.com,2025-10-30,4,Exceeds expectations. Good involvement.
1870,ivan.davis@nexuserp.com,2026-06-08,3,Meets expectations. Involvement could improve. No promotion for 7 years: discuss career path.
1871,nour.obrien@nexuserp.com,2025-12-29,3,Meets expectations. Good involvement.
1873,joshua.roberts@nexuserp.com,2025-12-21,4,Exceeds expectations. Involvement could improve.
1875,rayan.haddad@nexuserp.com,2026-02-11,3,Meets expectations. Good involvement.
1876,rayan.haddad@nexuserp.com,2026-01-18,3,Meets expectations. Good involvement.
1878,elena.scott@nexuserp.com,2025-11-19,4,Exceeds expectations. Good involvement. Regular overtime: watch the workload.
1880,paul.khalil@nexuserp.com,2026-07-11,3,Meets expectations. Involvement could improve. Followed 4 trainings this year. Regular overtime: watch the workload.
1881,karen.lee@nexuserp.com,2026-03-09,3,Meets expectations. Good involvement.
1882,amanda.martin2@nexuserp.com,2026-02-21,3,Meets expectations. Good involvement. Regular overtime: watch the workload.
1883,arjun.khalil@nexuserp.com,2025-12-03,3,Meets expectations. Good involvement.
1885,sara.dubois@nexuserp.com,2025-12-12,4,Exceeds expectations. Good involvement. Regular overtime: watch the workload.
1886,mark.patel@nexuserp.com,2026-06-05,3,Meets expectations. Involvement could improve. Regular overtime: watch the workload.
1888,wei.wilson@nexuserp.com,2026-05-14,3,Meets expectations. Involvement could improve.
1890,kevin.hernandez@nexuserp.com,2026-01-30,4,Exceeds expectations. Involvement could improve.
1892,hugo.jones@nexuserp.com,2026-01-30,3,Meets expectations. Good involvement. No promotion for 11 years: discuss career path.
1893,aiko.silva@nexuserp.com,2026-06-03,3,Meets expectations. Involvement could improve. Regular overtime: watch the workload.
1898,sandra.dubois@nexuserp.com,2026-08-19,3,Meets expectations. Very high involvement. Followed 5 trainings this year.
1900,hugo.jones@nexuserp.com,2026-08-01,3,Meets expectations. Good involvement. No promotion for 4 years: discuss career path.
1903,matthew.hernandez@nexuserp.com,2026-01-16,3,Meets expectations. Very high involvement. Followed 5 trainings this year.
1905,arjun.wang@nexuserp.com,2026-02-28,4,Exceeds expectations. Low involvement: needs support. Regular overtime: watch the workload.
1907,arjun.khalil@nexuserp.com,2025-05-20,3,Meets expectations. Good involvement.
1908,andrew.robinson2@nexuserp.com,2026-01-22,3,Meets expectations. Involvement could improve.
1909,hana.lopez@nexuserp.com,2025-12-28,4,Exceeds expectations. Good involvement.
1911,hugo.jones@nexuserp.com,2026-04-16,3,Meets expectations. Good involvement. No promotion for 5 years: discuss career path.
1912,priya.shah@nexuserp.com,2026-03-08,3,Meets expectations. Good involvement. Regular overtime: watch the workload.
1915,clara.novak@nexuserp.com,2026-07-05,3,Meets expectations. Involvement could improve. Regular overtime: watch the workload.
1916,nour.adams@nexuserp.com,2025-12-15,3,Meets expectations. Very high involvement.
1918,paul.moreau@nexuserp.com,2025-12-31,3,Meets expectations. Very high involvement. No promotion for 7 years: discuss career path.
1922,mei.chen@nexuserp.com,2026-05-14,3,Meets expectations. Good involvement.
1924,andrew.robinson2@nexuserp.com,2026-05-20,3,Meets expectations. Good involvement.
1927,priya.shah@nexuserp.com,2026-02-10,3,Meets expectations. Involvement could improve. Regular overtime: watch the workload.
1928,felix.murphy@nexuserp.com,2026-01-05,3,Meets expectations. Very high involvement.
1929,sandra.dubois@nexuserp.com,2026-02-12,3,Meets expectations. Low involvement: needs support.
1931,nour.obrien@nexuserp.com,2026-08-03,3,Meets expectations. Good involvement.
1932,elena.scott@nexuserp.com,2026-06-16,3,Meets expectations. Involvement could improve. No promotion for 6 years: discuss career path. Regular overtime: watch the workload.
1933,karim.park@nexuserp.com,2025-04-05,3,Meets expectations. Good involvement. Regular overtime: watch the workload.
1934,karen.oliveira2@nexuserp.com,2025-12-21,3,Meets expectations. Good involvement. Followed 4 trainings this year.
1935,clara.novak@nexuserp.com,2026-08-20,3,Meets expectations. Involvement could improve.
1936,chloe.carter@nexuserp.com,2026-01-28,4,Exceeds expectations. Good involvement. No promotion for 7 years: discuss career path.
1937,elizabeth.williams3@nexuserp.com,2026-08-09,3,Meets expectations. Involvement could improve. Regular overtime: watch the workload.
1938,tariq.lopez@nexuserp.com,2026-01-05,3,Meets expectations. Good involvement. Regular overtime: watch the workload.
1939,elena.scott@nexuserp.com,2025-11-14,3,Meets expectations. Very high involvement. Regular overtime: watch the workload.
1940,elizabeth.williams3@nexuserp.com,2026-05-21,3,Meets expectations. Good involvement.
1941,hugo.jones@nexuserp.com,2026-02-14,3,Meets expectations. Good involvement. No promotion for 4 years: discuss career path.
1943,karim.park@nexuserp.com,2026-08-30,3,Meets expectations. Good involvement. Followed 4 trainings this year. Regular overtime: watch the workload.
1944,camille.lewis@nexuserp.com,2025-10-13,3,Meets expectations. Involvement could improve.
1945,elizabeth.tanaka2@nexuserp.com,2026-06-03,3,Meets expectations. Good involvement.
1947,camille.trabelsi@nexuserp.com,2025-12-05,3,Meets expectations. Good involvement.
1948,richard.carter@nexuserp.com,2025-12-09,3,Meets expectations. Good involvement. Regular overtime: watch the workload.
1949,paul.taylor@nexuserp.com,2026-04-07,4,Exceeds expectations. Very high involvement.
1950,susan.roberts@nexuserp.com,2026-08-21,4,Exceeds expectations. Good involvement.
1951,elizabeth.tanaka2@nexuserp.com,2025-12-08,3,Meets expectations. Good involvement.
1952,arjun.khalil@nexuserp.com,2026-03-13,3,Meets expectations. Good involvement. Followed 6 trainings this year. No promotion for 7 years: discuss career path.
1954,anthony.lee@nexuserp.com,2026-03-31,3,Meets expectations. Good involvement. Followed 5 trainings this year.
1955,sarah.thomas@nexuserp.com,2026-07-28,3,Meets expectations. Good involvement. Followed 6 trainings this year.
1956,timothy.moreau@nexuserp.com,2025-12-01,4,Exceeds expectations. Low involvement: needs support. Followed 6 trainings this year. No promotion for 8 years: discuss career path.
1960,jacob.sato@nexuserp.com,2025-11-29,3,Meets expectations. Involvement could improve.
1961,mark.lee@nexuserp.com,2026-06-30,3,Meets expectations. Involvement could improve.
1962,mark.smith@nexuserp.com,2026-05-21,3,Meets expectations. Good involvement. Regular overtime: watch the workload.
1965,sharon.nielsen2@nexuserp.com,2026-05-26,3,Meets expectations. Good involvement. Followed 5 trainings this year.
1966,nancy.singh@nexuserp.com,2026-01-04,4,Exceeds expectations. Involvement could improve.
1967,mark.lee@nexuserp.com,2025-10-26,3,Meets expectations. Good involvement. Followed 4 trainings this year. Regular overtime: watch the workload.
1968,paul.khalil@nexuserp.com,2025-02-22,3,Meets expectations. Good involvement. Regular overtime: watch the workload.
1969,manon.hernandez@nexuserp.com,2026-02-22,3,Meets expectations. Good involvement. Followed 6 trainings this year.
1970,jennifer.rodriguez@nexuserp.com,2026-05-20,4,Exceeds expectations. Good involvement.
1971,susan.muller@nexuserp.com,2026-05-10,3,Meets expectations. Good involvement.
1972,kevin.hernandez@nexuserp.com,2026-01-20,3,Meets expectations. Good involvement. Regular overtime: watch the workload.
1973,james.park@nexuserp.com,2026-04-14,3,Meets expectations. Very high involvement. Regular overtime: watch the workload.
1974,rayan.flores@nexuserp.com,2026-02-24,3,Meets expectations. Low involvement: needs support. Followed 4 trainings this year. Regular overtime: watch the workload.
1975,elizabeth.tanaka2@nexuserp.com,2026-07-25,3,Meets expectations. Good involvement. No promotion for 11 years: discuss career path.
1976,timothy.moreau@nexuserp.com,2026-05-04,3,Meets expectations. Involvement could improve.
1979,hugo.jones@nexuserp.com,2026-03-24,4,Exceeds expectations. Good involvement. No promotion for 4 years: discuss career path.
1980,samuel.rivera@nexuserp.com,2026-05-26,3,Meets expectations. Good involvement. Regular overtime: watch the workload.
1981,priya.mitchell@nexuserp.com,2026-01-10,3,Meets expectations. Involvement could improve.
1982,olivia.williams@nexuserp.com,2026-07-02,3,Meets expectations. Good involvement. Followed 6 trainings this year.
1985,hiroshi.scott2@nexuserp.com,2026-01-09,3,Meets expectations. Good involvement. No promotion for 9 years: discuss career path.
1986,camille.wang@nexuserp.com,2026-08-10,3,Meets expectations. Good involvement. Followed 4 trainings this year. No promotion for 5 years: discuss career path.
1987,emily.harris@nexuserp.com,2026-05-04,3,Meets expectations. Good involvement.
1989,sharon.muller@nexuserp.com,2026-04-09,3,Meets expectations. Good involvement. Followed 6 trainings this year.
1992,jacob.sato@nexuserp.com,2026-06-20,3,Meets expectations. Good involvement. Regular overtime: watch the workload.
1993,anthony.lee@nexuserp.com,2026-04-03,4,Exceeds expectations. Good involvement. No promotion for 12 years: discuss career path.
1994,andrew.smith@nexuserp.com,2025-12-26,3,Meets expectations. Involvement could improve.
1995,camille.wang@nexuserp.com,2026-04-29,3,Meets expectations. Good involvement. No promotion for 5 years: discuss career path.
1996,adam.roberts@nexuserp.com,2026-04-03,3,Meets expectations. Good involvement.
1997,samuel.rivera@nexuserp.com,2025-12-13,3,Meets expectations. Involvement could improve. No promotion for 7 years: discuss career path.
1998,steven.laurent@nexuserp.com,2025-12-20,3,Meets expectations. Good involvement. Regular overtime: watch the workload.
1999,joshua.roberts@nexuserp.com,2026-08-24,4,Exceeds expectations. Good involvement.
2000,hugo.jones@nexuserp.com,2026-02-12,3,Meets expectations. Good involvement. No promotion for 5 years: discuss career path.
2003,hiroshi.scott2@nexuserp.com,2026-01-09,3,Meets expectations. Good involvement. Regular overtime: watch the workload.
2007,ivan.davis@nexuserp.com,2025-12-15,3,Meets expectations. Good involvement.
2008,richard.carter@nexuserp.com,2026-01-22,3,Meets expectations. Good involvement. Followed 5 trainings this year.
2009,jennifer.rodriguez@nexuserp.com,2026-08-05,3,Meets expectations. Good involvement. Followed 6 trainings this year. No promotion for 8 years: discuss career path. Regular overtime: watch the workload.
2010,sharon.muller@nexuserp.com,2026-02-03,3,Meets expectations. Involvement could improve. No promotion for 4 years: discuss career path.
2012,lucas.laurent@nexuserp.com,2026-01-11,3,Meets expectations. Good involvement.
2013,kevin.obrien@nexuserp.com,2026-04-07,3,Meets expectations. Involvement could improve.
2014,elena.scott@nexuserp.com,2026-08-22,3,Meets expectations. Good involvement.
2015,hugo.jones@nexuserp.com,2026-07-07,3,Meets expectations. Low involvement: needs support.
2016,elizabeth.russo@nexuserp.com,2026-06-14,3,Meets expectations. Good involvement. No promotion for 5 years: discuss career path.
2017,hugo.jones@nexuserp.com,2026-01-06,4,Exceeds expectations. Very high involvement. No promotion for 6 years: discuss career path. Regular overtime: watch the workload.
2018,elena.lee@nexuserp.com,2026-07-24,4,Exceeds expectations. Good involvement. Regular overtime: watch the workload.
2019,elizabeth.russo@nexuserp.com,2026-02-07,3,Meets expectations. Good involvement.
2020,elena.scott@nexuserp.com,2026-07-10,3,Meets expectations. Good involvement. Regular overtime: watch the workload.
2021,rayan.haddad@nexuserp.com,2026-01-14,3,Meets expectations. Good involvement. Followed 6 trainings this year. Regular overtime: watch the workload.
2022,hugo.jones@nexuserp.com,2026-08-24,3,Meets expectations. Good involvement.
2023,elizabeth.russo@nexuserp.com,2026-06-04,3,Meets expectations. Good involvement.
2024,amanda.martin2@nexuserp.com,2026-07-31,3,Meets expectations. Involvement could improve.
2025,chloe.carter@nexuserp.com,2026-03-30,3,Meets expectations. Good involvement.
2026,nicholas.smith@nexuserp.com,2026-01-28,4,Exceeds expectations. Good involvement.
2027,aiko.silva@nexuserp.com,2025-07-30,3,Meets expectations. Good involvement. Regular overtime: watch the workload.
2031,hugo.jones@nexuserp.com,2026-04-05,3,Meets expectations. Good involvement. No promotion for 4 years: discuss career path.
2032,lucas.laurent@nexuserp.com,2025-09-01,3,Meets expectations. Good involvement. Followed 4 trainings this year. No promotion for 9 years: discuss career path.
2034,cynthia.lewis2@nexuserp.com,2026-04-26,4,Exceeds expectations. Involvement could improve.
2035,clara.novak@nexuserp.com,2026-02-05,4,Exceeds expectations. Involvement could improve.
2036,elizabeth.russo@nexuserp.com,2026-06-12,4,Exceeds expectations. Low involvement: needs support. Followed 4 trainings this year. No promotion for 11 years: discuss career path.
2037,hana.lopez@nexuserp.com,2026-07-11,3,Meets expectations. Involvement could improve. Followed 5 trainings this year.
2038,ashley.park@nexuserp.com,2026-07-08,3,Meets expectations. Good involvement. Followed 4 trainings this year.
2040,kevin.hernandez@nexuserp.com,2026-07-11,3,Meets expectations. Good involvement. Regular overtime: watch the workload.
2041,sharon.nielsen2@nexuserp.com,2026-08-17,3,Meets expectations. Good involvement.
2044,hana.lopez@nexuserp.com,2025-11-22,3,Meets expectations. Good involvement.
2045,camille.wang@nexuserp.com,2026-08-13,3,Meets expectations. Involvement could improve.
2046,camille.wang@nexuserp.com,2026-07-16,3,Meets expectations. Good involvement.
2048,ivan.davis@nexuserp.com,2026-03-09,3,Meets expectations. Involvement could improve.
2049,priya.mitchell@nexuserp.com,2026-06-23,3,Meets expectations. Good involvement. Regular overtime: watch the workload.
2051,arjun.wang@nexuserp.com,2026-03-22,3,Meets expectations. Good involvement.
2052,karen.oliveira2@nexuserp.com,2026-08-08,3,Meets expectations. Low involvement: needs support. Followed 5 trainings this year.
2053,andrew.smith@nexuserp.com,2026-01-23,3,Meets expectations. Involvement could improve. Regular overtime: watch the workload.
2054,camille.trabelsi@nexuserp.com,2026-05-23,3,Meets expectations. Involvement could improve.
2055,clara.novak@nexuserp.com,2025-08-26,3,Meets expectations. Involvement could improve. Regular overtime: watch the workload.
2056,nicholas.brown2@nexuserp.com,2026-02-26,3,Meets expectations. Involvement could improve. No promotion for 9 years: discuss career path.
2057,chloe.carter@nexuserp.com,2025-11-30,3,Meets expectations. Good involvement.
2060,kevin.obrien@nexuserp.com,2026-01-25,3,Meets expectations. Involvement could improve.
2061,rayan.flores@nexuserp.com,2026-05-11,3,Meets expectations. Very high involvement.
2062,matthew.hernandez@nexuserp.com,2026-05-26,3,Meets expectations. Involvement could improve. Followed 5 trainings this year.
2064,chloe.carter@nexuserp.com,2026-05-28,4,Exceeds expectations. Very high involvement. Regular overtime: watch the workload.
2065,andrew.robinson2@nexuserp.com,2026-08-05,3,Meets expectations. Involvement could improve.
2068,hiroshi.scott2@nexuserp.com,2026-05-28,3,Meets expectations. Very high involvement.
