employee_id,effective_date,salary,currency,change_reason,created_at
1,2020-03-27,64789.19,USD,INITIAL_HIRE,2026-10-02 19:10:55
1,2025-12-10,71916.0,USD,ANNUAL_REVIEW (+11%),2026-10-02 19:10:55
2,2016-06-22,50048.78,USD,INITIAL_HIRE,2026-10-02 19:10:55
2,2025-12-02,61560.0,USD,ANNUAL_REVIEW (+23%),2026-10-02 19:10:55
4,2025-05-27,25080.0,USD,INITIAL_HIRE,2026-10-02 19:10:55
5,2018-08-17,31448.65,USD,INITIAL_HIRE,2026-10-02 19:10:55
5,2026-04-06,34908.0,USD,ANNUAL_REVIEW (+11%),2026-10-02 19:10:55
7,2024-03-23,37157.14,USD,INITIAL_HIRE,2026-10-02 19:10:55
7,2026-08-07,41616.0,USD,ANNUAL_REVIEW (+12%),2026-10-02 19:10:55
8,2019-09-01,32580.53,USD,INITIAL_HIRE,2026-10-02 19:10:55
8,2026-05-14,36816.0,USD,ANNUAL_REVIEW (+13%),2026-10-02 19:10:55
10,2025-03-01,26700.0,USD,INITIAL_HIRE,2026-10-02 19:10:55
10,2026-05-03,32040.0,USD,ANNUAL_REVIEW (+20%),2026-10-02 19:10:55
11,2025-03-08,26488.52,USD,INITIAL_HIRE,2026-10-02 19:10:55
11,2026-03-08,32316.0,USD,ANNUAL_REVIEW (+22%),2026-10-02 19:10:55
12,2017-09-05,94472.73,USD,INITIAL_HIRE,2026-10-02 19:10:55
12,2025-11-23,114312.0,USD,ANNUAL_REVIEW (+21%),2026-10-02 19:10:55
13,2019-01-25,55614.16,USD,INITIAL_HIRE,2026-10-02 19:10:55
13,2026-03-15,62844.0,USD,ANNUAL_REVIEW (+13%),2026-10-02 19:10:55
14,2021-05-18,25762.83,USD,INITIAL_HIRE,2026-10-02 19:10:55
14,2025-11-20,29112.0,USD,ANNUAL_REVIEW (+13%),2026-10-02 19:10:55
15,2017-01-15,44925.0,USD,INITIAL_HIRE,2026-10-02 19:10:55
15,2026-04-24,50316.0,USD,ANNUAL_REVIEW (+12%),2026-10-02 19:10:55
16,2021-09-19,29856.41,USD,INITIAL_HIRE,2026-10-02 19:10:55
16,2026-05-02,34932.0,USD,ANNUAL_REVIEW (+17%),2026-10-02 19:10:55
18,2024-08-04,28767.57,USD,INITIAL_HIRE,2026-10-02 19:10:55
18,2025-12-25,31932.0,USD,ANNUAL_REVIEW (+11%),2026-10-02 19:10:55
19,2021-08-21,21347.37,USD,INITIAL_HIRE,2026-10-02 19:10:55
19,2025-06-15,24336.0,USD,ANNUAL_REVIEW (+14%),2026-10-02 19:10:55
20,2016-08-01,107891.89,USD,INITIAL_HIRE,2026-10-02 19:10:55
20,2026-03-29,119760.0,USD,ANNUAL_REVIEW (+11%),2026-10-02 19:10:55
21,2020-06-15,35335.71,USD,INITIAL_HIRE,2026-10-02 19:10:55
21,2026-04-18,39576.0,USD,ANNUAL_REVIEW (+12%),2026-10-02 19:10:55
22,2025-02-26,31168.14,USD,INITIAL_HIRE,2026-10-02 19:10:55
22,2026-02-26,35220.0,USD,ANNUAL_REVIEW (+13%),2026-10-02 19:10:55
23,2001-08-16,159589.66,USD,INITIAL_HIRE,2026-10-02 19:10:55
23,2026-01-19,185124.0,USD,ANNUAL_REVIEW (+16%),2026-10-02 19:10:55
24,2023-02-20,42637.84,USD,INITIAL_HIRE,2026-10-02 19:10:55
24,2026-04-08,47328.0,USD,ANNUAL_REVIEW (+11%),2026-10-02 19:10:55
26,2022-08-29,40789.83,USD,INITIAL_HIRE,2026-10-02 19:10:55
26,2026-08-24,48132.0,USD,ANNUAL_REVIEW (+18%),2026-10-02 19:10:55
27,2021-02-18,33239.02,USD,INITIAL_HIRE,2026-10-02 19:10:55
27,2026-02-15,40884.0,USD,ANNUAL_REVIEW (+23%),2026-10-02 19:10:55
28,2014-03-22,129664.86,USD,INITIAL_HIRE,2026-10-02 19:10:55
28,2026-07-21,143928.0,USD,ANNUAL_REVIEW (+11%),2026-10-02 19:10:55
30,2026-01-13,14784.0,USD,INITIAL_HIRE,2026-10-02 19:10:55
31,2022-02-22,32000.0,USD,INITIAL_HIRE,2026-10-02 19:10:55
31,2025-11-01,35520.0,USD,ANNUAL_REVIEW (+11%),2026-10-02 19:10:55
32,2012-06-25,206421.62,USD,INITIAL_HIRE,2026-10-02 19:10:55
32,2026-03-02,229128.0,USD,ANNUAL_REVIEW (+11%),2026-10-02 19:10:55
33,2015-01-18,38547.54,USD,INITIAL_HIRE,2026-10-02 19:10:55
33,2025-02-22,47028.0,USD,ANNUAL_REVIEW (+22%),2026-10-02 19:10:55
35,2016-11-09,73783.78,USD,INITIAL_HIRE,2026-10-02 19:10:55
35,2026-06-25,81900.0,USD,ANNUAL_REVIEW (+11%),2026-10-02 19:10:55
36,2004-03-24,107873.68,USD,INITIAL_HIRE,2026-10-02 19:10:55
36,2026-01-09,122976.0,USD,ANNUAL_REVIEW (+14%),2026-10-02 19:10:55
38,2024-05-08,203003.57,USD,INITIAL_HIRE,2026-10-02 19:10:55
38,2026-02-14,227364.0,USD,ANNUAL_REVIEW (+12%),2026-10-02 19:10:55
39,2025-06-10,26983.78,USD,INITIAL_HIRE,2026-10-02 19:10:55
39,2026-08-18,29952.0,USD,ANNUAL_REVIEW (+11%),2026-10-02 19:10:55
40,2022-03-14,68654.87,USD,INITIAL_HIRE,2026-10-02 19:10:55
40,2026-05-20,77580.0,USD,ANNUAL_REVIEW (+13%),2026-10-02 19:10:55
41,2016-03-21,23426.55,USD,INITIAL_HIRE,2026-10-02 19:10:55
41,2026-06-03,26472.0,USD,ANNUAL_REVIEW (+13%),2026-10-02 19:10:55
42,2025-05-13,21957.89,USD,INITIAL_HIRE,2026-10-02 19:10:55
42,2026-05-13,25032.0,USD,ANNUAL_REVIEW (+14%),2026-10-02 19:10:55
45,2024-01-09,23720.69,USD,INITIAL_HIRE,2026-10-02 19:10:55
45,2025-03-15,27516.0,USD,ANNUAL_REVIEW (+16%),2026-10-02 19:10:55
46,2021-08-13,28339.29,USD,INITIAL_HIRE,2026-10-02 19:10:55
46,2025-12-30,31740.0,USD,ANNUAL_REVIEW (+12%),2026-10-02 19:10:55
47,2022-08-26,28242.11,USD,INITIAL_HIRE,2026-10-02 19:10:55
47,2026-01-02,32196.0,USD,ANNUAL_REVIEW (+14%),2026-10-02 19:10:55
49,2024-05-17,21387.61,USD,INITIAL_HIRE,2026-10-02 19:10:55
49,2026-04-07,24168.0,USD,ANNUAL_REVIEW (+13%),2026-10-02 19:10:55
51,2025-04-26,35989.47,USD,INITIAL_HIRE,2026-10-02 19:10:55
51,2026-06-01,41028.0,USD,ANNUAL_REVIEW (+14%),2026-10-02 19:10:55
52,2021-05-01,54211.76,USD,INITIAL_HIRE,2026-10-02 19:10:55
52,2026-01-13,64512.0,USD,ANNUAL_REVIEW (+19%),2026-10-02 19:10:55
53,2025-01-16,20903.57,USD,INITIAL_HIRE,2026-10-02 19:10:55
53,2026-08-08,23412.0,USD,ANNUAL_REVIEW (+12%),2026-10-02 19:10:55
54,2025-09-11,24860.18,USD,INITIAL_HIRE,2026-10-02 19:10:55
54,2026-09-11,28092.0,USD,ANNUAL_REVIEW (+13%),2026-10-02 19:10:55
55,2025-07-19,24567.86,USD,INITIAL_HIRE,2026-10-02 19:10:55
55,2026-07-19,27516.0,USD,ANNUAL_REVIEW (+12%),2026-10-02 19:10:55
56,2017-07-03,91053.91,USD,INITIAL_HIRE,2026-10-02 19:10:55
56,2026-04-07,104712.0,USD,ANNUAL_REVIEW (+15%),2026-10-02 19:10:55
57,2014-04-24,39131.71,USD,INITIAL_HIRE,2026-10-02 19:10:55
57,2026-06-04,48132.0,USD,ANNUAL_REVIEW (+23%),2026-10-02 19:10:55
58,2003-08-08,209410.71,USD,INITIAL_HIRE,2026-10-02 19:10:55
58,2025-12-18,234540.0,USD,ANNUAL_REVIEW (+12%),2026-10-02 19:10:55
60,2017-04-23,45680.0,USD,INITIAL_HIRE,2026-10-02 19:10:55
60,2026-05-12,54816.0,USD,ANNUAL_REVIEW (+20%),2026-10-02 19:10:55
61,2025-05-09,29970.25,USD,INITIAL_HIRE,2026-10-02 19:10:55
61,2026-05-09,36264.0,USD,ANNUAL_REVIEW (+21%),2026-10-02 19:10:55
62,2016-11-26,57242.98,USD,INITIAL_HIRE,2026-10-02 19:10:55
62,2026-03-19,69264.0,USD,ANNUAL_REVIEW (+21%),2026-10-02 19:10:55
63,2025-08-10,22880.67,USD,INITIAL_HIRE,2026-10-02 19:10:55
63,2026-08-10,27228.0,USD,ANNUAL_REVIEW (+19%),2026-10-02 19:10:55
64,2024-04-04,57143.36,USD,INITIAL_HIRE,2026-10-02 19:10:55
64,2025-04-04,64572.0,USD,ANNUAL_REVIEW (+13%),2026-10-02 19:10:55
65,2023-07-07,36541.59,USD,INITIAL_HIRE,2026-10-02 19:10:55
65,2025-03-07,41292.0,USD,ANNUAL_REVIEW (+13%),2026-10-02 19:10:55
68,2022-04-29,54089.26,USD,INITIAL_HIRE,2026-10-02 19:10:55
68,2026-05-20,65448.0,USD,ANNUAL_REVIEW (+21%),2026-10-02 19:10:55
70,2022-01-08,104962.83,USD,INITIAL_HIRE,2026-10-02 19:10:55
70,2025-12-12,118608.0,USD,ANNUAL_REVIEW (+13%),2026-10-02 19:10:55
72,2024-07-06,41919.33,USD,INITIAL_HIRE,2026-10-02 19:10:55
72,2025-12-03,49884.0,USD,ANNUAL_REVIEW (+19%),2026-10-02 19:10:55
73,2010-11-21,144192.86,USD,INITIAL_HIRE,2026-10-02 19:10:55
73,2025-11-18,161496.0,USD,ANNUAL_REVIEW (+12%),2026-10-02 19:10:55
74,2017-06-15,89203.28,USD,INITIAL_HIRE,2026-10-02 19:10:55
74,2026-05-20,108828.0,USD,ANNUAL_REVIEW (+22%),2026-10-02 19:10:55
75,2024-04-05,41885.22,USD,INITIAL_HIRE,2026-10-02 19:10:55
75,2026-06-26,48168.0,USD,ANNUAL_REVIEW (+15%),2026-10-02 19:10:55
76,2019-04-13,58180.33,USD,INITIAL_HIRE,2026-10-02 19:10:55
76,2026-03-11,70980.0,USD,ANNUAL_REVIEW (+22%),2026-10-02 19:10:55
77,2018-12-25,60945.76,USD,INITIAL_HIRE,2026-10-02 19:10:55
77,2025-11-26,71916.0,USD,ANNUAL_REVIEW (+18%),2026-10-02 19:10:55
78,2017-05-10,60609.84,USD,INITIAL_HIRE,2026-10-02 19:10:55
78,2025-12-05,73944.0,USD,ANNUAL_REVIEW (+22%),2026-10-02 19:10:55
79,2016-06-30,26010.81,USD,INITIAL_HIRE,2026-10-02 19:10:55
79,2026-03-15,28872.0,USD,ANNUAL_REVIEW (+11%),2026-10-02 19:10:55
80,1999-09-25,200785.71,USD,INITIAL_HIRE,2026-10-02 19:10:55
80,2026-07-20,224880.0,USD,ANNUAL_REVIEW (+12%),2026-10-02 19:10:55
81,2005-06-04,82562.16,USD,INITIAL_HIRE,2026-10-02 19:10:55
81,2026-04-28,91644.0,USD,ANNUAL_REVIEW (+11%),2026-10-02 19:10:55
83,2009-01-02,107214.16,USD,INITIAL_HIRE,2026-10-02 19:10:55
83,2026-01-31,121152.0,USD,ANNUAL_REVIEW (+13%),2026-10-02 19:10:55
84,2021-09-29,155326.32,USD,INITIAL_HIRE,2026-10-02 19:10:55
84,2026-03-18,177072.0,USD,ANNUAL_REVIEW (+14%),2026-10-02 19:10:55
85,2019-12-11,69015.93,USD,INITIAL_HIRE,2026-10-02 19:10:55
85,2026-05-22,77988.0,USD,ANNUAL_REVIEW (+13%),2026-10-02 19:10:55
86,2025-04-06,99733.33,USD,INITIAL_HIRE,2026-10-02 19:10:55
86,2026-05-22,116688.0,USD,ANNUAL_REVIEW (+17%),2026-10-02 19:10:55
88,2023-08-17,23299.12,USD,INITIAL_HIRE,2026-10-02 19:10:55
88,2026-08-16,26328.0,USD,ANNUAL_REVIEW (+13%),2026-10-02 19:10:55
90,2024-09-15,34748.72,USD,INITIAL_HIRE,2026-10-02 19:10:55
90,2025-09-15,40656.0,USD,ANNUAL_REVIEW (+17%),2026-10-02 19:10:55
91,2022-04-02,59167.57,USD,INITIAL_HIRE,2026-10-02 19:10:55
91,2026-02-13,65676.0,USD,ANNUAL_REVIEW (+11%),2026-10-02 19:10:55
94,2021-06-20,26370.73,USD,INITIAL_HIRE,2026-10-02 19:10:55
94,2026-06-22,32436.0,USD,ANNUAL_REVIEW (+23%),2026-10-02 19:10:55
95,2025-08-28,25651.28,USD,INITIAL_HIRE,2026-10-02 19:10:55
95,2026-08-28,30012.0,USD,ANNUAL_REVIEW (+17%),2026-10-02 19:10:55
96,2016-02-25,63794.87,USD,INITIAL_HIRE,2026-10-02 19:10:55
96,2026-08-09,74640.0,USD,ANNUAL_REVIEW (+17%),2026-10-02 19:10:55
97,2025-02-22,32550.0,USD,INITIAL_HIRE,2026-10-02 19:10:55
97,2026-03-09,36456.0,USD,ANNUAL_REVIEW (+12%),2026-10-02 19:10:55
98,2015-08-24,43160.98,USD,INITIAL_HIRE,2026-10-02 19:10:55
98,2026-04-06,53088.0,USD,ANNUAL_REVIEW (+23%),2026-10-02 19:10:55
100,2011-07-01,45389.47,USD,INITIAL_HIRE,2026-10-02 19:10:55
100,2025-12-26,51744.0,USD,ANNUAL_REVIEW (+14%),2026-10-02 19:10:55
101,2026-07-14,158940.0,USD,INITIAL_HIRE,2026-10-02 19:10:55
102,2021-02-26,145104.42,USD,INITIAL_HIRE,2026-10-02 19:10:55
102,2025-12-09,163968.0,USD,ANNUAL_REVIEW (+13%),2026-10-02 19:10:55
103,2022-02-03,49386.89,USD,INITIAL_HIRE,2026-10-02 19:10:55
103,2026-03-23,60252.0,USD,ANNUAL_REVIEW (+22%),2026-10-02 19:10:55
104,2016-02-05,54921.43,USD,INITIAL_HIRE,2026-10-02 19:10:55
104,2026-02-25,61512.0,USD,ANNUAL_REVIEW (+12%),2026-10-02 19:10:55
105,2019-11-27,29074.58,USD,INITIAL_HIRE,2026-10-02 19:10:55
105,2026-02-04,34308.0,USD,ANNUAL_REVIEW (+18%),2026-10-02 19:10:55
106,2025-01-21,107778.95,USD,INITIAL_HIRE,2026-10-02 19:10:55
106,2026-03-30,122868.0,USD,ANNUAL_REVIEW (+14%),2026-10-02 19:10:55
107,2013-06-18,57096.43,USD,INITIAL_HIRE,2026-10-02 19:10:55
107,2026-07-09,63948.0,USD,ANNUAL_REVIEW (+12%),2026-10-02 19:10:55
110,2021-08-28,45130.43,USD,INITIAL_HIRE,2026-10-02 19:10:55
110,2026-04-26,51900.0,USD,ANNUAL_REVIEW (+15%),2026-10-02 19:10:55
112,2020-03-13,78486.49,USD,INITIAL_HIRE,2026-10-02 19:10:55
112,2026-06-22,87120.0,USD,ANNUAL_REVIEW (+11%),2026-10-02 19:10:55
113,2025-12-03,27864.0,USD,INITIAL_HIRE,2026-10-02 19:10:55
116,2021-11-14,20243.9,USD,INITIAL_HIRE,2026-10-02 19:10:55
116,2026-04-16,24900.0,USD,ANNUAL_REVIEW (+23%),2026-10-02 19:10:55
117,2015-07-18,41868.91,USD,INITIAL_HIRE,2026-10-02 19:10:55
117,2026-03-01,49824.0,USD,ANNUAL_REVIEW (+19%),2026-10-02 19:10:55
118,2016-10-23,99506.9,USD,INITIAL_HIRE,2026-10-02 19:10:55
118,2025-10-09,115428.0,USD,ANNUAL_REVIEW (+16%),2026-10-02 19:10:55
119,2004-09-20,132816.39,USD,INITIAL_HIRE,2026-10-02 19:10:55
119,2026-06-19,162036.0,USD,ANNUAL_REVIEW (+22%),2026-10-02 19:10:55
120,2016-08-17,53518.03,USD,INITIAL_HIRE,2026-10-02 19:10:55
120,2025-12-29,65292.0,USD,ANNUAL_REVIEW (+22%),2026-10-02 19:10:55
121,2015-04-02,55810.71,USD,INITIAL_HIRE,2026-10-02 19:10:55
121,2026-05-12,62508.0,USD,ANNUAL_REVIEW (+12%),2026-10-02 19:10:55
124,2016-04-05,113341.59,USD,INITIAL_HIRE,2026-10-02 19:10:55
124,2026-07-05,128076.0,USD,ANNUAL_REVIEW (+13%),2026-10-02 19:10:55
125,2015-06-02,51827.59,USD,INITIAL_HIRE,2026-10-02 19:10:55
125,2026-01-31,60120.0,USD,ANNUAL_REVIEW (+16%),2026-10-02 19:10:55
126,2022-06-22,145167.86,USD,INITIAL_HIRE,2026-10-02 19:10:55
126,2026-01-30,162588.0,USD,ANNUAL_REVIEW (+12%),2026-10-02 19:10:55
128,2023-01-01,49576.86,USD,INITIAL_HIRE,2026-10-02 19:10:55
128,2025-12-28,59988.0,USD,ANNUAL_REVIEW (+21%),2026-10-02 19:10:55
129,2021-05-03,44045.22,USD,INITIAL_HIRE,2026-10-02 19:10:55
129,2026-01-17,50652.0,USD,ANNUAL_REVIEW (+15%),2026-10-02 19:10:55
131,1989-01-08,147313.27,USD,INITIAL_HIRE,2026-10-02 19:10:55
131,2025-11-08,166464.0,USD,ANNUAL_REVIEW (+13%),2026-10-02 19:10:55
132,2022-11-18,21878.57,USD,INITIAL_HIRE,2026-10-02 19:10:55
132,2026-03-13,24504.0,USD,ANNUAL_REVIEW (+12%),2026-10-02 19:10:55
133,2022-09-03,20390.16,USD,INITIAL_HIRE,2026-10-02 19:10:55
133,2025-08-22,24876.0,USD,ANNUAL_REVIEW (+22%),2026-10-02 19:10:55
134,2025-07-27,31391.15,USD,INITIAL_HIRE,2026-10-02 19:10:55
134,2026-07-27,35472.0,USD,ANNUAL_REVIEW (+13%),2026-10-02 19:10:55
137,2024-05-10,29755.93,USD,INITIAL_HIRE,2026-10-02 19:10:55
137,2025-12-02,35112.0,USD,ANNUAL_REVIEW (+18%),2026-10-02 19:10:55
138,2010-03-06,50621.05,USD,INITIAL_HIRE,2026-10-02 19:10:55
138,2026-06-07,57708.0,USD,ANNUAL_REVIEW (+14%),2026-10-02 19:10:55
139,2025-06-28,54347.37,USD,INITIAL_HIRE,2026-10-02 19:10:55
139,2026-06-28,61956.0,USD,ANNUAL_REVIEW (+14%),2026-10-02 19:10:55
140,2023-03-11,186882.64,USD,INITIAL_HIRE,2026-10-02 19:10:55
140,2025-12-11,226128.0,USD,ANNUAL_REVIEW (+21%),2026-10-02 19:10:55
141,2018-04-15,183247.06,USD,INITIAL_HIRE,2026-10-02 19:10:55
141,2026-05-23,218064.0,USD,ANNUAL_REVIEW (+19%),2026-10-02 19:10:55
142,2019-10-10,62097.3,USD,INITIAL_HIRE,2026-10-02 19:10:55
142,2025-11-28,68928.0,USD,ANNUAL_REVIEW (+11%),2026-10-02 19:10:55
143,2024-07-10,31232.43,USD,INITIAL_HIRE,2026-10-02 19:10:55
143,2025-11-29,34668.0,USD,ANNUAL_REVIEW (+11%),2026-10-02 19:10:55
144,2025-11-08,34452.0,USD,INITIAL_HIRE,2026-10-02 19:10:55
145,2012-11-27,74840.0,USD,INITIAL_HIRE,2026-10-02 19:10:55
145,2026-01-05,89808.0,USD,ANNUAL_REVIEW (+20%),2026-10-02 19:10:55
147,2016-09-29,58780.65,USD,INITIAL_HIRE,2026-10-02 19:10:55
147,2025-10-27,72888.0,USD,ANNUAL_REVIEW (+24%),2026-10-02 19:10:55
148,2021-08-09,185657.14,USD,INITIAL_HIRE,2026-10-02 19:10:55
148,2026-02-14,207936.0,USD,ANNUAL_REVIEW (+12%),2026-10-02 19:10:55
150,2021-04-09,29721.43,USD,INITIAL_HIRE,2026-10-02 19:10:55
150,2026-07-13,33288.0,USD,ANNUAL_REVIEW (+12%),2026-10-02 19:10:55
151,2025-09-18,47008.7,USD,INITIAL_HIRE,2026-10-02 19:10:55
151,2026-09-18,54060.0,USD,ANNUAL_REVIEW (+15%),2026-10-02 19:10:55
152,2021-06-26,79585.71,USD,INITIAL_HIRE,2026-10-02 19:10:55
152,2026-08-13,89136.0,USD,ANNUAL_REVIEW (+12%),2026-10-02 19:10:55
153,2015-05-11,124617.86,USD,INITIAL_HIRE,2026-10-02 19:10:55
153,2025-11-08,139572.0,USD,ANNUAL_REVIEW (+12%),2026-10-02 19:10:55
154,2016-11-16,102505.26,USD,INITIAL_HIRE,2026-10-02 19:10:55
154,2026-07-11,116856.0,USD,ANNUAL_REVIEW (+14%),2026-10-02 19:10:55
155,2024-11-08,27885.25,USD,INITIAL_HIRE,2026-10-02 19:10:55
155,2026-04-29,34020.0,USD,ANNUAL_REVIEW (+22%),2026-10-02 19:10:55
158,2001-08-13,181703.57,USD,INITIAL_HIRE,2026-10-02 19:10:55
158,2026-06-24,203508.0,USD,ANNUAL_REVIEW (+12%),2026-10-02 19:10:55
159,2015-12-12,25084.8,USD,INITIAL_HIRE,2026-10-02 19:10:55
159,2026-01-01,31356.0,USD,ANNUAL_REVIEW (+25%),2026-10-02 19:10:55
160,2019-09-02,65267.26,USD,INITIAL_HIRE,2026-10-02 19:10:55
160,2026-05-07,73752.0,USD,ANNUAL_REVIEW (+13%),2026-10-02 19:10:55
161,2020-08-08,50471.19,USD,INITIAL_HIRE,2026-10-02 19:10:55
161,2025-08-01,59556.0,USD,ANNUAL_REVIEW (+18%),2026-10-02 19:10:55
162,2005-12-27,207472.57,USD,INITIAL_HIRE,2026-10-02 19:10:55
162,2026-08-13,234444.0,USD,ANNUAL_REVIEW (+13%),2026-10-02 19:10:55
163,2018-06-05,62766.1,USD,INITIAL_HIRE,2026-10-02 19:10:55
163,2025-10-11,74064.0,USD,ANNUAL_REVIEW (+18%),2026-10-02 19:10:55
164,2021-07-21,23878.99,USD,INITIAL_HIRE,2026-10-02 19:10:55
164,2025-12-02,28416.0,USD,ANNUAL_REVIEW (+19%),2026-10-02 19:10:55
165,1985-07-19,110485.71,USD,INITIAL_HIRE,2026-10-02 19:10:55
165,2025-07-05,123744.0,USD,ANNUAL_REVIEW (+12%),2026-10-02 19:10:55
167,2026-06-07,20100.0,USD,INITIAL_HIRE,2026-10-02 19:10:55
169,2024-04-14,26557.89,USD,INITIAL_HIRE,2026-10-02 19:10:55
169,2026-07-02,30276.0,USD,ANNUAL_REVIEW (+14%),2026-10-02 19:10:55
170,2011-04-30,69126.32,USD,INITIAL_HIRE,2026-10-02 19:10:55
170,2026-05-07,78804.0,USD,ANNUAL_REVIEW (+14%),2026-10-02 19:10:55
171,2023-06-20,50775.0,USD,INITIAL_HIRE,2026-10-02 19:10:55
171,2026-05-02,56868.0,USD,ANNUAL_REVIEW (+12%),2026-10-02 19:10:55
174,2024-09-25,99545.95,USD,INITIAL_HIRE,2026-10-02 19:10:55
174,2026-03-16,110496.0,USD,ANNUAL_REVIEW (+11%),2026-10-02 19:10:55
175,2023-02-14,49286.49,USD,INITIAL_HIRE,2026-10-02 19:10:55
175,2025-04-19,54708.0,USD,ANNUAL_REVIEW (+11%),2026-10-02 19:10:55
176,2017-06-13,86962.83,USD,INITIAL_HIRE,2026-10-02 19:10:55
176,2026-08-02,98268.0,USD,ANNUAL_REVIEW (+13%),2026-10-02 19:10:55
177,2018-02-25,28702.44,USD,INITIAL_HIRE,2026-10-02 19:10:55
177,2026-01-16,35304.0,USD,ANNUAL_REVIEW (+23%),2026-10-02 19:10:55
178,2023-05-20,49410.0,USD,INITIAL_HIRE,2026-10-02 19:10:55
178,2026-06-27,59292.0,USD,ANNUAL_REVIEW (+20%),2026-10-02 19:10:55
179,2021-08-16,111130.43,USD,INITIAL_HIRE,2026-10-02 19:10:55
179,2025-08-15,127800.0,USD,ANNUAL_REVIEW (+15%),2026-10-02 19:10:55
182,2010-12-13,62126.32,USD,INITIAL_HIRE,2026-10-02 19:10:55
182,2025-12-23,70824.0,USD,ANNUAL_REVIEW (+14%),2026-10-02 19:10:55
183,2024-09-01,87854.24,USD,INITIAL_HIRE,2026-10-02 19:10:55
183,2026-02-07,103668.0,USD,ANNUAL_REVIEW (+18%),2026-10-02 19:10:55
184,2015-02-01,64003.36,USD,INITIAL_HIRE,2026-10-02 19:10:55
184,2026-05-06,76164.0,USD,ANNUAL_REVIEW (+19%),2026-10-02 19:10:55
190,2020-06-02,41311.48,USD,INITIAL_HIRE,2026-10-02 19:10:55
190,2025-04-06,50400.0,USD,ANNUAL_REVIEW (+22%),2026-10-02 19:10:55
192,2020-05-30,36658.41,USD,INITIAL_HIRE,2026-10-02 19:10:55
192,2026-05-07,41424.0,USD,ANNUAL_REVIEW (+13%),2026-10-02 19:10:55
193,2023-07-08,43170.0,USD,INITIAL_HIRE,2026-10-02 19:10:55
193,2026-03-16,51804.0,USD,ANNUAL_REVIEW (+20%),2026-10-02 19:10:55
194,2021-10-01,27705.26,USD,INITIAL_HIRE,2026-10-02 19:10:55
194,2026-06-20,31584.0,USD,ANNUAL_REVIEW (+14%),2026-10-02 19:10:55
195,2017-11-26,47876.92,USD,INITIAL_HIRE,2026-10-02 19:10:55
195,2026-07-09,56016.0,USD,ANNUAL_REVIEW (+17%),2026-10-02 19:10:55
197,2022-11-23,33726.32,USD,INITIAL_HIRE,2026-10-02 19:10:55
197,2026-04-08,38448.0,USD,ANNUAL_REVIEW (+14%),2026-10-02 19:10:55
198,2021-07-15,28884.96,USD,INITIAL_HIRE,2026-10-02 19:10:55
198,2026-03-17,32640.0,USD,ANNUAL_REVIEW (+13%),2026-10-02 19:10:55
199,2019-09-22,182453.1,USD,INITIAL_HIRE,2026-10-02 19:10:55
199,2026-01-03,206172.0,USD,ANNUAL_REVIEW (+13%),2026-10-02 19:10:55
200,2021-08-23,22195.04,USD,INITIAL_HIRE,2026-10-02 19:10:55
200,2026-05-08,26856.0,USD,ANNUAL_REVIEW (+21%),2026-10-02 19:10:55
201,2025-09-10,15610.53,USD,INITIAL_HIRE,2026-10-02 19:10:55
201,2026-09-10,17796.0,USD,ANNUAL_REVIEW (+14%),2026-10-02 19:10:55
202,2005-12-31,60594.59,USD,INITIAL_HIRE,2026-10-02 19:10:55
202,2026-03-04,67260.0,USD,ANNUAL_REVIEW (+11%),2026-10-02 19:10:55
204,2015-12-12,77469.03,USD,INITIAL_HIRE,2026-10-02 19:10:55
204,2026-08-12,87540.0,USD,ANNUAL_REVIEW (+13%),2026-10-02 19:10:55
205,2019-08-13,23060.0,USD,INITIAL_HIRE,2026-10-02 19:10:55
205,2026-01-23,27672.0,USD,ANNUAL_REVIEW (+20%),2026-10-02 19:10:55
206,2009-01-28,23877.97,USD,INITIAL_HIRE,2026-10-02 19:10:55
206,2026-03-13,28176.0,USD,ANNUAL_REVIEW (+18%),2026-10-02 19:10:55
207,2017-08-04,94715.79,USD,INITIAL_HIRE,2026-10-02 19:10:55
207,2026-05-08,107976.0,USD,ANNUAL_REVIEW (+14%),2026-10-02 19:10:55
208,2016-06-03,45865.49,USD,INITIAL_HIRE,2026-10-02 19:10:55
208,2026-04-15,51828.0,USD,ANNUAL_REVIEW (+13%),2026-10-02 19:10:55
211,2025-03-18,62892.31,USD,INITIAL_HIRE,2026-10-02 19:10:55
211,2026-06-04,73584.0,USD,ANNUAL_REVIEW (+17%),2026-10-02 19:10:55
214,2025-02-06,33460.0,USD,INITIAL_HIRE,2026-10-02 19:10:55
214,2026-03-02,40152.0,USD,ANNUAL_REVIEW (+20%),2026-10-02 19:10:55
215,2013-12-17,117351.35,USD,INITIAL_HIRE,2026-10-02 19:10:55
215,2026-03-16,130260.0,USD,ANNUAL_REVIEW (+11%),2026-10-02 19:10:55
216,2022-09-18,22688.14,USD,INITIAL_HIRE,2026-10-02 19:10:55
216,2026-04-21,26772.0,USD,ANNUAL_REVIEW (+18%),2026-10-02 19:10:55
217,2024-07-29,22480.65,USD,INITIAL_HIRE,2026-10-02 19:10:55
217,2026-06-09,27876.0,USD,ANNUAL_REVIEW (+24%),2026-10-02 19:10:55
218,2024-07-02,20583.05,USD,INITIAL_HIRE,2026-10-02 19:10:55
218,2026-05-06,24288.0,USD,ANNUAL_REVIEW (+18%),2026-10-02 19:10:55
221,2021-06-22,29329.73,USD,INITIAL_HIRE,2026-10-02 19:10:55
221,2026-04-06,32556.0,USD,ANNUAL_REVIEW (+11%),2026-10-02 19:10:55
223,2020-11-06,97644.83,USD,INITIAL_HIRE,2026-10-02 19:10:55
223,2026-04-13,113268.0,USD,ANNUAL_REVIEW (+16%),2026-10-02 19:10:55
224,2025-01-18,26775.65,USD,INITIAL_HIRE,2026-10-02 19:10:55
224,2026-06-01,30792.0,USD,ANNUAL_REVIEW (+15%),2026-10-02 19:10:55
226,2021-06-18,207923.48,USD,INITIAL_HIRE,2026-10-02 19:10:55
226,2026-03-11,239112.0,USD,ANNUAL_REVIEW (+15%),2026-10-02 19:10:55
227,2016-11-15,26260.71,USD,INITIAL_HIRE,2026-10-02 19:10:55
227,2026-06-26,29412.0,USD,ANNUAL_REVIEW (+12%),2026-10-02 19:10:55
228,2016-04-20,100917.86,USD,INITIAL_HIRE,2026-10-02 19:10:55
228,2026-04-05,113028.0,USD,ANNUAL_REVIEW (+12%),2026-10-02 19:10:55
230,2018-04-20,85436.07,USD,INITIAL_HIRE,2026-10-02 19:10:55
230,2026-07-28,104232.0,USD,ANNUAL_REVIEW (+22%),2026-10-02 19:10:55
231,2021-05-12,30380.0,USD,INITIAL_HIRE,2026-10-02 19:10:55
231,2026-04-13,36456.0,USD,ANNUAL_REVIEW (+20%),2026-10-02 19:10:55
233,2021-08-16,31634.48,USD,INITIAL_HIRE,2026-10-02 19:10:55
233,2026-01-10,36696.0,USD,ANNUAL_REVIEW (+16%),2026-10-02 19:10:55
235,2025-06-24,27900.0,USD,INITIAL_HIRE,2026-10-02 19:10:55
238,2018-09-28,22371.43,USD,INITIAL_HIRE,2026-10-02 19:10:55
238,2025-12-30,25056.0,USD,ANNUAL_REVIEW (+12%),2026-10-02 19:10:55
239,2014-08-06,33210.81,USD,INITIAL_HIRE,2026-10-02 19:10:55
239,2026-02-05,36864.0,USD,ANNUAL_REVIEW (+11%),2026-10-02 19:10:55
240,2021-07-18,54118.92,USD,INITIAL_HIRE,2026-10-02 19:10:55
240,2026-01-21,60072.0,USD,ANNUAL_REVIEW (+11%),2026-10-02 19:10:55
241,2024-07-02,43291.53,USD,INITIAL_HIRE,2026-10-02 19:10:55
241,2026-08-14,51084.0,USD,ANNUAL_REVIEW (+18%),2026-10-02 19:10:55
242,2023-08-20,26315.79,USD,INITIAL_HIRE,2026-10-02 19:10:55
242,2026-05-23,30000.0,USD,ANNUAL_REVIEW (+14%),2026-10-02 19:10:55
243,2024-11-28,10839.34,USD,INITIAL_HIRE,2026-10-02 19:10:55
243,2025-11-28,13224.0,USD,ANNUAL_REVIEW (+22%),2026-10-02 19:10:55
244,2002-02-20,100348.8,USD,INITIAL_HIRE,2026-10-02 19:10:55
244,2026-01-05,125436.0,USD,ANNUAL_REVIEW (+25%),2026-10-02 19:10:55
245,2023-11-17,24514.29,USD,INITIAL_HIRE,2026-10-02 19:10:55
245,2026-03-11,27456.0,USD,ANNUAL_REVIEW (+12%),2026-10-02 19:10:55
246,2022-08-23,38331.71,USD,INITIAL_HIRE,2026-10-02 19:10:55
246,2025-12-20,47148.0,USD,ANNUAL_REVIEW (+23%),2026-10-02 19:10:55
247,2023-06-26,24114.78,USD,INITIAL_HIRE,2026-10-02 19:10:55
247,2026-06-12,27732.0,USD,ANNUAL_REVIEW (+15%),2026-10-02 19:10:55
248,2021-09-24,30885.25,USD,INITIAL_HIRE,2026-10-02 19:10:55
248,2025-12-24,37680.0,USD,ANNUAL_REVIEW (+22%),2026-10-02 19:10:55
249,2022-11-29,38504.35,USD,INITIAL_HIRE,2026-10-02 19:10:55
249,2026-08-07,44280.0,USD,ANNUAL_REVIEW (+15%),2026-10-02 19:10:55
250,2022-02-15,48108.11,USD,INITIAL_HIRE,2026-10-02 19:10:55
250,2026-03-11,53400.0,USD,ANNUAL_REVIEW (+11%),2026-10-02 19:10:55
252,2018-01-22,29267.26,USD,INITIAL_HIRE,2026-10-02 19:10:55
252,2026-02-14,33072.0,USD,ANNUAL_REVIEW (+13%),2026-10-02 19:10:55
253,2006-03-24,200347.37,USD,INITIAL_HIRE,2026-10-02 19:10:55
253,2026-06-09,228396.0,USD,ANNUAL_REVIEW (+14%),2026-10-02 19:10:55
254,2002-05-17,202400.0,USD,INITIAL_HIRE,2026-10-02 19:10:55
254,2026-01-10,224664.0,USD,ANNUAL_REVIEW (+11%),2026-10-02 19:10:55
256,2016-07-28,97917.95,USD,INITIAL_HIRE,2026-10-02 19:10:55
256,2026-01-23,114564.0,USD,ANNUAL_REVIEW (+17%),2026-10-02 19:10:55
258,2018-12-20,139667.8,USD,INITIAL_HIRE,2026-10-02 19:10:55
258,2026-05-17,164808.0,USD,ANNUAL_REVIEW (+18%),2026-10-02 19:10:55
259,1993-01-09,210515.79,USD,INITIAL_HIRE,2026-10-02 19:10:55
259,2026-06-23,239988.0,USD,ANNUAL_REVIEW (+14%),2026-10-02 19:10:55
260,2019-09-24,23575.86,USD,INITIAL_HIRE,2026-10-02 19:10:55
260,2026-01-22,27348.0,USD,ANNUAL_REVIEW (+16%),2026-10-02 19:10:55
261,2024-08-22,62824.78,USD,INITIAL_HIRE,2026-10-02 19:10:55
261,2025-08-26,70992.0,USD,ANNUAL_REVIEW (+13%),2026-10-02 19:10:55
262,2021-09-05,21989.47,USD,INITIAL_HIRE,2026-10-02 19:10:55
262,2026-07-13,25068.0,USD,ANNUAL_REVIEW (+14%),2026-10-02 19:10:55
264,2006-01-31,163824.39,USD,INITIAL_HIRE,2026-10-02 19:10:55
264,2026-06-18,201504.0,USD,ANNUAL_REVIEW (+23%),2026-10-02 19:10:55
267,2018-01-02,38185.71,USD,INITIAL_HIRE,2026-10-02 19:10:55
267,2026-04-09,42768.0,USD,ANNUAL_REVIEW (+12%),2026-10-02 19:10:55
269,2020-08-20,47837.84,USD,INITIAL_HIRE,2026-10-02 19:10:55
269,2026-04-02,53100.0,USD,ANNUAL_REVIEW (+11%),2026-10-02 19:10:55
270,2021-05-12,54465.52,USD,INITIAL_HIRE,2026-10-02 19:10:55
270,2026-07-15,63180.0,USD,ANNUAL_REVIEW (+16%),2026-10-02 19:10:55
271,2025-08-23,68978.95,USD,INITIAL_HIRE,2026-10-02 19:10:55
271,2026-08-23,78636.0,USD,ANNUAL_REVIEW (+14%),2026-10-02 19:10:55
273,2019-03-29,63671.19,USD,INITIAL_HIRE,2026-10-02 19:10:55
273,2026-05-09,75132.0,USD,ANNUAL_REVIEW (+18%),2026-10-02 19:10:55
274,2023-11-30,43341.18,USD,INITIAL_HIRE,2026-10-02 19:10:55
274,2026-05-11,51576.0,USD,ANNUAL_REVIEW (+19%),2026-10-02 19:10:55
275,2019-09-06,70998.26,USD,INITIAL_HIRE,2026-10-02 19:10:55
275,2026-08-15,81648.0,USD,ANNUAL_REVIEW (+15%),2026-10-02 19:10:55
277,2021-05-24,39128.21,USD,INITIAL_HIRE,2026-10-02 19:10:55
277,2025-12-13,45780.0,USD,ANNUAL_REVIEW (+17%),2026-10-02 19:10:55
281,2018-11-14,28601.74,USD,INITIAL_HIRE,2026-10-02 19:10:55
281,2026-06-24,32892.0,USD,ANNUAL_REVIEW (+15%),2026-10-02 19:10:55
282,2025-01-03,67290.76,USD,INITIAL_HIRE,2026-10-02 19:10:55
282,2026-01-03,80076.0,USD,ANNUAL_REVIEW (+19%),2026-10-02 19:10:55
283,2016-05-18,75137.7,USD,INITIAL_HIRE,2026-10-02 19:10:55
283,2026-01-02,91668.0,USD,ANNUAL_REVIEW (+22%),2026-10-02 19:10:55
284,2022-04-24,24082.76,USD,INITIAL_HIRE,2026-10-02 19:10:55
284,2025-12-13,27936.0,USD,ANNUAL_REVIEW (+16%),2026-10-02 19:10:55
286,2018-04-17,22863.72,USD,INITIAL_HIRE,2026-10-02 19:10:55
286,2026-07-11,25836.0,USD,ANNUAL_REVIEW (+13%),2026-10-02 19:10:55
287,2023-02-25,51326.32,USD,INITIAL_HIRE,2026-10-02 19:10:55
287,2026-07-15,58512.0,USD,ANNUAL_REVIEW (+14%),2026-10-02 19:10:55
288,2022-06-21,97200.0,USD,INITIAL_HIRE,2026-10-02 19:10:55
288,2026-01-04,112752.0,USD,ANNUAL_REVIEW (+16%),2026-10-02 19:10:55
291,2011-10-05,112432.43,USD,INITIAL_HIRE,2026-10-02 19:10:55
291,2025-11-13,124800.0,USD,ANNUAL_REVIEW (+11%),2026-10-02 19:10:55
292,2015-04-13,83350.82,USD,INITIAL_HIRE,2026-10-02 19:10:55
292,2026-03-23,101688.0,USD,ANNUAL_REVIEW (+22%),2026-10-02 19:10:55
293,2019-06-30,105063.16,USD,INITIAL_HIRE,2026-10-02 19:10:55
293,2026-08-24,119772.0,USD,ANNUAL_REVIEW (+14%),2026-10-02 19:10:55
296,2015-11-20,129206.9,USD,INITIAL_HIRE,2026-10-02 19:10:55
296,2025-11-22,149880.0,USD,ANNUAL_REVIEW (+16%),2026-10-02 19:10:55
297,2020-05-05,28724.32,USD,INITIAL_HIRE,2026-10-02 19:10:55
297,2025-10-10,31884.0,USD,ANNUAL_REVIEW (+11%),2026-10-02 19:10:55
298,2025-04-20,138213.56,USD,INITIAL_HIRE,2026-10-02 19:10:55
298,2026-04-20,163092.0,USD,ANNUAL_REVIEW (+18%),2026-10-02 19:10:55
299,2019-11-02,69871.3,USD,INITIAL_HIRE,2026-10-02 19:10:55
299,2025-01-22,80352.0,USD,ANNUAL_REVIEW (+15%),2026-10-02 19:10:55
300,2020-02-11,21663.16,USD,INITIAL_HIRE,2026-10-02 19:10:55
300,2025-11-13,24696.0,USD,ANNUAL_REVIEW (+14%),2026-10-02 19:10:55
302,2007-04-02,94982.14,USD,INITIAL_HIRE,2026-10-02 19:10:55
302,2026-02-07,106380.0,USD,ANNUAL_REVIEW (+12%),2026-10-02 19:10:55
303,2020-08-14,62526.32,USD,INITIAL_HIRE,2026-10-02 19:10:55
303,2026-02-12,71280.0,USD,ANNUAL_REVIEW (+14%),2026-10-02 19:10:55
304,2013-03-07,61179.31,USD,INITIAL_HIRE,2026-10-02 19:10:55
304,2026-03-26,70968.0,USD,ANNUAL_REVIEW (+16%),2026-10-02 19:10:55
305,2022-12-28,26003.31,USD,INITIAL_HIRE,2026-10-02 19:10:55
305,2026-08-26,31464.0,USD,ANNUAL_REVIEW (+21%),2026-10-02 19:10:55
306,2016-08-28,128263.16,USD,INITIAL_HIRE,2026-10-02 19:10:55
306,2026-05-09,146220.0,USD,ANNUAL_REVIEW (+14%),2026-10-02 19:10:55
307,2010-02-05,113667.86,USD,INITIAL_HIRE,2026-10-02 19:10:55
307,2026-01-26,127308.0,USD,ANNUAL_REVIEW (+12%),2026-10-02 19:10:55
308,2021-08-17,46553.57,USD,INITIAL_HIRE,2026-10-02 19:10:55
308,2026-01-01,52140.0,USD,ANNUAL_REVIEW (+12%),2026-10-02 19:10:55
309,2025-01-28,22328.21,USD,INITIAL_HIRE,2026-10-02 19:10:55
309,2026-03-18,26124.0,USD,ANNUAL_REVIEW (+17%),2026-10-02 19:10:55
311,2017-05-17,28646.15,USD,INITIAL_HIRE,2026-10-02 19:10:55
311,2026-02-01,33516.0,USD,ANNUAL_REVIEW (+17%),2026-10-02 19:10:55
312,2015-09-30,83347.37,USD,INITIAL_HIRE,2026-10-02 19:10:55
312,2026-08-27,95016.0,USD,ANNUAL_REVIEW (+14%),2026-10-02 19:10:55
314,2015-11-18,92515.79,USD,INITIAL_HIRE,2026-10-02 19:10:55
314,2026-04-15,105468.0,USD,ANNUAL_REVIEW (+14%),2026-10-02 19:10:55
315,2021-09-27,25369.91,USD,INITIAL_HIRE,2026-10-02 19:10:55
315,2025-05-22,28668.0,USD,ANNUAL_REVIEW (+13%),2026-10-02 19:10:55
316,2024-03-19,33516.52,USD,INITIAL_HIRE,2026-10-02 19:10:55
316,2025-12-08,38544.0,USD,ANNUAL_REVIEW (+15%),2026-10-02 19:10:55
319,2004-08-03,207913.51,USD,INITIAL_HIRE,2026-10-02 19:10:55
319,2026-06-01,230784.0,USD,ANNUAL_REVIEW (+11%),2026-10-02 19:10:55
321,2023-11-29,23251.28,USD,INITIAL_HIRE,2026-10-02 19:10:55
321,2026-06-25,27204.0,USD,ANNUAL_REVIEW (+17%),2026-10-02 19:10:55
323,2019-01-31,210994.59,USD,INITIAL_HIRE,2026-10-02 19:10:55
323,2026-05-19,234204.0,USD,ANNUAL_REVIEW (+11%),2026-10-02 19:10:55
325,2020-03-10,25869.03,USD,INITIAL_HIRE,2026-10-02 19:10:55
325,2025-09-11,29232.0,USD,ANNUAL_REVIEW (+13%),2026-10-02 19:10:55
327,2009-05-12,158006.56,USD,INITIAL_HIRE,2026-10-02 19:10:55
327,2026-03-18,192768.0,USD,ANNUAL_REVIEW (+22%),2026-10-02 19:10:55
328,2017-01-09,27070.0,USD,INITIAL_HIRE,2026-10-02 19:10:55
328,2025-11-01,32484.0,USD,ANNUAL_REVIEW (+20%),2026-10-02 19:10:55
329,1993-03-07,193911.86,USD,INITIAL_HIRE,2026-10-02 19:10:55
329,2026-01-04,228816.0,USD,ANNUAL_REVIEW (+18%),2026-10-02 19:10:55
330,2022-01-16,42497.3,USD,INITIAL_HIRE,2026-10-02 19:10:55
330,2025-11-14,47172.0,USD,ANNUAL_REVIEW (+11%),2026-10-02 19:10:55
331,2022-05-04,39263.16,USD,INITIAL_HIRE,2026-10-02 19:10:55
331,2025-12-18,44760.0,USD,ANNUAL_REVIEW (+14%),2026-10-02 19:10:55
332,2023-09-27,23494.74,USD,INITIAL_HIRE,2026-10-02 19:10:55
332,2026-06-20,26784.0,USD,ANNUAL_REVIEW (+14%),2026-10-02 19:10:55
333,2023-02-25,45406.78,USD,INITIAL_HIRE,2026-10-02 19:10:55
333,2026-06-04,53580.0,USD,ANNUAL_REVIEW (+18%),2026-10-02 19:10:55
334,2025-08-27,31779.31,USD,INITIAL_HIRE,2026-10-02 19:10:55
334,2026-08-27,36864.0,USD,ANNUAL_REVIEW (+16%),2026-10-02 19:10:55
335,2017-06-29,34041.03,USD,INITIAL_HIRE,2026-10-02 19:10:55
335,2025-12-27,39828.0,USD,ANNUAL_REVIEW (+17%),2026-10-02 19:10:55
336,2002-01-01,207589.19,USD,INITIAL_HIRE,2026-10-02 19:10:55
336,2026-07-23,230424.0,USD,ANNUAL_REVIEW (+11%),2026-10-02 19:10:55
337,2024-07-12,146517.86,USD,INITIAL_HIRE,2026-10-02 19:10:55
337,2026-08-25,164100.0,USD,ANNUAL_REVIEW (+12%),2026-10-02 19:10:55
338,2024-01-13,30913.27,USD,INITIAL_HIRE,2026-10-02 19:10:55
338,2025-12-17,34932.0,USD,ANNUAL_REVIEW (+13%),2026-10-02 19:10:55
339,2015-05-02,63260.18,USD,INITIAL_HIRE,2026-10-02 19:10:55
339,2025-11-17,71484.0,USD,ANNUAL_REVIEW (+13%),2026-10-02 19:10:55
340,2023-07-17,41263.16,USD,INITIAL_HIRE,2026-10-02 19:10:55
340,2026-06-26,47040.0,USD,ANNUAL_REVIEW (+14%),2026-10-02 19:10:55
341,2023-06-14,65989.74,USD,INITIAL_HIRE,2026-10-02 19:10:55
341,2026-05-25,77208.0,USD,ANNUAL_REVIEW (+17%),2026-10-02 19:10:55
342,2025-01-28,108627.03,USD,INITIAL_HIRE,2026-10-02 19:10:55
342,2026-01-28,120576.0,USD,ANNUAL_REVIEW (+11%),2026-10-02 19:10:55
343,2007-01-22,105004.8,USD,INITIAL_HIRE,2026-10-02 19:10:55
343,2026-03-28,131256.0,USD,ANNUAL_REVIEW (+25%),2026-10-02 19:10:55
346,2020-03-16,23596.64,USD,INITIAL_HIRE,2026-10-02 19:10:55
346,2025-11-08,28080.0,USD,ANNUAL_REVIEW (+19%),2026-10-02 19:10:55
347,2022-11-28,69504.42,USD,INITIAL_HIRE,2026-10-02 19:10:55
347,2026-05-04,78540.0,USD,ANNUAL_REVIEW (+13%),2026-10-02 19:10:55
349,2022-12-19,72957.89,USD,INITIAL_HIRE,2026-10-02 19:10:55
349,2026-08-30,83172.0,USD,ANNUAL_REVIEW (+14%),2026-10-02 19:10:55
350,2022-01-26,52478.57,USD,INITIAL_HIRE,2026-10-02 19:10:55
350,2026-04-28,58776.0,USD,ANNUAL_REVIEW (+12%),2026-10-02 19:10:55
351,2017-03-17,28032.43,USD,INITIAL_HIRE,2026-10-02 19:10:55
351,2026-03-19,31116.0,USD,ANNUAL_REVIEW (+11%),2026-10-02 19:10:55
352,2005-06-29,195993.28,USD,INITIAL_HIRE,2026-10-02 19:10:55
352,2026-03-31,233232.0,USD,ANNUAL_REVIEW (+19%),2026-10-02 19:10:55
353,2025-05-19,29437.84,USD,INITIAL_HIRE,2026-10-02 19:10:55
353,2026-05-19,32676.0,USD,ANNUAL_REVIEW (+11%),2026-10-02 19:10:55
355,2020-11-16,37610.81,USD,INITIAL_HIRE,2026-10-02 19:10:55
355,2025-02-21,41748.0,USD,ANNUAL_REVIEW (+11%),2026-10-02 19:10:55
359,2021-06-01,27940.0,USD,INITIAL_HIRE,2026-10-02 19:10:55
359,2026-01-02,33528.0,USD,ANNUAL_REVIEW (+20%),2026-10-02 19:10:55
361,2017-11-30,53379.66,USD,INITIAL_HIRE,2026-10-02 19:10:55
361,2026-06-19,62988.0,USD,ANNUAL_REVIEW (+18%),2026-10-02 19:10:55
362,2020-05-15,23107.96,USD,INITIAL_HIRE,2026-10-02 19:10:55
362,2026-05-19,26112.0,USD,ANNUAL_REVIEW (+13%),2026-10-02 19:10:55
363,2019-08-26,180771.43,USD,INITIAL_HIRE,2026-10-02 19:10:55
363,2026-02-14,202464.0,USD,ANNUAL_REVIEW (+12%),2026-10-02 19:10:55
364,2025-06-14,41820.0,USD,INITIAL_HIRE,2026-10-02 19:10:55
366,2025-11-18,79728.0,USD,INITIAL_HIRE,2026-10-02 19:10:55
367,2016-12-19,55358.68,USD,INITIAL_HIRE,2026-10-02 19:10:55
367,2026-05-02,66984.0,USD,ANNUAL_REVIEW (+21%),2026-10-02 19:10:55
369,2020-07-04,42857.14,USD,INITIAL_HIRE,2026-10-02 19:10:55
369,2026-04-27,48000.0,USD,ANNUAL_REVIEW (+12%),2026-10-02 19:10:55
372,2006-05-05,142063.16,USD,INITIAL_HIRE,2026-10-02 19:10:55
372,2026-07-14,161952.0,USD,ANNUAL_REVIEW (+14%),2026-10-02 19:10:55
373,2011-04-10,34702.7,USD,INITIAL_HIRE,2026-10-02 19:10:55
373,2026-06-18,38520.0,USD,ANNUAL_REVIEW (+11%),2026-10-02 19:10:55
374,1990-07-12,200473.68,USD,INITIAL_HIRE,2026-10-02 19:10:55
374,2026-01-23,228540.0,USD,ANNUAL_REVIEW (+14%),2026-10-02 19:10:55
376,2016-02-18,126953.57,USD,INITIAL_HIRE,2026-10-02 19:10:55
376,2025-08-06,142188.0,USD,ANNUAL_REVIEW (+12%),2026-10-02 19:10:55
377,2021-07-16,20195.12,USD,INITIAL_HIRE,2026-10-02 19:10:55
377,2026-01-09,24840.0,USD,ANNUAL_REVIEW (+23%),2026-10-02 19:10:55
378,2020-11-07,68442.11,USD,INITIAL_HIRE,2026-10-02 19:10:55
378,2026-06-02,78024.0,USD,ANNUAL_REVIEW (+14%),2026-10-02 19:10:55
379,2023-01-29,33128.21,USD,INITIAL_HIRE,2026-10-02 19:10:55
379,2026-07-23,38760.0,USD,ANNUAL_REVIEW (+17%),2026-10-02 19:10:55
380,2020-12-28,138335.59,USD,INITIAL_HIRE,2026-10-02 19:10:55
380,2026-07-16,163236.0,USD,ANNUAL_REVIEW (+18%),2026-10-02 19:10:55
381,2019-01-05,121993.22,USD,INITIAL_HIRE,2026-10-02 19:10:55
381,2026-05-07,143952.0,USD,ANNUAL_REVIEW (+18%),2026-10-02 19:10:55
382,2017-11-19,54241.94,USD,INITIAL_HIRE,2026-10-02 19:10:55
382,2026-03-31,67260.0,USD,ANNUAL_REVIEW (+24%),2026-10-02 19:10:55
384,2020-08-29,63970.0,USD,INITIAL_HIRE,2026-10-02 19:10:55
384,2025-12-08,76764.0,USD,ANNUAL_REVIEW (+20%),2026-10-02 19:10:55
385,2015-12-16,201515.79,USD,INITIAL_HIRE,2026-10-02 19:10:55
385,2025-12-06,229728.0,USD,ANNUAL_REVIEW (+14%),2026-10-02 19:10:55
386,2021-09-10,181903.45,USD,INITIAL_HIRE,2026-10-02 19:10:55
386,2026-09-02,211008.0,USD,ANNUAL_REVIEW (+16%),2026-10-02 19:10:55
387,2006-04-28,47107.2,USD,INITIAL_HIRE,2026-10-02 19:10:55
387,2026-02-02,58884.0,USD,ANNUAL_REVIEW (+25%),2026-10-02 19:10:55
388,2016-03-20,46311.86,USD,INITIAL_HIRE,2026-10-02 19:10:55
388,2026-06-05,54648.0,USD,ANNUAL_REVIEW (+18%),2026-10-02 19:10:55
389,2016-06-06,54605.04,USD,INITIAL_HIRE,2026-10-02 19:10:55
389,2026-07-05,64980.0,USD,ANNUAL_REVIEW (+19%),2026-10-02 19:10:55
390,2021-08-15,50346.9,USD,INITIAL_HIRE,2026-10-02 19:10:55
390,2026-03-19,56892.0,USD,ANNUAL_REVIEW (+13%),2026-10-02 19:10:55
391,2009-07-31,22660.71,USD,INITIAL_HIRE,2026-10-02 19:10:55
391,2026-08-23,25380.0,USD,ANNUAL_REVIEW (+12%),2026-10-02 19:10:55
392,2024-11-26,31091.8,USD,INITIAL_HIRE,2026-10-02 19:10:55
392,2026-04-17,37932.0,USD,ANNUAL_REVIEW (+22%),2026-10-02 19:10:55
393,2024-06-19,60473.68,USD,INITIAL_HIRE,2026-10-02 19:10:55
393,2026-03-20,68940.0,USD,ANNUAL_REVIEW (+14%),2026-10-02 19:10:55
394,2022-07-02,25200.0,USD,INITIAL_HIRE,2026-10-02 19:10:55
394,2025-06-23,28476.0,USD,ANNUAL_REVIEW (+13%),2026-10-02 19:10:55
395,2020-12-01,32826.45,USD,INITIAL_HIRE,2026-10-02 19:10:55
395,2026-03-08,39720.0,USD,ANNUAL_REVIEW (+21%),2026-10-02 19:10:55
396,2023-08-16,201783.78,USD,INITIAL_HIRE,2026-10-02 19:10:55
396,2026-04-17,223980.0,USD,ANNUAL_REVIEW (+11%),2026-10-02 19:10:55
397,2017-12-04,48053.57,USD,INITIAL_HIRE,2026-10-02 19:10:55
397,2026-01-05,53820.0,USD,ANNUAL_REVIEW (+12%),2026-10-02 19:10:55
399,2023-12-03,30151.35,USD,INITIAL_HIRE,2026-10-02 19:10:55
399,2026-07-10,33468.0,USD,ANNUAL_REVIEW (+11%),2026-10-02 19:10:55
401,2017-09-28,62442.86,USD,INITIAL_HIRE,2026-10-02 19:10:55
401,2026-02-26,69936.0,USD,ANNUAL_REVIEW (+12%),2026-10-02 19:10:55
403,2022-08-09,24921.43,USD,INITIAL_HIRE,2026-10-02 19:10:55
403,2026-03-27,27912.0,USD,ANNUAL_REVIEW (+12%),2026-10-02 19:10:55
404,2006-08-12,142368.42,USD,INITIAL_HIRE,2026-10-02 19:10:55
404,2026-06-17,162300.0,USD,ANNUAL_REVIEW (+14%),2026-10-02 19:10:55
405,2025-08-06,17040.0,USD,INITIAL_HIRE,2026-10-02 19:10:55
406,2015-03-25,83686.96,USD,INITIAL_HIRE,2026-10-02 19:10:55
406,2026-02-02,96240.0,USD,ANNUAL_REVIEW (+15%),2026-10-02 19:10:55
407,2025-08-13,37505.08,USD,INITIAL_HIRE,2026-10-02 19:10:55
407,2026-08-13,44256.0,USD,ANNUAL_REVIEW (+18%),2026-10-02 19:10:55
408,2022-05-05,55749.15,USD,INITIAL_HIRE,2026-10-02 19:10:55
408,2026-03-13,65784.0,USD,ANNUAL_REVIEW (+18%),2026-10-02 19:10:55
410,2004-08-25,161495.8,USD,INITIAL_HIRE,2026-10-02 19:10:55
410,2025-11-09,192180.0,USD,ANNUAL_REVIEW (+19%),2026-10-02 19:10:55
411,2026-04-07,14400.0,USD,INITIAL_HIRE,2026-10-02 19:10:55
412,2018-09-26,57085.71,USD,INITIAL_HIRE,2026-10-02 19:10:55
412,2026-08-05,67932.0,USD,ANNUAL_REVIEW (+19%),2026-10-02 19:10:55
416,2018-02-10,74908.11,USD,INITIAL_HIRE,2026-10-02 19:10:55
416,2026-06-04,83148.0,USD,ANNUAL_REVIEW (+11%),2026-10-02 19:10:55
417,2008-09-14,98594.87,USD,INITIAL_HIRE,2026-10-02 19:10:55
417,2025-12-22,115356.0,USD,ANNUAL_REVIEW (+17%),2026-10-02 19:10:55
419,2017-07-30,59206.96,USD,INITIAL_HIRE,2026-10-02 19:10:55
419,2026-03-26,68088.0,USD,ANNUAL_REVIEW (+15%),2026-10-02 19:10:55
420,2013-08-06,57726.32,USD,INITIAL_HIRE,2026-10-02 19:10:55
420,2026-07-12,65808.0,USD,ANNUAL_REVIEW (+14%),2026-10-02 19:10:55
421,2016-01-01,123702.56,USD,INITIAL_HIRE,2026-10-02 19:10:55
421,2026-06-30,144732.0,USD,ANNUAL_REVIEW (+17%),2026-10-02 19:10:55
422,2021-09-15,60106.19,USD,INITIAL_HIRE,2026-10-02 19:10:55
422,2026-01-15,67920.0,USD,ANNUAL_REVIEW (+13%),2026-10-02 19:10:55
423,2021-05-13,51653.57,USD,INITIAL_HIRE,2026-10-02 19:10:55
423,2025-12-17,57852.0,USD,ANNUAL_REVIEW (+12%),2026-10-02 19:10:55
424,2024-03-21,68678.57,USD,INITIAL_HIRE,2026-10-02 19:10:55
424,2026-05-17,76920.0,USD,ANNUAL_REVIEW (+12%),2026-10-02 19:10:55
425,2002-04-15,52983.05,USD,INITIAL_HIRE,2026-10-02 19:10:55
425,2026-04-13,62520.0,USD,ANNUAL_REVIEW (+18%),2026-10-02 19:10:55
426,2024-02-20,27406.78,USD,INITIAL_HIRE,2026-10-02 19:10:55
426,2026-01-10,32340.0,USD,ANNUAL_REVIEW (+18%),2026-10-02 19:10:55
428,2016-01-11,128410.81,USD,INITIAL_HIRE,2026-10-02 19:10:55
428,2026-07-11,142536.0,USD,ANNUAL_REVIEW (+11%),2026-10-02 19:10:55
429,2005-05-25,179663.16,USD,INITIAL_HIRE,2026-10-02 19:10:55
429,2026-07-02,204816.0,USD,ANNUAL_REVIEW (+14%),2026-10-02 19:10:55
430,2018-01-01,24756.3,USD,INITIAL_HIRE,2026-10-02 19:10:55
430,2026-01-12,29460.0,USD,ANNUAL_REVIEW (+19%),2026-10-02 19:10:55
431,2019-06-19,149614.29,USD,INITIAL_HIRE,2026-10-02 19:10:55
431,2026-07-08,167568.0,USD,ANNUAL_REVIEW (+12%),2026-10-02 19:10:55
433,2017-03-04,51558.26,USD,INITIAL_HIRE,2026-10-02 19:10:55
433,2025-05-06,59292.0,USD,ANNUAL_REVIEW (+15%),2026-10-02 19:10:55
434,2022-04-19,26550.0,USD,INITIAL_HIRE,2026-10-02 19:10:55
434,2026-04-06,29736.0,USD,ANNUAL_REVIEW (+12%),2026-10-02 19:10:55
436,2013-02-01,56518.92,USD,INITIAL_HIRE,2026-10-02 19:10:55
436,2025-11-08,62736.0,USD,ANNUAL_REVIEW (+11%),2026-10-02 19:10:55
437,2020-12-17,48410.81,USD,INITIAL_HIRE,2026-10-02 19:10:55
437,2026-08-24,53736.0,USD,ANNUAL_REVIEW (+11%),2026-10-02 19:10:55
438,2019-01-13,80860.71,USD,INITIAL_HIRE,2026-10-02 19:10:55
438,2025-11-22,90564.0,USD,ANNUAL_REVIEW (+12%),2026-10-02 19:10:55
439,2018-12-25,52293.1,USD,INITIAL_HIRE,2026-10-02 19:10:55
439,2026-06-27,60660.0,USD,ANNUAL_REVIEW (+16%),2026-10-02 19:10:55
440,2022-06-24,36785.84,USD,INITIAL_HIRE,2026-10-02 19:10:55
440,2025-11-08,41568.0,USD,ANNUAL_REVIEW (+13%),2026-10-02 19:10:55
441,2016-09-18,61327.43,USD,INITIAL_HIRE,2026-10-02 19:10:55
441,2026-01-28,69300.0,USD,ANNUAL_REVIEW (+13%),2026-10-02 19:10:55
442,2016-04-22,86545.16,USD,INITIAL_HIRE,2026-10-02 19:10:55
442,2026-03-26,107316.0,USD,ANNUAL_REVIEW (+24%),2026-10-02 19:10:55
444,2005-08-03,201099.13,USD,INITIAL_HIRE,2026-10-02 19:10:55
444,2025-12-24,231264.0,USD,ANNUAL_REVIEW (+15%),2026-10-02 19:10:55
445,2024-03-06,53267.8,USD,INITIAL_HIRE,2026-10-02 19:10:55
445,2025-10-24,62856.0,USD,ANNUAL_REVIEW (+18%),2026-10-02 19:10:55
446,2019-07-16,49284.21,USD,INITIAL_HIRE,2026-10-02 19:10:55
446,2026-08-09,56184.0,USD,ANNUAL_REVIEW (+14%),2026-10-02 19:10:55
447,2023-07-19,197837.84,USD,INITIAL_HIRE,2026-10-02 19:10:55
447,2026-03-16,219600.0,USD,ANNUAL_REVIEW (+11%),2026-10-02 19:10:55
448,2017-07-12,56832.43,USD,INITIAL_HIRE,2026-10-02 19:10:55
448,2025-12-11,63084.0,USD,ANNUAL_REVIEW (+11%),2026-10-02 19:10:55
449,2021-03-04,67423.01,USD,INITIAL_HIRE,2026-10-02 19:10:55
449,2026-05-03,76188.0,USD,ANNUAL_REVIEW (+13%),2026-10-02 19:10:55
450,2022-03-27,52167.86,USD,INITIAL_HIRE,2026-10-02 19:10:55
450,2026-01-05,58428.0,USD,ANNUAL_REVIEW (+12%),2026-10-02 19:10:55
451,2024-11-22,103293.1,USD,INITIAL_HIRE,2026-10-02 19:10:55
451,2025-12-04,119820.0,USD,ANNUAL_REVIEW (+16%),2026-10-02 19:10:55
452,2016-05-18,38915.79,USD,INITIAL_HIRE,2026-10-02 19:10:55
452,2025-12-15,44364.0,USD,ANNUAL_REVIEW (+14%),2026-10-02 19:10:55
453,2022-07-01,73347.54,USD,INITIAL_HIRE,2026-10-02 19:10:55
453,2026-04-02,89484.0,USD,ANNUAL_REVIEW (+22%),2026-10-02 19:10:55
454,2019-06-25,22908.11,USD,INITIAL_HIRE,2026-10-02 19:10:55
454,2025-11-13,25428.0,USD,ANNUAL_REVIEW (+11%),2026-10-02 19:10:55
455,2023-09-30,40851.28,USD,INITIAL_HIRE,2026-10-02 19:10:55
455,2026-03-28,47796.0,USD,ANNUAL_REVIEW (+17%),2026-10-02 19:10:55
456,2016-06-01,64969.91,USD,INITIAL_HIRE,2026-10-02 19:10:55
456,2026-02-12,73416.0,USD,ANNUAL_REVIEW (+13%),2026-10-02 19:10:55
458,2017-11-30,63193.22,USD,INITIAL_HIRE,2026-10-02 19:10:55
458,2026-03-16,74568.0,USD,ANNUAL_REVIEW (+18%),2026-10-02 19:10:55
460,2020-04-12,65658.62,USD,INITIAL_HIRE,2026-10-02 19:10:55
460,2026-03-28,76164.0,USD,ANNUAL_REVIEW (+16%),2026-10-02 19:10:55
461,2014-12-11,121157.89,USD,INITIAL_HIRE,2026-10-02 19:10:55
461,2026-04-24,138120.0,USD,ANNUAL_REVIEW (+14%),2026-10-02 19:10:55
462,2015-08-30,75189.47,USD,INITIAL_HIRE,2026-10-02 19:10:55
462,2026-02-18,85716.0,USD,ANNUAL_REVIEW (+14%),2026-10-02 19:10:55
463,2019-09-02,87031.58,USD,INITIAL_HIRE,2026-10-02 19:10:55
463,2026-01-19,99216.0,USD,ANNUAL_REVIEW (+14%),2026-10-02 19:10:55
464,2009-12-31,85964.6,USD,INITIAL_HIRE,2026-10-02 19:10:55
464,2025-11-30,97140.0,USD,ANNUAL_REVIEW (+13%),2026-10-02 19:10:55
465,2022-08-28,31114.29,USD,INITIAL_HIRE,2026-10-02 19:10:55
465,2026-03-02,34848.0,USD,ANNUAL_REVIEW (+12%),2026-10-02 19:10:55
466,2021-09-15,62942.61,USD,INITIAL_HIRE,2026-10-02 19:10:55
466,2026-08-03,72384.0,USD,ANNUAL_REVIEW (+15%),2026-10-02 19:10:55
467,2026-05-22,35712.0,USD,INITIAL_HIRE,2026-10-02 19:10:55
468,2024-11-30,168336.84,USD,INITIAL_HIRE,2026-10-02 19:10:55
468,2026-03-10,191904.0,USD,ANNUAL_REVIEW (+14%),2026-10-02 19:10:55
469,2022-02-16,48936.84,USD,INITIAL_HIRE,2026-10-02 19:10:55
469,2026-05-30,55788.0,USD,ANNUAL_REVIEW (+14%),2026-10-02 19:10:55
470,2023-08-31,29145.95,USD,INITIAL_HIRE,2026-10-02 19:10:55
470,2026-08-25,32352.0,USD,ANNUAL_REVIEW (+11%),2026-10-02 19:10:55
471,2017-12-29,25168.14,USD,INITIAL_HIRE,2026-10-02 19:10:55
471,2026-08-12,28440.0,USD,ANNUAL_REVIEW (+13%),2026-10-02 19:10:55
473,2025-12-27,150048.0,USD,INITIAL_HIRE,2026-10-02 19:10:55
474,2019-01-10,63440.71,USD,INITIAL_HIRE,2026-10-02 19:10:55
474,2026-03-09,71688.0,USD,ANNUAL_REVIEW (+13%),2026-10-02 19:10:55
475,2023-12-09,50742.86,USD,INITIAL_HIRE,2026-10-02 19:10:55
475,2025-11-22,56832.0,USD,ANNUAL_REVIEW (+12%),2026-10-02 19:10:55
476,2018-07-15,54317.95,USD,INITIAL_HIRE,2026-10-02 19:10:55
476,2026-04-03,63552.0,USD,ANNUAL_REVIEW (+17%),2026-10-02 19:10:55
477,2024-11-12,66156.1,USD,INITIAL_HIRE,2026-10-02 19:10:55
477,2026-04-21,81372.0,USD,ANNUAL_REVIEW (+23%),2026-10-02 19:10:55
478,2023-01-27,23502.7,USD,INITIAL_HIRE,2026-10-02 19:10:55
478,2026-03-18,26088.0,USD,ANNUAL_REVIEW (+11%),2026-10-02 19:10:55
479,2025-01-10,69422.61,USD,INITIAL_HIRE,2026-10-02 19:10:55
479,2026-02-11,79836.0,USD,ANNUAL_REVIEW (+15%),2026-10-02 19:10:55
481,2013-03-25,104854.05,USD,INITIAL_HIRE,2026-10-02 19:10:55
481,2026-08-17,116388.0,USD,ANNUAL_REVIEW (+11%),2026-10-02 19:10:55
482,2023-01-17,73027.03,USD,INITIAL_HIRE,2026-10-02 19:10:55
482,2025-12-23,81060.0,USD,ANNUAL_REVIEW (+11%),2026-10-02 19:10:55
483,2019-03-09,23500.88,USD,INITIAL_HIRE,2026-10-02 19:10:55
483,2025-12-31,26556.0,USD,ANNUAL_REVIEW (+13%),2026-10-02 19:10:55
484,2023-03-04,25258.06,USD,INITIAL_HIRE,2026-10-02 19:10:55
484,2025-11-08,31320.0,USD,ANNUAL_REVIEW (+24%),2026-10-02 19:10:55
485,2024-09-16,30276.11,USD,INITIAL_HIRE,2026-10-02 19:10:55
485,2025-12-13,34212.0,USD,ANNUAL_REVIEW (+13%),2026-10-02 19:10:55
486,2021-01-18,34520.0,USD,INITIAL_HIRE,2026-10-02 19:10:55
486,2026-07-16,41424.0,USD,ANNUAL_REVIEW (+20%),2026-10-02 19:10:55
487,2025-01-31,55347.37,USD,INITIAL_HIRE,2026-10-02 19:10:55
487,2026-06-04,63096.0,USD,ANNUAL_REVIEW (+14%),2026-10-02 19:10:55
488,2018-02-11,95135.59,USD,INITIAL_HIRE,2026-10-02 19:10:55
488,2025-06-30,112260.0,USD,ANNUAL_REVIEW (+18%),2026-10-02 19:10:55
491,2022-01-02,109523.48,USD,INITIAL_HIRE,2026-10-02 19:10:55
491,2026-06-29,125952.0,USD,ANNUAL_REVIEW (+15%),2026-10-02 19:10:55
492,2020-03-09,68357.14,USD,INITIAL_HIRE,2026-10-02 19:10:55
492,2025-11-09,76560.0,USD,ANNUAL_REVIEW (+12%),2026-10-02 19:10:55
493,2024-06-18,27486.21,USD,INITIAL_HIRE,2026-10-02 19:10:55
493,2026-07-18,31884.0,USD,ANNUAL_REVIEW (+16%),2026-10-02 19:10:55
494,2024-09-21,28340.87,USD,INITIAL_HIRE,2026-10-02 19:10:55
494,2026-01-25,32592.0,USD,ANNUAL_REVIEW (+15%),2026-10-02 19:10:55
495,2022-11-16,22768.97,USD,INITIAL_HIRE,2026-10-02 19:10:55
495,2026-06-28,26412.0,USD,ANNUAL_REVIEW (+16%),2026-10-02 19:10:55
496,2024-12-23,65949.58,USD,INITIAL_HIRE,2026-10-02 19:10:55
496,2026-01-19,78480.0,USD,ANNUAL_REVIEW (+19%),2026-10-02 19:10:55
497,2020-12-31,41254.05,USD,INITIAL_HIRE,2026-10-02 19:10:55
497,2026-03-05,45792.0,USD,ANNUAL_REVIEW (+11%),2026-10-02 19:10:55
498,2019-05-02,54341.38,USD,INITIAL_HIRE,2026-10-02 19:10:55
498,2026-05-19,63036.0,USD,ANNUAL_REVIEW (+16%),2026-10-02 19:10:55
499,2021-01-16,106112.9,USD,INITIAL_HIRE,2026-10-02 19:10:55
499,2026-02-17,131580.0,USD,ANNUAL_REVIEW (+24%),2026-10-02 19:10:55
500,2019-05-28,53362.16,USD,INITIAL_HIRE,2026-10-02 19:10:55
500,2026-02-19,59232.0,USD,ANNUAL_REVIEW (+11%),2026-10-02 19:10:55
501,2024-02-18,27005.31,USD,INITIAL_HIRE,2026-10-02 19:10:55
501,2026-03-20,30516.0,USD,ANNUAL_REVIEW (+13%),2026-10-02 19:10:55
502,2020-12-26,56325.66,USD,INITIAL_HIRE,2026-10-02 19:10:55
502,2026-01-22,63648.0,USD,ANNUAL_REVIEW (+13%),2026-10-02 19:10:55
505,2021-07-12,176909.73,USD,INITIAL_HIRE,2026-10-02 19:10:55
505,2026-08-03,199908.0,USD,ANNUAL_REVIEW (+13%),2026-10-02 19:10:55
507,2021-07-06,45642.86,USD,INITIAL_HIRE,2026-10-02 19:10:55
507,2026-06-16,51120.0,USD,ANNUAL_REVIEW (+12%),2026-10-02 19:10:55
508,2025-09-12,25179.66,USD,INITIAL_HIRE,2026-10-02 19:10:55
508,2026-09-12,29712.0,USD,ANNUAL_REVIEW (+18%),2026-10-02 19:10:55
510,2019-11-15,30511.48,USD,INITIAL_HIRE,2026-10-02 19:10:55
510,2025-10-22,37224.0,USD,ANNUAL_REVIEW (+22%),2026-10-02 19:10:55
511,2024-05-12,23830.09,USD,INITIAL_HIRE,2026-10-02 19:10:55
511,2026-04-12,26928.0,USD,ANNUAL_REVIEW (+13%),2026-10-02 19:10:55
513,2016-04-27,80665.49,USD,INITIAL_HIRE,2026-10-02 19:10:55
513,2026-07-29,91152.0,USD,ANNUAL_REVIEW (+13%),2026-10-02 19:10:55
514,2024-11-28,22292.68,USD,INITIAL_HIRE,2026-10-02 19:10:55
514,2025-11-28,27420.0,USD,ANNUAL_REVIEW (+23%),2026-10-02 19:10:55
515,2008-05-18,32507.14,USD,INITIAL_HIRE,2026-10-02 19:10:55
515,2026-08-02,36408.0,USD,ANNUAL_REVIEW (+12%),2026-10-02 19:10:55
516,2021-03-17,61232.14,USD,INITIAL_HIRE,2026-10-02 19:10:55
516,2026-08-06,68580.0,USD,ANNUAL_REVIEW (+12%),2026-10-02 19:10:55
517,2021-07-18,26648.28,USD,INITIAL_HIRE,2026-10-02 19:10:55
517,2026-02-23,30912.0,USD,ANNUAL_REVIEW (+16%),2026-10-02 19:10:55
518,2025-06-13,44967.86,USD,INITIAL_HIRE,2026-10-02 19:10:55
518,2026-06-28,50364.0,USD,ANNUAL_REVIEW (+12%),2026-10-02 19:10:55
520,2001-06-03,154983.78,USD,INITIAL_HIRE,2026-10-02 19:10:55
520,2026-05-20,172032.0,USD,ANNUAL_REVIEW (+11%),2026-10-02 19:10:55
521,2025-04-18,33914.75,USD,INITIAL_HIRE,2026-10-02 19:10:55
521,2026-05-31,41376.0,USD,ANNUAL_REVIEW (+22%),2026-10-02 19:10:55
522,2022-06-03,209794.59,USD,INITIAL_HIRE,2026-10-02 19:10:55
522,2026-06-29,232872.0,USD,ANNUAL_REVIEW (+11%),2026-10-02 19:10:55
523,2023-02-01,68222.61,USD,INITIAL_HIRE,2026-10-02 19:10:55
523,2026-01-16,78456.0,USD,ANNUAL_REVIEW (+15%),2026-10-02 19:10:55
524,2013-06-16,46135.71,USD,INITIAL_HIRE,2026-10-02 19:10:55
524,2026-02-06,51672.0,USD,ANNUAL_REVIEW (+12%),2026-10-02 19:10:55
525,2023-05-12,22580.0,USD,INITIAL_HIRE,2026-10-02 19:10:55
525,2026-06-23,27096.0,USD,ANNUAL_REVIEW (+20%),2026-10-02 19:10:55
526,2021-05-30,47600.0,USD,INITIAL_HIRE,2026-10-02 19:10:55
526,2026-02-08,54264.0,USD,ANNUAL_REVIEW (+14%),2026-10-02 19:10:55
527,2021-08-03,48508.11,USD,INITIAL_HIRE,2026-10-02 19:10:55
527,2026-01-31,53844.0,USD,ANNUAL_REVIEW (+11%),2026-10-02 19:10:55
529,2013-02-18,46424.35,USD,INITIAL_HIRE,2026-10-02 19:10:55
529,2026-03-24,53388.0,USD,ANNUAL_REVIEW (+15%),2026-10-02 19:10:55
530,2022-07-17,23764.29,USD,INITIAL_HIRE,2026-10-02 19:10:55
530,2026-03-12,26616.0,USD,ANNUAL_REVIEW (+12%),2026-10-02 19:10:55
531,2005-06-26,202073.68,USD,INITIAL_HIRE,2026-10-02 19:10:55
531,2025-11-25,230364.0,USD,ANNUAL_REVIEW (+14%),2026-10-02 19:10:55
532,2019-01-13,142832.43,USD,INITIAL_HIRE,2026-10-02 19:10:55
532,2026-04-19,158544.0,USD,ANNUAL_REVIEW (+11%),2026-10-02 19:10:55
533,2020-11-22,71102.7,USD,INITIAL_HIRE,2026-10-02 19:10:55
533,2026-05-09,78924.0,USD,ANNUAL_REVIEW (+11%),2026-10-02 19:10:55
534,2016-02-23,86813.79,USD,INITIAL_HIRE,2026-10-02 19:10:55
534,2026-03-24,100704.0,USD,ANNUAL_REVIEW (+16%),2026-10-02 19:10:55
536,2015-12-04,48835.71,USD,INITIAL_HIRE,2026-10-02 19:10:55
536,2025-12-25,54696.0,USD,ANNUAL_REVIEW (+12%),2026-10-02 19:10:55
538,2023-01-20,42807.08,USD,INITIAL_HIRE,2026-10-02 19:10:55
538,2025-02-28,48372.0,USD,ANNUAL_REVIEW (+13%),2026-10-02 19:10:55
543,2021-04-26,83884.21,USD,INITIAL_HIRE,2026-10-02 19:10:55
543,2026-08-11,95628.0,USD,ANNUAL_REVIEW (+14%),2026-10-02 19:10:55
544,2024-01-22,26320.66,USD,INITIAL_HIRE,2026-10-02 19:10:55
544,2026-04-17,31848.0,USD,ANNUAL_REVIEW (+21%),2026-10-02 19:10:55
546,2021-06-16,175805.31,USD,INITIAL_HIRE,2026-10-02 19:10:55
546,2026-01-23,198660.0,USD,ANNUAL_REVIEW (+13%),2026-10-02 19:10:55
547,2021-05-03,49254.05,USD,INITIAL_HIRE,2026-10-02 19:10:55
547,2026-06-27,54672.0,USD,ANNUAL_REVIEW (+11%),2026-10-02 19:10:55
548,2021-04-08,60910.0,USD,INITIAL_HIRE,2026-10-02 19:10:55
548,2025-11-09,73092.0,USD,ANNUAL_REVIEW (+20%),2026-10-02 19:10:55
549,1996-11-19,211524.32,USD,INITIAL_HIRE,2026-10-02 19:10:55
549,2026-01-02,234792.0,USD,ANNUAL_REVIEW (+11%),2026-10-02 19:10:55
550,2015-12-27,50631.58,USD,INITIAL_HIRE,2026-10-02 19:10:55
550,2025-12-22,57720.0,USD,ANNUAL_REVIEW (+14%),2026-10-02 19:10:55
551,2020-04-24,48897.3,USD,INITIAL_HIRE,2026-10-02 19:10:55
551,2026-08-09,54276.0,USD,ANNUAL_REVIEW (+11%),2026-10-02 19:10:55
554,2020-05-28,33124.14,USD,INITIAL_HIRE,2026-10-02 19:10:55
554,2025-06-09,38424.0,USD,ANNUAL_REVIEW (+16%),2026-10-02 19:10:55
555,2024-03-07,24320.69,USD,INITIAL_HIRE,2026-10-02 19:10:55
555,2025-11-05,28212.0,USD,ANNUAL_REVIEW (+16%),2026-10-02 19:10:55
556,2025-01-09,16604.88,USD,INITIAL_HIRE,2026-10-02 19:10:55
556,2026-02-26,20424.0,USD,ANNUAL_REVIEW (+23%),2026-10-02 19:10:55
558,2006-04-02,189905.26,USD,INITIAL_HIRE,2026-10-02 19:10:55
558,2025-12-21,216492.0,USD,ANNUAL_REVIEW (+14%),2026-10-02 19:10:55
560,2023-04-09,28386.89,USD,INITIAL_HIRE,2026-10-02 19:10:55
560,2026-05-19,34632.0,USD,ANNUAL_REVIEW (+22%),2026-10-02 19:10:55
562,2021-01-22,21881.74,USD,INITIAL_HIRE,2026-10-02 19:10:55
562,2026-03-26,25164.0,USD,ANNUAL_REVIEW (+15%),2026-10-02 19:10:55
564,2016-03-07,121372.88,USD,INITIAL_HIRE,2026-10-02 19:10:55
564,2026-02-10,143220.0,USD,ANNUAL_REVIEW (+18%),2026-10-02 19:10:55
565,2023-09-20,26337.93,USD,INITIAL_HIRE,2026-10-02 19:10:55
565,2025-01-30,30552.0,USD,ANNUAL_REVIEW (+16%),2026-10-02 19:10:55
566,2025-01-21,27471.43,USD,INITIAL_HIRE,2026-10-02 19:10:55
566,2026-01-21,30768.0,USD,ANNUAL_REVIEW (+12%),2026-10-02 19:10:55
567,2017-08-05,90940.54,USD,INITIAL_HIRE,2026-10-02 19:10:55
567,2026-05-24,100944.0,USD,ANNUAL_REVIEW (+11%),2026-10-02 19:10:55
568,2025-02-01,151264.29,USD,INITIAL_HIRE,2026-10-02 19:10:55
568,2026-02-01,169416.0,USD,ANNUAL_REVIEW (+12%),2026-10-02 19:10:55
569,1999-09-21,177871.3,USD,INITIAL_HIRE,2026-10-02 19:10:55
569,2026-08-31,204552.0,USD,ANNUAL_REVIEW (+15%),2026-10-02 19:10:55
571,2015-07-28,26989.47,USD,INITIAL_HIRE,2026-10-02 19:10:55
571,2026-04-07,30768.0,USD,ANNUAL_REVIEW (+14%),2026-10-02 19:10:55
573,2008-03-19,103522.69,USD,INITIAL_HIRE,2026-10-02 19:10:55
573,2026-03-03,123192.0,USD,ANNUAL_REVIEW (+19%),2026-10-02 19:10:55
574,2021-02-15,53840.71,USD,INITIAL_HIRE,2026-10-02 19:10:55
574,2026-08-15,60840.0,USD,ANNUAL_REVIEW (+13%),2026-10-02 19:10:55
575,2023-04-19,189674.34,USD,INITIAL_HIRE,2026-10-02 19:10:55
575,2026-04-20,214332.0,USD,ANNUAL_REVIEW (+13%),2026-10-02 19:10:55
577,2020-12-22,44139.13,USD,INITIAL_HIRE,2026-10-02 19:10:55
577,2026-03-07,50760.0,USD,ANNUAL_REVIEW (+15%),2026-10-02 19:10:55
578,2024-12-02,40864.86,USD,INITIAL_HIRE,2026-10-02 19:10:55
578,2026-03-04,45360.0,USD,ANNUAL_REVIEW (+11%),2026-10-02 19:10:55
579,2019-08-20,29657.14,USD,INITIAL_HIRE,2026-10-02 19:10:55
579,2026-07-29,33216.0,USD,ANNUAL_REVIEW (+12%),2026-10-02 19:10:55
580,2022-11-21,91472.27,USD,INITIAL_HIRE,2026-10-02 19:10:55
580,2026-06-11,108852.0,USD,ANNUAL_REVIEW (+19%),2026-10-02 19:10:55
581,2013-03-13,102220.8,USD,INITIAL_HIRE,2026-10-02 19:10:55
581,2026-06-21,127776.0,USD,ANNUAL_REVIEW (+25%),2026-10-02 19:10:55
582,2018-10-28,145821.43,USD,INITIAL_HIRE,2026-10-02 19:10:55
582,2025-10-16,163320.0,USD,ANNUAL_REVIEW (+12%),2026-10-02 19:10:55
584,2021-10-04,36191.15,USD,INITIAL_HIRE,2026-10-02 19:10:55
584,2025-06-29,40896.0,USD,ANNUAL_REVIEW (+13%),2026-10-02 19:10:55
585,2023-03-11,31400.0,USD,INITIAL_HIRE,2026-10-02 19:10:55
585,2026-03-14,35796.0,USD,ANNUAL_REVIEW (+14%),2026-10-02 19:10:55
586,2018-02-04,81771.43,USD,INITIAL_HIRE,2026-10-02 19:10:55
586,2026-01-25,91584.0,USD,ANNUAL_REVIEW (+12%),2026-10-02 19:10:55
587,2024-10-30,105257.14,USD,INITIAL_HIRE,2026-10-02 19:10:55
587,2025-10-30,117888.0,USD,ANNUAL_REVIEW (+12%),2026-10-02 19:10:55
590,2023-07-26,103826.09,USD,INITIAL_HIRE,2026-10-02 19:10:55
590,2026-05-29,119400.0,USD,ANNUAL_REVIEW (+15%),2026-10-02 19:10:55
591,2024-04-12,21466.67,USD,INITIAL_HIRE,2026-10-02 19:10:55
591,2025-12-05,25116.0,USD,ANNUAL_REVIEW (+17%),2026-10-02 19:10:55
592,2015-11-28,105052.63,USD,INITIAL_HIRE,2026-10-02 19:10:55
592,2026-07-15,119760.0,USD,ANNUAL_REVIEW (+14%),2026-10-02 19:10:55
593,2023-08-11,40282.76,USD,INITIAL_HIRE,2026-10-02 19:10:55
593,2026-03-01,46728.0,USD,ANNUAL_REVIEW (+16%),2026-10-02 19:10:55
595,2017-08-18,42642.11,USD,INITIAL_HIRE,2026-10-02 19:10:55
595,2026-08-20,48612.0,USD,ANNUAL_REVIEW (+14%),2026-10-02 19:10:55
597,2015-11-20,164243.9,USD,INITIAL_HIRE,2026-10-02 19:10:55
597,2026-07-04,202020.0,USD,ANNUAL_REVIEW (+23%),2026-10-02 19:10:55
599,2011-11-20,65578.95,USD,INITIAL_HIRE,2026-10-02 19:10:55
599,2025-12-14,74760.0,USD,ANNUAL_REVIEW (+14%),2026-10-02 19:10:55
600,2015-08-07,50994.59,USD,INITIAL_HIRE,2026-10-02 19:10:55
600,2026-07-02,56604.0,USD,ANNUAL_REVIEW (+11%),2026-10-02 19:10:55
601,2006-01-10,138125.22,USD,INITIAL_HIRE,2026-10-02 19:10:55
601,2026-02-06,158844.0,USD,ANNUAL_REVIEW (+15%),2026-10-02 19:10:55
602,2018-05-21,40594.59,USD,INITIAL_HIRE,2026-10-02 19:10:55
602,2026-04-30,45060.0,USD,ANNUAL_REVIEW (+11%),2026-10-02 19:10:55
604,2020-03-20,69897.35,USD,INITIAL_HIRE,2026-10-02 19:10:55
604,2026-08-21,78984.0,USD,ANNUAL_REVIEW (+13%),2026-10-02 19:10:55
605,2016-05-08,73447.93,USD,INITIAL_HIRE,2026-10-02 19:10:55
605,2026-04-22,88872.0,USD,ANNUAL_REVIEW (+21%),2026-10-02 19:10:55
606,2018-01-16,48453.78,USD,INITIAL_HIRE,2026-10-02 19:10:55
606,2026-08-25,57660.0,USD,ANNUAL_REVIEW (+19%),2026-10-02 19:10:55
608,2018-01-17,29632.43,USD,INITIAL_HIRE,2026-10-02 19:10:55
608,2025-06-22,32892.0,USD,ANNUAL_REVIEW (+11%),2026-10-02 19:10:55
611,2023-01-12,45664.29,USD,INITIAL_HIRE,2026-10-02 19:10:55
611,2026-03-18,51144.0,USD,ANNUAL_REVIEW (+12%),2026-10-02 19:10:55
612,2019-11-29,163200.0,USD,INITIAL_HIRE,2026-10-02 19:10:55
612,2026-03-30,194208.0,USD,ANNUAL_REVIEW (+19%),2026-10-02 19:10:55
613,2020-11-23,114614.88,USD,INITIAL_HIRE,2026-10-02 19:10:55
613,2026-06-09,138684.0,USD,ANNUAL_REVIEW (+21%),2026-10-02 19:10:55
614,2026-06-14,22536.0,USD,INITIAL_HIRE,2026-10-02 19:10:55
615,2025-07-11,114073.04,USD,INITIAL_HIRE,2026-10-02 19:10:55
615,2026-07-11,131184.0,USD,ANNUAL_REVIEW (+15%),2026-10-02 19:10:55
616,2018-02-06,69856.41,USD,INITIAL_HIRE,2026-10-02 19:10:55
616,2026-03-07,81732.0,USD,ANNUAL_REVIEW (+17%),2026-10-02 19:10:55
618,2026-03-21,51672.0,USD,INITIAL_HIRE,2026-10-02 19:10:55
620,2021-09-16,50265.52,USD,INITIAL_HIRE,2026-10-02 19:10:55
620,2026-06-18,58308.0,USD,ANNUAL_REVIEW (+16%),2026-10-02 19:10:55
621,2016-09-01,57182.14,USD,INITIAL_HIRE,2026-10-02 19:10:55
621,2026-04-25,64044.0,USD,ANNUAL_REVIEW (+12%),2026-10-02 19:10:55
622,2024-10-18,23796.61,USD,INITIAL_HIRE,2026-10-02 19:10:55
622,2026-02-05,28080.0,USD,ANNUAL_REVIEW (+18%),2026-10-02 19:10:55
623,2020-03-13,76830.77,USD,INITIAL_HIRE,2026-10-02 19:10:55
623,2025-11-29,89892.0,USD,ANNUAL_REVIEW (+17%),2026-10-02 19:10:55
624,2024-08-08,113805.41,USD,INITIAL_HIRE,2026-10-02 19:10:55
624,2026-01-19,126324.0,USD,ANNUAL_REVIEW (+11%),2026-10-02 19:10:55
625,2008-08-07,171672.41,USD,INITIAL_HIRE,2026-10-02 19:10:55
625,2026-06-08,199140.0,USD,ANNUAL_REVIEW (+16%),2026-10-02 19:10:55
626,2017-08-21,93812.39,USD,INITIAL_HIRE,2026-10-02 19:10:55
626,2026-02-11,106008.0,USD,ANNUAL_REVIEW (+13%),2026-10-02 19:10:55
630,2016-03-30,59753.57,USD,INITIAL_HIRE,2026-10-02 19:10:55
630,2026-02-10,66924.0,USD,ANNUAL_REVIEW (+12%),2026-10-02 19:10:55
631,2022-08-01,50432.14,USD,INITIAL_HIRE,2026-10-02 19:10:55
631,2026-01-02,56484.0,USD,ANNUAL_REVIEW (+12%),2026-10-02 19:10:55
632,2024-03-27,25486.73,USD,INITIAL_HIRE,2026-10-02 19:10:55
632,2026-08-17,28800.0,USD,ANNUAL_REVIEW (+13%),2026-10-02 19:10:55
634,2025-04-28,99065.55,USD,INITIAL_HIRE,2026-10-02 19:10:55
634,2026-04-28,117888.0,USD,ANNUAL_REVIEW (+19%),2026-10-02 19:10:55
635,2020-05-01,69075.0,USD,INITIAL_HIRE,2026-10-02 19:10:55
635,2025-11-19,77364.0,USD,ANNUAL_REVIEW (+12%),2026-10-02 19:10:55
638,1995-02-20,200020.51,USD,INITIAL_HIRE,2026-10-02 19:10:55
638,2025-11-13,234024.0,USD,ANNUAL_REVIEW (+17%),2026-10-02 19:10:55
639,2020-04-13,29459.46,USD,INITIAL_HIRE,2026-10-02 19:10:55
639,2025-11-11,32700.0,USD,ANNUAL_REVIEW (+11%),2026-10-02 19:10:55
641,2021-02-04,62720.0,USD,INITIAL_HIRE,2026-10-02 19:10:55
641,2025-11-27,75264.0,USD,ANNUAL_REVIEW (+20%),2026-10-02 19:10:55
643,2025-01-23,21094.21,USD,INITIAL_HIRE,2026-10-02 19:10:55
643,2026-01-23,25524.0,USD,ANNUAL_REVIEW (+21%),2026-10-02 19:10:55
644,1993-12-02,196756.76,USD,INITIAL_HIRE,2026-10-02 19:10:55
644,2026-08-16,218400.0,USD,ANNUAL_REVIEW (+11%),2026-10-02 19:10:55
645,2019-01-11,22659.46,USD,INITIAL_HIRE,2026-10-02 19:10:55
645,2026-04-15,25152.0,USD,ANNUAL_REVIEW (+11%),2026-10-02 19:10:55
647,2019-08-02,29855.17,USD,INITIAL_HIRE,2026-10-02 19:10:55
647,2025-10-09,34632.0,USD,ANNUAL_REVIEW (+16%),2026-10-02 19:10:55
648,2024-10-24,20674.58,USD,INITIAL_HIRE,2026-10-02 19:10:55
648,2025-12-29,24396.0,USD,ANNUAL_REVIEW (+18%),2026-10-02 19:10:55
649,2020-07-16,38463.72,USD,INITIAL_HIRE,2026-10-02 19:10:55
649,2025-12-26,43464.0,USD,ANNUAL_REVIEW (+13%),2026-10-02 19:10:55
650,2022-11-08,43415.38,USD,INITIAL_HIRE,2026-10-02 19:10:55
650,2025-08-24,50796.0,USD,ANNUAL_REVIEW (+17%),2026-10-02 19:10:55
652,2023-08-17,38747.37,USD,INITIAL_HIRE,2026-10-02 19:10:55
652,2026-03-29,44172.0,USD,ANNUAL_REVIEW (+14%),2026-10-02 19:10:55
653,2018-11-28,53704.92,USD,INITIAL_HIRE,2026-10-02 19:10:55
653,2026-01-24,65520.0,USD,ANNUAL_REVIEW (+22%),2026-10-02 19:10:55
655,2020-12-27,23432.14,USD,INITIAL_HIRE,2026-10-02 19:10:55
655,2026-07-26,26244.0,USD,ANNUAL_REVIEW (+12%),2026-10-02 19:10:55
656,2023-08-24,103805.41,USD,INITIAL_HIRE,2026-10-02 19:10:55
656,2026-06-28,115224.0,USD,ANNUAL_REVIEW (+11%),2026-10-02 19:10:55
657,2025-01-15,30116.81,USD,INITIAL_HIRE,2026-10-02 19:10:55
657,2026-01-15,34032.0,USD,ANNUAL_REVIEW (+13%),2026-10-02 19:10:55
659,2016-08-25,43423.01,USD,INITIAL_HIRE,2026-10-02 19:10:55
659,2026-04-20,49068.0,USD,ANNUAL_REVIEW (+13%),2026-10-02 19:10:55
661,2025-02-06,175021.05,USD,INITIAL_HIRE,2026-10-02 19:10:55
661,2026-03-22,199524.0,USD,ANNUAL_REVIEW (+14%),2026-10-02 19:10:55
662,2026-09-03,31428.0,USD,INITIAL_HIRE,2026-10-02 19:10:55
663,2018-04-24,60307.96,USD,INITIAL_HIRE,2026-10-02 19:10:55
663,2026-04-16,68148.0,USD,ANNUAL_REVIEW (+13%),2026-10-02 19:10:55
664,2023-02-27,166508.11,USD,INITIAL_HIRE,2026-10-02 19:10:55
664,2026-07-04,184824.0,USD,ANNUAL_REVIEW (+11%),2026-10-02 19:10:55
665,2024-02-04,64702.7,USD,INITIAL_HIRE,2026-10-02 19:10:55
665,2025-12-28,71820.0,USD,ANNUAL_REVIEW (+11%),2026-10-02 19:10:55
666,2018-05-17,26227.12,USD,INITIAL_HIRE,2026-10-02 19:10:55
666,2026-01-17,30948.0,USD,ANNUAL_REVIEW (+18%),2026-10-02 19:10:55
667,2021-08-29,32875.68,USD,INITIAL_HIRE,2026-10-02 19:10:55
667,2025-11-07,36492.0,USD,ANNUAL_REVIEW (+11%),2026-10-02 19:10:55
669,2023-01-19,37264.86,USD,INITIAL_HIRE,2026-10-02 19:10:55
669,2026-05-19,41364.0,USD,ANNUAL_REVIEW (+11%),2026-10-02 19:10:55
671,2024-07-26,209067.86,USD,INITIAL_HIRE,2026-10-02 19:10:55
671,2026-02-21,234156.0,USD,ANNUAL_REVIEW (+12%),2026-10-02 19:10:55
675,2024-02-23,27730.0,USD,INITIAL_HIRE,2026-10-02 19:10:55
675,2025-11-20,33276.0,USD,ANNUAL_REVIEW (+20%),2026-10-02 19:10:55
677,2021-02-03,76114.29,USD,INITIAL_HIRE,2026-10-02 19:10:55
677,2026-02-19,85248.0,USD,ANNUAL_REVIEW (+12%),2026-10-02 19:10:55
679,2020-06-14,67735.71,USD,INITIAL_HIRE,2026-10-02 19:10:55
679,2026-04-07,75864.0,USD,ANNUAL_REVIEW (+12%),2026-10-02 19:10:55
680,2025-01-31,20830.0,USD,INITIAL_HIRE,2026-10-02 19:10:55
680,2026-06-13,24996.0,USD,ANNUAL_REVIEW (+20%),2026-10-02 19:10:55
682,2011-12-10,83810.0,USD,INITIAL_HIRE,2026-10-02 19:10:55
682,2026-03-29,100572.0,USD,ANNUAL_REVIEW (+20%),2026-10-02 19:10:55
683,2016-01-06,28832.14,USD,INITIAL_HIRE,2026-10-02 19:10:55
683,2026-05-14,32292.0,USD,ANNUAL_REVIEW (+12%),2026-10-02 19:10:55
684,2024-06-24,45115.79,USD,INITIAL_HIRE,2026-10-02 19:10:55
684,2025-08-02,51432.0,USD,ANNUAL_REVIEW (+14%),2026-10-02 19:10:55
686,2023-03-06,28237.17,USD,INITIAL_HIRE,2026-10-02 19:10:55
686,2026-08-20,31908.0,USD,ANNUAL_REVIEW (+13%),2026-10-02 19:10:55
689,2016-07-05,98441.74,USD,INITIAL_HIRE,2026-10-02 19:10:55
689,2026-07-07,113208.0,USD,ANNUAL_REVIEW (+15%),2026-10-02 19:10:55
690,2020-01-13,58536.84,USD,INITIAL_HIRE,2026-10-02 19:10:55
690,2026-01-09,66732.0,USD,ANNUAL_REVIEW (+14%),2026-10-02 19:10:55
691,2009-06-04,70576.99,USD,INITIAL_HIRE,2026-10-02 19:10:55
691,2026-05-11,79752.0,USD,ANNUAL_REVIEW (+13%),2026-10-02 19:10:55
692,2013-04-09,75365.85,USD,INITIAL_HIRE,2026-10-02 19:10:55
692,2026-04-25,92700.0,USD,ANNUAL_REVIEW (+23%),2026-10-02 19:10:55
698,2017-06-20,111913.04,USD,INITIAL_HIRE,2026-10-02 19:10:55
698,2026-03-23,128700.0,USD,ANNUAL_REVIEW (+15%),2026-10-02 19:10:55
699,2023-06-21,95643.24,USD,INITIAL_HIRE,2026-10-02 19:10:55
699,2026-04-24,106164.0,USD,ANNUAL_REVIEW (+11%),2026-10-02 19:10:55
700,2022-08-11,21716.81,USD,INITIAL_HIRE,2026-10-02 19:10:55
700,2026-01-17,24540.0,USD,ANNUAL_REVIEW (+13%),2026-10-02 19:10:55
701,2024-03-13,10908.11,USD,INITIAL_HIRE,2026-10-02 19:10:55
701,2025-10-14,12108.0,USD,ANNUAL_REVIEW (+11%),2026-10-02 19:10:55
702,2015-09-04,36194.59,USD,INITIAL_HIRE,2026-10-02 19:10:55
702,2025-02-06,40176.0,USD,ANNUAL_REVIEW (+11%),2026-10-02 19:10:55
704,2025-09-04,13027.12,USD,INITIAL_HIRE,2026-10-02 19:10:55
704,2026-09-04,15372.0,USD,ANNUAL_REVIEW (+18%),2026-10-02 19:10:55
705,2022-11-27,29162.07,USD,INITIAL_HIRE,2026-10-02 19:10:55
705,2026-05-14,33828.0,USD,ANNUAL_REVIEW (+16%),2026-10-02 19:10:55
707,2023-04-02,47714.75,USD,INITIAL_HIRE,2026-10-02 19:10:55
707,2026-03-10,58212.0,USD,ANNUAL_REVIEW (+22%),2026-10-02 19:10:55
709,2019-05-11,40280.0,USD,INITIAL_HIRE,2026-10-02 19:10:55
709,2025-12-10,48336.0,USD,ANNUAL_REVIEW (+20%),2026-10-02 19:10:55
710,2016-02-01,27661.02,USD,INITIAL_HIRE,2026-10-02 19:10:55
710,2026-06-25,32640.0,USD,ANNUAL_REVIEW (+18%),2026-10-02 19:10:55
712,2024-05-29,87000.0,USD,INITIAL_HIRE,2026-10-02 19:10:55
712,2026-03-10,97440.0,USD,ANNUAL_REVIEW (+12%),2026-10-02 19:10:55
714,2020-08-21,46470.0,USD,INITIAL_HIRE,2026-10-02 19:10:55
714,2026-08-14,55764.0,USD,ANNUAL_REVIEW (+20%),2026-10-02 19:10:55
715,2025-02-03,48000.0,USD,INITIAL_HIRE,2026-10-02 19:10:55
715,2026-08-11,56160.0,USD,ANNUAL_REVIEW (+17%),2026-10-02 19:10:55
716,2006-08-05,34821.62,USD,INITIAL_HIRE,2026-10-02 19:10:55
716,2026-01-14,38652.0,USD,ANNUAL_REVIEW (+11%),2026-10-02 19:10:55
717,2018-04-02,90747.37,USD,INITIAL_HIRE,2026-10-02 19:10:55
717,2026-01-29,103452.0,USD,ANNUAL_REVIEW (+14%),2026-10-02 19:10:55
720,2023-06-08,48178.95,USD,INITIAL_HIRE,2026-10-02 19:10:55
720,2025-11-25,54924.0,USD,ANNUAL_REVIEW (+14%),2026-10-02 19:10:55
721,2005-11-27,49221.62,USD,INITIAL_HIRE,2026-10-02 19:10:55
721,2026-02-27,54636.0,USD,ANNUAL_REVIEW (+11%),2026-10-02 19:10:55
722,2016-06-05,57814.29,USD,INITIAL_HIRE,2026-10-02 19:10:55
722,2026-05-11,64752.0,USD,ANNUAL_REVIEW (+12%),2026-10-02 19:10:55
723,2021-11-07,71536.84,USD,INITIAL_HIRE,2026-10-02 19:10:55
723,2026-04-01,81552.0,USD,ANNUAL_REVIEW (+14%),2026-10-02 19:10:55
724,2017-03-14,80973.45,USD,INITIAL_HIRE,2026-10-02 19:10:55
724,2026-04-26,91500.0,USD,ANNUAL_REVIEW (+13%),2026-10-02 19:10:55
725,2017-04-27,80129.73,USD,INITIAL_HIRE,2026-10-02 19:10:55
725,2026-06-01,88944.0,USD,ANNUAL_REVIEW (+11%),2026-10-02 19:10:55
727,2019-08-17,116441.74,USD,INITIAL_HIRE,2026-10-02 19:10:55
727,2025-12-31,133908.0,USD,ANNUAL_REVIEW (+15%),2026-10-02 19:10:55
728,2019-05-31,53142.86,USD,INITIAL_HIRE,2026-10-02 19:10:55
728,2026-05-02,59520.0,USD,ANNUAL_REVIEW (+12%),2026-10-02 19:10:55
729,2008-03-01,103884.3,USD,INITIAL_HIRE,2026-10-02 19:10:55
729,2026-05-29,125700.0,USD,ANNUAL_REVIEW (+21%),2026-10-02 19:10:55
730,2020-11-10,149384.87,USD,INITIAL_HIRE,2026-10-02 19:10:55
730,2026-03-25,177768.0,USD,ANNUAL_REVIEW (+19%),2026-10-02 19:10:55
731,2005-10-01,199732.17,USD,INITIAL_HIRE,2026-10-02 19:10:55
731,2026-01-17,229692.0,USD,ANNUAL_REVIEW (+15%),2026-10-02 19:10:55
732,2024-02-08,56894.74,USD,INITIAL_HIRE,2026-10-02 19:10:55
732,2026-06-12,64860.0,USD,ANNUAL_REVIEW (+14%),2026-10-02 19:10:55
733,2016-12-26,87203.31,USD,INITIAL_HIRE,2026-10-02 19:10:55
733,2025-11-24,105516.0,USD,ANNUAL_REVIEW (+21%),2026-10-02 19:10:55
734,2003-11-23,205596.43,USD,INITIAL_HIRE,2026-10-02 19:10:55
734,2026-04-16,230268.0,USD,ANNUAL_REVIEW (+12%),2026-10-02 19:10:55
738,2024-05-15,40434.78,USD,INITIAL_HIRE,2026-10-02 19:10:55
738,2026-02-16,46500.0,USD,ANNUAL_REVIEW (+15%),2026-10-02 19:10:55
741,2018-10-21,23532.74,USD,INITIAL_HIRE,2026-10-02 19:10:55
741,2025-01-15,26592.0,USD,ANNUAL_REVIEW (+13%),2026-10-02 19:10:55
742,2018-07-05,123294.74,USD,INITIAL_HIRE,2026-10-02 19:10:55
742,2026-04-26,140556.0,USD,ANNUAL_REVIEW (+14%),2026-10-02 19:10:55
743,2024-12-25,82747.37,USD,INITIAL_HIRE,2026-10-02 19:10:55
743,2026-07-04,94332.0,USD,ANNUAL_REVIEW (+14%),2026-10-02 19:10:55
744,2020-12-16,39031.58,USD,INITIAL_HIRE,2026-10-02 19:10:55
744,2026-01-20,44496.0,USD,ANNUAL_REVIEW (+14%),2026-10-02 19:10:55
746,2004-03-06,147535.71,USD,INITIAL_HIRE,2026-10-02 19:10:55
746,2026-09-01,165240.0,USD,ANNUAL_REVIEW (+12%),2026-10-02 19:10:55
747,2018-08-23,51746.34,USD,INITIAL_HIRE,2026-10-02 19:10:55
747,2026-04-18,63648.0,USD,ANNUAL_REVIEW (+23%),2026-10-02 19:10:55
749,2025-08-23,28562.16,USD,INITIAL_HIRE,2026-10-02 19:10:55
749,2026-08-23,31704.0,USD,ANNUAL_REVIEW (+11%),2026-10-02 19:10:55
752,2023-09-03,29560.71,USD,INITIAL_HIRE,2026-10-02 19:10:55
752,2025-09-07,33108.0,USD,ANNUAL_REVIEW (+12%),2026-10-02 19:10:55
754,2024-03-22,69193.22,USD,INITIAL_HIRE,2026-10-02 19:10:55
754,2026-02-09,81648.0,USD,ANNUAL_REVIEW (+18%),2026-10-02 19:10:55
757,2021-09-22,66400.0,USD,INITIAL_HIRE,2026-10-02 19:10:55
757,2026-03-28,73704.0,USD,ANNUAL_REVIEW (+11%),2026-10-02 19:10:55
758,2022-02-17,26315.79,USD,INITIAL_HIRE,2026-10-02 19:10:55
758,2026-06-30,30000.0,USD,ANNUAL_REVIEW (+14%),2026-10-02 19:10:55
760,2018-04-05,66667.83,USD,INITIAL_HIRE,2026-10-02 19:10:55
760,2026-05-30,76668.0,USD,ANNUAL_REVIEW (+15%),2026-10-02 19:10:55
762,2016-09-28,120032.43,USD,INITIAL_HIRE,2026-10-02 19:10:55
762,2026-03-29,133236.0,USD,ANNUAL_REVIEW (+11%),2026-10-02 19:10:55
763,2022-09-01,23420.0,USD,INITIAL_HIRE,2026-10-02 19:10:55
763,2026-08-02,28104.0,USD,ANNUAL_REVIEW (+20%),2026-10-02 19:10:55
764,2019-05-05,68682.35,USD,INITIAL_HIRE,2026-10-02 19:10:55
764,2026-05-01,81732.0,USD,ANNUAL_REVIEW (+19%),2026-10-02 19:10:55
766,2024-02-06,24178.95,USD,INITIAL_HIRE,2026-10-02 19:10:55
766,2026-05-01,27564.0,USD,ANNUAL_REVIEW (+14%),2026-10-02 19:10:55
769,2024-01-03,25128.21,USD,INITIAL_HIRE,2026-10-02 19:10:55
769,2025-12-25,29400.0,USD,ANNUAL_REVIEW (+17%),2026-10-02 19:10:55
771,2025-05-13,55059.46,USD,INITIAL_HIRE,2026-10-02 19:10:55
771,2026-07-27,61116.0,USD,ANNUAL_REVIEW (+11%),2026-10-02 19:10:55
772,2016-06-27,55398.26,USD,INITIAL_HIRE,2026-10-02 19:10:55
772,2025-12-23,63708.0,USD,ANNUAL_REVIEW (+15%),2026-10-02 19:10:55
773,2024-11-16,32463.72,USD,INITIAL_HIRE,2026-10-02 19:10:55
773,2026-05-02,36684.0,USD,ANNUAL_REVIEW (+13%),2026-10-02 19:10:55
775,2026-05-04,61452.0,USD,INITIAL_HIRE,2026-10-02 19:10:55
776,1992-06-20,182227.03,USD,INITIAL_HIRE,2026-10-02 19:10:55
776,2026-02-18,202272.0,USD,ANNUAL_REVIEW (+11%),2026-10-02 19:10:55
780,2015-08-22,28523.89,USD,INITIAL_HIRE,2026-10-02 19:10:55
780,2025-07-02,32232.0,USD,ANNUAL_REVIEW (+13%),2026-10-02 19:10:55
781,2020-09-28,60292.68,USD,INITIAL_HIRE,2026-10-02 19:10:55
781,2026-06-04,74160.0,USD,ANNUAL_REVIEW (+23%),2026-10-02 19:10:55
783,2018-06-25,70428.32,USD,INITIAL_HIRE,2026-10-02 19:10:55
783,2025-11-26,79584.0,USD,ANNUAL_REVIEW (+13%),2026-10-02 19:10:55
784,2024-04-15,35644.07,USD,INITIAL_HIRE,2026-10-02 19:10:55
784,2026-06-27,42060.0,USD,ANNUAL_REVIEW (+18%),2026-10-02 19:10:55
785,2020-10-14,68539.29,USD,INITIAL_HIRE,2026-10-02 19:10:55
785,2026-07-05,76764.0,USD,ANNUAL_REVIEW (+12%),2026-10-02 19:10:55
786,2020-02-01,61711.48,USD,INITIAL_HIRE,2026-10-02 19:10:55
786,2026-01-20,75288.0,USD,ANNUAL_REVIEW (+22%),2026-10-02 19:10:55
787,2020-09-15,210892.04,USD,INITIAL_HIRE,2026-10-02 19:10:55
787,2025-10-26,238308.0,USD,ANNUAL_REVIEW (+13%),2026-10-02 19:10:55
789,2016-04-05,79168.7,USD,INITIAL_HIRE,2026-10-02 19:10:55
789,2025-12-08,91044.0,USD,ANNUAL_REVIEW (+15%),2026-10-02 19:10:55
791,2022-08-27,43301.69,USD,INITIAL_HIRE,2026-10-02 19:10:55
791,2026-04-18,51096.0,USD,ANNUAL_REVIEW (+18%),2026-10-02 19:10:55
792,2024-05-26,45936.84,USD,INITIAL_HIRE,2026-10-02 19:10:55
792,2026-08-28,52368.0,USD,ANNUAL_REVIEW (+14%),2026-10-02 19:10:55
793,2017-11-06,46446.43,USD,INITIAL_HIRE,2026-10-02 19:10:55
793,2026-08-27,52020.0,USD,ANNUAL_REVIEW (+12%),2026-10-02 19:10:55
796,2021-12-08,54625.64,USD,INITIAL_HIRE,2026-10-02 19:10:55
796,2025-07-15,63912.0,USD,ANNUAL_REVIEW (+17%),2026-10-02 19:10:55
797,2021-12-15,33931.03,USD,INITIAL_HIRE,2026-10-02 19:10:55
797,2026-06-19,39360.0,USD,ANNUAL_REVIEW (+16%),2026-10-02 19:10:55
799,2021-02-18,59297.3,USD,INITIAL_HIRE,2026-10-02 19:10:55
799,2025-11-29,65820.0,USD,ANNUAL_REVIEW (+11%),2026-10-02 19:10:55
800,2022-07-01,43784.87,USD,INITIAL_HIRE,2026-10-02 19:10:55
800,2026-07-29,52104.0,USD,ANNUAL_REVIEW (+19%),2026-10-02 19:10:55
802,2021-01-18,29543.36,USD,INITIAL_HIRE,2026-10-02 19:10:55
802,2025-12-11,33384.0,USD,ANNUAL_REVIEW (+13%),2026-10-02 19:10:55
803,2010-12-29,64071.43,USD,INITIAL_HIRE,2026-10-02 19:10:55
803,2026-06-29,71760.0,USD,ANNUAL_REVIEW (+12%),2026-10-02 19:10:55
804,2020-09-18,47362.16,USD,INITIAL_HIRE,2026-10-02 19:10:55
804,2026-07-29,52572.0,USD,ANNUAL_REVIEW (+11%),2026-10-02 19:10:55
805,2023-08-28,26606.9,USD,INITIAL_HIRE,2026-10-02 19:10:55
805,2026-06-12,30864.0,USD,ANNUAL_REVIEW (+16%),2026-10-02 19:10:55
806,2024-02-25,38013.22,USD,INITIAL_HIRE,2026-10-02 19:10:55
806,2026-07-21,45996.0,USD,ANNUAL_REVIEW (+21%),2026-10-02 19:10:55
807,2017-11-06,41070.97,USD,INITIAL_HIRE,2026-10-02 19:10:55
807,2026-05-05,50928.0,USD,ANNUAL_REVIEW (+24%),2026-10-02 19:10:55
808,2023-09-25,66666.67,USD,INITIAL_HIRE,2026-10-02 19:10:55
808,2026-05-26,78000.0,USD,ANNUAL_REVIEW (+17%),2026-10-02 19:10:55
809,2002-02-24,195716.81,USD,INITIAL_HIRE,2026-10-02 19:10:55
809,2026-03-27,221160.0,USD,ANNUAL_REVIEW (+13%),2026-10-02 19:10:55
811,2025-10-15,19212.0,USD,INITIAL_HIRE,2026-10-02 19:10:55
812,2025-03-01,29124.32,USD,INITIAL_HIRE,2026-10-02 19:10:55
812,2026-03-25,32328.0,USD,ANNUAL_REVIEW (+11%),2026-10-02 19:10:55
813,2021-03-10,31490.0,USD,INITIAL_HIRE,2026-10-02 19:10:55
813,2026-09-02,37788.0,USD,ANNUAL_REVIEW (+20%),2026-10-02 19:10:55
815,2022-09-03,182472.41,USD,INITIAL_HIRE,2026-10-02 19:10:55
815,2026-07-27,211668.0,USD,ANNUAL_REVIEW (+16%),2026-10-02 19:10:55
816,2024-09-05,25070.27,USD,INITIAL_HIRE,2026-10-02 19:10:55
816,2026-01-30,27828.0,USD,ANNUAL_REVIEW (+11%),2026-10-02 19:10:55
817,2012-12-10,126389.19,USD,INITIAL_HIRE,2026-10-02 19:10:55
817,2026-07-06,140292.0,USD,ANNUAL_REVIEW (+11%),2026-10-02 19:10:55
819,2022-02-27,55554.78,USD,INITIAL_HIRE,2026-10-02 19:10:55
819,2025-10-12,63888.0,USD,ANNUAL_REVIEW (+15%),2026-10-02 19:10:55
820,2000-09-23,181102.7,USD,INITIAL_HIRE,2026-10-02 19:10:55
820,2026-05-31,201024.0,USD,ANNUAL_REVIEW (+11%),2026-10-02 19:10:55
823,2017-07-13,54553.04,USD,INITIAL_HIRE,2026-10-02 19:10:55
823,2026-03-21,62736.0,USD,ANNUAL_REVIEW (+15%),2026-10-02 19:10:55
824,2016-07-15,26129.03,USD,INITIAL_HIRE,2026-10-02 19:10:55
824,2026-06-02,32400.0,USD,ANNUAL_REVIEW (+24%),2026-10-02 19:10:55
825,1994-06-29,206207.14,USD,INITIAL_HIRE,2026-10-02 19:10:55
825,2025-07-20,230952.0,USD,ANNUAL_REVIEW (+12%),2026-10-02 19:10:55
826,2024-08-16,26612.39,USD,INITIAL_HIRE,2026-10-02 19:10:55
826,2026-04-14,30072.0,USD,ANNUAL_REVIEW (+13%),2026-10-02 19:10:55
827,2021-12-24,64375.22,USD,INITIAL_HIRE,2026-10-02 19:10:55
827,2026-03-21,72744.0,USD,ANNUAL_REVIEW (+13%),2026-10-02 19:10:55
828,2023-08-21,44943.59,USD,INITIAL_HIRE,2026-10-02 19:10:55
828,2025-12-26,52584.0,USD,ANNUAL_REVIEW (+17%),2026-10-02 19:10:55
829,2021-01-08,22757.52,USD,INITIAL_HIRE,2026-10-02 19:10:55
829,2026-06-28,25716.0,USD,ANNUAL_REVIEW (+13%),2026-10-02 19:10:55
830,2012-07-29,66021.43,USD,INITIAL_HIRE,2026-10-02 19:10:55
830,2026-05-02,73944.0,USD,ANNUAL_REVIEW (+12%),2026-10-02 19:10:55
832,2025-09-28,53621.05,USD,INITIAL_HIRE,2026-10-02 19:10:55
832,2026-09-28,61128.0,USD,ANNUAL_REVIEW (+14%),2026-10-02 19:10:55
833,2025-12-05,82524.0,USD,INITIAL_HIRE,2026-10-02 19:10:55
834,2025-06-29,23936.84,USD,INITIAL_HIRE,2026-10-02 19:10:55
834,2026-06-29,27288.0,USD,ANNUAL_REVIEW (+14%),2026-10-02 19:10:55
836,2017-02-27,47086.73,USD,INITIAL_HIRE,2026-10-02 19:10:55
836,2025-11-23,53208.0,USD,ANNUAL_REVIEW (+13%),2026-10-02 19:10:55
837,2021-12-05,65613.91,USD,INITIAL_HIRE,2026-10-02 19:10:55
837,2026-05-06,75456.0,USD,ANNUAL_REVIEW (+15%),2026-10-02 19:10:55
838,2021-09-21,26410.34,USD,INITIAL_HIRE,2026-10-02 19:10:55
838,2026-08-01,30636.0,USD,ANNUAL_REVIEW (+16%),2026-10-02 19:10:55
840,2016-11-05,77837.29,USD,INITIAL_HIRE,2026-10-02 19:10:55
840,2025-03-09,91848.0,USD,ANNUAL_REVIEW (+18%),2026-10-02 19:10:55
842,2017-06-07,53379.31,USD,INITIAL_HIRE,2026-10-02 19:10:55
842,2026-04-01,61920.0,USD,ANNUAL_REVIEW (+16%),2026-10-02 19:10:55
843,2022-08-12,166054.84,USD,INITIAL_HIRE,2026-10-02 19:10:55
843,2026-07-06,205908.0,USD,ANNUAL_REVIEW (+24%),2026-10-02 19:10:55
844,2017-09-15,132496.55,USD,INITIAL_HIRE,2026-10-02 19:10:55
844,2026-07-20,153696.0,USD,ANNUAL_REVIEW (+16%),2026-10-02 19:10:55
845,2018-01-04,101365.29,USD,INITIAL_HIRE,2026-10-02 19:10:55
845,2025-12-11,122652.0,USD,ANNUAL_REVIEW (+21%),2026-10-02 19:10:55
846,2018-03-16,47790.0,USD,INITIAL_HIRE,2026-10-02 19:10:55
846,2025-11-11,57348.0,USD,ANNUAL_REVIEW (+20%),2026-10-02 19:10:55
847,2022-11-12,37684.03,USD,INITIAL_HIRE,2026-10-02 19:10:55
847,2026-03-15,44844.0,USD,ANNUAL_REVIEW (+19%),2026-10-02 19:10:55
848,2017-10-03,24905.26,USD,INITIAL_HIRE,2026-10-02 19:10:55
848,2025-11-22,28392.0,USD,ANNUAL_REVIEW (+14%),2026-10-02 19:10:55
850,2025-11-18,20472.0,USD,INITIAL_HIRE,2026-10-02 19:10:55
851,2006-07-16,171652.63,USD,INITIAL_HIRE,2026-10-02 19:10:55
851,2026-02-20,195684.0,USD,ANNUAL_REVIEW (+14%),2026-10-02 19:10:55
852,2021-06-29,63567.86,USD,INITIAL_HIRE,2026-10-02 19:10:55
852,2026-03-03,71196.0,USD,ANNUAL_REVIEW (+12%),2026-10-02 19:10:55
854,2021-12-25,36361.06,USD,INITIAL_HIRE,2026-10-02 19:10:55
854,2026-03-23,41088.0,USD,ANNUAL_REVIEW (+13%),2026-10-02 19:10:55
855,2017-07-13,39708.2,USD,INITIAL_HIRE,2026-10-02 19:10:55
855,2025-11-10,48444.0,USD,ANNUAL_REVIEW (+22%),2026-10-02 19:10:55
856,2020-09-14,27664.86,USD,INITIAL_HIRE,2026-10-02 19:10:55
856,2026-01-25,30708.0,USD,ANNUAL_REVIEW (+11%),2026-10-02 19:10:55
857,2008-02-24,65273.68,USD,INITIAL_HIRE,2026-10-02 19:10:55
857,2026-08-07,74412.0,USD,ANNUAL_REVIEW (+14%),2026-10-02 19:10:55
859,2021-01-10,47600.0,USD,INITIAL_HIRE,2026-10-02 19:10:55
859,2026-05-08,52836.0,USD,ANNUAL_REVIEW (+11%),2026-10-02 19:10:55
861,2020-11-16,40296.43,USD,INITIAL_HIRE,2026-10-02 19:10:55
861,2025-11-13,45132.0,USD,ANNUAL_REVIEW (+12%),2026-10-02 19:10:55
862,2020-11-29,111193.22,USD,INITIAL_HIRE,2026-10-02 19:10:55
862,2026-05-04,131208.0,USD,ANNUAL_REVIEW (+18%),2026-10-02 19:10:55
864,2021-08-24,115296.43,USD,INITIAL_HIRE,2026-10-02 19:10:55
864,2026-07-03,129132.0,USD,ANNUAL_REVIEW (+12%),2026-10-02 19:10:55
865,2021-01-20,55446.43,USD,INITIAL_HIRE,2026-10-02 19:10:55
865,2025-12-15,62100.0,USD,ANNUAL_REVIEW (+12%),2026-10-02 19:10:55
867,2016-12-26,135993.44,USD,INITIAL_HIRE,2026-10-02 19:10:55
867,2026-02-27,165912.0,USD,ANNUAL_REVIEW (+22%),2026-10-02 19:10:55
868,2025-02-13,63872.27,USD,INITIAL_HIRE,2026-10-02 19:10:55
868,2026-03-17,76008.0,USD,ANNUAL_REVIEW (+19%),2026-10-02 19:10:55
869,2021-01-04,52417.7,USD,INITIAL_HIRE,2026-10-02 19:10:55
869,2026-04-29,59232.0,USD,ANNUAL_REVIEW (+13%),2026-10-02 19:10:55
872,2023-12-30,46967.21,USD,INITIAL_HIRE,2026-10-02 19:10:55
872,2026-07-27,57300.0,USD,ANNUAL_REVIEW (+22%),2026-10-02 19:10:55
874,2023-05-08,27270.97,USD,INITIAL_HIRE,2026-10-02 19:10:55
874,2026-05-10,33816.0,USD,ANNUAL_REVIEW (+24%),2026-10-02 19:10:55
875,2024-09-19,26473.68,USD,INITIAL_HIRE,2026-10-02 19:10:55
875,2026-04-24,30180.0,USD,ANNUAL_REVIEW (+14%),2026-10-02 19:10:55
878,2021-05-04,23226.45,USD,INITIAL_HIRE,2026-10-02 19:10:55
878,2025-11-26,28104.0,USD,ANNUAL_REVIEW (+21%),2026-10-02 19:10:55
879,2021-07-28,42650.85,USD,INITIAL_HIRE,2026-10-02 19:10:55
879,2026-06-02,50328.0,USD,ANNUAL_REVIEW (+18%),2026-10-02 19:10:55
880,2009-08-26,106850.0,USD,INITIAL_HIRE,2026-10-02 19:10:55
880,2026-07-20,128220.0,USD,ANNUAL_REVIEW (+20%),2026-10-02 19:10:55
881,2015-12-11,20389.92,USD,INITIAL_HIRE,2026-10-02 19:10:55
881,2025-08-16,24264.0,USD,ANNUAL_REVIEW (+19%),2026-10-02 19:10:55
882,2023-02-14,24792.86,USD,INITIAL_HIRE,2026-10-02 19:10:55
882,2025-11-06,27768.0,USD,ANNUAL_REVIEW (+12%),2026-10-02 19:10:55
885,2021-04-19,45600.0,USD,INITIAL_HIRE,2026-10-02 19:10:55
885,2026-04-10,51072.0,USD,ANNUAL_REVIEW (+12%),2026-10-02 19:10:55
887,2022-04-07,37034.48,USD,INITIAL_HIRE,2026-10-02 19:10:55
887,2026-05-11,42960.0,USD,ANNUAL_REVIEW (+16%),2026-10-02 19:10:55
888,2021-01-29,32430.77,USD,INITIAL_HIRE,2026-10-02 19:10:55
888,2026-02-14,37944.0,USD,ANNUAL_REVIEW (+17%),2026-10-02 19:10:55
889,2016-04-04,68673.68,USD,INITIAL_HIRE,2026-10-02 19:10:55
889,2026-02-19,78288.0,USD,ANNUAL_REVIEW (+14%),2026-10-02 19:10:55
893,2024-03-08,29233.61,USD,INITIAL_HIRE,2026-10-02 19:10:55
893,2026-06-04,34788.0,USD,ANNUAL_REVIEW (+19%),2026-10-02 19:10:55
894,2021-09-04,55550.44,USD,INITIAL_HIRE,2026-10-02 19:10:55
894,2025-11-15,62772.0,USD,ANNUAL_REVIEW (+13%),2026-10-02 19:10:55
895,2019-12-26,23757.98,USD,INITIAL_HIRE,2026-10-02 19:10:55
895,2026-03-08,28272.0,USD,ANNUAL_REVIEW (+19%),2026-10-02 19:10:55
896,2022-09-11,28235.29,USD,INITIAL_HIRE,2026-10-02 19:10:55
896,2025-12-21,33600.0,USD,ANNUAL_REVIEW (+19%),2026-10-02 19:10:55
897,2024-08-12,124589.47,USD,INITIAL_HIRE,2026-10-02 19:10:55
897,2026-05-03,142032.0,USD,ANNUAL_REVIEW (+14%),2026-10-02 19:10:55
899,2013-01-06,112789.66,USD,INITIAL_HIRE,2026-10-02 19:10:55
899,2025-11-29,130836.0,USD,ANNUAL_REVIEW (+16%),2026-10-02 19:10:55
900,2021-02-01,31022.61,USD,INITIAL_HIRE,2026-10-02 19:10:55
900,2026-05-07,35676.0,USD,ANNUAL_REVIEW (+15%),2026-10-02 19:10:55
901,2014-09-15,145169.49,USD,INITIAL_HIRE,2026-10-02 19:10:55
901,2026-03-16,171300.0,USD,ANNUAL_REVIEW (+18%),2026-10-02 19:10:55
902,2021-07-31,59065.49,USD,INITIAL_HIRE,2026-10-02 19:10:55
902,2026-03-02,66744.0,USD,ANNUAL_REVIEW (+13%),2026-10-02 19:10:55
903,2019-09-27,44626.23,USD,INITIAL_HIRE,2026-10-02 19:10:55
903,2026-02-02,54444.0,USD,ANNUAL_REVIEW (+22%),2026-10-02 19:10:55
904,2016-07-05,81153.98,USD,INITIAL_HIRE,2026-10-02 19:10:55
904,2025-12-14,91704.0,USD,ANNUAL_REVIEW (+13%),2026-10-02 19:10:55
905,1995-08-30,193772.97,USD,INITIAL_HIRE,2026-10-02 19:10:55
905,2026-07-20,215088.0,USD,ANNUAL_REVIEW (+11%),2026-10-02 19:10:55
909,2021-02-10,56259.46,USD,INITIAL_HIRE,2026-10-02 19:10:55
909,2026-03-31,62448.0,USD,ANNUAL_REVIEW (+11%),2026-10-02 19:10:55
910,2022-04-13,24616.22,USD,INITIAL_HIRE,2026-10-02 19:10:55
910,2026-03-26,27324.0,USD,ANNUAL_REVIEW (+11%),2026-10-02 19:10:55
911,2024-09-09,27048.39,USD,INITIAL_HIRE,2026-10-02 19:10:55
911,2026-05-16,33540.0,USD,ANNUAL_REVIEW (+24%),2026-10-02 19:10:55
912,2022-01-27,26652.63,USD,INITIAL_HIRE,2026-10-02 19:10:55
912,2026-02-12,30384.0,USD,ANNUAL_REVIEW (+14%),2026-10-02 19:10:55
913,2018-03-14,27175.22,USD,INITIAL_HIRE,2026-10-02 19:10:55
913,2026-07-29,30708.0,USD,ANNUAL_REVIEW (+13%),2026-10-02 19:10:55
916,2022-04-17,51663.16,USD,INITIAL_HIRE,2026-10-02 19:10:55
916,2026-04-18,58896.0,USD,ANNUAL_REVIEW (+14%),2026-10-02 19:10:55
918,2024-11-11,25052.63,USD,INITIAL_HIRE,2026-10-02 19:10:55
918,2025-11-11,28560.0,USD,ANNUAL_REVIEW (+14%),2026-10-02 19:10:55
920,2025-09-09,47256.2,USD,INITIAL_HIRE,2026-10-02 19:10:55
920,2026-09-09,57180.0,USD,ANNUAL_REVIEW (+21%),2026-10-02 19:10:55
922,2023-12-19,21706.19,USD,INITIAL_HIRE,2026-10-02 19:10:55
922,2025-10-05,24528.0,USD,ANNUAL_REVIEW (+13%),2026-10-02 19:10:55
923,2024-12-08,27156.3,USD,INITIAL_HIRE,2026-10-02 19:10:55
923,2025-12-08,32316.0,USD,ANNUAL_REVIEW (+19%),2026-10-02 19:10:55
924,2010-09-18,67548.72,USD,INITIAL_HIRE,2026-10-02 19:10:55
924,2026-06-18,79032.0,USD,ANNUAL_REVIEW (+17%),2026-10-02 19:10:55
925,2023-07-22,33498.31,USD,INITIAL_HIRE,2026-10-02 19:10:55
925,2025-12-19,39528.0,USD,ANNUAL_REVIEW (+18%),2026-10-02 19:10:55
926,2022-11-27,42060.5,USD,INITIAL_HIRE,2026-10-02 19:10:55
926,2025-11-25,50052.0,USD,ANNUAL_REVIEW (+19%),2026-10-02 19:10:55
927,2018-07-14,29500.88,USD,INITIAL_HIRE,2026-10-02 19:10:55
927,2025-11-02,33336.0,USD,ANNUAL_REVIEW (+13%),2026-10-02 19:10:55
930,2024-02-11,24172.88,USD,INITIAL_HIRE,2026-10-02 19:10:55
930,2026-06-11,28524.0,USD,ANNUAL_REVIEW (+18%),2026-10-02 19:10:55
932,2023-08-01,23841.32,USD,INITIAL_HIRE,2026-10-02 19:10:55
932,2025-04-16,28848.0,USD,ANNUAL_REVIEW (+21%),2026-10-02 19:10:55
933,2025-08-06,23374.79,USD,INITIAL_HIRE,2026-10-02 19:10:55
933,2026-08-06,27816.0,USD,ANNUAL_REVIEW (+19%),2026-10-02 19:10:55
934,2025-06-02,21136.84,USD,INITIAL_HIRE,2026-10-02 19:10:55
934,2026-06-02,24096.0,USD,ANNUAL_REVIEW (+14%),2026-10-02 19:10:55
936,2021-09-02,64041.03,USD,INITIAL_HIRE,2026-10-02 19:10:55
936,2026-03-20,74928.0,USD,ANNUAL_REVIEW (+17%),2026-10-02 19:10:55
939,2023-01-21,30259.46,USD,INITIAL_HIRE,2026-10-02 19:10:55
939,2026-08-31,33588.0,USD,ANNUAL_REVIEW (+11%),2026-10-02 19:10:55
940,2020-08-03,112056.64,USD,INITIAL_HIRE,2026-10-02 19:10:55
940,2025-12-14,126624.0,USD,ANNUAL_REVIEW (+13%),2026-10-02 19:10:55
941,2019-05-31,24302.61,USD,INITIAL_HIRE,2026-10-02 19:10:55
941,2026-07-16,27948.0,USD,ANNUAL_REVIEW (+15%),2026-10-02 19:10:55
942,2015-11-13,38534.4,USD,INITIAL_HIRE,2026-10-02 19:10:55
942,2026-07-28,48168.0,USD,ANNUAL_REVIEW (+25%),2026-10-02 19:10:55
944,2000-03-21,80032.43,USD,INITIAL_HIRE,2026-10-02 19:10:55
944,2026-02-12,88836.0,USD,ANNUAL_REVIEW (+11%),2026-10-02 19:10:55
945,2026-05-04,27108.0,USD,INITIAL_HIRE,2026-10-02 19:10:55
947,2017-04-06,73614.16,USD,INITIAL_HIRE,2026-10-02 19:10:55
947,2026-03-05,83184.0,USD,ANNUAL_REVIEW (+13%),2026-10-02 19:10:55
949,2020-01-17,47572.88,USD,INITIAL_HIRE,2026-10-02 19:10:55
949,2026-08-15,56136.0,USD,ANNUAL_REVIEW (+18%),2026-10-02 19:10:55
950,2011-07-10,144233.63,USD,INITIAL_HIRE,2026-10-02 19:10:55
950,2026-07-14,162984.0,USD,ANNUAL_REVIEW (+13%),2026-10-02 19:10:55
951,2023-03-06,23320.0,USD,INITIAL_HIRE,2026-10-02 19:10:55
951,2026-03-09,27984.0,USD,ANNUAL_REVIEW (+20%),2026-10-02 19:10:55
952,2024-03-05,24538.98,USD,INITIAL_HIRE,2026-10-02 19:10:55
952,2025-09-03,28956.0,USD,ANNUAL_REVIEW (+18%),2026-10-02 19:10:55
954,2025-03-27,103982.14,USD,INITIAL_HIRE,2026-10-02 19:10:55
954,2026-03-27,116460.0,USD,ANNUAL_REVIEW (+12%),2026-10-02 19:10:55
956,2019-05-08,46007.14,USD,INITIAL_HIRE,2026-10-02 19:10:55
956,2026-05-02,51528.0,USD,ANNUAL_REVIEW (+12%),2026-10-02 19:10:55
957,2008-08-15,50134.51,USD,INITIAL_HIRE,2026-10-02 19:10:55
957,2026-03-09,56652.0,USD,ANNUAL_REVIEW (+13%),2026-10-02 19:10:55
958,2015-07-12,24981.82,USD,INITIAL_HIRE,2026-10-02 19:10:55
958,2026-04-13,30228.0,USD,ANNUAL_REVIEW (+21%),2026-10-02 19:10:55
959,2024-03-20,22523.89,USD,INITIAL_HIRE,2026-10-02 19:10:55
959,2025-09-10,25452.0,USD,ANNUAL_REVIEW (+13%),2026-10-02 19:10:55
960,2024-10-08,29979.83,USD,INITIAL_HIRE,2026-10-02 19:10:55
960,2025-11-23,35676.0,USD,ANNUAL_REVIEW (+19%),2026-10-02 19:10:55
961,2017-06-25,63297.3,USD,INITIAL_HIRE,2026-10-02 19:10:55
961,2026-02-05,70260.0,USD,ANNUAL_REVIEW (+11%),2026-10-02 19:10:55
964,2025-05-17,38073.68,USD,INITIAL_HIRE,2026-10-02 19:10:55
964,2026-05-17,43404.0,USD,ANNUAL_REVIEW (+14%),2026-10-02 19:10:55
966,2018-03-25,72053.57,USD,INITIAL_HIRE,2026-10-02 19:10:55
966,2026-03-08,80700.0,USD,ANNUAL_REVIEW (+12%),2026-10-02 19:10:55
967,2009-07-20,111621.62,USD,INITIAL_HIRE,2026-10-02 19:10:55
967,2025-06-24,123900.0,USD,ANNUAL_REVIEW (+11%),2026-10-02 19:10:55
969,2021-02-13,73147.37,USD,INITIAL_HIRE,2026-10-02 19:10:55
969,2026-07-02,83388.0,USD,ANNUAL_REVIEW (+14%),2026-10-02 19:10:55
970,2012-03-19,114691.89,USD,INITIAL_HIRE,2026-10-02 19:10:55
970,2025-08-12,127308.0,USD,ANNUAL_REVIEW (+11%),2026-10-02 19:10:55
972,2017-03-02,47646.43,USD,INITIAL_HIRE,2026-10-02 19:10:55
972,2026-03-17,53364.0,USD,ANNUAL_REVIEW (+12%),2026-10-02 19:10:55
974,2023-05-09,22507.83,USD,INITIAL_HIRE,2026-10-02 19:10:55
974,2026-01-29,25884.0,USD,ANNUAL_REVIEW (+15%),2026-10-02 19:10:55
975,2020-11-25,47596.55,USD,INITIAL_HIRE,2026-10-02 19:10:55
975,2025-12-11,55212.0,USD,ANNUAL_REVIEW (+16%),2026-10-02 19:10:55
976,2017-08-11,178424.35,USD,INITIAL_HIRE,2026-10-02 19:10:55
976,2025-11-28,205188.0,USD,ANNUAL_REVIEW (+15%),2026-10-02 19:10:55
977,2024-10-29,23990.32,USD,INITIAL_HIRE,2026-10-02 19:10:55
977,2025-10-29,29748.0,USD,ANNUAL_REVIEW (+24%),2026-10-02 19:10:55
981,2009-05-03,157720.35,USD,INITIAL_HIRE,2026-10-02 19:10:55
981,2026-01-09,178224.0,USD,ANNUAL_REVIEW (+13%),2026-10-02 19:10:55
982,2018-04-17,78529.73,USD,INITIAL_HIRE,2026-10-02 19:10:55
982,2026-04-13,87168.0,USD,ANNUAL_REVIEW (+11%),2026-10-02 19:10:55
983,2021-02-16,60169.91,USD,INITIAL_HIRE,2026-10-02 19:10:55
983,2026-01-23,67992.0,USD,ANNUAL_REVIEW (+13%),2026-10-02 19:10:55
984,2016-05-22,83076.11,USD,INITIAL_HIRE,2026-10-02 19:10:55
984,2026-05-29,93876.0,USD,ANNUAL_REVIEW (+13%),2026-10-02 19:10:55
985,2017-12-04,80135.59,USD,INITIAL_HIRE,2026-10-02 19:10:55
985,2026-01-31,94560.0,USD,ANNUAL_REVIEW (+18%),2026-10-02 19:10:55
986,2024-10-01,136489.66,USD,INITIAL_HIRE,2026-10-02 19:10:55
986,2026-01-10,158328.0,USD,ANNUAL_REVIEW (+16%),2026-10-02 19:10:55
987,2007-08-21,51095.8,USD,INITIAL_HIRE,2026-10-02 19:10:55
987,2025-12-01,60804.0,USD,ANNUAL_REVIEW (+19%),2026-10-02 19:10:55
990,2019-08-24,53936.28,USD,INITIAL_HIRE,2026-10-02 19:10:55
990,2026-06-21,60948.0,USD,ANNUAL_REVIEW (+13%),2026-10-02 19:10:55
991,2022-05-22,22829.51,USD,INITIAL_HIRE,2026-10-02 19:10:55
991,2025-08-25,27852.0,USD,ANNUAL_REVIEW (+22%),2026-10-02 19:10:55
992,2016-08-19,188583.78,USD,INITIAL_HIRE,2026-10-02 19:10:55
992,2026-08-30,209328.0,USD,ANNUAL_REVIEW (+11%),2026-10-02 19:10:55
994,2025-05-15,28848.0,USD,INITIAL_HIRE,2026-10-02 19:10:55
995,2023-07-02,35105.08,USD,INITIAL_HIRE,2026-10-02 19:10:55
995,2026-07-18,41424.0,USD,ANNUAL_REVIEW (+18%),2026-10-02 19:10:55
996,2021-09-02,23894.74,USD,INITIAL_HIRE,2026-10-02 19:10:55
996,2025-11-10,27240.0,USD,ANNUAL_REVIEW (+14%),2026-10-02 19:10:55
997,2021-06-24,171137.7,USD,INITIAL_HIRE,2026-10-02 19:10:55
997,2025-12-26,208788.0,USD,ANNUAL_REVIEW (+22%),2026-10-02 19:10:55
998,2020-03-13,58279.65,USD,INITIAL_HIRE,2026-10-02 19:10:55
998,2026-06-28,65856.0,USD,ANNUAL_REVIEW (+13%),2026-10-02 19:10:55
999,2008-05-14,199169.23,USD,INITIAL_HIRE,2026-10-02 19:10:55
999,2026-07-25,233028.0,USD,ANNUAL_REVIEW (+17%),2026-10-02 19:10:55
1001,2024-01-16,29589.47,USD,INITIAL_HIRE,2026-10-02 19:10:55
1001,2025-12-31,33732.0,USD,ANNUAL_REVIEW (+14%),2026-10-02 19:10:55
1002,2017-03-14,37909.57,USD,INITIAL_HIRE,2026-10-02 19:10:55
1002,2025-11-08,43596.0,USD,ANNUAL_REVIEW (+15%),2026-10-02 19:10:55
1003,2017-05-23,42697.44,USD,INITIAL_HIRE,2026-10-02 19:10:55
1003,2026-07-14,49956.0,USD,ANNUAL_REVIEW (+17%),2026-10-02 19:10:55
1004,2020-08-04,23048.65,USD,INITIAL_HIRE,2026-10-02 19:10:55
1004,2025-07-16,25584.0,USD,ANNUAL_REVIEW (+11%),2026-10-02 19:10:55
1005,2013-11-15,142098.31,USD,INITIAL_HIRE,2026-10-02 19:10:55
1005,2026-06-09,167676.0,USD,ANNUAL_REVIEW (+18%),2026-10-02 19:10:55
1006,2024-05-19,27528.21,USD,INITIAL_HIRE,2026-10-02 19:10:55
1006,2026-01-21,32208.0,USD,ANNUAL_REVIEW (+17%),2026-10-02 19:10:55
1007,2018-08-13,115168.14,USD,INITIAL_HIRE,2026-10-02 19:10:55
1007,2026-04-30,130140.0,USD,ANNUAL_REVIEW (+13%),2026-10-02 19:10:55
1009,2022-05-20,45673.04,USD,INITIAL_HIRE,2026-10-02 19:10:55
1009,2026-07-27,52524.0,USD,ANNUAL_REVIEW (+15%),2026-10-02 19:10:55
1010,2021-11-30,36222.58,USD,INITIAL_HIRE,2026-10-02 19:10:55
1010,2026-04-30,44916.0,USD,ANNUAL_REVIEW (+24%),2026-10-02 19:10:55
1011,2022-07-22,44442.86,USD,INITIAL_HIRE,2026-10-02 19:10:55
1011,2026-03-24,49776.0,USD,ANNUAL_REVIEW (+12%),2026-10-02 19:10:55
1012,2025-11-22,12612.0,USD,INITIAL_HIRE,2026-10-02 19:10:55
1013,2016-03-22,116097.3,USD,INITIAL_HIRE,2026-10-02 19:10:55
1013,2026-01-05,128868.0,USD,ANNUAL_REVIEW (+11%),2026-10-02 19:10:55
1014,2010-03-17,112302.7,USD,INITIAL_HIRE,2026-10-02 19:10:55
1014,2026-08-27,124656.0,USD,ANNUAL_REVIEW (+11%),2026-10-02 19:10:55
1015,2018-06-20,122314.29,USD,INITIAL_HIRE,2026-10-02 19:10:55
1015,2025-11-18,136992.0,USD,ANNUAL_REVIEW (+12%),2026-10-02 19:10:55
1016,2024-09-29,27130.43,USD,INITIAL_HIRE,2026-10-02 19:10:55
1016,2025-12-17,31200.0,USD,ANNUAL_REVIEW (+15%),2026-10-02 19:10:55
1017,2023-06-12,24841.03,USD,INITIAL_HIRE,2026-10-02 19:10:55
1017,2025-09-03,29064.0,USD,ANNUAL_REVIEW (+17%),2026-10-02 19:10:55
1018,2018-06-26,58628.57,USD,INITIAL_HIRE,2026-10-02 19:10:55
1018,2025-11-27,65664.0,USD,ANNUAL_REVIEW (+12%),2026-10-02 19:10:55
1019,2022-05-17,25575.65,USD,INITIAL_HIRE,2026-10-02 19:10:55
1019,2026-07-18,29412.0,USD,ANNUAL_REVIEW (+15%),2026-10-02 19:10:55
1022,2024-04-28,45026.55,USD,INITIAL_HIRE,2026-10-02 19:10:55
1022,2026-08-05,50880.0,USD,ANNUAL_REVIEW (+13%),2026-10-02 19:10:55
1024,2011-04-29,115778.95,USD,INITIAL_HIRE,2026-10-02 19:10:55
1024,2026-01-12,131988.0,USD,ANNUAL_REVIEW (+14%),2026-10-02 19:10:55
1025,2024-08-15,52663.16,USD,INITIAL_HIRE,2026-10-02 19:10:55
1025,2026-07-08,60036.0,USD,ANNUAL_REVIEW (+14%),2026-10-02 19:10:55
1026,2005-07-20,131813.79,USD,INITIAL_HIRE,2026-10-02 19:10:55
1026,2026-07-20,152904.0,USD,ANNUAL_REVIEW (+16%),2026-10-02 19:10:55
1027,2023-09-01,42986.44,USD,INITIAL_HIRE,2026-10-02 19:10:55
1027,2026-04-14,50724.0,USD,ANNUAL_REVIEW (+18%),2026-10-02 19:10:55
1028,2023-03-27,39170.0,USD,INITIAL_HIRE,2026-10-02 19:10:55
1028,2025-12-02,47004.0,USD,ANNUAL_REVIEW (+20%),2026-10-02 19:10:55
1029,2025-06-08,194368.14,USD,INITIAL_HIRE,2026-10-02 19:10:55
1029,2026-06-08,219636.0,USD,ANNUAL_REVIEW (+13%),2026-10-02 19:10:55
1030,2025-03-29,24203.39,USD,INITIAL_HIRE,2026-10-02 19:10:55
1030,2026-03-31,28560.0,USD,ANNUAL_REVIEW (+18%),2026-10-02 19:10:55
1032,2021-03-21,145762.83,USD,INITIAL_HIRE,2026-10-02 19:10:55
1032,2026-07-05,164712.0,USD,ANNUAL_REVIEW (+13%),2026-10-02 19:10:55
1033,2024-12-19,49846.96,USD,INITIAL_HIRE,2026-10-02 19:10:55
1033,2026-03-30,57324.0,USD,ANNUAL_REVIEW (+15%),2026-10-02 19:10:55
1034,2018-04-04,67210.53,USD,INITIAL_HIRE,2026-10-02 19:10:55
1034,2026-02-07,76620.0,USD,ANNUAL_REVIEW (+14%),2026-10-02 19:10:55
1035,2005-03-02,196455.74,USD,INITIAL_HIRE,2026-10-02 19:10:55
1035,2026-07-17,239676.0,USD,ANNUAL_REVIEW (+22%),2026-10-02 19:10:55
1036,2025-03-22,73510.71,USD,INITIAL_HIRE,2026-10-02 19:10:55
1036,2026-03-29,82332.0,USD,ANNUAL_REVIEW (+12%),2026-10-02 19:10:55
1037,2023-09-14,50532.2,USD,INITIAL_HIRE,2026-10-02 19:10:55
1037,2026-03-14,59628.0,USD,ANNUAL_REVIEW (+18%),2026-10-02 19:10:55
1038,1993-07-06,207078.26,USD,INITIAL_HIRE,2026-10-02 19:10:55
1038,2025-09-21,238140.0,USD,ANNUAL_REVIEW (+15%),2026-10-02 19:10:55
1039,2014-06-20,135457.63,USD,INITIAL_HIRE,2026-10-02 19:10:55
1039,2026-06-20,159840.0,USD,ANNUAL_REVIEW (+18%),2026-10-02 19:10:55
1040,2008-07-13,68003.57,USD,INITIAL_HIRE,2026-10-02 19:10:55
1040,2026-02-09,76164.0,USD,ANNUAL_REVIEW (+12%),2026-10-02 19:10:55
1042,2008-05-16,28375.86,USD,INITIAL_HIRE,2026-10-02 19:10:55
1042,2025-04-01,32916.0,USD,ANNUAL_REVIEW (+16%),2026-10-02 19:10:55
1043,2005-06-11,115539.82,USD,INITIAL_HIRE,2026-10-02 19:10:55
1043,2026-07-20,130560.0,USD,ANNUAL_REVIEW (+13%),2026-10-02 19:10:55
1044,2024-04-04,23616.81,USD,INITIAL_HIRE,2026-10-02 19:10:55
1044,2026-01-06,28104.0,USD,ANNUAL_REVIEW (+19%),2026-10-02 19:10:55
1045,2017-07-29,187433.63,USD,INITIAL_HIRE,2026-10-02 19:10:55
1045,2026-02-17,211800.0,USD,ANNUAL_REVIEW (+13%),2026-10-02 19:10:55
1046,2018-05-13,43125.0,USD,INITIAL_HIRE,2026-10-02 19:10:55
1046,2025-11-15,48300.0,USD,ANNUAL_REVIEW (+12%),2026-10-02 19:10:55
1047,2011-04-10,105135.14,USD,INITIAL_HIRE,2026-10-02 19:10:55
1047,2025-12-02,116700.0,USD,ANNUAL_REVIEW (+11%),2026-10-02 19:10:55
1048,2020-03-09,125305.26,USD,INITIAL_HIRE,2026-10-02 19:10:55
1048,2026-08-03,142848.0,USD,ANNUAL_REVIEW (+14%),2026-10-02 19:10:55
1049,2020-04-11,22520.69,USD,INITIAL_HIRE,2026-10-02 19:10:55
1049,2026-01-22,26124.0,USD,ANNUAL_REVIEW (+16%),2026-10-02 19:10:55
1050,2011-06-05,80625.0,USD,INITIAL_HIRE,2026-10-02 19:10:55
1050,2026-03-08,90300.0,USD,ANNUAL_REVIEW (+12%),2026-10-02 19:10:55
1052,2024-05-22,50884.21,USD,INITIAL_HIRE,2026-10-02 19:10:55
1052,2026-01-31,58008.0,USD,ANNUAL_REVIEW (+14%),2026-10-02 19:10:55
1053,2022-06-05,21494.74,USD,INITIAL_HIRE,2026-10-02 19:10:55
1053,2025-08-06,24504.0,USD,ANNUAL_REVIEW (+14%),2026-10-02 19:10:55
1055,2025-01-08,22386.55,USD,INITIAL_HIRE,2026-10-02 19:10:55
1055,2026-01-08,26640.0,USD,ANNUAL_REVIEW (+19%),2026-10-02 19:10:55
1056,2025-02-01,10347.54,USD,INITIAL_HIRE,2026-10-02 19:10:55
1056,2026-03-23,12624.0,USD,ANNUAL_REVIEW (+22%),2026-10-02 19:10:55
1060,2024-04-01,29182.76,USD,INITIAL_HIRE,2026-10-02 19:10:55
1060,2026-05-24,33852.0,USD,ANNUAL_REVIEW (+16%),2026-10-02 19:10:55
1061,2017-12-13,207967.57,USD,INITIAL_HIRE,2026-10-02 19:10:55
1061,2026-05-29,230844.0,USD,ANNUAL_REVIEW (+11%),2026-10-02 19:10:55
1062,2022-08-21,42855.65,USD,INITIAL_HIRE,2026-10-02 19:10:55
1062,2025-12-24,49284.0,USD,ANNUAL_REVIEW (+15%),2026-10-02 19:10:55
1066,2018-12-02,88378.95,USD,INITIAL_HIRE,2026-10-02 19:10:55
1066,2026-06-09,100752.0,USD,ANNUAL_REVIEW (+14%),2026-10-02 19:10:55
1068,2020-12-25,21313.27,USD,INITIAL_HIRE,2026-10-02 19:10:55
1068,2026-07-17,24084.0,USD,ANNUAL_REVIEW (+13%),2026-10-02 19:10:55
1069,2024-04-19,201302.56,USD,INITIAL_HIRE,2026-10-02 19:10:55
1069,2026-03-14,235524.0,USD,ANNUAL_REVIEW (+17%),2026-10-02 19:10:55
1070,2017-02-02,115524.32,USD,INITIAL_HIRE,2026-10-02 19:10:55
1070,2025-11-08,128232.0,USD,ANNUAL_REVIEW (+11%),2026-10-02 19:10:55
1071,2021-04-13,29667.23,USD,INITIAL_HIRE,2026-10-02 19:10:55
1071,2026-07-09,35304.0,USD,ANNUAL_REVIEW (+19%),2026-10-02 19:10:55
1073,2012-07-06,95762.16,USD,INITIAL_HIRE,2026-10-02 19:10:55
1073,2026-06-18,106296.0,USD,ANNUAL_REVIEW (+11%),2026-10-02 19:10:55
1074,2017-01-11,174845.22,USD,INITIAL_HIRE,2026-10-02 19:10:55
1074,2026-04-14,201072.0,USD,ANNUAL_REVIEW (+15%),2026-10-02 19:10:55
1076,2025-07-13,114669.03,USD,INITIAL_HIRE,2026-10-02 19:10:55
1076,2026-07-13,129576.0,USD,ANNUAL_REVIEW (+13%),2026-10-02 19:10:55
1077,2023-11-20,24452.63,USD,INITIAL_HIRE,2026-10-02 19:10:55
1077,2025-07-21,27876.0,USD,ANNUAL_REVIEW (+14%),2026-10-02 19:10:55
1079,2025-03-03,15037.17,USD,INITIAL_HIRE,2026-10-02 19:10:55
1079,2026-05-07,16992.0,USD,ANNUAL_REVIEW (+13%),2026-10-02 19:10:55
1080,2009-12-29,45024.39,USD,INITIAL_HIRE,2026-10-02 19:10:55
1080,2026-07-26,55380.0,USD,ANNUAL_REVIEW (+23%),2026-10-02 19:10:55
1081,2015-08-18,26367.86,USD,INITIAL_HIRE,2026-10-02 19:10:55
1081,2025-09-06,29532.0,USD,ANNUAL_REVIEW (+12%),2026-10-02 19:10:55
1082,2015-09-18,93450.0,USD,INITIAL_HIRE,2026-10-02 19:10:55
1082,2025-04-24,104664.0,USD,ANNUAL_REVIEW (+12%),2026-10-02 19:10:55
1083,2021-09-19,40913.79,USD,INITIAL_HIRE,2026-10-02 19:10:55
1083,2025-11-25,47460.0,USD,ANNUAL_REVIEW (+16%),2026-10-02 19:10:55
1084,2020-08-25,103899.13,USD,INITIAL_HIRE,2026-10-02 19:10:55
1084,2026-04-03,119484.0,USD,ANNUAL_REVIEW (+15%),2026-10-02 19:10:55
1085,2016-09-14,35851.33,USD,INITIAL_HIRE,2026-10-02 19:10:55
1085,2026-05-05,40512.0,USD,ANNUAL_REVIEW (+13%),2026-10-02 19:10:55
1088,2007-09-09,89725.42,USD,INITIAL_HIRE,2026-10-02 19:10:55
1088,2025-12-30,105876.0,USD,ANNUAL_REVIEW (+18%),2026-10-02 19:10:55
1092,2014-12-19,103220.0,USD,INITIAL_HIRE,2026-10-02 19:10:55
1092,2026-07-06,123864.0,USD,ANNUAL_REVIEW (+20%),2026-10-02 19:10:55
1094,2022-12-28,46598.32,USD,INITIAL_HIRE,2026-10-02 19:10:55
1094,2026-02-18,55452.0,USD,ANNUAL_REVIEW (+19%),2026-10-02 19:10:55
1096,2023-01-03,111620.34,USD,INITIAL_HIRE,2026-10-02 19:10:55
1096,2026-02-10,131712.0,USD,ANNUAL_REVIEW (+18%),2026-10-02 19:10:55
1097,2018-09-14,38867.26,USD,INITIAL_HIRE,2026-10-02 19:10:55
1097,2026-02-01,43920.0,USD,ANNUAL_REVIEW (+13%),2026-10-02 19:10:55
1098,2006-01-13,110336.84,USD,INITIAL_HIRE,2026-10-02 19:10:55
1098,2025-11-04,125784.0,USD,ANNUAL_REVIEW (+14%),2026-10-02 19:10:55
1099,2023-07-02,74285.22,USD,INITIAL_HIRE,2026-10-02 19:10:55
1099,2026-01-30,85428.0,USD,ANNUAL_REVIEW (+15%),2026-10-02 19:10:55
1100,2017-08-28,94249.18,USD,INITIAL_HIRE,2026-10-02 19:10:55
1100,2025-08-01,114984.0,USD,ANNUAL_REVIEW (+22%),2026-10-02 19:10:55
1101,2012-11-17,44340.98,USD,INITIAL_HIRE,2026-10-02 19:10:55
1101,2025-05-18,54096.0,USD,ANNUAL_REVIEW (+22%),2026-10-02 19:10:55
1102,2022-04-24,22831.03,USD,INITIAL_HIRE,2026-10-02 19:10:55
1102,2026-07-12,26484.0,USD,ANNUAL_REVIEW (+16%),2026-10-02 19:10:55
1103,2020-08-06,79548.72,USD,INITIAL_HIRE,2026-10-02 19:10:55
1103,2026-03-02,93072.0,USD,ANNUAL_REVIEW (+17%),2026-10-02 19:10:55
1105,2025-02-03,70463.16,USD,INITIAL_HIRE,2026-10-02 19:10:55
1105,2026-02-03,80328.0,USD,ANNUAL_REVIEW (+14%),2026-10-02 19:10:55
1106,2019-05-06,38514.78,USD,INITIAL_HIRE,2026-10-02 19:10:55
1106,2026-04-26,44292.0,USD,ANNUAL_REVIEW (+15%),2026-10-02 19:10:55
1107,2025-02-11,23770.0,USD,INITIAL_HIRE,2026-10-02 19:10:55
1107,2026-02-11,28524.0,USD,ANNUAL_REVIEW (+20%),2026-10-02 19:10:55
1108,2023-04-11,23130.0,USD,INITIAL_HIRE,2026-10-02 19:10:55
1108,2025-10-14,27756.0,USD,ANNUAL_REVIEW (+20%),2026-10-02 19:10:55
1109,2003-12-09,181179.49,USD,INITIAL_HIRE,2026-10-02 19:10:55
1109,2026-01-29,211980.0,USD,ANNUAL_REVIEW (+17%),2026-10-02 19:10:55
1111,2025-05-30,27088.7,USD,INITIAL_HIRE,2026-10-02 19:10:55
1111,2026-05-30,31152.0,USD,ANNUAL_REVIEW (+15%),2026-10-02 19:10:55
1113,2025-09-27,56736.0,USD,INITIAL_HIRE,2026-10-02 19:10:55
1114,2023-01-02,44123.08,USD,INITIAL_HIRE,2026-10-02 19:10:55
1114,2026-07-07,51624.0,USD,ANNUAL_REVIEW (+17%),2026-10-02 19:10:55
1115,2026-02-11,35748.0,USD,INITIAL_HIRE,2026-10-02 19:10:55
1116,2020-12-23,166081.97,USD,INITIAL_HIRE,2026-10-02 19:10:55
1116,2026-08-14,202620.0,USD,ANNUAL_REVIEW (+22%),2026-10-02 19:10:55
1117,2011-05-18,59394.69,USD,INITIAL_HIRE,2026-10-02 19:10:55
1117,2026-01-21,67116.0,USD,ANNUAL_REVIEW (+13%),2026-10-02 19:10:55
1118,2018-06-01,105327.73,USD,INITIAL_HIRE,2026-10-02 19:10:55
1118,2026-06-22,125340.0,USD,ANNUAL_REVIEW (+19%),2026-10-02 19:10:55
1119,2018-02-10,92000.0,USD,INITIAL_HIRE,2026-10-02 19:10:55
1119,2026-04-06,104880.0,USD,ANNUAL_REVIEW (+14%),2026-10-02 19:10:55
1120,2019-08-13,24727.87,USD,INITIAL_HIRE,2026-10-02 19:10:55
1120,2026-08-15,30168.0,USD,ANNUAL_REVIEW (+22%),2026-10-02 19:10:55
1121,2017-07-15,78512.82,USD,INITIAL_HIRE,2026-10-02 19:10:55
1121,2025-11-16,91860.0,USD,ANNUAL_REVIEW (+17%),2026-10-02 19:10:55
1124,2014-03-18,187125.0,USD,INITIAL_HIRE,2026-10-02 19:10:55
1124,2026-03-21,209580.0,USD,ANNUAL_REVIEW (+12%),2026-10-02 19:10:55
1125,2025-02-23,76044.83,USD,INITIAL_HIRE,2026-10-02 19:10:55
1125,2026-02-23,88212.0,USD,ANNUAL_REVIEW (+16%),2026-10-02 19:10:55
1126,2018-08-24,116972.97,USD,INITIAL_HIRE,2026-10-02 19:10:55
1126,2026-07-16,129840.0,USD,ANNUAL_REVIEW (+11%),2026-10-02 19:10:55
1127,2008-03-23,131556.76,USD,INITIAL_HIRE,2026-10-02 19:10:55
1127,2026-06-08,146028.0,USD,ANNUAL_REVIEW (+11%),2026-10-02 19:10:55
1128,2006-06-04,206589.47,USD,INITIAL_HIRE,2026-10-02 19:10:55
1128,2026-03-03,235512.0,USD,ANNUAL_REVIEW (+14%),2026-10-02 19:10:55
1131,2024-04-19,22378.38,USD,INITIAL_HIRE,2026-10-02 19:10:55
1131,2026-03-05,24840.0,USD,ANNUAL_REVIEW (+11%),2026-10-02 19:10:55
1132,2020-11-19,70768.7,USD,INITIAL_HIRE,2026-10-02 19:10:55
1132,2026-01-07,81384.0,USD,ANNUAL_REVIEW (+15%),2026-10-02 19:10:55
1133,2015-09-07,77790.0,USD,INITIAL_HIRE,2026-10-02 19:10:55
1133,2025-11-27,93348.0,USD,ANNUAL_REVIEW (+20%),2026-10-02 19:10:55
1135,2023-11-08,29903.57,USD,INITIAL_HIRE,2026-10-02 19:10:55
1135,2025-12-29,33492.0,USD,ANNUAL_REVIEW (+12%),2026-10-02 19:10:55
1136,2021-05-07,32830.77,USD,INITIAL_HIRE,2026-10-02 19:10:55
1136,2026-07-22,38412.0,USD,ANNUAL_REVIEW (+17%),2026-10-02 19:10:55
1137,2021-01-20,53708.11,USD,INITIAL_HIRE,2026-10-02 19:10:55
1137,2026-06-01,59616.0,USD,ANNUAL_REVIEW (+11%),2026-10-02 19:10:55
1138,2017-05-15,134564.1,USD,INITIAL_HIRE,2026-10-02 19:10:55
1138,2025-12-01,157440.0,USD,ANNUAL_REVIEW (+17%),2026-10-02 19:10:55
1140,2023-06-22,43600.0,USD,INITIAL_HIRE,2026-10-02 19:10:55
1140,2026-03-21,48396.0,USD,ANNUAL_REVIEW (+11%),2026-10-02 19:10:55
1143,2019-01-20,34642.11,USD,INITIAL_HIRE,2026-10-02 19:10:55
1143,2025-12-16,39492.0,USD,ANNUAL_REVIEW (+14%),2026-10-02 19:10:55
1148,2025-02-17,43078.99,USD,INITIAL_HIRE,2026-10-02 19:10:55
1148,2026-03-17,51264.0,USD,ANNUAL_REVIEW (+19%),2026-10-02 19:10:55
1150,2016-08-16,52758.26,USD,INITIAL_HIRE,2026-10-02 19:10:55
1150,2026-08-19,60672.0,USD,ANNUAL_REVIEW (+15%),2026-10-02 19:10:55
1152,2019-02-11,30201.77,USD,INITIAL_HIRE,2026-10-02 19:10:55
1152,2026-04-13,34128.0,USD,ANNUAL_REVIEW (+13%),2026-10-02 19:10:55
1154,2023-01-26,28452.63,USD,INITIAL_HIRE,2026-10-02 19:10:55
1154,2025-12-28,32436.0,USD,ANNUAL_REVIEW (+14%),2026-10-02 19:10:55
1156,2026-01-11,22848.0,USD,INITIAL_HIRE,2026-10-02 19:10:55
1157,2020-06-15,84348.72,USD,INITIAL_HIRE,2026-10-02 19:10:55
1157,2025-09-02,98688.0,USD,ANNUAL_REVIEW (+17%),2026-10-02 19:10:55
1158,2025-03-04,51524.32,USD,INITIAL_HIRE,2026-10-02 19:10:55
1158,2026-07-25,57192.0,USD,ANNUAL_REVIEW (+11%),2026-10-02 19:10:55
1160,2023-06-20,27964.29,USD,INITIAL_HIRE,2026-10-02 19:10:55
1160,2025-07-07,31320.0,USD,ANNUAL_REVIEW (+12%),2026-10-02 19:10:55
1161,2020-09-29,60860.18,USD,INITIAL_HIRE,2026-10-02 19:10:55
1161,2025-12-19,68772.0,USD,ANNUAL_REVIEW (+13%),2026-10-02 19:10:55
1162,2022-02-21,26962.83,USD,INITIAL_HIRE,2026-10-02 19:10:55
1162,2025-11-12,30468.0,USD,ANNUAL_REVIEW (+13%),2026-10-02 19:10:55
1163,2020-07-25,57140.0,USD,INITIAL_HIRE,2026-10-02 19:10:55
1163,2026-01-19,68568.0,USD,ANNUAL_REVIEW (+20%),2026-10-02 19:10:55
1164,2021-01-25,44338.46,USD,INITIAL_HIRE,2026-10-02 19:10:55
1164,2026-08-04,51876.0,USD,ANNUAL_REVIEW (+17%),2026-10-02 19:10:55
1165,2015-01-12,77904.42,USD,INITIAL_HIRE,2026-10-02 19:10:55
1165,2025-11-30,88032.0,USD,ANNUAL_REVIEW (+13%),2026-10-02 19:10:55
1166,2008-05-01,138451.28,USD,INITIAL_HIRE,2026-10-02 19:10:55
1166,2025-12-27,161988.0,USD,ANNUAL_REVIEW (+17%),2026-10-02 19:10:55
1167,2005-04-19,147407.14,USD,INITIAL_HIRE,2026-10-02 19:10:55
1167,2025-11-02,165096.0,USD,ANNUAL_REVIEW (+12%),2026-10-02 19:10:55
1171,2020-02-10,54743.36,USD,INITIAL_HIRE,2026-10-02 19:10:55
1171,2026-03-08,61860.0,USD,ANNUAL_REVIEW (+13%),2026-10-02 19:10:55
1172,2018-08-09,24192.86,USD,INITIAL_HIRE,2026-10-02 19:10:55
1172,2026-04-15,27096.0,USD,ANNUAL_REVIEW (+12%),2026-10-02 19:10:55
1173,2022-05-17,35380.33,USD,INITIAL_HIRE,2026-10-02 19:10:55
1173,2026-06-21,43164.0,USD,ANNUAL_REVIEW (+22%),2026-10-02 19:10:55
1175,2024-07-25,27189.19,USD,INITIAL_HIRE,2026-10-02 19:10:55
1175,2026-01-03,30180.0,USD,ANNUAL_REVIEW (+11%),2026-10-02 19:10:55
1177,2017-12-02,43475.41,USD,INITIAL_HIRE,2026-10-02 19:10:55
1177,2026-01-21,53040.0,USD,ANNUAL_REVIEW (+22%),2026-10-02 19:10:55
1179,2015-11-10,66894.92,USD,INITIAL_HIRE,2026-10-02 19:10:55
1179,2026-08-12,78936.0,USD,ANNUAL_REVIEW (+18%),2026-10-02 19:10:55
1180,2024-11-19,46959.29,USD,INITIAL_HIRE,2026-10-02 19:10:55
1180,2026-08-08,53064.0,USD,ANNUAL_REVIEW (+13%),2026-10-02 19:10:55
1182,2019-04-01,104481.36,USD,INITIAL_HIRE,2026-10-02 19:10:55
1182,2026-05-06,123288.0,USD,ANNUAL_REVIEW (+18%),2026-10-02 19:10:55
1184,2013-07-28,53430.0,USD,INITIAL_HIRE,2026-10-02 19:10:55
1184,2026-01-12,64116.0,USD,ANNUAL_REVIEW (+20%),2026-10-02 19:10:55
1185,2023-12-30,25231.86,USD,INITIAL_HIRE,2026-10-02 19:10:55
1185,2026-02-17,28512.0,USD,ANNUAL_REVIEW (+13%),2026-10-02 19:10:55
1188,2021-01-12,56771.68,USD,INITIAL_HIRE,2026-10-02 19:10:55
1188,2025-03-11,64152.0,USD,ANNUAL_REVIEW (+13%),2026-10-02 19:10:55
1190,2024-11-09,30289.29,USD,INITIAL_HIRE,2026-10-02 19:10:55
1190,2026-03-26,33924.0,USD,ANNUAL_REVIEW (+12%),2026-10-02 19:10:55
1191,2021-03-01,211784.07,USD,INITIAL_HIRE,2026-10-02 19:10:55
1191,2026-07-31,239316.0,USD,ANNUAL_REVIEW (+13%),2026-10-02 19:10:55
1192,2016-08-17,33249.56,USD,INITIAL_HIRE,2026-10-02 19:10:55
1192,2026-05-26,37572.0,USD,ANNUAL_REVIEW (+13%),2026-10-02 19:10:55
1193,2025-04-19,24499.2,USD,INITIAL_HIRE,2026-10-02 19:10:55
1193,2026-08-10,30624.0,USD,ANNUAL_REVIEW (+25%),2026-10-02 19:10:55
1195,2023-05-07,45146.22,USD,INITIAL_HIRE,2026-10-02 19:10:55
1195,2026-01-17,53724.0,USD,ANNUAL_REVIEW (+19%),2026-10-02 19:10:55
1196,2011-12-28,68750.44,USD,INITIAL_HIRE,2026-10-02 19:10:55
1196,2026-01-19,77688.0,USD,ANNUAL_REVIEW (+13%),2026-10-02 19:10:55
1198,2024-05-26,32496.43,USD,INITIAL_HIRE,2026-10-02 19:10:55
1198,2026-06-17,36396.0,USD,ANNUAL_REVIEW (+12%),2026-10-02 19:10:55
1200,2019-08-06,31740.54,USD,INITIAL_HIRE,2026-10-02 19:10:55
1200,2025-07-27,35232.0,USD,ANNUAL_REVIEW (+11%),2026-10-02 19:10:55
1201,2019-09-06,189213.56,USD,INITIAL_HIRE,2026-10-02 19:10:55
1201,2026-05-30,223272.0,USD,ANNUAL_REVIEW (+18%),2026-10-02 19:10:55
1202,2020-12-30,22047.46,USD,INITIAL_HIRE,2026-10-02 19:10:55
1202,2025-12-09,26016.0,USD,ANNUAL_REVIEW (+18%),2026-10-02 19:10:55
1203,2025-12-29,34236.0,USD,INITIAL_HIRE,2026-10-02 19:10:55
1204,2000-09-19,166321.95,USD,INITIAL_HIRE,2026-10-02 19:10:55
1204,2026-04-08,204576.0,USD,ANNUAL_REVIEW (+23%),2026-10-02 19:10:55
1206,2026-05-12,27480.0,USD,INITIAL_HIRE,2026-10-02 19:10:55
1207,2021-04-27,38230.09,USD,INITIAL_HIRE,2026-10-02 19:10:55
1207,2026-01-16,43200.0,USD,ANNUAL_REVIEW (+13%),2026-10-02 19:10:55
1210,2025-01-23,21610.26,USD,INITIAL_HIRE,2026-10-02 19:10:55
1210,2026-01-23,25284.0,USD,ANNUAL_REVIEW (+17%),2026-10-02 19:10:55
1211,2021-12-02,41495.8,USD,INITIAL_HIRE,2026-10-02 19:10:55
1211,2026-02-04,49380.0,USD,ANNUAL_REVIEW (+19%),2026-10-02 19:10:55
1212,2026-08-14,51924.0,USD,INITIAL_HIRE,2026-10-02 19:10:55
1215,2024-06-23,175632.79,USD,INITIAL_HIRE,2026-10-02 19:10:55
1215,2026-03-27,214272.0,USD,ANNUAL_REVIEW (+22%),2026-10-02 19:10:55
1216,2020-08-04,34242.86,USD,INITIAL_HIRE,2026-10-02 19:10:55
1216,2026-06-11,38352.0,USD,ANNUAL_REVIEW (+12%),2026-10-02 19:10:55
1217,2022-07-14,206281.08,USD,INITIAL_HIRE,2026-10-02 19:10:55
1217,2025-12-13,228972.0,USD,ANNUAL_REVIEW (+11%),2026-10-02 19:10:55
1218,2018-12-06,93558.26,USD,INITIAL_HIRE,2026-10-02 19:10:55
1218,2026-02-01,107592.0,USD,ANNUAL_REVIEW (+15%),2026-10-02 19:10:55
1219,2024-01-27,23469.03,USD,INITIAL_HIRE,2026-10-02 19:10:55
1219,2025-03-17,26520.0,USD,ANNUAL_REVIEW (+13%),2026-10-02 19:10:55
1220,2016-09-18,48632.14,USD,INITIAL_HIRE,2026-10-02 19:10:55
1220,2025-11-21,54468.0,USD,ANNUAL_REVIEW (+12%),2026-10-02 19:10:55
1221,2019-03-07,28852.63,USD,INITIAL_HIRE,2026-10-02 19:10:55
1221,2026-06-20,32892.0,USD,ANNUAL_REVIEW (+14%),2026-10-02 19:10:55
1224,2016-07-17,37072.57,USD,INITIAL_HIRE,2026-10-02 19:10:55
1224,2026-08-06,41892.0,USD,ANNUAL_REVIEW (+13%),2026-10-02 19:10:55
1225,2006-07-31,43593.6,USD,INITIAL_HIRE,2026-10-02 19:10:55
1225,2026-03-11,54492.0,USD,ANNUAL_REVIEW (+25%),2026-10-02 19:10:55
1226,2024-06-28,27466.67,USD,INITIAL_HIRE,2026-10-02 19:10:55
1226,2026-05-27,32136.0,USD,ANNUAL_REVIEW (+17%),2026-10-02 19:10:55
1228,2020-07-30,79772.97,USD,INITIAL_HIRE,2026-10-02 19:10:55
1228,2026-04-24,88548.0,USD,ANNUAL_REVIEW (+11%),2026-10-02 19:10:55
1231,2022-04-23,64882.76,USD,INITIAL_HIRE,2026-10-02 19:10:55
1231,2026-06-24,75264.0,USD,ANNUAL_REVIEW (+16%),2026-10-02 19:10:55
1233,2014-11-07,53084.75,USD,INITIAL_HIRE,2026-10-02 19:10:55
1233,2026-05-06,62640.0,USD,ANNUAL_REVIEW (+18%),2026-10-02 19:10:55
1234,2024-03-22,27430.0,USD,INITIAL_HIRE,2026-10-02 19:10:55
1234,2026-05-07,32916.0,USD,ANNUAL_REVIEW (+20%),2026-10-02 19:10:55
1235,2018-02-05,52610.53,USD,INITIAL_HIRE,2026-10-02 19:10:55
1235,2026-05-20,59976.0,USD,ANNUAL_REVIEW (+14%),2026-10-02 19:10:55
1237,2019-04-22,101672.73,USD,INITIAL_HIRE,2026-10-02 19:10:55
1237,2026-01-22,123024.0,USD,ANNUAL_REVIEW (+21%),2026-10-02 19:10:55
1238,2012-09-28,29532.74,USD,INITIAL_HIRE,2026-10-02 19:10:55
1238,2026-03-08,33372.0,USD,ANNUAL_REVIEW (+13%),2026-10-02 19:10:55
1239,2021-09-05,73414.29,USD,INITIAL_HIRE,2026-10-02 19:10:55
1239,2026-04-13,82224.0,USD,ANNUAL_REVIEW (+12%),2026-10-02 19:10:55
1240,2022-07-06,52105.26,USD,INITIAL_HIRE,2026-10-02 19:10:55
1240,2026-07-31,59400.0,USD,ANNUAL_REVIEW (+14%),2026-10-02 19:10:55
1241,2015-07-14,35494.21,USD,INITIAL_HIRE,2026-10-02 19:10:55
1241,2026-03-15,42948.0,USD,ANNUAL_REVIEW (+21%),2026-10-02 19:10:55
1242,2024-12-28,135292.31,USD,INITIAL_HIRE,2026-10-02 19:10:55
1242,2026-07-12,158292.0,USD,ANNUAL_REVIEW (+17%),2026-10-02 19:10:55
1243,2012-12-27,112183.78,USD,INITIAL_HIRE,2026-10-02 19:10:55
1243,2026-05-31,124524.0,USD,ANNUAL_REVIEW (+11%),2026-10-02 19:10:55
1244,2016-12-24,23526.32,USD,INITIAL_HIRE,2026-10-02 19:10:55
1244,2026-05-01,26820.0,USD,ANNUAL_REVIEW (+14%),2026-10-02 19:10:55
1245,2021-03-05,107712.82,USD,INITIAL_HIRE,2026-10-02 19:10:55
1245,2026-07-22,126024.0,USD,ANNUAL_REVIEW (+17%),2026-10-02 19:10:55
1246,2016-04-01,21355.75,USD,INITIAL_HIRE,2026-10-02 19:10:55
1246,2026-05-08,24132.0,USD,ANNUAL_REVIEW (+13%),2026-10-02 19:10:55
1248,2025-01-26,17846.4,USD,INITIAL_HIRE,2026-10-02 19:10:55
1248,2026-05-10,22308.0,USD,ANNUAL_REVIEW (+25%),2026-10-02 19:10:55
1249,2023-05-21,39234.78,USD,INITIAL_HIRE,2026-10-02 19:10:55
1249,2025-12-21,45120.0,USD,ANNUAL_REVIEW (+15%),2026-10-02 19:10:55
1250,2016-02-24,187147.37,USD,INITIAL_HIRE,2026-10-02 19:10:55
1250,2025-12-18,213348.0,USD,ANNUAL_REVIEW (+14%),2026-10-02 19:10:55
1251,2020-01-14,73210.71,USD,INITIAL_HIRE,2026-10-02 19:10:55
1251,2026-09-01,81996.0,USD,ANNUAL_REVIEW (+12%),2026-10-02 19:10:55
1252,2016-01-24,68692.44,USD,INITIAL_HIRE,2026-10-02 19:10:55
1252,2026-03-05,81744.0,USD,ANNUAL_REVIEW (+19%),2026-10-02 19:10:55
1254,2020-03-13,53035.9,USD,INITIAL_HIRE,2026-10-02 19:10:55
1254,2026-02-22,62052.0,USD,ANNUAL_REVIEW (+17%),2026-10-02 19:10:55
1255,2018-09-13,207789.47,USD,INITIAL_HIRE,2026-10-02 19:10:55
1255,2026-05-12,236880.0,USD,ANNUAL_REVIEW (+14%),2026-10-02 19:10:55
1256,2025-02-05,198700.88,USD,INITIAL_HIRE,2026-10-02 19:10:55
1256,2026-04-14,224532.0,USD,ANNUAL_REVIEW (+13%),2026-10-02 19:10:55
1257,2015-06-03,39557.14,USD,INITIAL_HIRE,2026-10-02 19:10:55
1257,2026-01-08,44304.0,USD,ANNUAL_REVIEW (+12%),2026-10-02 19:10:55
1258,2025-01-29,27664.86,USD,INITIAL_HIRE,2026-10-02 19:10:55
1258,2026-05-12,30708.0,USD,ANNUAL_REVIEW (+11%),2026-10-02 19:10:55
1259,2021-04-07,27210.81,USD,INITIAL_HIRE,2026-10-02 19:10:55
1259,2026-08-14,30204.0,USD,ANNUAL_REVIEW (+11%),2026-10-02 19:10:55
1260,2019-12-16,71600.0,USD,INITIAL_HIRE,2026-10-02 19:10:55
1260,2026-05-13,79476.0,USD,ANNUAL_REVIEW (+11%),2026-10-02 19:10:55
1263,2025-06-12,195696.43,USD,INITIAL_HIRE,2026-10-02 19:10:55
1263,2026-06-18,219180.0,USD,ANNUAL_REVIEW (+12%),2026-10-02 19:10:55
1264,2018-11-28,169726.32,USD,INITIAL_HIRE,2026-10-02 19:10:55
1264,2026-05-10,193488.0,USD,ANNUAL_REVIEW (+14%),2026-10-02 19:10:55
1265,2024-12-27,26512.82,USD,INITIAL_HIRE,2026-10-02 19:10:55
1265,2026-06-25,31020.0,USD,ANNUAL_REVIEW (+17%),2026-10-02 19:10:55
1267,2004-06-15,196897.3,USD,INITIAL_HIRE,2026-10-02 19:10:55
1267,2026-07-19,218556.0,USD,ANNUAL_REVIEW (+11%),2026-10-02 19:10:55
1268,2017-04-26,88210.53,USD,INITIAL_HIRE,2026-10-02 19:10:55
1268,2025-11-10,100560.0,USD,ANNUAL_REVIEW (+14%),2026-10-02 19:10:55
1269,2025-04-10,32078.57,USD,INITIAL_HIRE,2026-10-02 19:10:55
1269,2026-07-26,35928.0,USD,ANNUAL_REVIEW (+12%),2026-10-02 19:10:55
1270,2025-01-21,12029.51,USD,INITIAL_HIRE,2026-10-02 19:10:55
1270,2026-02-02,14676.0,USD,ANNUAL_REVIEW (+22%),2026-10-02 19:10:55
1273,2024-04-07,11768.42,USD,INITIAL_HIRE,2026-10-02 19:10:55
1273,2025-04-07,13416.0,USD,ANNUAL_REVIEW (+14%),2026-10-02 19:10:55
1275,2017-12-24,28750.0,USD,INITIAL_HIRE,2026-10-02 19:10:55
1275,2026-03-01,34500.0,USD,ANNUAL_REVIEW (+20%),2026-10-02 19:10:55
1277,2002-02-09,194731.03,USD,INITIAL_HIRE,2026-10-02 19:10:55
1277,2025-08-11,225888.0,USD,ANNUAL_REVIEW (+16%),2026-10-02 19:10:55
1278,1993-04-18,141673.04,USD,INITIAL_HIRE,2026-10-02 19:10:55
1278,2026-09-01,162924.0,USD,ANNUAL_REVIEW (+15%),2026-10-02 19:10:55
1279,2023-06-10,26250.0,USD,INITIAL_HIRE,2026-10-02 19:10:55
1279,2025-07-02,31500.0,USD,ANNUAL_REVIEW (+20%),2026-10-02 19:10:55
1280,2014-12-05,197778.95,USD,INITIAL_HIRE,2026-10-02 19:10:55
1280,2026-07-09,225468.0,USD,ANNUAL_REVIEW (+14%),2026-10-02 19:10:55
1281,2023-06-24,48621.43,USD,INITIAL_HIRE,2026-10-02 19:10:55
1281,2026-03-13,54456.0,USD,ANNUAL_REVIEW (+12%),2026-10-02 19:10:55
1282,1997-03-22,192067.74,USD,INITIAL_HIRE,2026-10-02 19:10:55
1282,2026-02-23,238164.0,USD,ANNUAL_REVIEW (+24%),2026-10-02 19:10:55
1283,2017-08-24,112628.57,USD,INITIAL_HIRE,2026-10-02 19:10:55
1283,2025-12-06,126144.0,USD,ANNUAL_REVIEW (+12%),2026-10-02 19:10:55
1285,2014-12-25,47192.92,USD,INITIAL_HIRE,2026-10-02 19:10:55
1285,2026-05-11,53328.0,USD,ANNUAL_REVIEW (+13%),2026-10-02 19:10:55
1286,2022-05-28,23286.49,USD,INITIAL_HIRE,2026-10-02 19:10:55
1286,2026-06-23,25848.0,USD,ANNUAL_REVIEW (+11%),2026-10-02 19:10:55
1288,2001-06-12,202000.0,USD,INITIAL_HIRE,2026-10-02 19:10:55
1288,2025-11-28,230280.0,USD,ANNUAL_REVIEW (+14%),2026-10-02 19:10:55
1289,2016-03-24,48540.54,USD,INITIAL_HIRE,2026-10-02 19:10:55
1289,2026-02-12,53880.0,USD,ANNUAL_REVIEW (+11%),2026-10-02 19:10:55
1291,2023-04-20,36905.26,USD,INITIAL_HIRE,2026-10-02 19:10:55
1291,2026-01-15,42072.0,USD,ANNUAL_REVIEW (+14%),2026-10-02 19:10:55
1292,2024-12-26,24537.93,USD,INITIAL_HIRE,2026-10-02 19:10:55
1292,2026-04-22,28464.0,USD,ANNUAL_REVIEW (+16%),2026-10-02 19:10:55
1293,2005-04-10,107694.74,USD,INITIAL_HIRE,2026-10-02 19:10:55
1293,2026-04-21,122772.0,USD,ANNUAL_REVIEW (+14%),2026-10-02 19:10:55
1294,2010-04-14,58486.49,USD,INITIAL_HIRE,2026-10-02 19:10:55
1294,2026-05-08,64920.0,USD,ANNUAL_REVIEW (+11%),2026-10-02 19:10:55
1295,2016-05-03,86248.65,USD,INITIAL_HIRE,2026-10-02 19:10:55
1295,2025-09-24,95736.0,USD,ANNUAL_REVIEW (+11%),2026-10-02 19:10:55
1296,2024-09-25,41432.14,USD,INITIAL_HIRE,2026-10-02 19:10:55
1296,2026-07-01,46404.0,USD,ANNUAL_REVIEW (+12%),2026-10-02 19:10:55
1297,2019-05-24,29873.68,USD,INITIAL_HIRE,2026-10-02 19:10:55
1297,2025-11-13,34056.0,USD,ANNUAL_REVIEW (+14%),2026-10-02 19:10:55
1298,2017-11-06,47745.76,USD,INITIAL_HIRE,2026-10-02 19:10:55
1298,2026-07-12,56340.0,USD,ANNUAL_REVIEW (+18%),2026-10-02 19:10:55
1299,2018-06-19,35458.41,USD,INITIAL_HIRE,2026-10-02 19:10:55
1299,2025-11-01,40068.0,USD,ANNUAL_REVIEW (+13%),2026-10-02 19:10:55
1301,2023-03-08,22486.49,USD,INITIAL_HIRE,2026-10-02 19:10:55
1301,2026-05-31,24960.0,USD,ANNUAL_REVIEW (+11%),2026-10-02 19:10:55
1303,2024-03-08,21315.25,USD,INITIAL_HIRE,2026-10-02 19:10:55
1303,2026-02-21,25152.0,USD,ANNUAL_REVIEW (+18%),2026-10-02 19:10:55
1304,2016-05-26,64789.57,USD,INITIAL_HIRE,2026-10-02 19:10:55
1304,2026-02-10,74508.0,USD,ANNUAL_REVIEW (+15%),2026-10-02 19:10:55
1306,2026-08-05,216732.0,USD,INITIAL_HIRE,2026-10-02 19:10:55
1307,2007-09-30,181837.17,USD,INITIAL_HIRE,2026-10-02 19:10:55
1307,2025-11-30,205476.0,USD,ANNUAL_REVIEW (+13%),2026-10-02 19:10:55
1308,2024-06-12,25414.29,USD,INITIAL_HIRE,2026-10-02 19:10:55
1308,2026-01-08,28464.0,USD,ANNUAL_REVIEW (+12%),2026-10-02 19:10:55
1309,2015-10-16,49657.63,USD,INITIAL_HIRE,2026-10-02 19:10:55
1309,2025-10-16,58596.0,USD,ANNUAL_REVIEW (+18%),2026-10-02 19:10:55
1310,2021-06-02,41458.41,USD,INITIAL_HIRE,2026-10-02 19:10:55
1310,2026-05-04,46848.0,USD,ANNUAL_REVIEW (+13%),2026-10-02 19:10:55
1311,2017-07-09,49575.0,USD,INITIAL_HIRE,2026-10-02 19:10:55
1311,2025-12-10,55524.0,USD,ANNUAL_REVIEW (+12%),2026-10-02 19:10:55
1312,2019-09-24,76007.14,USD,INITIAL_HIRE,2026-10-02 19:10:55
1312,2026-04-09,85128.0,USD,ANNUAL_REVIEW (+12%),2026-10-02 19:10:55
1314,2019-03-15,36675.0,USD,INITIAL_HIRE,2026-10-02 19:10:55
1314,2026-08-04,41076.0,USD,ANNUAL_REVIEW (+12%),2026-10-02 19:10:55
1315,2016-11-30,72151.35,USD,INITIAL_HIRE,2026-10-02 19:10:55
1315,2025-12-28,80088.0,USD,ANNUAL_REVIEW (+11%),2026-10-02 19:10:55
1317,2023-02-16,182486.49,USD,INITIAL_HIRE,2026-10-02 19:10:55
1317,2026-02-19,202560.0,USD,ANNUAL_REVIEW (+11%),2026-10-02 19:10:55
1318,2020-10-09,97435.71,USD,INITIAL_HIRE,2026-10-02 19:10:55
1318,2026-01-28,109128.0,USD,ANNUAL_REVIEW (+12%),2026-10-02 19:10:55
1319,2017-11-05,85169.75,USD,INITIAL_HIRE,2026-10-02 19:10:55
1319,2025-07-02,101352.0,USD,ANNUAL_REVIEW (+19%),2026-10-02 19:10:55
1321,2017-06-23,116253.66,USD,INITIAL_HIRE,2026-10-02 19:10:55
1321,2026-03-04,142992.0,USD,ANNUAL_REVIEW (+23%),2026-10-02 19:10:55
1322,2018-08-16,49016.22,USD,INITIAL_HIRE,2026-10-02 19:10:55
1322,2026-03-02,54408.0,USD,ANNUAL_REVIEW (+11%),2026-10-02 19:10:55
1324,2016-03-18,99347.9,USD,INITIAL_HIRE,2026-10-02 19:10:55
1324,2025-12-16,118224.0,USD,ANNUAL_REVIEW (+19%),2026-10-02 19:10:55
1329,2007-03-29,65320.35,USD,INITIAL_HIRE,2026-10-02 19:10:55
1329,2026-04-06,73812.0,USD,ANNUAL_REVIEW (+13%),2026-10-02 19:10:55
1331,2022-12-14,24886.49,USD,INITIAL_HIRE,2026-10-02 19:10:55
1331,2025-07-01,27624.0,USD,ANNUAL_REVIEW (+11%),2026-10-02 19:10:55
1333,2022-05-19,25307.14,USD,INITIAL_HIRE,2026-10-02 19:10:55
1333,2025-03-02,28344.0,USD,ANNUAL_REVIEW (+12%),2026-10-02 19:10:55
1334,2006-07-02,189674.34,USD,INITIAL_HIRE,2026-10-02 19:10:55
1334,2026-07-05,214332.0,USD,ANNUAL_REVIEW (+13%),2026-10-02 19:10:55
1336,2007-08-07,201968.42,USD,INITIAL_HIRE,2026-10-02 19:10:55
1336,2026-07-19,230244.0,USD,ANNUAL_REVIEW (+14%),2026-10-02 19:10:55
1338,2019-02-12,207547.37,USD,INITIAL_HIRE,2026-10-02 19:10:55
1338,2025-12-23,236604.0,USD,ANNUAL_REVIEW (+14%),2026-10-02 19:10:55
1340,2022-04-11,36662.07,USD,INITIAL_HIRE,2026-10-02 19:10:55
1340,2026-06-30,42528.0,USD,ANNUAL_REVIEW (+16%),2026-10-02 19:10:55
1344,2017-03-07,91891.89,USD,INITIAL_HIRE,2026-10-02 19:10:55
1344,2026-04-04,102000.0,USD,ANNUAL_REVIEW (+11%),2026-10-02 19:10:55
1346,2017-02-08,49497.35,USD,INITIAL_HIRE,2026-10-02 19:10:55
1346,2026-06-13,55932.0,USD,ANNUAL_REVIEW (+13%),2026-10-02 19:10:55
1349,2016-11-12,42082.05,USD,INITIAL_HIRE,2026-10-02 19:10:55
1349,2026-06-25,49236.0,USD,ANNUAL_REVIEW (+17%),2026-10-02 19:10:55
1350,2017-01-10,45935.14,USD,INITIAL_HIRE,2026-10-02 19:10:55
1350,2026-03-07,50988.0,USD,ANNUAL_REVIEW (+11%),2026-10-02 19:10:55
1352,1993-03-11,151632.43,USD,INITIAL_HIRE,2026-10-02 19:10:55
1352,2026-01-04,168312.0,USD,ANNUAL_REVIEW (+11%),2026-10-02 19:10:55
1355,2018-12-16,71926.96,USD,INITIAL_HIRE,2026-10-02 19:10:55
1355,2026-04-22,82716.0,USD,ANNUAL_REVIEW (+15%),2026-10-02 19:10:55
1356,2016-04-27,65625.0,USD,INITIAL_HIRE,2026-10-02 19:10:55
1356,2026-07-23,73500.0,USD,ANNUAL_REVIEW (+12%),2026-10-02 19:10:55
1358,2022-11-11,39664.86,USD,INITIAL_HIRE,2026-10-02 19:10:55
1358,2026-06-21,44028.0,USD,ANNUAL_REVIEW (+11%),2026-10-02 19:10:55
1360,2015-05-20,105347.37,USD,INITIAL_HIRE,2026-10-02 19:10:55
1360,2025-11-09,120096.0,USD,ANNUAL_REVIEW (+14%),2026-10-02 19:10:55
1361,2022-03-01,23478.69,USD,INITIAL_HIRE,2026-10-02 19:10:55
1361,2025-12-11,28644.0,USD,ANNUAL_REVIEW (+22%),2026-10-02 19:10:55
1362,2010-12-07,47989.66,USD,INITIAL_HIRE,2026-10-02 19:10:55
1362,2026-05-29,55668.0,USD,ANNUAL_REVIEW (+16%),2026-10-02 19:10:55
1363,2016-04-15,85383.78,USD,INITIAL_HIRE,2026-10-02 19:10:55
1363,2026-05-13,94776.0,USD,ANNUAL_REVIEW (+11%),2026-10-02 19:10:55
1364,2025-02-06,26673.68,USD,INITIAL_HIRE,2026-10-02 19:10:55
1364,2026-08-12,30408.0,USD,ANNUAL_REVIEW (+14%),2026-10-02 19:10:55
1367,2021-06-30,135951.72,USD,INITIAL_HIRE,2026-10-02 19:10:55
1367,2026-04-21,157704.0,USD,ANNUAL_REVIEW (+16%),2026-10-02 19:10:55
1368,2025-11-18,19332.0,USD,INITIAL_HIRE,2026-10-02 19:10:55
1369,2017-03-10,57460.71,USD,INITIAL_HIRE,2026-10-02 19:10:55
1369,2025-12-01,64356.0,USD,ANNUAL_REVIEW (+12%),2026-10-02 19:10:55
1371,2020-01-18,50710.0,USD,INITIAL_HIRE,2026-10-02 19:10:55
1371,2026-05-02,60852.0,USD,ANNUAL_REVIEW (+20%),2026-10-02 19:10:55
1372,2006-11-26,140461.54,USD,INITIAL_HIRE,2026-10-02 19:10:55
1372,2025-09-13,164340.0,USD,ANNUAL_REVIEW (+17%),2026-10-02 19:10:55
1373,2006-12-20,143592.86,USD,INITIAL_HIRE,2026-10-02 19:10:55
1373,2026-07-10,160824.0,USD,ANNUAL_REVIEW (+12%),2026-10-02 19:10:55
1374,2021-09-08,20290.0,USD,INITIAL_HIRE,2026-10-02 19:10:55
1374,2026-07-21,24348.0,USD,ANNUAL_REVIEW (+20%),2026-10-02 19:10:55
1375,2014-08-26,63770.0,USD,INITIAL_HIRE,2026-10-02 19:10:55
1375,2026-01-25,76524.0,USD,ANNUAL_REVIEW (+20%),2026-10-02 19:10:55
1377,2018-04-18,57653.1,USD,INITIAL_HIRE,2026-10-02 19:10:55
1377,2026-08-14,65148.0,USD,ANNUAL_REVIEW (+13%),2026-10-02 19:10:55
1379,2024-08-29,29315.79,USD,INITIAL_HIRE,2026-10-02 19:10:55
1379,2025-11-15,33420.0,USD,ANNUAL_REVIEW (+14%),2026-10-02 19:10:55
1380,2021-07-31,46922.03,USD,INITIAL_HIRE,2026-10-02 19:10:55
1380,2025-12-20,55368.0,USD,ANNUAL_REVIEW (+18%),2026-10-02 19:10:55
1382,2022-05-10,28216.22,USD,INITIAL_HIRE,2026-10-02 19:10:55
1382,2026-08-29,31320.0,USD,ANNUAL_REVIEW (+11%),2026-10-02 19:10:55
1383,2012-03-01,72291.89,USD,INITIAL_HIRE,2026-10-02 19:10:55
1383,2026-03-27,80244.0,USD,ANNUAL_REVIEW (+11%),2026-10-02 19:10:55
1387,2021-04-02,51070.27,USD,INITIAL_HIRE,2026-10-02 19:10:55
1387,2025-11-16,56688.0,USD,ANNUAL_REVIEW (+11%),2026-10-02 19:10:55
1389,2015-01-22,64476.52,USD,INITIAL_HIRE,2026-10-02 19:10:55
1389,2025-10-17,74148.0,USD,ANNUAL_REVIEW (+15%),2026-10-02 19:10:55
1390,2021-02-28,65571.43,USD,INITIAL_HIRE,2026-10-02 19:10:55
1390,2025-12-31,73440.0,USD,ANNUAL_REVIEW (+12%),2026-10-02 19:10:55
1391,2022-05-18,114551.35,USD,INITIAL_HIRE,2026-10-02 19:10:55
1391,2026-03-24,127152.0,USD,ANNUAL_REVIEW (+11%),2026-10-02 19:10:55
1392,2019-11-16,57547.37,USD,INITIAL_HIRE,2026-10-02 19:10:55
1392,2026-01-28,65604.0,USD,ANNUAL_REVIEW (+14%),2026-10-02 19:10:55
1394,2020-08-28,31262.61,USD,INITIAL_HIRE,2026-10-02 19:10:55
1394,2026-08-04,35952.0,USD,ANNUAL_REVIEW (+15%),2026-10-02 19:10:55
1395,2020-11-11,106173.45,USD,INITIAL_HIRE,2026-10-02 19:10:55
1395,2025-12-15,119976.0,USD,ANNUAL_REVIEW (+13%),2026-10-02 19:10:55
1396,2023-08-13,43306.19,USD,INITIAL_HIRE,2026-10-02 19:10:55
1396,2026-08-30,48936.0,USD,ANNUAL_REVIEW (+13%),2026-10-02 19:10:55
1397,2020-06-29,108297.52,USD,INITIAL_HIRE,2026-10-02 19:10:55
1397,2025-12-04,131040.0,USD,ANNUAL_REVIEW (+21%),2026-10-02 19:10:55
1399,2023-01-04,67372.97,USD,INITIAL_HIRE,2026-10-02 19:10:55
1399,2026-02-17,74784.0,USD,ANNUAL_REVIEW (+11%),2026-10-02 19:10:55
1401,2021-02-02,143210.81,USD,INITIAL_HIRE,2026-10-02 19:10:55
1401,2026-05-24,158964.0,USD,ANNUAL_REVIEW (+11%),2026-10-02 19:10:55
1402,2005-11-15,42957.89,USD,INITIAL_HIRE,2026-10-02 19:10:55
1402,2026-08-31,48972.0,USD,ANNUAL_REVIEW (+14%),2026-10-02 19:10:55
1403,2020-01-28,62367.57,USD,INITIAL_HIRE,2026-10-02 19:10:55
1403,2026-03-03,69228.0,USD,ANNUAL_REVIEW (+11%),2026-10-02 19:10:55
1405,2017-10-30,25423.01,USD,INITIAL_HIRE,2026-10-02 19:10:55
1405,2026-04-02,28728.0,USD,ANNUAL_REVIEW (+13%),2026-10-02 19:10:55
1407,2022-06-10,41828.57,USD,INITIAL_HIRE,2026-10-02 19:10:55
1407,2026-03-03,46848.0,USD,ANNUAL_REVIEW (+12%),2026-10-02 19:10:55
1408,2006-10-01,176831.58,USD,INITIAL_HIRE,2026-10-02 19:10:55
1408,2026-01-13,201588.0,USD,ANNUAL_REVIEW (+14%),2026-10-02 19:10:55
1409,2021-08-22,31327.43,USD,INITIAL_HIRE,2026-10-02 19:10:55
1409,2026-06-14,35400.0,USD,ANNUAL_REVIEW (+13%),2026-10-02 19:10:55
1411,2023-06-26,36905.08,USD,INITIAL_HIRE,2026-10-02 19:10:55
1411,2026-06-23,43548.0,USD,ANNUAL_REVIEW (+18%),2026-10-02 19:10:55
1412,2024-09-19,101210.81,USD,INITIAL_HIRE,2026-10-02 19:10:55
1412,2026-06-28,112344.0,USD,ANNUAL_REVIEW (+11%),2026-10-02 19:10:55
1415,2023-04-17,34908.11,USD,INITIAL_HIRE,2026-10-02 19:10:55
1415,2026-06-27,38748.0,USD,ANNUAL_REVIEW (+11%),2026-10-02 19:10:55
1417,2019-01-18,38335.71,USD,INITIAL_HIRE,2026-10-02 19:10:55
1417,2026-07-30,42936.0,USD,ANNUAL_REVIEW (+12%),2026-10-02 19:10:55
1419,2015-11-19,84828.32,USD,INITIAL_HIRE,2026-10-02 19:10:55
1419,2026-06-19,95856.0,USD,ANNUAL_REVIEW (+13%),2026-10-02 19:10:55
1420,2022-02-09,42840.0,USD,INITIAL_HIRE,2026-10-02 19:10:55
1420,2025-12-05,51408.0,USD,ANNUAL_REVIEW (+20%),2026-10-02 19:10:55
1421,2017-08-07,80925.0,USD,INITIAL_HIRE,2026-10-02 19:10:55
1421,2026-01-22,90636.0,USD,ANNUAL_REVIEW (+12%),2026-10-02 19:10:55
1422,2005-11-10,174736.13,USD,INITIAL_HIRE,2026-10-02 19:10:55
1422,2026-01-10,207936.0,USD,ANNUAL_REVIEW (+19%),2026-10-02 19:10:55
1423,2016-12-22,195381.82,USD,INITIAL_HIRE,2026-10-02 19:10:55
1423,2025-12-30,236412.0,USD,ANNUAL_REVIEW (+21%),2026-10-02 19:10:55
1424,2019-05-02,156446.02,USD,INITIAL_HIRE,2026-10-02 19:10:55
1424,2026-01-16,176784.0,USD,ANNUAL_REVIEW (+13%),2026-10-02 19:10:55
1425,2021-06-17,95979.31,USD,INITIAL_HIRE,2026-10-02 19:10:55
1425,2026-03-24,111336.0,USD,ANNUAL_REVIEW (+16%),2026-10-02 19:10:55
1427,2024-10-22,14560.71,USD,INITIAL_HIRE,2026-10-02 19:10:55
1427,2026-05-08,16308.0,USD,ANNUAL_REVIEW (+12%),2026-10-02 19:10:55
1428,2023-07-14,50305.26,USD,INITIAL_HIRE,2026-10-02 19:10:55
1428,2025-11-27,57348.0,USD,ANNUAL_REVIEW (+14%),2026-10-02 19:10:55
1430,2023-05-19,177535.14,USD,INITIAL_HIRE,2026-10-02 19:10:55
1430,2026-07-03,197064.0,USD,ANNUAL_REVIEW (+11%),2026-10-02 19:10:55
1431,2022-09-08,31536.84,USD,INITIAL_HIRE,2026-10-02 19:10:55
1431,2026-04-16,35952.0,USD,ANNUAL_REVIEW (+14%),2026-10-02 19:10:55
1433,2024-11-22,13510.71,USD,INITIAL_HIRE,2026-10-02 19:10:55
1433,2026-02-26,15132.0,USD,ANNUAL_REVIEW (+12%),2026-10-02 19:10:55
1434,2021-03-01,22094.74,USD,INITIAL_HIRE,2026-10-02 19:10:55
1434,2026-01-21,25188.0,USD,ANNUAL_REVIEW (+14%),2026-10-02 19:10:55
1435,2016-09-04,60103.45,USD,INITIAL_HIRE,2026-10-02 19:10:55
1435,2026-03-22,69720.0,USD,ANNUAL_REVIEW (+16%),2026-10-02 19:10:55
1436,2023-07-21,59968.14,USD,INITIAL_HIRE,2026-10-02 19:10:55
1436,2026-01-05,67764.0,USD,ANNUAL_REVIEW (+13%),2026-10-02 19:10:55
1438,2020-04-02,36642.86,USD,INITIAL_HIRE,2026-10-02 19:10:55
1438,2025-11-30,41040.0,USD,ANNUAL_REVIEW (+12%),2026-10-02 19:10:55
1439,2023-02-20,47142.86,USD,INITIAL_HIRE,2026-10-02 19:10:55
1439,2026-03-23,52800.0,USD,ANNUAL_REVIEW (+12%),2026-10-02 19:10:55
1440,2020-01-11,36842.11,USD,INITIAL_HIRE,2026-10-02 19:10:55
1440,2025-12-13,42000.0,USD,ANNUAL_REVIEW (+14%),2026-10-02 19:10:55
1441,2023-07-06,20321.31,USD,INITIAL_HIRE,2026-10-02 19:10:55
1441,2026-07-13,24792.0,USD,ANNUAL_REVIEW (+22%),2026-10-02 19:10:55
1443,2005-11-30,173132.77,USD,INITIAL_HIRE,2026-10-02 19:10:55
1443,2025-12-01,206028.0,USD,ANNUAL_REVIEW (+19%),2026-10-02 19:10:55
1445,2021-05-08,44592.86,USD,INITIAL_HIRE,2026-10-02 19:10:55
1445,2026-07-11,49944.0,USD,ANNUAL_REVIEW (+12%),2026-10-02 19:10:55
1446,2022-01-03,98614.29,USD,INITIAL_HIRE,2026-10-02 19:10:55
1446,2025-12-21,110448.0,USD,ANNUAL_REVIEW (+12%),2026-10-02 19:10:55
1447,2021-07-16,33784.62,USD,INITIAL_HIRE,2026-10-02 19:10:55
1447,2026-05-08,39528.0,USD,ANNUAL_REVIEW (+17%),2026-10-02 19:10:55
1448,2022-09-20,22789.29,USD,INITIAL_HIRE,2026-10-02 19:10:55
1448,2025-11-16,25524.0,USD,ANNUAL_REVIEW (+12%),2026-10-02 19:10:55
1449,2018-09-14,42972.97,USD,INITIAL_HIRE,2026-10-02 19:10:55
1449,2026-07-26,47700.0,USD,ANNUAL_REVIEW (+11%),2026-10-02 19:10:55
1453,2013-06-01,109759.32,USD,INITIAL_HIRE,2026-10-02 19:10:55
1453,2026-04-15,129516.0,USD,ANNUAL_REVIEW (+18%),2026-10-02 19:10:55
1457,2018-02-09,109145.95,USD,INITIAL_HIRE,2026-10-02 19:10:55
1457,2025-02-23,121152.0,USD,ANNUAL_REVIEW (+11%),2026-10-02 19:10:55
1458,2024-12-22,35570.73,USD,INITIAL_HIRE,2026-10-02 19:10:55
1458,2025-12-22,43752.0,USD,ANNUAL_REVIEW (+23%),2026-10-02 19:10:55
1459,2015-09-16,80497.3,USD,INITIAL_HIRE,2026-10-02 19:10:55
1459,2025-09-29,89352.0,USD,ANNUAL_REVIEW (+11%),2026-10-02 19:10:55
1460,2019-08-27,110349.15,USD,INITIAL_HIRE,2026-10-02 19:10:55
1460,2026-08-08,130212.0,USD,ANNUAL_REVIEW (+18%),2026-10-02 19:10:55
1461,2022-11-28,21447.46,USD,INITIAL_HIRE,2026-10-02 19:10:55
1461,2026-05-29,25308.0,USD,ANNUAL_REVIEW (+18%),2026-10-02 19:10:55
1464,2023-08-29,39525.66,USD,INITIAL_HIRE,2026-10-02 19:10:55
1464,2025-11-12,44664.0,USD,ANNUAL_REVIEW (+13%),2026-10-02 19:10:55
1465,2023-01-23,95389.83,USD,INITIAL_HIRE,2026-10-02 19:10:55
1465,2026-02-28,112560.0,USD,ANNUAL_REVIEW (+18%),2026-10-02 19:10:55
1466,2024-02-09,59308.11,USD,INITIAL_HIRE,2026-10-02 19:10:55
1466,2026-06-17,65832.0,USD,ANNUAL_REVIEW (+11%),2026-10-02 19:10:55
1467,2023-06-06,28612.17,USD,INITIAL_HIRE,2026-10-02 19:10:55
1467,2025-10-24,32904.0,USD,ANNUAL_REVIEW (+15%),2026-10-02 19:10:55
1468,2017-01-19,148724.32,USD,INITIAL_HIRE,2026-10-02 19:10:55
1468,2026-07-13,165084.0,USD,ANNUAL_REVIEW (+11%),2026-10-02 19:10:55
1469,2021-09-30,86064.41,USD,INITIAL_HIRE,2026-10-02 19:10:55
1469,2025-11-24,101556.0,USD,ANNUAL_REVIEW (+18%),2026-10-02 19:10:55
1471,2020-12-20,33284.21,USD,INITIAL_HIRE,2026-10-02 19:10:55
1471,2025-11-20,37944.0,USD,ANNUAL_REVIEW (+14%),2026-10-02 19:10:55
1472,2017-01-31,177835.71,USD,INITIAL_HIRE,2026-10-02 19:10:55
1472,2026-06-28,199176.0,USD,ANNUAL_REVIEW (+12%),2026-10-02 19:10:55
1473,2023-01-31,70010.53,USD,INITIAL_HIRE,2026-10-02 19:10:55
1473,2026-07-06,79812.0,USD,ANNUAL_REVIEW (+14%),2026-10-02 19:10:55
1474,2023-05-25,24684.21,USD,INITIAL_HIRE,2026-10-02 19:10:55
1474,2026-08-17,28140.0,USD,ANNUAL_REVIEW (+14%),2026-10-02 19:10:55
1475,2021-01-10,36318.58,USD,INITIAL_HIRE,2026-10-02 19:10:55
1475,2025-11-18,41040.0,USD,ANNUAL_REVIEW (+13%),2026-10-02 19:10:55
1477,2022-05-29,46031.58,USD,INITIAL_HIRE,2026-10-02 19:10:55
1477,2026-02-02,52476.0,USD,ANNUAL_REVIEW (+14%),2026-10-02 19:10:55
1478,2013-09-16,48396.61,USD,INITIAL_HIRE,2026-10-02 19:10:55
1478,2026-01-16,57108.0,USD,ANNUAL_REVIEW (+18%),2026-10-02 19:10:55
1479,2023-12-07,55314.78,USD,INITIAL_HIRE,2026-10-02 19:10:55
1479,2026-06-07,63612.0,USD,ANNUAL_REVIEW (+15%),2026-10-02 19:10:55
1480,2014-07-17,39005.31,USD,INITIAL_HIRE,2026-10-02 19:10:55
1480,2026-02-22,44076.0,USD,ANNUAL_REVIEW (+13%),2026-10-02 19:10:55
1481,2025-08-30,51085.71,USD,INITIAL_HIRE,2026-10-02 19:10:55
1481,2026-08-30,57216.0,USD,ANNUAL_REVIEW (+12%),2026-10-02 19:10:55
1482,2025-03-11,13529.2,USD,INITIAL_HIRE,2026-10-02 19:10:55
1482,2026-03-11,15288.0,USD,ANNUAL_REVIEW (+13%),2026-10-02 19:10:55
1483,2014-07-17,47419.35,USD,INITIAL_HIRE,2026-10-02 19:10:55
1483,2026-03-12,58800.0,USD,ANNUAL_REVIEW (+24%),2026-10-02 19:10:55
1484,2017-12-22,110168.42,USD,INITIAL_HIRE,2026-10-02 19:10:55
1484,2026-05-26,125592.0,USD,ANNUAL_REVIEW (+14%),2026-10-02 19:10:55
1485,2012-05-09,179021.05,USD,INITIAL_HIRE,2026-10-02 19:10:55
1485,2026-02-01,204084.0,USD,ANNUAL_REVIEW (+14%),2026-10-02 19:10:55
1486,2023-07-22,30354.78,USD,INITIAL_HIRE,2026-10-02 19:10:55
1486,2025-12-11,34908.0,USD,ANNUAL_REVIEW (+15%),2026-10-02 19:10:55
1487,2019-12-26,62324.32,USD,INITIAL_HIRE,2026-10-02 19:10:55
1487,2025-05-27,69180.0,USD,ANNUAL_REVIEW (+11%),2026-10-02 19:10:55
1489,2010-10-07,44868.29,USD,INITIAL_HIRE,2026-10-02 19:10:55
1489,2025-12-30,55188.0,USD,ANNUAL_REVIEW (+23%),2026-10-02 19:10:55
1492,2025-07-07,25529.2,USD,INITIAL_HIRE,2026-10-02 19:10:55
1492,2026-08-26,28848.0,USD,ANNUAL_REVIEW (+13%),2026-10-02 19:10:55
1494,2025-03-13,38064.0,USD,INITIAL_HIRE,2026-10-02 19:10:55
1495,2025-04-10,21589.38,USD,INITIAL_HIRE,2026-10-02 19:10:55
1495,2026-04-10,24396.0,USD,ANNUAL_REVIEW (+13%),2026-10-02 19:10:55
1496,2024-09-23,103820.34,USD,INITIAL_HIRE,2026-10-02 19:10:55
1496,2026-06-10,122508.0,USD,ANNUAL_REVIEW (+18%),2026-10-02 19:10:55
1497,2016-01-25,90736.84,USD,INITIAL_HIRE,2026-10-02 19:10:55
1497,2026-06-04,103440.0,USD,ANNUAL_REVIEW (+14%),2026-10-02 19:10:55
1499,2021-05-23,20469.42,USD,INITIAL_HIRE,2026-10-02 19:10:55
1499,2026-02-09,24768.0,USD,ANNUAL_REVIEW (+21%),2026-10-02 19:10:55
1501,2023-02-13,41741.38,USD,INITIAL_HIRE,2026-10-02 19:10:55
1501,2026-06-18,48420.0,USD,ANNUAL_REVIEW (+16%),2026-10-02 19:10:55
1502,2020-12-10,41491.89,USD,INITIAL_HIRE,2026-10-02 19:10:55
1502,2026-05-12,46056.0,USD,ANNUAL_REVIEW (+11%),2026-10-02 19:10:55
1503,2021-03-14,47087.18,USD,INITIAL_HIRE,2026-10-02 19:10:55
1503,2026-01-31,55092.0,USD,ANNUAL_REVIEW (+17%),2026-10-02 19:10:55
1504,2025-12-16,30732.0,USD,INITIAL_HIRE,2026-10-02 19:10:55
1506,2025-07-10,16452.63,USD,INITIAL_HIRE,2026-10-02 19:10:55
1506,2026-07-10,18756.0,USD,ANNUAL_REVIEW (+14%),2026-10-02 19:10:55
1507,2022-07-16,51557.89,USD,INITIAL_HIRE,2026-10-02 19:10:55
1507,2026-02-17,58776.0,USD,ANNUAL_REVIEW (+14%),2026-10-02 19:10:55
1509,2023-05-18,45974.4,USD,INITIAL_HIRE,2026-10-02 19:10:55
1509,2026-09-01,57468.0,USD,ANNUAL_REVIEW (+25%),2026-10-02 19:10:55
1513,2022-12-24,33769.91,USD,INITIAL_HIRE,2026-10-02 19:10:55
1513,2026-04-20,38160.0,USD,ANNUAL_REVIEW (+13%),2026-10-02 19:10:55
1514,2018-04-12,68936.84,USD,INITIAL_HIRE,2026-10-02 19:10:55
1514,2026-04-12,78588.0,USD,ANNUAL_REVIEW (+14%),2026-10-02 19:10:55
1515,2026-06-09,76656.0,USD,INITIAL_HIRE,2026-10-02 19:10:55
1516,2021-01-17,107942.4,USD,INITIAL_HIRE,2026-10-02 19:10:55
1516,2026-02-24,134928.0,USD,ANNUAL_REVIEW (+25%),2026-10-02 19:10:55
1520,2011-12-25,160320.0,USD,INITIAL_HIRE,2026-10-02 19:10:55
1520,2026-07-19,192384.0,USD,ANNUAL_REVIEW (+20%),2026-10-02 19:10:55
1522,2016-06-02,25083.19,USD,INITIAL_HIRE,2026-10-02 19:10:55
1522,2026-01-08,28344.0,USD,ANNUAL_REVIEW (+13%),2026-10-02 19:10:55
1523,2006-06-26,173394.69,USD,INITIAL_HIRE,2026-10-02 19:10:55
1523,2026-01-16,195936.0,USD,ANNUAL_REVIEW (+13%),2026-10-02 19:10:55
1525,2024-02-11,85179.66,USD,INITIAL_HIRE,2026-10-02 19:10:55
1525,2026-02-12,100512.0,USD,ANNUAL_REVIEW (+18%),2026-10-02 19:10:55
1527,2013-03-21,177921.43,USD,INITIAL_HIRE,2026-10-02 19:10:55
1527,2026-01-01,199272.0,USD,ANNUAL_REVIEW (+12%),2026-10-02 19:10:55
1529,2015-05-07,86783.19,USD,INITIAL_HIRE,2026-10-02 19:10:55
1529,2026-06-13,103272.0,USD,ANNUAL_REVIEW (+19%),2026-10-02 19:10:55
1533,2022-05-24,23915.79,USD,INITIAL_HIRE,2026-10-02 19:10:55
1533,2025-11-06,27264.0,USD,ANNUAL_REVIEW (+14%),2026-10-02 19:10:55
1534,2020-12-10,21242.11,USD,INITIAL_HIRE,2026-10-02 19:10:55
1534,2025-09-26,24216.0,USD,ANNUAL_REVIEW (+14%),2026-10-02 19:10:55
1535,2016-07-04,74557.89,USD,INITIAL_HIRE,2026-10-02 19:10:55
1535,2026-02-19,84996.0,USD,ANNUAL_REVIEW (+14%),2026-10-02 19:10:55
1537,2018-09-28,43757.14,USD,INITIAL_HIRE,2026-10-02 19:10:55
1537,2026-01-09,49008.0,USD,ANNUAL_REVIEW (+12%),2026-10-02 19:10:55
1539,1993-12-13,153037.17,USD,INITIAL_HIRE,2026-10-02 19:10:55
1539,2025-11-30,172932.0,USD,ANNUAL_REVIEW (+13%),2026-10-02 19:10:55
1541,2014-12-20,22156.8,USD,INITIAL_HIRE,2026-10-02 19:10:55
1541,2026-05-25,27696.0,USD,ANNUAL_REVIEW (+25%),2026-10-02 19:10:55
1542,2025-08-01,50957.89,USD,INITIAL_HIRE,2026-10-02 19:10:55
1542,2026-08-01,58092.0,USD,ANNUAL_REVIEW (+14%),2026-10-02 19:10:55
1543,2016-02-21,43948.72,USD,INITIAL_HIRE,2026-10-02 19:10:55
1543,2026-05-26,51420.0,USD,ANNUAL_REVIEW (+17%),2026-10-02 19:10:55
1544,2019-09-04,103168.14,USD,INITIAL_HIRE,2026-10-02 19:10:55
1544,2026-01-07,116580.0,USD,ANNUAL_REVIEW (+13%),2026-10-02 19:10:55
1545,2021-02-21,45876.11,USD,INITIAL_HIRE,2026-10-02 19:10:55
1545,2026-04-19,51840.0,USD,ANNUAL_REVIEW (+13%),2026-10-02 19:10:55
1546,2021-06-11,21320.0,USD,INITIAL_HIRE,2026-10-02 19:10:55
1546,2026-08-15,25584.0,USD,ANNUAL_REVIEW (+20%),2026-10-02 19:10:55
1547,2006-05-07,106568.42,USD,INITIAL_HIRE,2026-10-02 19:10:55
1547,2026-07-07,121488.0,USD,ANNUAL_REVIEW (+14%),2026-10-02 19:10:55
1548,2018-02-07,58639.29,USD,INITIAL_HIRE,2026-10-02 19:10:55
1548,2026-02-09,65676.0,USD,ANNUAL_REVIEW (+12%),2026-10-02 19:10:55
1549,2011-05-15,55789.29,USD,INITIAL_HIRE,2026-10-02 19:10:55
1549,2026-07-06,62484.0,USD,ANNUAL_REVIEW (+12%),2026-10-02 19:10:55
1550,2005-01-08,163011.57,USD,INITIAL_HIRE,2026-10-02 19:10:55
1550,2026-06-12,197244.0,USD,ANNUAL_REVIEW (+21%),2026-10-02 19:10:55
1551,2025-04-09,24168.42,USD,INITIAL_HIRE,2026-10-02 19:10:55
1551,2026-04-09,27552.0,USD,ANNUAL_REVIEW (+14%),2026-10-02 19:10:55
1552,2023-11-07,41379.66,USD,INITIAL_HIRE,2026-10-02 19:10:55
1552,2026-06-18,48828.0,USD,ANNUAL_REVIEW (+18%),2026-10-02 19:10:55
1553,2016-03-05,79725.0,USD,INITIAL_HIRE,2026-10-02 19:10:55
1553,2026-07-26,89292.0,USD,ANNUAL_REVIEW (+12%),2026-10-02 19:10:55
1554,2021-06-26,23707.32,USD,INITIAL_HIRE,2026-10-02 19:10:55
1554,2026-02-27,29160.0,USD,ANNUAL_REVIEW (+23%),2026-10-02 19:10:55
1555,2019-01-19,62978.57,USD,INITIAL_HIRE,2026-10-02 19:10:55
1555,2026-02-07,70536.0,USD,ANNUAL_REVIEW (+12%),2026-10-02 19:10:55
1556,2023-05-20,26221.49,USD,INITIAL_HIRE,2026-10-02 19:10:55
1556,2026-01-25,31728.0,USD,ANNUAL_REVIEW (+21%),2026-10-02 19:10:55
1557,2018-04-09,67778.95,USD,INITIAL_HIRE,2026-10-02 19:10:55
1557,2025-11-22,77268.0,USD,ANNUAL_REVIEW (+14%),2026-10-02 19:10:55
1558,2025-08-18,24925.42,USD,INITIAL_HIRE,2026-10-02 19:10:55
1558,2026-08-18,29412.0,USD,ANNUAL_REVIEW (+18%),2026-10-02 19:10:55
1560,2024-08-24,67879.65,USD,INITIAL_HIRE,2026-10-02 19:10:55
1560,2026-04-27,76704.0,USD,ANNUAL_REVIEW (+13%),2026-10-02 19:10:55
1562,2015-10-07,105016.22,USD,INITIAL_HIRE,2026-10-02 19:10:55
1562,2026-01-04,116568.0,USD,ANNUAL_REVIEW (+11%),2026-10-02 19:10:55
1563,2020-08-02,65697.3,USD,INITIAL_HIRE,2026-10-02 19:10:55
1563,2025-12-05,72924.0,USD,ANNUAL_REVIEW (+11%),2026-10-02 19:10:55
1564,2022-11-06,24705.88,USD,INITIAL_HIRE,2026-10-02 19:10:55
1564,2026-03-24,29400.0,USD,ANNUAL_REVIEW (+19%),2026-10-02 19:10:55
1568,2021-12-23,99107.14,USD,INITIAL_HIRE,2026-10-02 19:10:55
1568,2026-08-04,111000.0,USD,ANNUAL_REVIEW (+12%),2026-10-02 19:10:55
1569,2024-12-02,22221.43,USD,INITIAL_HIRE,2026-10-02 19:10:55
1569,2025-12-02,24888.0,USD,ANNUAL_REVIEW (+12%),2026-10-02 19:10:55
1572,1992-09-06,105196.55,USD,INITIAL_HIRE,2026-10-02 19:10:55
1572,2026-03-26,122028.0,USD,ANNUAL_REVIEW (+16%),2026-10-02 19:10:55
1573,2020-12-11,52486.49,USD,INITIAL_HIRE,2026-10-02 19:10:55
1573,2026-03-06,58260.0,USD,ANNUAL_REVIEW (+11%),2026-10-02 19:10:55
1574,2020-09-13,43021.05,USD,INITIAL_HIRE,2026-10-02 19:10:55
1574,2026-01-28,49044.0,USD,ANNUAL_REVIEW (+14%),2026-10-02 19:10:55
1576,2018-05-26,25360.71,USD,INITIAL_HIRE,2026-10-02 19:10:55
1576,2026-04-03,28404.0,USD,ANNUAL_REVIEW (+12%),2026-10-02 19:10:55
1577,2025-04-21,31561.06,USD,INITIAL_HIRE,2026-10-02 19:10:55
1577,2026-04-21,35664.0,USD,ANNUAL_REVIEW (+13%),2026-10-02 19:10:55
1578,1989-12-04,194241.32,USD,INITIAL_HIRE,2026-10-02 19:10:55
1578,2026-03-15,235032.0,USD,ANNUAL_REVIEW (+21%),2026-10-02 19:10:55
1580,2024-07-22,56246.15,USD,INITIAL_HIRE,2026-10-02 19:10:55
1580,2025-12-23,65808.0,USD,ANNUAL_REVIEW (+17%),2026-10-02 19:10:55
1581,2025-04-21,20439.67,USD,INITIAL_HIRE,2026-10-02 19:10:55
1581,2026-04-21,24732.0,USD,ANNUAL_REVIEW (+21%),2026-10-02 19:10:55
1582,2017-06-11,107286.49,USD,INITIAL_HIRE,2026-10-02 19:10:55
1582,2026-08-16,119088.0,USD,ANNUAL_REVIEW (+11%),2026-10-02 19:10:55
1583,2023-08-19,44978.57,USD,INITIAL_HIRE,2026-10-02 19:10:55
1583,2026-08-12,50376.0,USD,ANNUAL_REVIEW (+12%),2026-10-02 19:10:55
1585,2025-08-29,72371.68,USD,INITIAL_HIRE,2026-10-02 19:10:55
1585,2026-08-29,81780.0,USD,ANNUAL_REVIEW (+13%),2026-10-02 19:10:55
1586,2016-06-04,48030.51,USD,INITIAL_HIRE,2026-10-02 19:10:55
1586,2026-08-22,56676.0,USD,ANNUAL_REVIEW (+18%),2026-10-02 19:10:55
1587,2021-09-05,63537.93,USD,INITIAL_HIRE,2026-10-02 19:10:55
1587,2026-05-12,73704.0,USD,ANNUAL_REVIEW (+16%),2026-10-02 19:10:55
1588,2019-09-10,89048.65,USD,INITIAL_HIRE,2026-10-02 19:10:55
1588,2026-08-29,98844.0,USD,ANNUAL_REVIEW (+11%),2026-10-02 19:10:55
1590,2020-06-08,89273.95,USD,INITIAL_HIRE,2026-10-02 19:10:55
1590,2026-06-03,106236.0,USD,ANNUAL_REVIEW (+19%),2026-10-02 19:10:55
1591,2025-07-28,199975.86,USD,INITIAL_HIRE,2026-10-02 19:10:55
1591,2026-07-28,231972.0,USD,ANNUAL_REVIEW (+16%),2026-10-02 19:10:55
1592,2024-04-02,21444.83,USD,INITIAL_HIRE,2026-10-02 19:10:55
1592,2026-07-12,24876.0,USD,ANNUAL_REVIEW (+16%),2026-10-02 19:10:55
1594,2023-09-27,59065.49,USD,INITIAL_HIRE,2026-10-02 19:10:55
1594,2026-04-15,66744.0,USD,ANNUAL_REVIEW (+13%),2026-10-02 19:10:55
1595,2025-06-25,192914.75,USD,INITIAL_HIRE,2026-10-02 19:10:55
1595,2026-06-25,235356.0,USD,ANNUAL_REVIEW (+22%),2026-10-02 19:10:55
1596,2016-05-05,34943.59,USD,INITIAL_HIRE,2026-10-02 19:10:55
1596,2026-08-12,40884.0,USD,ANNUAL_REVIEW (+17%),2026-10-02 19:10:55
1597,2017-11-18,53294.74,USD,INITIAL_HIRE,2026-10-02 19:10:55
1597,2026-08-14,60756.0,USD,ANNUAL_REVIEW (+14%),2026-10-02 19:10:55
1598,2021-03-06,48406.96,USD,INITIAL_HIRE,2026-10-02 19:10:55
1598,2026-06-13,55668.0,USD,ANNUAL_REVIEW (+15%),2026-10-02 19:10:55
1599,2019-12-16,52242.86,USD,INITIAL_HIRE,2026-10-02 19:10:55
1599,2025-12-28,58512.0,USD,ANNUAL_REVIEW (+12%),2026-10-02 19:10:55
1601,2025-06-11,27355.93,USD,INITIAL_HIRE,2026-10-02 19:10:55
1601,2026-06-11,32280.0,USD,ANNUAL_REVIEW (+18%),2026-10-02 19:10:55
1602,2000-05-07,183307.83,USD,INITIAL_HIRE,2026-10-02 19:10:55
1602,2026-02-22,210804.0,USD,ANNUAL_REVIEW (+15%),2026-10-02 19:10:55
1604,2025-01-16,24697.44,USD,INITIAL_HIRE,2026-10-02 19:10:55
1604,2026-04-25,28896.0,USD,ANNUAL_REVIEW (+17%),2026-10-02 19:10:55
1605,2021-12-13,29621.05,USD,INITIAL_HIRE,2026-10-02 19:10:55
1605,2026-01-24,33768.0,USD,ANNUAL_REVIEW (+14%),2026-10-02 19:10:55
1606,1995-11-20,117339.13,USD,INITIAL_HIRE,2026-10-02 19:10:55
1606,2026-08-13,134940.0,USD,ANNUAL_REVIEW (+15%),2026-10-02 19:10:55
1607,2022-11-18,33969.23,USD,INITIAL_HIRE,2026-10-02 19:10:55
1607,2026-01-31,39744.0,USD,ANNUAL_REVIEW (+17%),2026-10-02 19:10:55
1608,2004-01-28,200515.79,USD,INITIAL_HIRE,2026-10-02 19:10:55
1608,2026-07-20,228588.0,USD,ANNUAL_REVIEW (+14%),2026-10-02 19:10:55
1609,2020-04-19,22939.29,USD,INITIAL_HIRE,2026-10-02 19:10:55
1609,2025-12-18,25692.0,USD,ANNUAL_REVIEW (+12%),2026-10-02 19:10:55
1611,2016-04-06,60726.32,USD,INITIAL_HIRE,2026-10-02 19:10:55
1611,2026-06-05,69228.0,USD,ANNUAL_REVIEW (+14%),2026-10-02 19:10:55
1612,2015-11-13,45756.52,USD,INITIAL_HIRE,2026-10-02 19:10:55
1612,2026-07-09,52620.0,USD,ANNUAL_REVIEW (+15%),2026-10-02 19:10:55
1613,2021-06-30,56623.01,USD,INITIAL_HIRE,2026-10-02 19:10:55
1613,2026-05-24,63984.0,USD,ANNUAL_REVIEW (+13%),2026-10-02 19:10:55
1614,2023-06-10,49960.71,USD,INITIAL_HIRE,2026-10-02 19:10:55
1614,2026-09-02,55956.0,USD,ANNUAL_REVIEW (+12%),2026-10-02 19:10:55
1615,2016-12-10,50166.37,USD,INITIAL_HIRE,2026-10-02 19:10:55
1615,2026-07-15,56688.0,USD,ANNUAL_REVIEW (+13%),2026-10-02 19:10:55
1617,2017-05-28,33800.0,USD,INITIAL_HIRE,2026-10-02 19:10:55
1617,2026-03-06,38532.0,USD,ANNUAL_REVIEW (+14%),2026-10-02 19:10:55
1618,2019-07-17,57100.88,USD,INITIAL_HIRE,2026-10-02 19:10:55
1618,2026-06-04,64524.0,USD,ANNUAL_REVIEW (+13%),2026-10-02 19:10:55
1619,2019-03-31,43956.76,USD,INITIAL_HIRE,2026-10-02 19:10:55
1619,2026-05-19,48792.0,USD,ANNUAL_REVIEW (+11%),2026-10-02 19:10:55
1621,2010-06-17,56302.7,USD,INITIAL_HIRE,2026-10-02 19:10:55
1621,2026-01-03,62496.0,USD,ANNUAL_REVIEW (+11%),2026-10-02 19:10:55
1622,2020-12-12,48366.94,USD,INITIAL_HIRE,2026-10-02 19:10:55
1622,2026-07-27,58524.0,USD,ANNUAL_REVIEW (+21%),2026-10-02 19:10:55
1623,2023-12-07,31698.31,USD,INITIAL_HIRE,2026-10-02 19:10:55
1623,2026-05-06,37404.0,USD,ANNUAL_REVIEW (+18%),2026-10-02 19:10:55
1624,2025-10-12,18828.0,USD,INITIAL_HIRE,2026-10-02 19:10:55
1625,2021-04-10,212518.92,USD,INITIAL_HIRE,2026-10-02 19:10:55
1625,2026-07-08,235896.0,USD,ANNUAL_REVIEW (+11%),2026-10-02 19:10:55
1627,2015-11-12,32024.35,USD,INITIAL_HIRE,2026-10-02 19:10:55
1627,2026-04-10,36828.0,USD,ANNUAL_REVIEW (+15%),2026-10-02 19:10:55
1628,2008-01-31,110814.16,USD,INITIAL_HIRE,2026-10-02 19:10:55
1628,2026-05-26,125220.0,USD,ANNUAL_REVIEW (+13%),2026-10-02 19:10:55
1630,2012-07-23,44442.86,USD,INITIAL_HIRE,2026-10-02 19:10:55
1630,2026-08-20,49776.0,USD,ANNUAL_REVIEW (+12%),2026-10-02 19:10:55
1631,2022-03-21,59158.97,USD,INITIAL_HIRE,2026-10-02 19:10:55
1631,2026-08-12,69216.0,USD,ANNUAL_REVIEW (+17%),2026-10-02 19:10:55
1633,2017-03-11,53543.36,USD,INITIAL_HIRE,2026-10-02 19:10:55
1633,2025-12-20,60504.0,USD,ANNUAL_REVIEW (+13%),2026-10-02 19:10:55
1635,2016-02-29,58184.87,USD,INITIAL_HIRE,2026-10-02 19:10:55
1635,2026-08-16,69240.0,USD,ANNUAL_REVIEW (+19%),2026-10-02 19:10:55
1638,2021-09-24,78211.76,USD,INITIAL_HIRE,2026-10-02 19:10:55
1638,2026-01-10,93072.0,USD,ANNUAL_REVIEW (+19%),2026-10-02 19:10:55
1639,2012-11-01,105702.56,USD,INITIAL_HIRE,2026-10-02 19:10:55
1639,2025-04-09,123672.0,USD,ANNUAL_REVIEW (+17%),2026-10-02 19:10:55
1640,2017-12-24,42551.35,USD,INITIAL_HIRE,2026-10-02 19:10:55
1640,2026-04-15,47232.0,USD,ANNUAL_REVIEW (+11%),2026-10-02 19:10:55
1641,2022-07-15,82904.35,USD,INITIAL_HIRE,2026-10-02 19:10:55
1641,2026-06-01,95340.0,USD,ANNUAL_REVIEW (+15%),2026-10-02 19:10:55
1642,2016-06-25,62086.49,USD,INITIAL_HIRE,2026-10-02 19:10:55
1642,2026-01-12,68916.0,USD,ANNUAL_REVIEW (+11%),2026-10-02 19:10:55
1644,2024-06-18,145939.2,USD,INITIAL_HIRE,2026-10-02 19:10:55
1644,2025-11-11,182424.0,USD,ANNUAL_REVIEW (+25%),2026-10-02 19:10:55
1645,2023-12-20,57263.16,USD,INITIAL_HIRE,2026-10-02 19:10:55
1645,2025-12-12,65280.0,USD,ANNUAL_REVIEW (+14%),2026-10-02 19:10:55
1646,2020-08-12,39929.2,USD,INITIAL_HIRE,2026-10-02 19:10:55
1646,2025-11-16,45120.0,USD,ANNUAL_REVIEW (+13%),2026-10-02 19:10:55
1647,2023-06-10,36071.79,USD,INITIAL_HIRE,2026-10-02 19:10:55
1647,2025-11-22,42204.0,USD,ANNUAL_REVIEW (+17%),2026-10-02 19:10:55
1648,2021-12-17,27398.23,USD,INITIAL_HIRE,2026-10-02 19:10:55
1648,2026-07-22,30960.0,USD,ANNUAL_REVIEW (+13%),2026-10-02 19:10:55
1649,2022-05-14,22800.0,USD,INITIAL_HIRE,2026-10-02 19:10:55
1649,2026-03-29,25992.0,USD,ANNUAL_REVIEW (+14%),2026-10-02 19:10:55
1650,2021-07-01,63448.65,USD,INITIAL_HIRE,2026-10-02 19:10:55
1650,2026-01-30,70428.0,USD,ANNUAL_REVIEW (+11%),2026-10-02 19:10:55
1651,2023-09-12,85800.0,USD,INITIAL_HIRE,2026-10-02 19:10:55
1651,2026-08-10,96096.0,USD,ANNUAL_REVIEW (+12%),2026-10-02 19:10:55
1653,2019-03-31,53394.87,USD,INITIAL_HIRE,2026-10-02 19:10:55
1653,2026-03-06,62472.0,USD,ANNUAL_REVIEW (+17%),2026-10-02 19:10:55
1654,2021-07-12,52512.4,USD,INITIAL_HIRE,2026-10-02 19:10:55
1654,2026-08-14,63540.0,USD,ANNUAL_REVIEW (+21%),2026-10-02 19:10:55
1655,2022-01-13,169789.66,USD,INITIAL_HIRE,2026-10-02 19:10:55
1655,2026-02-07,196956.0,USD,ANNUAL_REVIEW (+16%),2026-10-02 19:10:55
1656,2012-03-23,138459.13,USD,INITIAL_HIRE,2026-10-02 19:10:55
1656,2026-06-25,159228.0,USD,ANNUAL_REVIEW (+15%),2026-10-02 19:10:55
1657,2024-01-17,28063.87,USD,INITIAL_HIRE,2026-10-02 19:10:55
1657,2026-08-05,33396.0,USD,ANNUAL_REVIEW (+19%),2026-10-02 19:10:55
1658,2015-03-06,58210.71,USD,INITIAL_HIRE,2026-10-02 19:10:55
1658,2026-08-13,65196.0,USD,ANNUAL_REVIEW (+12%),2026-10-02 19:10:55
1659,2022-05-10,21762.16,USD,INITIAL_HIRE,2026-10-02 19:10:55
1659,2026-07-08,24156.0,USD,ANNUAL_REVIEW (+11%),2026-10-02 19:10:55
1661,2010-12-22,140833.61,USD,INITIAL_HIRE,2026-10-02 19:10:55
1661,2026-03-24,167592.0,USD,ANNUAL_REVIEW (+19%),2026-10-02 19:10:55
1662,2023-04-28,45641.74,USD,INITIAL_HIRE,2026-10-02 19:10:55
1662,2026-08-10,52488.0,USD,ANNUAL_REVIEW (+15%),2026-10-02 19:10:55
1664,2020-11-22,68420.0,USD,INITIAL_HIRE,2026-10-02 19:10:55
1664,2026-01-04,82104.0,USD,ANNUAL_REVIEW (+20%),2026-10-02 19:10:55
1665,2015-11-08,167289.6,USD,INITIAL_HIRE,2026-10-02 19:10:55
1665,2026-03-05,209112.0,USD,ANNUAL_REVIEW (+25%),2026-10-02 19:10:55
1666,2012-03-22,170351.61,USD,INITIAL_HIRE,2026-10-02 19:10:55
1666,2026-06-05,211236.0,USD,ANNUAL_REVIEW (+24%),2026-10-02 19:10:55
1667,2014-03-07,44332.26,USD,INITIAL_HIRE,2026-10-02 19:10:55
1667,2024-11-24,54972.0,USD,ANNUAL_REVIEW (+24%),2026-10-02 19:10:55
1668,2013-07-10,49408.7,USD,INITIAL_HIRE,2026-10-02 19:10:55
1668,2026-02-16,56820.0,USD,ANNUAL_REVIEW (+15%),2026-10-02 19:10:55
1669,2016-01-07,44463.72,USD,INITIAL_HIRE,2026-10-02 19:10:55
1669,2026-02-12,50244.0,USD,ANNUAL_REVIEW (+13%),2026-10-02 19:10:55
1670,2020-02-23,57947.37,USD,INITIAL_HIRE,2026-10-02 19:10:55
1670,2026-07-12,66060.0,USD,ANNUAL_REVIEW (+14%),2026-10-02 19:10:55
1671,2016-12-08,58088.5,USD,INITIAL_HIRE,2026-10-02 19:10:55
1671,2026-02-01,65640.0,USD,ANNUAL_REVIEW (+13%),2026-10-02 19:10:55
1673,2016-07-06,59200.0,USD,INITIAL_HIRE,2026-10-02 19:10:55
1673,2026-03-18,65712.0,USD,ANNUAL_REVIEW (+11%),2026-10-02 19:10:55
1674,2024-01-16,26762.07,USD,INITIAL_HIRE,2026-10-02 19:10:55
1674,2025-11-10,31044.0,USD,ANNUAL_REVIEW (+16%),2026-10-02 19:10:55
1675,2022-04-30,24000.0,USD,INITIAL_HIRE,2026-10-02 19:10:55
1675,2026-04-12,29280.0,USD,ANNUAL_REVIEW (+22%),2026-10-02 19:10:55
1676,2023-08-02,168126.32,USD,INITIAL_HIRE,2026-10-02 19:10:55
1676,2026-02-10,191664.0,USD,ANNUAL_REVIEW (+14%),2026-10-02 19:10:55
1677,2018-08-07,161884.21,USD,INITIAL_HIRE,2026-10-02 19:10:55
1677,2026-05-23,184548.0,USD,ANNUAL_REVIEW (+14%),2026-10-02 19:10:55
1678,2024-03-30,73262.07,USD,INITIAL_HIRE,2026-10-02 19:10:55
1678,2026-08-21,84984.0,USD,ANNUAL_REVIEW (+16%),2026-10-02 19:10:55
1680,2024-06-19,29491.89,USD,INITIAL_HIRE,2026-10-02 19:10:55
1680,2026-07-26,32736.0,USD,ANNUAL_REVIEW (+11%),2026-10-02 19:10:55
1681,2020-08-30,51532.8,USD,INITIAL_HIRE,2026-10-02 19:10:55
1681,2025-12-16,64416.0,USD,ANNUAL_REVIEW (+25%),2026-10-02 19:10:55
1682,2023-05-14,56284.21,USD,INITIAL_HIRE,2026-10-02 19:10:55
1682,2026-01-23,64164.0,USD,ANNUAL_REVIEW (+14%),2026-10-02 19:10:55
1683,2024-02-29,32491.53,USD,INITIAL_HIRE,2026-10-02 19:10:55
1683,2026-05-16,38340.0,USD,ANNUAL_REVIEW (+18%),2026-10-02 19:10:55
1684,2021-05-05,43124.32,USD,INITIAL_HIRE,2026-10-02 19:10:55
1684,2025-12-21,47868.0,USD,ANNUAL_REVIEW (+11%),2026-10-02 19:10:55
1687,2025-11-20,39672.0,USD,INITIAL_HIRE,2026-10-02 19:10:55
1689,2022-01-17,73095.65,USD,INITIAL_HIRE,2026-10-02 19:10:55
1689,2026-09-01,84060.0,USD,ANNUAL_REVIEW (+15%),2026-10-02 19:10:55
1691,2016-12-02,28702.7,USD,INITIAL_HIRE,2026-10-02 19:10:55
1691,2026-04-09,31860.0,USD,ANNUAL_REVIEW (+11%),2026-10-02 19:10:55
1692,2024-10-02,14925.0,USD,INITIAL_HIRE,2026-10-02 19:10:55
1692,2026-02-06,16716.0,USD,ANNUAL_REVIEW (+12%),2026-10-02 19:10:55
1693,2019-05-12,25700.0,USD,INITIAL_HIRE,2026-10-02 19:10:55
1693,2026-02-26,30840.0,USD,ANNUAL_REVIEW (+20%),2026-10-02 19:10:55
1694,2022-08-17,37896.43,USD,INITIAL_HIRE,2026-10-02 19:10:55
1694,2025-11-24,42444.0,USD,ANNUAL_REVIEW (+12%),2026-10-02 19:10:55
1696,2011-09-21,41957.89,USD,INITIAL_HIRE,2026-10-02 19:10:55
1696,2026-01-17,47832.0,USD,ANNUAL_REVIEW (+14%),2026-10-02 19:10:55
1697,2024-11-26,108830.0,USD,INITIAL_HIRE,2026-10-02 19:10:55
1697,2026-06-17,130596.0,USD,ANNUAL_REVIEW (+20%),2026-10-02 19:10:55
1698,2011-11-20,20623.73,USD,INITIAL_HIRE,2026-10-02 19:10:55
1698,2025-12-31,24336.0,USD,ANNUAL_REVIEW (+18%),2026-10-02 19:10:55
1700,2020-02-01,100263.16,USD,INITIAL_HIRE,2026-10-02 19:10:55
1700,2026-04-08,114300.0,USD,ANNUAL_REVIEW (+14%),2026-10-02 19:10:55
1701,2016-08-29,31382.14,USD,INITIAL_HIRE,2026-10-02 19:10:55
1701,2025-12-28,35148.0,USD,ANNUAL_REVIEW (+12%),2026-10-02 19:10:55
1702,2023-02-14,22561.98,USD,INITIAL_HIRE,2026-10-02 19:10:55
1702,2026-03-01,27300.0,USD,ANNUAL_REVIEW (+21%),2026-10-02 19:10:55
1703,2018-09-19,79452.1,USD,INITIAL_HIRE,2026-10-02 19:10:55
1703,2026-08-26,94548.0,USD,ANNUAL_REVIEW (+19%),2026-10-02 19:10:55
1704,2021-09-16,51894.74,USD,INITIAL_HIRE,2026-10-02 19:10:55
1704,2026-08-16,59160.0,USD,ANNUAL_REVIEW (+14%),2026-10-02 19:10:55
1706,2016-07-13,80482.05,USD,INITIAL_HIRE,2026-10-02 19:10:55
1706,2025-11-08,94164.0,USD,ANNUAL_REVIEW (+17%),2026-10-02 19:10:55
1707,2021-03-27,45527.59,USD,INITIAL_HIRE,2026-10-02 19:10:55
1707,2026-08-09,52812.0,USD,ANNUAL_REVIEW (+16%),2026-10-02 19:10:55
1708,2016-09-11,99010.71,USD,INITIAL_HIRE,2026-10-02 19:10:55
1708,2025-11-24,110892.0,USD,ANNUAL_REVIEW (+12%),2026-10-02 19:10:55
1709,2020-11-11,30502.56,USD,INITIAL_HIRE,2026-10-02 19:10:55
1709,2026-01-27,35688.0,USD,ANNUAL_REVIEW (+17%),2026-10-02 19:10:55
1710,2013-05-05,46977.39,USD,INITIAL_HIRE,2026-10-02 19:10:55
1710,2026-07-21,54024.0,USD,ANNUAL_REVIEW (+15%),2026-10-02 19:10:55
1712,2003-07-07,104858.54,USD,INITIAL_HIRE,2026-10-02 19:10:55
1712,2025-12-16,128976.0,USD,ANNUAL_REVIEW (+23%),2026-10-02 19:10:55
1714,2024-04-28,16810.81,USD,INITIAL_HIRE,2026-10-02 19:10:55
1714,2025-08-03,18660.0,USD,ANNUAL_REVIEW (+11%),2026-10-02 19:10:55
1716,2002-08-24,139848.65,USD,INITIAL_HIRE,2026-10-02 19:10:55
1716,2026-02-28,155232.0,USD,ANNUAL_REVIEW (+11%),2026-10-02 19:10:55
1718,2023-06-21,24052.17,USD,INITIAL_HIRE,2026-10-02 19:10:55
1718,2026-03-13,27660.0,USD,ANNUAL_REVIEW (+15%),2026-10-02 19:10:55
1719,2005-09-17,180583.78,USD,INITIAL_HIRE,2026-10-02 19:10:55
1719,2026-06-08,200448.0,USD,ANNUAL_REVIEW (+11%),2026-10-02 19:10:55
1720,2021-09-16,36456.64,USD,INITIAL_HIRE,2026-10-02 19:10:55
1720,2026-06-07,41196.0,USD,ANNUAL_REVIEW (+13%),2026-10-02 19:10:55
1721,2020-12-24,36600.0,USD,INITIAL_HIRE,2026-10-02 19:10:55
1721,2026-07-06,41724.0,USD,ANNUAL_REVIEW (+14%),2026-10-02 19:10:55
1722,2023-08-27,64840.34,USD,INITIAL_HIRE,2026-10-02 19:10:55
1722,2026-03-04,77160.0,USD,ANNUAL_REVIEW (+19%),2026-10-02 19:10:55
1724,2025-03-06,67406.9,USD,INITIAL_HIRE,2026-10-02 19:10:55
1724,2026-08-25,78192.0,USD,ANNUAL_REVIEW (+16%),2026-10-02 19:10:55
1725,2020-05-28,41490.27,USD,INITIAL_HIRE,2026-10-02 19:10:55
1725,2026-06-21,46884.0,USD,ANNUAL_REVIEW (+13%),2026-10-02 19:10:55
1727,2016-01-19,58547.37,USD,INITIAL_HIRE,2026-10-02 19:10:55
1727,2026-03-20,66744.0,USD,ANNUAL_REVIEW (+14%),2026-10-02 19:10:55
1728,2019-09-12,71203.45,USD,INITIAL_HIRE,2026-10-02 19:10:55
1728,2026-04-09,82596.0,USD,ANNUAL_REVIEW (+16%),2026-10-02 19:10:55
1729,2015-12-10,30664.29,USD,INITIAL_HIRE,2026-10-02 19:10:55
1729,2026-02-04,34344.0,USD,ANNUAL_REVIEW (+12%),2026-10-02 19:10:55
1731,2025-02-13,53816.22,USD,INITIAL_HIRE,2026-10-02 19:10:55
1731,2026-06-29,59736.0,USD,ANNUAL_REVIEW (+11%),2026-10-02 19:10:55
1732,2016-05-07,111085.71,USD,INITIAL_HIRE,2026-10-02 19:10:55
1732,2026-02-19,124416.0,USD,ANNUAL_REVIEW (+12%),2026-10-02 19:10:55
1733,2023-08-27,65139.82,USD,INITIAL_HIRE,2026-10-02 19:10:55
1733,2025-02-18,73608.0,USD,ANNUAL_REVIEW (+13%),2026-10-02 19:10:55
1734,2025-05-09,80820.0,USD,INITIAL_HIRE,2026-10-02 19:10:55
1735,2023-06-25,34991.15,USD,INITIAL_HIRE,2026-10-02 19:10:55
1735,2026-05-09,39540.0,USD,ANNUAL_REVIEW (+13%),2026-10-02 19:10:55
1736,2021-04-23,52380.0,USD,INITIAL_HIRE,2026-10-02 19:10:55
1736,2026-06-17,62856.0,USD,ANNUAL_REVIEW (+20%),2026-10-02 19:10:55
1737,2017-05-25,67533.91,USD,INITIAL_HIRE,2026-10-02 19:10:55
1737,2026-03-19,77664.0,USD,ANNUAL_REVIEW (+15%),2026-10-02 19:10:55
1739,2022-07-18,102053.1,USD,INITIAL_HIRE,2026-10-02 19:10:55
1739,2026-03-12,115320.0,USD,ANNUAL_REVIEW (+13%),2026-10-02 19:10:55
1740,2005-05-18,208768.42,USD,INITIAL_HIRE,2026-10-02 19:10:55
1740,2026-08-05,237996.0,USD,ANNUAL_REVIEW (+14%),2026-10-02 19:10:55
1744,2021-08-13,96753.72,USD,INITIAL_HIRE,2026-10-02 19:10:55
1744,2026-03-16,117072.0,USD,ANNUAL_REVIEW (+21%),2026-10-02 19:10:55
1745,2017-10-02,51393.1,USD,INITIAL_HIRE,2026-10-02 19:10:55
1745,2026-07-18,59616.0,USD,ANNUAL_REVIEW (+16%),2026-10-02 19:10:55
1746,2024-06-29,22578.95,USD,INITIAL_HIRE,2026-10-02 19:10:55
1746,2026-03-15,25740.0,USD,ANNUAL_REVIEW (+14%),2026-10-02 19:10:55
1747,2021-12-09,23567.57,USD,INITIAL_HIRE,2026-10-02 19:10:55
1747,2025-03-11,26160.0,USD,ANNUAL_REVIEW (+11%),2026-10-02 19:10:55
1749,2021-05-18,84161.34,USD,INITIAL_HIRE,2026-10-02 19:10:55
1749,2026-03-25,100152.0,USD,ANNUAL_REVIEW (+19%),2026-10-02 19:10:55
1751,2019-12-22,37243.24,USD,INITIAL_HIRE,2026-10-02 19:10:55
1751,2026-01-16,41340.0,USD,ANNUAL_REVIEW (+11%),2026-10-02 19:10:55
1752,2024-02-17,29309.73,USD,INITIAL_HIRE,2026-10-02 19:10:55
1752,2025-12-08,33120.0,USD,ANNUAL_REVIEW (+13%),2026-10-02 19:10:55
1753,2023-10-02,67435.71,USD,INITIAL_HIRE,2026-10-02 19:10:55
1753,2025-11-29,75528.0,USD,ANNUAL_REVIEW (+12%),2026-10-02 19:10:55
1754,2019-08-27,77189.19,USD,INITIAL_HIRE,2026-10-02 19:10:55
1754,2026-01-01,85680.0,USD,ANNUAL_REVIEW (+11%),2026-10-02 19:10:55
1755,2021-04-17,30863.16,USD,INITIAL_HIRE,2026-10-02 19:10:55
1755,2025-12-01,35184.0,USD,ANNUAL_REVIEW (+14%),2026-10-02 19:10:55
1756,2015-07-04,53707.83,USD,INITIAL_HIRE,2026-10-02 19:10:55
1756,2026-01-22,61764.0,USD,ANNUAL_REVIEW (+15%),2026-10-02 19:10:55
1757,2021-04-23,48289.29,USD,INITIAL_HIRE,2026-10-02 19:10:55
1757,2026-02-19,54084.0,USD,ANNUAL_REVIEW (+12%),2026-10-02 19:10:55
1758,2026-06-07,102768.0,USD,INITIAL_HIRE,2026-10-02 19:10:55
1760,2020-06-14,25978.95,USD,INITIAL_HIRE,2026-10-02 19:10:55
1760,2026-03-28,29616.0,USD,ANNUAL_REVIEW (+14%),2026-10-02 19:10:55
1761,2024-08-10,86665.49,USD,INITIAL_HIRE,2026-10-02 19:10:55
1761,2025-08-10,97932.0,USD,ANNUAL_REVIEW (+13%),2026-10-02 19:10:55
1762,2025-05-13,22396.46,USD,INITIAL_HIRE,2026-10-02 19:10:55
1762,2026-05-13,25308.0,USD,ANNUAL_REVIEW (+13%),2026-10-02 19:10:55
1763,2019-04-03,54765.52,USD,INITIAL_HIRE,2026-10-02 19:10:55
1763,2026-04-30,63528.0,USD,ANNUAL_REVIEW (+16%),2026-10-02 19:10:55
1764,2019-01-17,28610.53,USD,INITIAL_HIRE,2026-10-02 19:10:55
1764,2026-08-08,32616.0,USD,ANNUAL_REVIEW (+14%),2026-10-02 19:10:55
1766,2025-05-01,60113.79,USD,INITIAL_HIRE,2026-10-02 19:10:55
1766,2026-09-01,69732.0,USD,ANNUAL_REVIEW (+16%),2026-10-02 19:10:55
1767,2024-01-08,25210.34,USD,INITIAL_HIRE,2026-10-02 19:10:55
1767,2025-07-04,29244.0,USD,ANNUAL_REVIEW (+16%),2026-10-02 19:10:55
1768,2021-04-10,27206.56,USD,INITIAL_HIRE,2026-10-02 19:10:55
1768,2026-08-15,33192.0,USD,ANNUAL_REVIEW (+22%),2026-10-02 19:10:55
1770,2025-07-08,203978.57,USD,INITIAL_HIRE,2026-10-02 19:10:55
1770,2026-07-08,228456.0,USD,ANNUAL_REVIEW (+12%),2026-10-02 19:10:55
1771,2017-07-19,31878.26,USD,INITIAL_HIRE,2026-10-02 19:10:55
1771,2026-08-01,36660.0,USD,ANNUAL_REVIEW (+15%),2026-10-02 19:10:55
1772,2021-06-18,22890.0,USD,INITIAL_HIRE,2026-10-02 19:10:55
1772,2025-11-11,27468.0,USD,ANNUAL_REVIEW (+20%),2026-10-02 19:10:55
1774,2011-03-19,42115.79,USD,INITIAL_HIRE,2026-10-02 19:10:55
1774,2026-08-05,48012.0,USD,ANNUAL_REVIEW (+14%),2026-10-02 19:10:55
1775,2023-07-14,129650.0,USD,INITIAL_HIRE,2026-10-02 19:10:55
1775,2026-02-26,155580.0,USD,ANNUAL_REVIEW (+20%),2026-10-02 19:10:55
1778,2016-12-04,37582.3,USD,INITIAL_HIRE,2026-10-02 19:10:55
1778,2026-05-20,42468.0,USD,ANNUAL_REVIEW (+13%),2026-10-02 19:10:55
1779,2024-04-27,64596.43,USD,INITIAL_HIRE,2026-10-02 19:10:55
1779,2026-07-12,72348.0,USD,ANNUAL_REVIEW (+12%),2026-10-02 19:10:55
1780,2024-09-05,28449.56,USD,INITIAL_HIRE,2026-10-02 19:10:55
1780,2025-10-19,32148.0,USD,ANNUAL_REVIEW (+13%),2026-10-02 19:10:55
1782,2021-02-18,40021.62,USD,INITIAL_HIRE,2026-10-02 19:10:55
1782,2025-11-14,44424.0,USD,ANNUAL_REVIEW (+11%),2026-10-02 19:10:55
1783,2024-08-30,24594.87,USD,INITIAL_HIRE,2026-10-02 19:10:55
1783,2025-08-30,28776.0,USD,ANNUAL_REVIEW (+17%),2026-10-02 19:10:55
1784,2014-07-19,57557.89,USD,INITIAL_HIRE,2026-10-02 19:10:55
1784,2025-11-13,65616.0,USD,ANNUAL_REVIEW (+14%),2026-10-02 19:10:55
1786,2024-01-30,141794.59,USD,INITIAL_HIRE,2026-10-02 19:10:55
1786,2026-03-09,157392.0,USD,ANNUAL_REVIEW (+11%),2026-10-02 19:10:55
1787,2021-06-15,44094.74,USD,INITIAL_HIRE,2026-10-02 19:10:55
1787,2026-02-12,50268.0,USD,ANNUAL_REVIEW (+14%),2026-10-02 19:10:55
1789,2024-07-13,198235.9,USD,INITIAL_HIRE,2026-10-02 19:10:55
1789,2026-07-20,231936.0,USD,ANNUAL_REVIEW (+17%),2026-10-02 19:10:55
1790,2013-11-29,88364.6,USD,INITIAL_HIRE,2026-10-02 19:10:55
1790,2025-12-20,99852.0,USD,ANNUAL_REVIEW (+13%),2026-10-02 19:10:55
1792,2021-01-10,25092.86,USD,INITIAL_HIRE,2026-10-02 19:10:55
1792,2025-10-06,28104.0,USD,ANNUAL_REVIEW (+12%),2026-10-02 19:10:55
1794,2016-09-16,43231.86,USD,INITIAL_HIRE,2026-10-02 19:10:55
1794,2026-06-18,48852.0,USD,ANNUAL_REVIEW (+13%),2026-10-02 19:10:55
1797,2015-07-30,59115.25,USD,INITIAL_HIRE,2026-10-02 19:10:55
1797,2025-08-26,69756.0,USD,ANNUAL_REVIEW (+18%),2026-10-02 19:10:55
1798,2016-05-03,31694.12,USD,INITIAL_HIRE,2026-10-02 19:10:55
1798,2026-03-03,37716.0,USD,ANNUAL_REVIEW (+19%),2026-10-02 19:10:55
1799,2020-12-21,22097.3,USD,INITIAL_HIRE,2026-10-02 19:10:55
1799,2026-08-30,24528.0,USD,ANNUAL_REVIEW (+11%),2026-10-02 19:10:55
1800,2022-02-09,133527.27,USD,INITIAL_HIRE,2026-10-02 19:10:55
1800,2025-12-30,161568.0,USD,ANNUAL_REVIEW (+21%),2026-10-02 19:10:55
1801,2024-07-31,83384.35,USD,INITIAL_HIRE,2026-10-02 19:10:55
1801,2026-06-10,95892.0,USD,ANNUAL_REVIEW (+15%),2026-10-02 19:10:55
1802,2022-08-14,34635.9,USD,INITIAL_HIRE,2026-10-02 19:10:55
1802,2026-08-11,40524.0,USD,ANNUAL_REVIEW (+17%),2026-10-02 19:10:55
1803,2026-03-17,66456.0,USD,INITIAL_HIRE,2026-10-02 19:10:55
1804,2019-09-17,60652.63,USD,INITIAL_HIRE,2026-10-02 19:10:55
1804,2026-05-26,69144.0,USD,ANNUAL_REVIEW (+14%),2026-10-02 19:10:55
1805,2015-06-19,27525.66,USD,INITIAL_HIRE,2026-10-02 19:10:55
1805,2025-12-25,31104.0,USD,ANNUAL_REVIEW (+13%),2026-10-02 19:10:55
1807,2018-10-31,54830.77,USD,INITIAL_HIRE,2026-10-02 19:10:55
1807,2025-08-25,64152.0,USD,ANNUAL_REVIEW (+17%),2026-10-02 19:10:55
1809,2016-04-07,43961.74,USD,INITIAL_HIRE,2026-10-02 19:10:55
1809,2025-10-03,50556.0,USD,ANNUAL_REVIEW (+15%),2026-10-02 19:10:55
1812,2023-12-03,41969.49,USD,INITIAL_HIRE,2026-10-02 19:10:55
1812,2026-01-01,49524.0,USD,ANNUAL_REVIEW (+18%),2026-10-02 19:10:55
1813,2023-09-03,25890.27,USD,INITIAL_HIRE,2026-10-02 19:10:55
1813,2026-08-23,29256.0,USD,ANNUAL_REVIEW (+13%),2026-10-02 19:10:55
1814,2023-09-29,73607.14,USD,INITIAL_HIRE,2026-10-02 19:10:55
1814,2026-01-17,82440.0,USD,ANNUAL_REVIEW (+12%),2026-10-02 19:10:55
1815,2003-11-29,110941.59,USD,INITIAL_HIRE,2026-10-02 19:10:55
1815,2026-06-08,125364.0,USD,ANNUAL_REVIEW (+13%),2026-10-02 19:10:55
1816,2019-08-01,101757.89,USD,INITIAL_HIRE,2026-10-02 19:10:55
1816,2026-02-05,116004.0,USD,ANNUAL_REVIEW (+14%),2026-10-02 19:10:55
1818,2020-04-07,23221.62,USD,INITIAL_HIRE,2026-10-02 19:10:55
1818,2025-10-08,25776.0,USD,ANNUAL_REVIEW (+11%),2026-10-02 19:10:55
1821,2017-06-04,87796.72,USD,INITIAL_HIRE,2026-10-02 19:10:55
1821,2026-04-04,107112.0,USD,ANNUAL_REVIEW (+22%),2026-10-02 19:10:55
1822,2021-08-13,66800.0,USD,INITIAL_HIRE,2026-10-02 19:10:55
1822,2026-01-08,78156.0,USD,ANNUAL_REVIEW (+17%),2026-10-02 19:10:55
1823,2016-08-27,67428.1,USD,INITIAL_HIRE,2026-10-02 19:10:55
1823,2026-01-02,81588.0,USD,ANNUAL_REVIEW (+21%),2026-10-02 19:10:55
1824,2010-02-11,160239.34,USD,INITIAL_HIRE,2026-10-02 19:10:55
1824,2025-11-11,195492.0,USD,ANNUAL_REVIEW (+22%),2026-10-02 19:10:55
1826,2021-03-11,27982.76,USD,INITIAL_HIRE,2026-10-02 19:10:55
1826,2026-02-11,32460.0,USD,ANNUAL_REVIEW (+16%),2026-10-02 19:10:55
1827,2004-04-28,110710.71,USD,INITIAL_HIRE,2026-10-02 19:10:55
1827,2026-04-15,123996.0,USD,ANNUAL_REVIEW (+12%),2026-10-02 19:10:55
1829,2019-07-15,47657.14,USD,INITIAL_HIRE,2026-10-02 19:10:55
1829,2026-07-06,53376.0,USD,ANNUAL_REVIEW (+12%),2026-10-02 19:10:55
1830,2019-09-03,71520.0,USD,INITIAL_HIRE,2026-10-02 19:10:55
1830,2026-06-06,82248.0,USD,ANNUAL_REVIEW (+15%),2026-10-02 19:10:55
1833,2023-03-28,101442.11,USD,INITIAL_HIRE,2026-10-02 19:10:55
1833,2026-02-19,115644.0,USD,ANNUAL_REVIEW (+14%),2026-10-02 19:10:55
1834,2023-07-18,34473.6,USD,INITIAL_HIRE,2026-10-02 19:10:55
1834,2026-05-21,43092.0,USD,ANNUAL_REVIEW (+25%),2026-10-02 19:10:55
1835,2022-03-21,54050.0,USD,INITIAL_HIRE,2026-10-02 19:10:55
1835,2026-04-10,64860.0,USD,ANNUAL_REVIEW (+20%),2026-10-02 19:10:55
1836,2021-02-17,49741.59,USD,INITIAL_HIRE,2026-10-02 19:10:55
1836,2026-07-14,56208.0,USD,ANNUAL_REVIEW (+13%),2026-10-02 19:10:55
1837,2023-12-26,166178.95,USD,INITIAL_HIRE,2026-10-02 19:10:55
1837,2026-04-23,189444.0,USD,ANNUAL_REVIEW (+14%),2026-10-02 19:10:55
1839,2026-04-22,18168.0,USD,INITIAL_HIRE,2026-10-02 19:10:55
1842,2025-08-20,30317.95,USD,INITIAL_HIRE,2026-10-02 19:10:55
1842,2026-08-20,35472.0,USD,ANNUAL_REVIEW (+17%),2026-10-02 19:10:55
1844,2024-05-15,24365.22,USD,INITIAL_HIRE,2026-10-02 19:10:55
1844,2026-06-13,28020.0,USD,ANNUAL_REVIEW (+15%),2026-10-02 19:10:55
1845,2017-12-24,50695.08,USD,INITIAL_HIRE,2026-10-02 19:10:55
1845,2026-07-25,61848.0,USD,ANNUAL_REVIEW (+22%),2026-10-02 19:10:55
1847,2025-04-09,68478.69,USD,INITIAL_HIRE,2026-10-02 19:10:55
1847,2026-04-09,83544.0,USD,ANNUAL_REVIEW (+22%),2026-10-02 19:10:55
1849,2019-03-12,56750.0,USD,INITIAL_HIRE,2026-10-02 19:10:55
1849,2026-05-15,68100.0,USD,ANNUAL_REVIEW (+20%),2026-10-02 19:10:55
1850,2021-05-04,25042.11,USD,INITIAL_HIRE,2026-10-02 19:10:55
1850,2026-08-03,28548.0,USD,ANNUAL_REVIEW (+14%),2026-10-02 19:10:55
1852,2015-08-10,40481.42,USD,INITIAL_HIRE,2026-10-02 19:10:55
1852,2026-04-01,45744.0,USD,ANNUAL_REVIEW (+13%),2026-10-02 19:10:55
1853,2025-12-10,55776.0,USD,INITIAL_HIRE,2026-10-02 19:10:55
1854,2020-01-21,28878.69,USD,INITIAL_HIRE,2026-10-02 19:10:55
1854,2026-07-15,35232.0,USD,ANNUAL_REVIEW (+22%),2026-10-02 19:10:55
1856,2023-11-08,22553.57,USD,INITIAL_HIRE,2026-10-02 19:10:55
1856,2026-08-29,25260.0,USD,ANNUAL_REVIEW (+12%),2026-10-02 19:10:55
1857,2016-12-23,90294.74,USD,INITIAL_HIRE,2026-10-02 19:10:55
1857,2026-07-25,102936.0,USD,ANNUAL_REVIEW (+14%),2026-10-02 19:10:55
1858,2023-06-28,28236.52,USD,INITIAL_HIRE,2026-10-02 19:10:55
1858,2026-04-20,32472.0,USD,ANNUAL_REVIEW (+15%),2026-10-02 19:10:55
1859,2019-07-10,65476.92,USD,INITIAL_HIRE,2026-10-02 19:10:55
1859,2025-11-19,76608.0,USD,ANNUAL_REVIEW (+17%),2026-10-02 19:10:55
1860,2026-07-12,47616.0,USD,INITIAL_HIRE,2026-10-02 19:10:55
1862,2023-06-15,106146.43,USD,INITIAL_HIRE,2026-10-02 19:10:55
1862,2026-01-02,118884.0,USD,ANNUAL_REVIEW (+12%),2026-10-02 19:10:55
1863,2007-04-01,141696.43,USD,INITIAL_HIRE,2026-10-02 19:10:55
1863,2026-06-09,158700.0,USD,ANNUAL_REVIEW (+12%),2026-10-02 19:10:55
1864,2017-05-05,35107.44,USD,INITIAL_HIRE,2026-10-02 19:10:55
1864,2026-06-21,42480.0,USD,ANNUAL_REVIEW (+21%),2026-10-02 19:10:55
1865,2024-11-16,30313.51,USD,INITIAL_HIRE,2026-10-02 19:10:55
1865,2026-05-19,33648.0,USD,ANNUAL_REVIEW (+11%),2026-10-02 19:10:55
1866,2010-03-17,205932.74,USD,INITIAL_HIRE,2026-10-02 19:10:55
1866,2026-01-30,232704.0,USD,ANNUAL_REVIEW (+13%),2026-10-02 19:10:55
1867,2003-12-06,210696.43,USD,INITIAL_HIRE,2026-10-02 19:10:55
1867,2026-05-29,235980.0,USD,ANNUAL_REVIEW (+12%),2026-10-02 19:10:55
1868,2023-12-16,23603.23,USD,INITIAL_HIRE,2026-10-02 19:10:55
1868,2025-03-23,29268.0,USD,ANNUAL_REVIEW (+24%),2026-10-02 19:10:55
1869,2018-07-09,72535.54,USD,INITIAL_HIRE,2026-10-02 19:10:55
1869,2025-10-08,87768.0,USD,ANNUAL_REVIEW (+21%),2026-10-02 19:10:55
1870,2019-06-05,48141.18,USD,INITIAL_HIRE,2026-10-02 19:10:55
1870,2025-11-22,57288.0,USD,ANNUAL_REVIEW (+19%),2026-10-02 19:10:55
1871,2024-02-02,41073.68,USD,INITIAL_HIRE,2026-10-02 19:10:55
1871,2026-03-17,46824.0,USD,ANNUAL_REVIEW (+14%),2026-10-02 19:10:55
1873,2021-01-06,26620.0,USD,INITIAL_HIRE,2026-10-02 19:10:55
1873,2026-01-31,31944.0,USD,ANNUAL_REVIEW (+20%),2026-10-02 19:10:55
1875,2025-08-14,28800.0,USD,INITIAL_HIRE,2026-10-02 19:10:55
1875,2026-08-14,34272.0,USD,ANNUAL_REVIEW (+19%),2026-10-02 19:10:55
1876,2024-12-27,11479.65,USD,INITIAL_HIRE,2026-10-02 19:10:55
1876,2025-12-27,12972.0,USD,ANNUAL_REVIEW (+13%),2026-10-02 19:10:55
1878,2024-07-16,24117.07,USD,INITIAL_HIRE,2026-10-02 19:10:55
1878,2025-09-15,29664.0,USD,ANNUAL_REVIEW (+23%),2026-10-02 19:10:55
1880,2016-01-12,60244.25,USD,INITIAL_HIRE,2026-10-02 19:10:55
1880,2026-07-25,68076.0,USD,ANNUAL_REVIEW (+13%),2026-10-02 19:10:55
1881,2016-08-26,45372.97,USD,INITIAL_HIRE,2026-10-02 19:10:55
1881,2026-07-30,50364.0,USD,ANNUAL_REVIEW (+11%),2026-10-02 19:10:55
1882,2021-03-18,103146.9,USD,INITIAL_HIRE,2026-10-02 19:10:55
1882,2025-12-11,116556.0,USD,ANNUAL_REVIEW (+13%),2026-10-02 19:10:55
1883,2023-06-26,21705.26,USD,INITIAL_HIRE,2026-10-02 19:10:55
1883,2026-03-19,24744.0,USD,ANNUAL_REVIEW (+14%),2026-10-02 19:10:55
1885,2021-07-23,42137.7,USD,INITIAL_HIRE,2026-10-02 19:10:55
1885,2026-06-05,51408.0,USD,ANNUAL_REVIEW (+22%),2026-10-02 19:10:55
1886,2023-04-15,51762.16,USD,INITIAL_HIRE,2026-10-02 19:10:55
1886,2026-05-21,57456.0,USD,ANNUAL_REVIEW (+11%),2026-10-02 19:10:55
1888,2017-05-18,62718.58,USD,INITIAL_HIRE,2026-10-02 19:10:55
1888,2026-06-10,70872.0,USD,ANNUAL_REVIEW (+13%),2026-10-02 19:10:55
1890,2016-03-06,38538.84,USD,INITIAL_HIRE,2026-10-02 19:10:55
1890,2026-01-04,46632.0,USD,ANNUAL_REVIEW (+21%),2026-10-02 19:10:55
1892,2007-06-19,181870.27,USD,INITIAL_HIRE,2026-10-02 19:10:55
1892,2026-03-02,201876.0,USD,ANNUAL_REVIEW (+11%),2026-10-02 19:10:55
1893,2025-01-03,31146.9,USD,INITIAL_HIRE,2026-10-02 19:10:55
1893,2026-01-03,35196.0,USD,ANNUAL_REVIEW (+13%),2026-10-02 19:10:55
1898,2018-09-07,68421.05,USD,INITIAL_HIRE,2026-10-02 19:10:55
1898,2026-06-04,78000.0,USD,ANNUAL_REVIEW (+14%),2026-10-02 19:10:55
1900,2003-12-22,185664.86,USD,INITIAL_HIRE,2026-10-02 19:10:55
1900,2026-04-13,206088.0,USD,ANNUAL_REVIEW (+11%),2026-10-02 19:10:55
1903,2024-09-23,52518.26,USD,INITIAL_HIRE,2026-10-02 19:10:55
1903,2026-07-28,60396.0,USD,ANNUAL_REVIEW (+15%),2026-10-02 19:10:55
1905,2020-11-07,22507.32,USD,INITIAL_HIRE,2026-10-02 19:10:55
1905,2025-08-20,27684.0,USD,ANNUAL_REVIEW (+23%),2026-10-02 19:10:55
1907,2021-09-15,26762.07,USD,INITIAL_HIRE,2026-10-02 19:10:55
1907,2025-07-07,31044.0,USD,ANNUAL_REVIEW (+16%),2026-10-02 19:10:55
1908,2022-05-29,56968.97,USD,INITIAL_HIRE,2026-10-02 19:10:55
1908,2026-03-20,66084.0,USD,ANNUAL_REVIEW (+16%),2026-10-02 19:10:55
1909,2021-09-26,43566.94,USD,INITIAL_HIRE,2026-10-02 19:10:55
1909,2026-05-01,52716.0,USD,ANNUAL_REVIEW (+21%),2026-10-02 19:10:55
1911,2013-02-12,141748.67,USD,INITIAL_HIRE,2026-10-02 19:10:55
1911,2026-06-13,160176.0,USD,ANNUAL_REVIEW (+13%),2026-10-02 19:10:55
1912,2021-08-09,71167.57,USD,INITIAL_HIRE,2026-10-02 19:10:55
1912,2025-11-21,78996.0,USD,ANNUAL_REVIEW (+11%),2026-10-02 19:10:55
1915,2022-02-26,86817.86,USD,INITIAL_HIRE,2026-10-02 19:10:55
1915,2026-04-08,97236.0,USD,ANNUAL_REVIEW (+12%),2026-10-02 19:10:55
1916,2024-02-05,42621.43,USD,INITIAL_HIRE,2026-10-02 19:10:55
1916,2026-02-11,47736.0,USD,ANNUAL_REVIEW (+12%),2026-10-02 19:10:55
1918,2018-12-27,25871.19,USD,INITIAL_HIRE,2026-10-02 19:10:55
1918,2026-08-22,30528.0,USD,ANNUAL_REVIEW (+18%),2026-10-02 19:10:55
1922,2022-02-10,57846.43,USD,INITIAL_HIRE,2026-10-02 19:10:55
1922,2026-06-11,64788.0,USD,ANNUAL_REVIEW (+12%),2026-10-02 19:10:55
1924,2016-06-25,57757.89,USD,INITIAL_HIRE,2026-10-02 19:10:55
1924,2026-01-03,65844.0,USD,ANNUAL_REVIEW (+14%),2026-10-02 19:10:55
1927,2019-01-31,73221.43,USD,INITIAL_HIRE,2026-10-02 19:10:55
1927,2026-08-07,82008.0,USD,ANNUAL_REVIEW (+12%),2026-10-02 19:10:55
1928,2024-09-02,11189.74,USD,INITIAL_HIRE,2026-10-02 19:10:55
1928,2026-04-03,13092.0,USD,ANNUAL_REVIEW (+17%),2026-10-02 19:10:55
1929,2023-06-20,57842.02,USD,INITIAL_HIRE,2026-10-02 19:10:55
1929,2026-01-02,68832.0,USD,ANNUAL_REVIEW (+19%),2026-10-02 19:10:55
1931,2021-08-22,24064.86,USD,INITIAL_HIRE,2026-10-02 19:10:55
1931,2026-06-02,26712.0,USD,ANNUAL_REVIEW (+11%),2026-10-02 19:10:55
1932,2010-12-12,59968.7,USD,INITIAL_HIRE,2026-10-02 19:10:55
1932,2026-06-12,68964.0,USD,ANNUAL_REVIEW (+15%),2026-10-02 19:10:55
1933,2023-10-21,106529.73,USD,INITIAL_HIRE,2026-10-02 19:10:55
1933,2025-05-22,118248.0,USD,ANNUAL_REVIEW (+11%),2026-10-02 19:10:55
1934,2018-03-20,55596.61,USD,INITIAL_HIRE,2026-10-02 19:10:55
1934,2026-07-06,65604.0,USD,ANNUAL_REVIEW (+18%),2026-10-02 19:10:55
1935,2026-07-16,64560.0,USD,INITIAL_HIRE,2026-10-02 19:10:55
1936,2016-08-22,49449.6,USD,INITIAL_HIRE,2026-10-02 19:10:55
1936,2026-08-21,61812.0,USD,ANNUAL_REVIEW (+25%),2026-10-02 19:10:55
1937,2006-01-19,22065.52,USD,INITIAL_HIRE,2026-10-02 19:10:55
1937,2026-09-01,25596.0,USD,ANNUAL_REVIEW (+16%),2026-10-02 19:10:55
1938,2025-08-16,189823.01,USD,INITIAL_HIRE,2026-10-02 19:10:55
1938,2026-08-16,214500.0,USD,ANNUAL_REVIEW (+13%),2026-10-02 19:10:55
1939,2021-07-20,25600.0,USD,INITIAL_HIRE,2026-10-02 19:10:55
1939,2025-12-11,29184.0,USD,ANNUAL_REVIEW (+14%),2026-10-02 19:10:55
1940,2021-02-15,48110.92,USD,INITIAL_HIRE,2026-10-02 19:10:55
1940,2026-02-05,57252.0,USD,ANNUAL_REVIEW (+19%),2026-10-02 19:10:55
1941,2021-09-13,199940.87,USD,INITIAL_HIRE,2026-10-02 19:10:55
1941,2026-06-05,229932.0,USD,ANNUAL_REVIEW (+15%),2026-10-02 19:10:55
1943,2026-08-06,61044.0,USD,INITIAL_HIRE,2026-10-02 19:10:55
1944,2024-06-21,30675.0,USD,INITIAL_HIRE,2026-10-02 19:10:55
1944,2026-01-18,34356.0,USD,ANNUAL_REVIEW (+12%),2026-10-02 19:10:55
1945,2021-04-18,57527.59,USD,INITIAL_HIRE,2026-10-02 19:10:55
1945,2026-08-29,66732.0,USD,ANNUAL_REVIEW (+16%),2026-10-02 19:10:55
1947,2021-08-23,22568.42,USD,INITIAL_HIRE,2026-10-02 19:10:55
1947,2026-04-12,25728.0,USD,ANNUAL_REVIEW (+14%),2026-10-02 19:10:55
1948,2021-11-08,32548.67,USD,INITIAL_HIRE,2026-10-02 19:10:55
1948,2025-12-24,36780.0,USD,ANNUAL_REVIEW (+13%),2026-10-02 19:10:55
1949,2021-07-07,27639.34,USD,INITIAL_HIRE,2026-10-02 19:10:55
1949,2026-05-24,33720.0,USD,ANNUAL_REVIEW (+22%),2026-10-02 19:10:55
1950,2012-10-01,98062.81,USD,INITIAL_HIRE,2026-10-02 19:10:55
1950,2026-08-14,118656.0,USD,ANNUAL_REVIEW (+21%),2026-10-02 19:10:55
1951,2017-12-01,87742.37,USD,INITIAL_HIRE,2026-10-02 19:10:55
1951,2026-06-26,103536.0,USD,ANNUAL_REVIEW (+18%),2026-10-02 19:10:55
1952,2019-09-27,30446.02,USD,INITIAL_HIRE,2026-10-02 19:10:55
1952,2026-04-05,34404.0,USD,ANNUAL_REVIEW (+13%),2026-10-02 19:10:55
1954,2021-04-02,57567.86,USD,INITIAL_HIRE,2026-10-02 19:10:55
1954,2026-07-08,64476.0,USD,ANNUAL_REVIEW (+12%),2026-10-02 19:10:55
1955,2020-11-08,67800.0,USD,INITIAL_HIRE,2026-10-02 19:10:55
1955,2025-11-12,80004.0,USD,ANNUAL_REVIEW (+18%),2026-10-02 19:10:55
1956,2016-03-25,49616.53,USD,INITIAL_HIRE,2026-10-02 19:10:55
1956,2026-01-16,60036.0,USD,ANNUAL_REVIEW (+21%),2026-10-02 19:10:55
1960,2022-01-05,25360.71,USD,INITIAL_HIRE,2026-10-02 19:10:55
1960,2026-03-06,28404.0,USD,ANNUAL_REVIEW (+12%),2026-10-02 19:10:55
1961,2025-05-27,30084.21,USD,INITIAL_HIRE,2026-10-02 19:10:55
1961,2026-05-27,34296.0,USD,ANNUAL_REVIEW (+14%),2026-10-02 19:10:55
1962,2016-08-21,56259.46,USD,INITIAL_HIRE,2026-10-02 19:10:55
1962,2026-05-28,62448.0,USD,ANNUAL_REVIEW (+11%),2026-10-02 19:10:55
1965,2019-03-27,43210.53,USD,INITIAL_HIRE,2026-10-02 19:10:55
1965,2026-07-22,49260.0,USD,ANNUAL_REVIEW (+14%),2026-10-02 19:10:55
1966,2024-12-09,93667.74,USD,INITIAL_HIRE,2026-10-02 19:10:55
1966,2025-12-09,116148.0,USD,ANNUAL_REVIEW (+24%),2026-10-02 19:10:55
1967,2016-03-09,60724.32,USD,INITIAL_HIRE,2026-10-02 19:10:55
1967,2025-05-25,67404.0,USD,ANNUAL_REVIEW (+11%),2026-10-02 19:10:55
1968,2023-02-03,110952.21,USD,INITIAL_HIRE,2026-10-02 19:10:55
1968,2025-07-20,125376.0,USD,ANNUAL_REVIEW (+13%),2026-10-02 19:10:55
1969,2022-05-18,31318.92,USD,INITIAL_HIRE,2026-10-02 19:10:55
1969,2026-03-07,34764.0,USD,ANNUAL_REVIEW (+11%),2026-10-02 19:10:55
1970,2017-04-08,59680.0,USD,INITIAL_HIRE,2026-10-02 19:10:55
1970,2026-07-12,71616.0,USD,ANNUAL_REVIEW (+20%),2026-10-02 19:10:55
1971,2016-08-09,77025.64,USD,INITIAL_HIRE,2026-10-02 19:10:55
1971,2026-02-21,90120.0,USD,ANNUAL_REVIEW (+17%),2026-10-02 19:10:55
1972,2020-03-11,32335.14,USD,INITIAL_HIRE,2026-10-02 19:10:55
1972,2026-02-07,35892.0,USD,ANNUAL_REVIEW (+11%),2026-10-02 19:10:55
1973,2016-08-03,199688.14,USD,INITIAL_HIRE,2026-10-02 19:10:55
1973,2026-02-01,235632.0,USD,ANNUAL_REVIEW (+18%),2026-10-02 19:10:55
1974,2025-07-04,12205.41,USD,INITIAL_HIRE,2026-10-02 19:10:55
1974,2026-07-04,13548.0,USD,ANNUAL_REVIEW (+11%),2026-10-02 19:10:55
1975,2006-02-06,142939.29,USD,INITIAL_HIRE,2026-10-02 19:10:55
1975,2026-02-03,160092.0,USD,ANNUAL_REVIEW (+12%),2026-10-02 19:10:55
1976,2006-09-16,46414.29,USD,INITIAL_HIRE,2026-10-02 19:10:55
1976,2026-03-19,51984.0,USD,ANNUAL_REVIEW (+12%),2026-10-02 19:10:55
1979,2015-05-07,110310.0,USD,INITIAL_HIRE,2026-10-02 19:10:55
1979,2025-12-30,132372.0,USD,ANNUAL_REVIEW (+20%),2026-10-02 19:10:55
1980,2021-03-20,44773.11,USD,INITIAL_HIRE,2026-10-02 19:10:55
1980,2026-07-10,53280.0,USD,ANNUAL_REVIEW (+19%),2026-10-02 19:10:55
1981,2022-08-20,49467.86,USD,INITIAL_HIRE,2026-10-02 19:10:55
1981,2026-04-10,55404.0,USD,ANNUAL_REVIEW (+12%),2026-10-02 19:10:55
1982,2021-06-27,28109.73,USD,INITIAL_HIRE,2026-10-02 19:10:55
1982,2026-04-30,31764.0,USD,ANNUAL_REVIEW (+13%),2026-10-02 19:10:55
1985,2016-06-11,68356.76,USD,INITIAL_HIRE,2026-10-02 19:10:55
1985,2026-03-26,75876.0,USD,ANNUAL_REVIEW (+11%),2026-10-02 19:10:55
1986,2015-02-25,59757.89,USD,INITIAL_HIRE,2026-10-02 19:10:55
1986,2026-07-22,68124.0,USD,ANNUAL_REVIEW (+14%),2026-10-02 19:10:55
1987,2023-11-14,23021.05,USD,INITIAL_HIRE,2026-10-02 19:10:55
1987,2026-05-28,26244.0,USD,ANNUAL_REVIEW (+14%),2026-10-02 19:10:55
1989,2013-12-30,39801.77,USD,INITIAL_HIRE,2026-10-02 19:10:55
1989,2025-11-19,44976.0,USD,ANNUAL_REVIEW (+13%),2026-10-02 19:10:55
1992,2024-08-01,40104.2,USD,INITIAL_HIRE,2026-10-02 19:10:55
1992,2026-08-02,47724.0,USD,ANNUAL_REVIEW (+19%),2026-10-02 19:10:55
1993,2009-09-26,84224.39,USD,INITIAL_HIRE,2026-10-02 19:10:55
1993,2026-02-23,103596.0,USD,ANNUAL_REVIEW (+23%),2026-10-02 19:10:55
1994,2025-09-15,21514.29,USD,INITIAL_HIRE,2026-10-02 19:10:55
1994,2026-09-15,24096.0,USD,ANNUAL_REVIEW (+12%),2026-10-02 19:10:55
1995,2011-03-19,46330.43,USD,INITIAL_HIRE,2026-10-02 19:10:55
1995,2026-04-13,53280.0,USD,ANNUAL_REVIEW (+15%),2026-10-02 19:10:55
1996,2024-08-12,30927.73,USD,INITIAL_HIRE,2026-10-02 19:10:55
1996,2026-08-23,36804.0,USD,ANNUAL_REVIEW (+19%),2026-10-02 19:10:55
1997,2018-07-18,57524.32,USD,INITIAL_HIRE,2026-10-02 19:10:55
1997,2026-08-23,63852.0,USD,ANNUAL_REVIEW (+11%),2026-10-02 19:10:55
1998,2021-12-26,55487.18,USD,INITIAL_HIRE,2026-10-02 19:10:55
1998,2026-06-12,64920.0,USD,ANNUAL_REVIEW (+17%),2026-10-02 19:10:55
1999,2020-12-17,27363.93,USD,INITIAL_HIRE,2026-10-02 19:10:55
1999,2026-08-03,33384.0,USD,ANNUAL_REVIEW (+22%),2026-10-02 19:10:55
2000,2012-12-29,121596.61,USD,INITIAL_HIRE,2026-10-02 19:10:55
2000,2026-08-05,143484.0,USD,ANNUAL_REVIEW (+18%),2026-10-02 19:10:55
2003,2024-07-11,28756.76,USD,INITIAL_HIRE,2026-10-02 19:10:55
2003,2026-07-16,31920.0,USD,ANNUAL_REVIEW (+11%),2026-10-02 19:10:55
2007,2023-03-11,36160.71,USD,INITIAL_HIRE,2026-10-02 19:10:55
2007,2026-07-07,40500.0,USD,ANNUAL_REVIEW (+12%),2026-10-02 19:10:55
2008,2016-03-14,51408.4,USD,INITIAL_HIRE,2026-10-02 19:10:55
2008,2025-12-24,61176.0,USD,ANNUAL_REVIEW (+19%),2026-10-02 19:10:55
2009,2017-08-02,51801.77,USD,INITIAL_HIRE,2026-10-02 19:10:55
2009,2026-02-22,58536.0,USD,ANNUAL_REVIEW (+13%),2026-10-02 19:10:55
2010,2020-04-02,30127.43,USD,INITIAL_HIRE,2026-10-02 19:10:55
2010,2026-08-24,34044.0,USD,ANNUAL_REVIEW (+13%),2026-10-02 19:10:55
2012,2025-04-12,24262.18,USD,INITIAL_HIRE,2026-10-02 19:10:55
2012,2026-04-12,28872.0,USD,ANNUAL_REVIEW (+19%),2026-10-02 19:10:55
2013,2024-05-24,23884.21,USD,INITIAL_HIRE,2026-10-02 19:10:55
2013,2026-07-23,27228.0,USD,ANNUAL_REVIEW (+14%),2026-10-02 19:10:55
2014,2019-01-27,43624.78,USD,INITIAL_HIRE,2026-10-02 19:10:55
2014,2026-04-29,49296.0,USD,ANNUAL_REVIEW (+13%),2026-10-02 19:10:55
2015,2008-02-21,141492.86,USD,INITIAL_HIRE,2026-10-02 19:10:55
2015,2026-08-22,158472.0,USD,ANNUAL_REVIEW (+12%),2026-10-02 19:10:55
2016,2012-04-09,105095.8,USD,INITIAL_HIRE,2026-10-02 19:10:55
2016,2026-08-06,125064.0,USD,ANNUAL_REVIEW (+19%),2026-10-02 19:10:55
2017,2010-02-04,131942.4,USD,INITIAL_HIRE,2026-10-02 19:10:55
2017,2026-07-25,164928.0,USD,ANNUAL_REVIEW (+25%),2026-10-02 19:10:55
2018,2021-01-23,48265.57,USD,INITIAL_HIRE,2026-10-02 19:10:55
2018,2026-04-25,58884.0,USD,ANNUAL_REVIEW (+22%),2026-10-02 19:10:55
2019,2017-03-29,36333.91,USD,INITIAL_HIRE,2026-10-02 19:10:55
2019,2026-04-16,41784.0,USD,ANNUAL_REVIEW (+15%),2026-10-02 19:10:55
2020,2022-07-06,26100.0,USD,INITIAL_HIRE,2026-10-02 19:10:55
2020,2026-05-19,29232.0,USD,ANNUAL_REVIEW (+12%),2026-10-02 19:10:55
2021,2024-01-25,25729.73,USD,INITIAL_HIRE,2026-10-02 19:10:55
2021,2026-02-28,28560.0,USD,ANNUAL_REVIEW (+11%),2026-10-02 19:10:55
2022,2020-02-08,206346.9,USD,INITIAL_HIRE,2026-10-02 19:10:55
2022,2026-01-29,233172.0,USD,ANNUAL_REVIEW (+13%),2026-10-02 19:10:55
2023,2024-10-21,18050.42,USD,INITIAL_HIRE,2026-10-02 19:10:55
2023,2026-01-05,21480.0,USD,ANNUAL_REVIEW (+19%),2026-10-02 19:10:55
2024,2017-08-14,77082.35,USD,INITIAL_HIRE,2026-10-02 19:10:55
2024,2026-03-12,91728.0,USD,ANNUAL_REVIEW (+19%),2026-10-02 19:10:55
2025,2022-05-17,54488.5,USD,INITIAL_HIRE,2026-10-02 19:10:55
2025,2026-03-22,61572.0,USD,ANNUAL_REVIEW (+13%),2026-10-02 19:10:55
2026,2012-12-01,62538.84,USD,INITIAL_HIRE,2026-10-02 19:10:55
2026,2026-04-08,75672.0,USD,ANNUAL_REVIEW (+21%),2026-10-02 19:10:55
2027,2023-07-08,50389.47,USD,INITIAL_HIRE,2026-10-02 19:10:55
2027,2025-09-15,57444.0,USD,ANNUAL_REVIEW (+14%),2026-10-02 19:10:55
2031,2003-11-25,204108.11,USD,INITIAL_HIRE,2026-10-02 19:10:55
2031,2026-04-09,226560.0,USD,ANNUAL_REVIEW (+11%),2026-10-02 19:10:55
2032,2016-03-25,25286.49,USD,INITIAL_HIRE,2026-10-02 19:10:55
2032,2026-02-24,28068.0,USD,ANNUAL_REVIEW (+11%),2026-10-02 19:10:55
2034,2006-09-21,132390.24,USD,INITIAL_HIRE,2026-10-02 19:10:55
2034,2025-11-16,162840.0,USD,ANNUAL_REVIEW (+23%),2026-10-02 19:10:55
2035,2018-01-12,66565.29,USD,INITIAL_HIRE,2026-10-02 19:10:55
2035,2026-05-14,80544.0,USD,ANNUAL_REVIEW (+21%),2026-10-02 19:10:55
2036,2011-06-06,52316.13,USD,INITIAL_HIRE,2026-10-02 19:10:55
2036,2026-01-18,64872.0,USD,ANNUAL_REVIEW (+24%),2026-10-02 19:10:55
2037,2021-04-13,96627.03,USD,INITIAL_HIRE,2026-10-02 19:10:55
2037,2025-11-19,107256.0,USD,ANNUAL_REVIEW (+11%),2026-10-02 19:10:55
2038,2022-05-14,25673.68,USD,INITIAL_HIRE,2026-10-02 19:10:55
2038,2026-04-06,29268.0,USD,ANNUAL_REVIEW (+14%),2026-10-02 19:10:55
2040,2017-05-20,91417.24,USD,INITIAL_HIRE,2026-10-02 19:10:55
2040,2025-12-17,106044.0,USD,ANNUAL_REVIEW (+16%),2026-10-02 19:10:55
2041,2015-11-27,57762.16,USD,INITIAL_HIRE,2026-10-02 19:10:55
2041,2026-04-11,64116.0,USD,ANNUAL_REVIEW (+11%),2026-10-02 19:10:55
2044,2019-12-08,72085.71,USD,INITIAL_HIRE,2026-10-02 19:10:55
2044,2025-10-31,80736.0,USD,ANNUAL_REVIEW (+12%),2026-10-02 19:10:55
2045,2020-01-21,70640.71,USD,INITIAL_HIRE,2026-10-02 19:10:55
2045,2026-08-26,79824.0,USD,ANNUAL_REVIEW (+13%),2026-10-02 19:10:55
2046,2020-12-12,50608.7,USD,INITIAL_HIRE,2026-10-02 19:10:55
2046,2026-07-24,58200.0,USD,ANNUAL_REVIEW (+15%),2026-10-02 19:10:55
2048,2024-02-28,29568.42,USD,INITIAL_HIRE,2026-10-02 19:10:55
2048,2025-11-23,33708.0,USD,ANNUAL_REVIEW (+14%),2026-10-02 19:10:55
2049,2016-05-25,59884.21,USD,INITIAL_HIRE,2026-10-02 19:10:55
2049,2026-04-12,68268.0,USD,ANNUAL_REVIEW (+14%),2026-10-02 19:10:55
2051,2021-08-11,21063.16,USD,INITIAL_HIRE,2026-10-02 19:10:55
2051,2026-05-29,24012.0,USD,ANNUAL_REVIEW (+14%),2026-10-02 19:10:55
2052,2022-02-19,31896.43,USD,INITIAL_HIRE,2026-10-02 19:10:55
2052,2026-04-21,35724.0,USD,ANNUAL_REVIEW (+12%),2026-10-02 19:10:55
2053,2022-04-30,42743.36,USD,INITIAL_HIRE,2026-10-02 19:10:55
2053,2026-06-17,48300.0,USD,ANNUAL_REVIEW (+13%),2026-10-02 19:10:55
2054,2021-08-14,39842.11,USD,INITIAL_HIRE,2026-10-02 19:10:55
2054,2025-12-14,45420.0,USD,ANNUAL_REVIEW (+14%),2026-10-02 19:10:55
2055,2022-10-01,115263.72,USD,INITIAL_HIRE,2026-10-02 19:10:55
2055,2025-03-04,130248.0,USD,ANNUAL_REVIEW (+13%),2026-10-02 19:10:55
2056,2005-11-18,130064.86,USD,INITIAL_HIRE,2026-10-02 19:10:55
2056,2026-08-08,144372.0,USD,ANNUAL_REVIEW (+11%),2026-10-02 19:10:55
2057,2017-07-07,100194.96,USD,INITIAL_HIRE,2026-10-02 19:10:55
2057,2026-01-29,119232.0,USD,ANNUAL_REVIEW (+19%),2026-10-02 19:10:55
2060,2022-08-04,30162.71,USD,INITIAL_HIRE,2026-10-02 19:10:55
2060,2026-05-24,35592.0,USD,ANNUAL_REVIEW (+18%),2026-10-02 19:10:55
2061,2021-02-19,26369.23,USD,INITIAL_HIRE,2026-10-02 19:10:55
2061,2026-08-19,30852.0,USD,ANNUAL_REVIEW (+17%),2026-10-02 19:10:55
2062,2019-07-28,104253.91,USD,INITIAL_HIRE,2026-10-02 19:10:55
2062,2025-11-29,119892.0,USD,ANNUAL_REVIEW (+15%),2026-10-02 19:10:55
2064,2019-12-03,61420.0,USD,INITIAL_HIRE,2026-10-02 19:10:55
2064,2026-08-15,73704.0,USD,ANNUAL_REVIEW (+20%),2026-10-02 19:10:55
2065,2016-12-22,56736.84,USD,INITIAL_HIRE,2026-10-02 19:10:55
2065,2026-07-03,64680.0,USD,ANNUAL_REVIEW (+14%),2026-10-02 19:10:55
2068,2021-11-11,47185.71,USD,INITIAL_HIRE,2026-10-02 19:10:55
2068,2026-08-26,52848.0,USD,ANNUAL_REVIEW (+12%),2026-10-02 19:10:55
