employee_id,training_date,training_program_name,training_type,training_outcome,location,trainer,training_duration_days,training_cost
1001,2022-09-21,Customer Service,Internal,Failed,Port Greg,Amanda Daniels,4,510.83
1002,2023-07-19,Leadership Development,Internal,Failed,Brandonview,Brittany Chambers,2,582.37
1003,2023-02-24,Technical Skills,Internal,Incomplete,Port Briannahaven,Mark Roberson,4,777.06
1004,2023-01-12,Customer Service,Internal,Completed,Knightborough,Richard Fisher,2,824.3
1005,2023-05-12,Communication Skills,External,Passed,Bruceshire,Heather Shaffer,4,145.99
1006,2023-05-08,Project Management,Internal,Failed,Erinfort,Michael Duke,2,838.07
1007,2023-05-14,Leadership Development,External,Failed,New Christopher,Virginia Clayton DVM,2,667.32
1008,2023-08-02,Technical Skills,External,Incomplete,Lowemouth,Erica Maxwell,2,758.18
1009,2022-08-21,Customer Service,Internal,Incomplete,Johnland,Katelyn Hartman,2,101.21
1010,2022-08-19,Communication Skills,External,Incomplete,Lake Kimfurt,Rhonda Clark,5,332.25
1011,2022-11-06,Communication Skills,Internal,Completed,Smithshire,Natalie Fields,1,803.98
1012,2023-03-28,Technical Skills,External,Failed,Howardburgh,Theresa Martinez,3,887.08
1013,2023-04-08,Project Management,External,Incomplete,East Jessicatown,Michael Marks,2,657.85
1014,2023-02-21,Customer Service,External,Incomplete,Watersview,Rachel Jones,2,895.49
1015,2023-05-13,Leadership Development,External,Passed,Port Ninaland,Jennifer Olson,1,539.0
1016,2023-04-30,Communication Skills,External,Completed,Lake Stuartfurt,Eric Johnson,2,606.68
1017,2022-11-14,Technical Skills,External,Passed,Cooleybury,Joseph Mcintyre,3,265.73
1018,2023-03-25,Project Management,Internal,Incomplete,Larsonborough,Whitney Morgan DVM,2,673.29
1019,2022-10-26,Project Management,External,Passed,Powellland,Jon Garcia,5,436.98
1020,2022-12-30,Technical Skills,External,Passed,Chadport,Nicole Taylor,4,578.58
1021,2023-03-10,Technical Skills,Internal,Failed,Patrickhaven,Crystal Nelson,1,647.16
1022,2023-01-12,Project Management,Internal,Failed,Lindseyburgh,Kevin Nichols,1,664.23
1023,2022-10-19,Project Management,Internal,Failed,West Justinborough,Angela Good,4,893.07
1024,2022-10-11,Project Management,External,Completed,Hullmouth,Keith Curtis,5,868.98
1025,2023-01-13,Project Management,Internal,Incomplete,Thompsonbury,Nina Rodriguez,5,761.95
1026,2023-04-17,Communication Skills,External,Incomplete,Cynthiachester,Jennifer Robinson,4,431.57
1027,2023-03-16,Communication Skills,External,Incomplete,East Jackstad,Mr. Robert Byrd MD,4,357.57
1028,2023-01-19,Technical Skills,Internal,Incomplete,East Christopher,Gina Moore,3,804.06
1029,2023-02-25,Project Management,Internal,Failed,Lake Anthonyton,Christopher Rowland,5,729.41
1030,2023-01-04,Communication Skills,Internal,Completed,Longton,Wendy Gibson,1,169.46
1031,2022-12-26,Communication Skills,Internal,Failed,New Williamland,Ashley Gonzalez,1,833.28
1032,2022-12-07,Technical Skills,External,Completed,New Jackie,Cynthia Bradley,3,482.23
1033,2023-06-20,Communication Skills,Internal,Incomplete,Smithshire,William Smith,4,169.85
1034,2022-11-10,Leadership Development,Internal,Failed,Lake Anthony,Cynthia Brown,1,570.62
1035,2023-03-11,Communication Skills,Internal,Completed,New Nancy,Joseph Mendoza,2,724.14
1036,2022-12-10,Customer Service,External,Failed,Michaelmouth,Laura Gonzalez,3,305.98
1037,2022-10-25,Leadership Development,Internal,Failed,North Stephanie,Alexandra Hall,2,646.76
1038,2023-07-28,Customer Service,External,Failed,Jamesland,Eric Davis,2,516.89
1039,2023-01-24,Customer Service,External,Passed,East Williamport,Heather Silva,5,520.41
1040,2022-12-01,Technical Skills,Internal,Completed,Robertsmouth,Robert Johnson,5,712.84
1041,2023-03-07,Customer Service,Internal,Completed,Reesefurt,Taylor Baker,3,871.12
1042,2022-10-05,Project Management,Internal,Passed,New Jesusfort,Brian Maynard,1,228.11
1043,2022-08-10,Communication Skills,External,Completed,West Danielside,Todd Mason,2,289.93
1044,2022-09-13,Technical Skills,External,Incomplete,Smithborough,Stephanie Navarro,4,920.78
1045,2023-06-11,Customer Service,External,Completed,West Josephport,Jay Wilkins,2,690.41
1046,2023-07-28,Leadership Development,Internal,Failed,Lake Jose,Jason Morgan,2,211.39
1047,2022-11-27,Project Management,Internal,Passed,Smithland,James Phelps,2,606.63
1048,2022-12-02,Leadership Development,Internal,Completed,Powelltown,Ronald Rivera,5,503.99
1049,2022-11-20,Leadership Development,Internal,Completed,Gonzalezfort,Dr. Patricia Johnson,2,518.54
1050,2023-08-03,Customer Service,Internal,Completed,Samanthaport,James Reed,1,846.43
1051,2022-10-13,Leadership Development,Internal,Passed,Hardingfort,Mark Morgan,3,572.94
1052,2022-10-25,Communication Skills,Internal,Incomplete,Larryview,Robin Becker,4,234.76
1053,2022-12-19,Communication Skills,External,Passed,Valdezfort,Erika Roberts,4,704.7
1054,2022-11-04,Technical Skills,External,Failed,Tammyfurt,Cynthia Porter,3,533.97
1055,2022-11-15,Customer Service,Internal,Passed,West Robert,Anna Petty,2,125.7
1056,2023-02-16,Leadership Development,Internal,Completed,South Julieville,Julie Cole,2,442.06
1057,2022-10-23,Project Management,Internal,Failed,East Amanda,Andrew Herrera,4,649.23
1058,2023-04-01,Project Management,External,Incomplete,South Jesusport,Amanda Christian,1,855.67
1059,2022-09-16,Technical Skills,Internal,Incomplete,Brianville,Victoria Vasquez,3,256.82
1060,2022-09-06,Project Management,Internal,Completed,East Andres,Cindy Schultz,1,770.84
1061,2023-08-01,Project Management,Internal,Incomplete,Paigefurt,Nathan Mitchell,2,862.33
1062,2022-11-27,Technical Skills,Internal,Failed,Carolinemouth,Taylor Barron,5,702.84
1063,2022-10-15,Technical Skills,Internal,Completed,Onealland,Eric Harris,1,523.82
1064,2022-10-06,Leadership Development,External,Passed,South Charlene,Jacqueline Barton,1,819.86
1065,2022-12-09,Technical Skills,External,Passed,East Leah,Kara Frazier MD,4,486.01
1066,2023-06-14,Communication Skills,Internal,Completed,Brandonberg,Travis Knox,5,769.42
1067,2023-06-24,Project Management,External,Completed,Toddtown,Joseph Long,5,857.65
1068,2022-11-06,Communication Skills,External,Completed,Richardmouth,Ashley Wright,1,238.27
1069,2022-08-22,Communication Skills,Internal,Failed,South Angelaview,Brandi Petersen,5,886.06
1070,2023-01-14,Technical Skills,Internal,Failed,Robertside,Zachary Wilson,1,943.8
1071,2023-03-16,Communication Skills,Internal,Completed,Johnport,Amanda Medina,5,234.26
1072,2023-05-19,Technical Skills,Internal,Passed,Mendozamouth,Melissa Campos,5,179.91
1073,2022-10-03,Project Management,Internal,Failed,Ivanburgh,Ryan Hunter,4,306.3
1074,2023-07-07,Project Management,Internal,Passed,Davisberg,Ashley Garrett,5,103.42
1075,2023-05-16,Project Management,Internal,Passed,East Darryl,Ronald Ortiz,4,573.29
1076,2022-11-07,Technical Skills,External,Incomplete,Jamieville,Becky Hebert,4,619.61
1077,2022-12-21,Project Management,Internal,Incomplete,West Brookechester,Joshua Kirk,1,947.17
1078,2023-03-24,Project Management,External,Passed,Villanuevaborough,Patrick Bryant,1,597.64
1079,2023-04-15,Communication Skills,External,Incomplete,North Jon,Maria Jones,5,861.1
1080,2023-04-22,Customer Service,External,Passed,Mcleanburgh,Sandra Joseph,4,199.14
1081,2023-06-05,Communication Skills,External,Failed,Brandonview,Samuel Wilson,3,526.08
1082,2023-04-22,Customer Service,External,Incomplete,New Colinfort,Angela Colon,5,662.15
1083,2022-11-18,Project Management,External,Completed,North Brandy,Molly Hughes,4,869.89
1084,2022-12-17,Leadership Development,External,Completed,West Jessicatown,Morgan Thomas,3,295.4
1085,2022-11-01,Customer Service,External,Passed,East Katherinetown,Bradley Petersen,5,993.13
1086,2023-07-15,Leadership Development,External,Completed,East Robertside,Patrick Andrews,2,641.69
1087,2023-05-10,Technical Skills,Internal,Incomplete,Heatherview,Ryan Crawford,5,197.34
1088,2023-05-17,Leadership Development,External,Failed,North Elizabeth,Keith Richardson,2,235.15
1089,2023-05-27,Technical Skills,Internal,Passed,North Amanda,Jasmin Walker,2,697.28
1090,2023-03-21,Communication Skills,External,Completed,Wrightton,Tracy Sanchez,1,910.33
1091,2022-10-20,Customer Service,Internal,Incomplete,Port Patricia,Jennifer Bailey,2,213.91
1092,2022-09-20,Communication Skills,Internal,Completed,Wilkinsfurt,Heather Gutierrez,5,971.46
1093,2023-07-07,Customer Service,External,Failed,West Matthew,George Burns,5,995.52
1094,2022-08-18,Communication Skills,Internal,Failed,South Joshuatown,Richard Mckee,4,161.4
1095,2022-08-17,Customer Service,Internal,Passed,New Kimberly,Jeremy Schneider,4,715.87
1096,2022-09-25,Technical Skills,External,Incomplete,Alexandriachester,Adam Robinson,5,778.25
1097,2022-08-11,Customer Service,Internal,Completed,Port Danielmouth,Ryan Bradley,1,609.5
1098,2023-05-13,Leadership Development,External,Failed,Rachelshire,Kimberly Smith,5,666.67
1099,2022-10-30,Project Management,External,Incomplete,Arthurmouth,Linda Carter,5,797.05
1100,2023-02-25,Communication Skills,External,Completed,Brownmouth,Sarah Cain,3,518.56
1101,2023-03-31,Communication Skills,Internal,Passed,Osbornfort,Matthew Mason,5,426.82
1102,2022-12-31,Project Management,External,Failed,Taylorburgh,Timothy Freeman,2,150.04
1103,2023-07-05,Leadership Development,External,Passed,Hoffmanview,Richard Johnson,3,308.21
1104,2022-08-11,Communication Skills,Internal,Completed,West Joel,Gloria Phillips,4,766.77
1105,2023-01-17,Technical Skills,Internal,Incomplete,Lake Heidi,Sarah Payne,4,172.19
1106,2022-10-31,Project Management,Internal,Completed,Port Jacob,Amber Taylor,1,742.55
1107,2023-01-26,Technical Skills,Internal,Failed,West Lisafort,Isaac Burke,2,231.28
1108,2023-05-23,Customer Service,Internal,Completed,Ricardoberg,Shane Short,5,124.54
1109,2023-01-21,Leadership Development,External,Completed,South Ericburgh,Walter Frazier,5,898.37
1110,2022-10-13,Customer Service,Internal,Passed,Webbmouth,Theodore Robles,2,764.36
1111,2022-12-05,Project Management,Internal,Failed,Davilatown,Brendan Holmes,5,786.57
1112,2022-09-30,Communication Skills,Internal,Failed,Delgadoshire,Eric Davis,3,668.05
1113,2023-01-20,Technical Skills,External,Incomplete,Lake Eileenfurt,Brittany Jones,2,956.92
1114,2023-02-25,Communication Skills,Internal,Incomplete,Jesusland,Darren Huynh,1,912.27
1115,2023-05-19,Customer Service,Internal,Incomplete,Aguirreland,Brenda Martinez,4,881.71
1116,2023-05-16,Communication Skills,Internal,Incomplete,Kempmouth,Ms. Jeanette Webster DDS,4,557.68
1117,2023-01-12,Communication Skills,Internal,Completed,Lake Emily,Ashley Jensen,4,271.68
1118,2022-12-16,Communication Skills,External,Completed,North Whitney,Patricia Morris,2,299.68
1119,2023-07-08,Communication Skills,Internal,Incomplete,Kaylaburgh,John Williams,5,440.28
1120,2023-03-10,Leadership Development,Internal,Incomplete,Swansonstad,Joshua Bell,4,553.83
1121,2022-09-19,Leadership Development,Internal,Failed,Richardfurt,George Brown,1,428.9
1122,2023-01-21,Communication Skills,Internal,Passed,Allentown,Jessica Hodges,3,444.4
1123,2023-01-31,Project Management,Internal,Completed,Port Misty,Robert Young,4,254.38
1124,2022-11-03,Communication Skills,Internal,Failed,Jennyport,Derek Harrell,1,256.21
1125,2022-12-14,Communication Skills,Internal,Incomplete,New Gregory,Darren Mccarthy,2,756.19
1126,2023-07-29,Technical Skills,Internal,Failed,North Benjaminstad,William Farrell,4,500.45
1127,2022-09-04,Communication Skills,External,Incomplete,New Waynehaven,Melissa Miles,2,500.83
1128,2023-05-17,Communication Skills,Internal,Incomplete,New Cory,James Perez,1,773.8
1129,2022-09-11,Technical Skills,Internal,Passed,Ashleyton,Chad Mccall,2,768.06
1130,2022-11-09,Leadership Development,External,Completed,Bellport,Mr. Brandon Turner,3,777.7
1131,2023-03-31,Customer Service,Internal,Incomplete,Garnerhaven,Benjamin Briggs,2,943.05
1132,2022-09-27,Communication Skills,Internal,Passed,Robertsburgh,Amber Harris MD,4,475.91
1133,2022-08-19,Customer Service,External,Passed,Blakeshire,Richard Ross,3,107.14
1134,2022-12-09,Communication Skills,External,Passed,Robertshire,Carolyn Deleon,1,271.49
1135,2023-03-22,Project Management,Internal,Passed,West Caitlinport,Andrew Jordan,2,524.23
1136,2022-12-25,Customer Service,External,Completed,Brittanyberg,Danny Smith,3,535.88
1137,2022-09-09,Communication Skills,Internal,Passed,Rothville,Monique Williams DVM,5,270.92
1138,2022-09-10,Customer Service,Internal,Failed,Cohenmouth,Stacy Fisher,4,155.14
1139,2022-10-01,Customer Service,External,Completed,Port Brandon,Stephanie Hill,1,930.06
1140,2022-09-27,Customer Service,Internal,Passed,West Michael,Shawn Martin,1,949.81
1141,2023-05-17,Technical Skills,Internal,Incomplete,Josephport,Ellen Anderson,1,635.31
1142,2023-07-17,Leadership Development,External,Completed,Mistyton,Molly Scott,3,675.04
1143,2022-12-20,Customer Service,Internal,Failed,Geraldmouth,Scott Nelson,3,563.38
1144,2023-01-10,Communication Skills,External,Completed,Cherylland,Nicholas Thompson,4,750.25
1145,2022-11-15,Technical Skills,Internal,Incomplete,North Madelineville,Teresa Lee,2,401.53
1146,2023-06-28,Technical Skills,External,Failed,East Elizabeth,Andrew Hendricks,3,894.88
1147,2023-01-25,Leadership Development,Internal,Failed,Lake Dianeton,Ms. Diamond Knox,2,247.58
1148,2022-09-01,Communication Skills,External,Passed,West Danieltown,Tamara Lee,3,529.0
1149,2023-07-31,Leadership Development,External,Failed,East Nicolefort,Michael Roberts,5,483.99
1150,2023-06-03,Project Management,External,Incomplete,Simmonston,Heather Murillo,5,797.35
1151,2022-12-19,Project Management,External,Passed,New Ronald,Christopher Perry,4,707.59
1152,2023-03-29,Customer Service,External,Incomplete,Taraland,Kelly Golden,2,564.48
1153,2022-12-02,Communication Skills,Internal,Failed,Jesusmouth,Kyle Hernandez,4,555.35
1154,2022-08-12,Customer Service,Internal,Incomplete,West Sandra,Danielle Decker,3,338.48
1155,2022-09-10,Technical Skills,Internal,Failed,Port Peggyberg,Michael Price,1,339.01
1156,2022-09-04,Customer Service,Internal,Incomplete,North Kayla,Michael Williams,5,939.49
1157,2022-10-11,Technical Skills,External,Passed,Jamiestad,Jeffery Brown,1,276.47
1158,2022-09-14,Customer Service,External,Completed,South Stephen,Grant Rodriguez,3,154.71
1159,2022-12-27,Leadership Development,External,Failed,Diazside,Mrs. Elizabeth Murray DDS,3,674.24
1160,2022-11-07,Leadership Development,External,Failed,Lake Nancyshire,Susan Myers,2,137.96
1161,2022-11-13,Technical Skills,Internal,Passed,Port Charleneborough,Jeffrey Hester,5,926.85
1162,2022-09-02,Communication Skills,External,Incomplete,Port Michelle,Jose Boyd,1,846.55
1163,2023-02-23,Communication Skills,External,Passed,Wrightfort,Robin Morgan,3,734.77
1164,2023-03-01,Technical Skills,Internal,Incomplete,New Juanville,Anne Goodman,3,315.09
1165,2022-09-27,Communication Skills,Internal,Passed,Nguyenberg,Carlos Wilson,3,686.05
1166,2022-08-10,Communication Skills,External,Passed,New Claytonville,Christina Waters,4,942.51
1167,2023-02-23,Project Management,Internal,Failed,Nicolechester,Paul James,4,782.82
1168,2022-09-02,Project Management,Internal,Failed,Port Dawn,Austin Gonzalez,1,370.64
1169,2023-06-30,Technical Skills,Internal,Incomplete,Eduardostad,Joshua Salas,1,487.66
1170,2023-08-04,Communication Skills,External,Incomplete,Christopherport,Andrew Wright,1,179.85
1171,2022-09-07,Project Management,Internal,Completed,Perryside,Amanda Richardson,1,294.74
1172,2023-03-30,Communication Skills,External,Passed,North Christina,Jessica Odom,5,202.09
1173,2023-02-09,Customer Service,Internal,Passed,Brownington,Penny Stevenson,4,901.42
1174,2023-05-12,Project Management,External,Incomplete,North Angelahaven,Cindy King,3,454.23
1175,2023-01-04,Project Management,Internal,Passed,Duffyport,Richard Adkins,3,460.39
1176,2023-02-14,Leadership Development,Internal,Completed,East Karen,Jessica Taylor,2,644.72
1177,2022-09-17,Customer Service,External,Passed,New Joseph,Mark Perez,3,436.86
1178,2022-12-21,Project Management,External,Failed,Gomezville,Christopher Whitehead,1,361.52
1179,2023-02-11,Technical Skills,Internal,Passed,Thompsonport,Jackson Stanley,2,229.05
1180,2022-11-17,Technical Skills,Internal,Completed,Thompsonfort,Paul Terry,3,787.85
1181,2022-12-31,Communication Skills,External,Incomplete,Sullivanland,Jessica Quinn,1,483.82
1182,2022-10-19,Communication Skills,External,Passed,West Elizabethfurt,Miranda Brown,5,623.64
1183,2023-07-16,Technical Skills,Internal,Incomplete,Silvaview,Jennifer Beasley,4,351.35
1184,2023-01-31,Customer Service,Internal,Completed,Deniseville,Mary Coleman,3,512.51
1185,2022-09-22,Project Management,Internal,Failed,North Jason,James Larson,5,957.9
1186,2023-06-12,Communication Skills,External,Failed,Port John,Renee Calderon,5,886.45
1187,2022-10-25,Communication Skills,Internal,Incomplete,Acevedoshire,Margaret Martinez,4,443.55
1188,2023-01-07,Technical Skills,Internal,Passed,Martinburgh,Justin Soto,4,899.13
1189,2022-09-20,Communication Skills,External,Completed,Cabreramouth,Angela Hammond,1,202.74
1190,2023-05-21,Project Management,External,Failed,Phillipsfurt,Debbie Miller,4,727.81
1191,2022-09-23,Customer Service,Internal,Completed,Lake Benjamin,Kenneth Kim,2,820.39
1192,2022-10-11,Leadership Development,External,Passed,Smithbury,Amber Gonzalez,4,111.94
1193,2023-05-05,Technical Skills,External,Failed,North Victorstad,Amy Bush,1,231.96
1194,2023-05-07,Communication Skills,Internal,Completed,Floresville,Kevin Welch,2,430.92
1195,2023-07-06,Technical Skills,Internal,Failed,East Jason,Autumn Harris,3,638.7
1196,2023-02-28,Communication Skills,Internal,Completed,New Caroline,Jeffrey Marshall,5,355.3
1197,2023-02-25,Technical Skills,Internal,Passed,Debramouth,Alan Hall,5,575.1
1198,2023-06-19,Project Management,Internal,Failed,North Yvonne,Jennifer Hayes,1,140.82
1199,2022-11-28,Leadership Development,External,Passed,Claytonstad,Christopher Owen,2,663.19
1200,2023-07-29,Project Management,Internal,Incomplete,South Brendabury,Zachary Alvarez,2,996.77
1201,2022-10-10,Communication Skills,External,Passed,Edwardborough,Paul Henderson,2,145.39
1202,2022-12-08,Technical Skills,Internal,Incomplete,Connerborough,Kelly Thompson DDS,1,344.74
1203,2022-10-12,Project Management,External,Incomplete,Ramirezville,Jennifer Miller,5,308.09
1204,2023-07-16,Project Management,External,Incomplete,Isaiahview,Courtney Mendez,1,610.96
1205,2023-08-01,Communication Skills,External,Failed,East Loriberg,Nicole Kelley,3,201.83
1206,2023-07-20,Technical Skills,Internal,Passed,Smithstad,Jackie Johnson,5,391.85
1207,2022-12-07,Communication Skills,Internal,Completed,East Michaelfort,Kathryn Stephens,5,682.36
1208,2022-09-20,Leadership Development,Internal,Passed,Josephside,Sean Jones,3,492.39
1209,2023-06-18,Communication Skills,External,Failed,Kruegerville,Emily Pierce,2,197.78
1210,2023-01-09,Leadership Development,External,Incomplete,Port Cynthia,Thomas Baker,4,485.44
1211,2023-07-30,Leadership Development,External,Passed,South Robinhaven,Kendra Rodriguez,3,557.34
1212,2023-05-03,Project Management,Internal,Failed,East Frank,Kimberly May,5,817.92
1213,2023-02-15,Project Management,External,Failed,Johnsonton,Katelyn Ruiz,4,485.39
1214,2023-04-02,Customer Service,Internal,Completed,West Jessica,Bobby Stuart,3,145.13
1215,2022-09-13,Communication Skills,External,Passed,West Dianashire,Brian Thompson,4,751.88
1216,2023-07-16,Leadership Development,External,Incomplete,Roweport,Carolyn Hamilton,1,136.48
1217,2023-04-17,Customer Service,External,Completed,Jeremytown,Eric Clark,1,857.42
1218,2023-01-30,Leadership Development,Internal,Failed,Henryberg,Erica Winters,3,733.16
1219,2022-09-15,Communication Skills,External,Failed,West Kevintown,Steven Gutierrez,5,761.31
1220,2023-06-29,Leadership Development,External,Passed,West Brittney,Johnathan Doyle,1,920.41
1221,2022-08-25,Customer Service,Internal,Passed,Bonnieborough,Linda Wood,4,167.69
1222,2023-03-10,Leadership Development,External,Passed,New Jennifer,Melanie Johnson,2,931.45
1223,2022-08-30,Project Management,External,Completed,Estradahaven,Daniel Harrison,1,474.36
1224,2023-03-18,Project Management,Internal,Incomplete,Port Eric,Jeffrey Harvey,5,598.72
1225,2022-08-14,Customer Service,Internal,Completed,Brownland,Douglas Norton,5,557.02
1226,2023-05-20,Customer Service,Internal,Completed,Savageton,Lisa Hall,3,939.92
1227,2023-05-15,Communication Skills,External,Failed,Amandahaven,Gregory Pratt,3,669.19
1228,2022-10-05,Technical Skills,Internal,Failed,Dustinshire,Bethany Willis,5,525.69
1229,2023-01-11,Customer Service,External,Failed,Lake Melissa,Angela Moore,1,173.66
1230,2023-04-30,Communication Skills,External,Completed,New Reneefurt,Emily Tate,1,635.71
1231,2022-08-06,Project Management,External,Passed,Port Aliciaview,Douglas Dean,1,896.8
1232,2022-11-30,Leadership Development,Internal,Incomplete,East Katieport,Jill Fox DVM,4,857.61
1233,2022-11-29,Customer Service,Internal,Failed,Robertfurt,Jennifer Turner MD,3,460.59
1234,2023-02-19,Leadership Development,Internal,Passed,Meganside,Michael Butler,1,504.82
1235,2023-04-10,Project Management,Internal,Failed,Cookebury,Roberto Brennan,3,737.91
1236,2023-04-17,Customer Service,External,Passed,Williamsbury,Gerald Wilson,2,244.25
1237,2022-11-11,Leadership Development,External,Passed,Cervantesshire,Catherine Henderson,2,762.82
1238,2022-11-14,Leadership Development,Internal,Incomplete,West Marialand,Vanessa Valdez,2,640.14
1239,2023-04-28,Project Management,Internal,Incomplete,East Alyssa,Melanie Middleton,3,726.03
1240,2023-01-04,Communication Skills,External,Passed,East Nicoletown,Stacy Morton,5,758.75
1241,2023-02-01,Project Management,External,Failed,Lewismouth,Susan Johnson,5,878.94
1242,2023-03-14,Project Management,External,Passed,East Chaseside,Daniel Holt,3,227.9
1243,2023-02-05,Communication Skills,Internal,Incomplete,Ericmouth,Christopher Jones,3,855.27
1244,2023-02-18,Technical Skills,External,Incomplete,Mcmahonton,Charles Farrell,5,170.62
1245,2023-06-29,Communication Skills,Internal,Incomplete,Hallton,Garrett Johnson,4,392.14
1246,2022-12-25,Communication Skills,Internal,Completed,Joneston,Kathleen Dixon,1,206.93
1247,2022-12-09,Customer Service,External,Completed,East Michaelside,Stephanie Bruce,5,307.13
1248,2022-08-24,Communication Skills,Internal,Passed,Ellisonchester,Nicholas Ryan,4,165.05
1249,2022-08-15,Communication Skills,Internal,Completed,Cruzmouth,Cheyenne Rice,4,371.27
1250,2023-04-28,Communication Skills,External,Incomplete,Margaretmouth,Anna Floyd,3,366.78
1251,2023-02-04,Communication Skills,External,Failed,Nancyside,Wyatt Hansen,5,205.92
1252,2022-11-20,Leadership Development,Internal,Completed,South Brent,Alicia Moore,1,314.51
1253,2023-06-03,Customer Service,Internal,Completed,South Cynthia,Jodi Gibson DDS,2,793.86
1254,2023-04-20,Project Management,Internal,Passed,Allisonport,Ryan Adkins,3,252.53
1255,2022-10-23,Customer Service,External,Passed,West Laurafort,Jasmin Flynn,2,693.25
1256,2023-05-26,Project Management,Internal,Completed,Lake Derekburgh,Kenneth Rodriguez,4,926.76
1257,2023-05-23,Technical Skills,Internal,Failed,New Elizabethton,Ryan King,1,694.61
1258,2023-06-30,Project Management,Internal,Incomplete,Alyssabury,Cody Brown,1,732.02
1259,2023-01-04,Leadership Development,Internal,Completed,Port Troyton,Wayne Morgan,1,897.62
1260,2022-11-21,Leadership Development,Internal,Completed,Port Rachelshire,Michael Smith,2,786.57
1261,2023-07-26,Project Management,External,Incomplete,Thompsonberg,Alicia Dunn,3,613.93
1262,2023-01-17,Communication Skills,Internal,Passed,Lake Nancy,Donald Gregory,2,711.8
1263,2023-03-03,Communication Skills,Internal,Failed,Port Jason,Larry Yang,5,784.1
1264,2023-05-16,Customer Service,Internal,Failed,Port Jameschester,Alexandra Riley,5,509.67
1265,2023-06-15,Leadership Development,Internal,Incomplete,Rebeccamouth,Stephen Mcdonald,4,494.96
1266,2023-03-30,Project Management,Internal,Incomplete,East Christopher,Melissa Brown,5,465.72
1267,2023-02-27,Technical Skills,Internal,Failed,Lewisview,Paul Martin,1,507.43
1268,2023-05-25,Project Management,External,Passed,North Duanemouth,Stephanie Anderson,5,401.97
1269,2022-12-23,Customer Service,External,Passed,Lake Kevin,Tommy Wilson,4,813.9
1270,2022-08-21,Leadership Development,External,Completed,South Michael,Carrie Anderson,2,360.02
1271,2023-02-15,Customer Service,Internal,Completed,North Sheila,Gina White,3,692.71
1272,2023-02-24,Technical Skills,Internal,Failed,Jonesside,Michelle Holmes,3,233.12
1273,2023-05-24,Technical Skills,External,Incomplete,New Seanberg,Sharon Park,1,881.48
1274,2023-05-22,Project Management,Internal,Passed,West Deanna,Curtis Price,2,448.48
1275,2023-06-13,Communication Skills,External,Incomplete,Port Michellechester,Amber Church,3,288.88
1276,2023-07-15,Communication Skills,Internal,Failed,East Katherine,Chris Clark,1,572.45
1277,2023-03-27,Communication Skills,Internal,Passed,Reneeshire,Sandra Russell,3,141.38
1278,2023-02-04,Technical Skills,Internal,Incomplete,Lake Bryan,Donna Barr,1,331.46
1279,2022-11-23,Technical Skills,Internal,Incomplete,New Rachelfort,Jose Mcdaniel,4,704.93
1280,2023-06-08,Leadership Development,External,Completed,Evanhaven,Robert Novak,4,450.65
1281,2023-01-31,Project Management,External,Completed,Andrewsfurt,Sarah Walker,3,775.97
1282,2023-02-20,Leadership Development,External,Passed,Glennberg,Jasmine Conner,4,376.0
1283,2023-01-17,Customer Service,External,Failed,Christopherport,Karen Thomas,2,106.54
1284,2022-11-10,Communication Skills,External,Completed,New Johnstad,Richard Rogers,1,852.87
1285,2022-11-08,Project Management,External,Completed,Port Robertmouth,Jessica Wallace,4,469.03
1286,2023-05-28,Customer Service,Internal,Incomplete,West John,Shannon Taylor,2,274.85
1287,2023-03-31,Technical Skills,External,Completed,Patrickfort,Charles Olson,1,342.57
1288,2023-05-13,Technical Skills,External,Incomplete,North Danielle,Dana Neal,5,948.31
1289,2022-10-08,Leadership Development,Internal,Incomplete,Campbellmouth,Steven Sanchez,3,900.52
1290,2023-05-14,Leadership Development,External,Completed,East Denisechester,Alyssa Williams,4,140.72
1291,2022-09-12,Technical Skills,Internal,Passed,Williamburgh,Leslie Clark,3,913.62
1292,2023-02-22,Customer Service,Internal,Completed,Jessicatown,Stephanie Johnson,5,950.3
1293,2023-03-12,Project Management,Internal,Passed,Martinton,Cynthia Patton,2,668.77
1294,2022-08-15,Technical Skills,Internal,Passed,Michellemouth,Robin Lewis,3,906.05
1295,2023-01-03,Communication Skills,Internal,Incomplete,Starkmouth,Timothy Santos,5,689.77
1296,2023-03-05,Communication Skills,External,Passed,Clarkfort,Michael Gray,2,694.27
1297,2023-06-14,Project Management,External,Passed,New Joshuaton,Penny Lopez,3,352.75
1298,2023-05-16,Project Management,Internal,Passed,Dudleyfurt,Kayla Cruz,3,411.17
1299,2023-01-21,Project Management,External,Completed,Atkinsonborough,Karen Ritter,3,358.81
1300,2023-04-29,Technical Skills,Internal,Passed,Greentown,Jose Young,4,588.64
1301,2022-09-22,Communication Skills,Internal,Incomplete,Ellenburgh,Linda Bell,1,472.18
1302,2022-08-20,Project Management,Internal,Passed,South Jennifer,Jennifer Thornton,2,758.79
1303,2023-06-02,Leadership Development,Internal,Failed,Moorehaven,Zoe Vasquez,3,921.81
1304,2023-01-16,Communication Skills,External,Completed,Jayfort,Ariel Brown,3,405.08
1305,2023-07-08,Technical Skills,Internal,Failed,Lake Jaredstad,Stephen West,3,784.22
1306,2023-07-13,Technical Skills,External,Failed,North Ashleytown,Donald Anderson,4,443.99
1307,2022-11-16,Technical Skills,Internal,Incomplete,Kimberlyhaven,Keith Mcconnell,3,609.9
1308,2022-10-10,Leadership Development,External,Failed,East Diana,Stephen Wheeler,5,742.16
1309,2022-09-09,Technical Skills,External,Failed,North Alexandria,Jennifer Rodriguez,3,517.74
1310,2022-10-16,Project Management,Internal,Incomplete,Williamsshire,Samuel Ward,4,350.59
1311,2022-10-17,Leadership Development,Internal,Incomplete,New Jacobton,Christopher Brown,1,546.94
1312,2023-04-29,Communication Skills,Internal,Completed,West Davidview,Christopher Mcfarland,4,514.37
1313,2022-10-25,Leadership Development,Internal,Incomplete,West Christopher,Gregory Woodward,5,786.98
1314,2023-03-18,Project Management,Internal,Passed,New Dennis,Douglas Green,4,852.21
1315,2023-07-29,Communication Skills,External,Failed,Port Kelly,Gregory Davis,4,761.63
1316,2023-04-20,Technical Skills,External,Passed,South Micheleton,Susan Wilson,5,202.62
1317,2022-08-20,Communication Skills,External,Passed,West Jacob,Joseph Flowers,5,414.75
1318,2022-10-17,Communication Skills,External,Completed,Angelastad,Mindy Saunders PhD,4,344.55
1319,2023-05-19,Project Management,Internal,Failed,Lake Kenneth,Stephen Parker,1,777.46
1320,2022-08-25,Leadership Development,External,Completed,Matthewhaven,Michael Cummings,3,948.71
1321,2023-01-19,Customer Service,Internal,Passed,New Kimberly,Dustin Morgan,5,308.77
1322,2023-02-24,Customer Service,External,Incomplete,Goodmouth,Lynn Cuevas,1,891.25
1323,2023-03-30,Customer Service,Internal,Passed,East Lindsay,Michael Kramer,2,659.9
1324,2022-09-30,Project Management,Internal,Failed,Lake Theresa,Paul Torres,2,858.72
1325,2023-03-28,Project Management,External,Failed,Victorville,Robert Chapman,5,380.24
1326,2023-05-01,Leadership Development,External,Passed,Flemingport,Bryan Jones,5,505.4
1327,2023-07-02,Leadership Development,Internal,Passed,Abbottton,Belinda Gonzalez,3,609.01
1328,2023-03-24,Customer Service,Internal,Failed,West Erinhaven,Jonathan Rodriguez,3,656.38
1329,2023-06-11,Project Management,External,Passed,Port Victoria,Sandra Bates,5,692.63
1330,2022-11-20,Project Management,Internal,Incomplete,East Michellechester,Lisa Jenkins,3,633.72
1331,2022-09-14,Communication Skills,Internal,Failed,Bradshawburgh,Seth Smith,2,517.62
1332,2022-08-13,Leadership Development,External,Incomplete,Anthonystad,Adrian Gray,4,231.76
1333,2023-03-01,Customer Service,Internal,Passed,Thomasborough,Tyler Sanchez,2,605.12
1334,2023-04-01,Project Management,Internal,Failed,Shawnaport,Felicia Johnson,1,297.12
1335,2023-02-20,Leadership Development,Internal,Incomplete,Port Joseph,Joe Anderson,2,384.43
1336,2022-12-19,Leadership Development,Internal,Passed,Lopezport,Brian Sanchez,4,969.95
1337,2023-01-17,Project Management,External,Failed,Dawnchester,Morgan Haas,5,719.7
1338,2022-10-30,Leadership Development,External,Incomplete,Donnaland,Calvin Simmons,1,355.83
1339,2022-11-24,Customer Service,Internal,Incomplete,Taylorhaven,Dana Adams,3,754.47
1340,2023-02-06,Leadership Development,External,Incomplete,Dennishaven,Sarah Perkins,2,890.39
1341,2023-02-14,Project Management,Internal,Passed,West Ryan,Justin Ingram,3,268.78
1342,2023-01-28,Project Management,Internal,Failed,Smithborough,Alejandro Flynn,4,930.72
1343,2022-09-02,Customer Service,External,Completed,West Catherineton,Lori Smith,5,924.85
1344,2022-11-01,Technical Skills,Internal,Incomplete,Port Jesse,Marissa Johnson,5,284.38
1345,2022-11-30,Communication Skills,External,Passed,Lisaberg,Samantha Chan,1,395.1
1346,2023-07-02,Technical Skills,External,Failed,Bellview,James Dominguez,2,501.64
1347,2022-10-22,Communication Skills,Internal,Failed,New Vernonberg,Christopher Becker,5,792.72
1348,2023-08-01,Technical Skills,Internal,Completed,Lake Peter,Ernest Walter,4,594.15
1349,2022-11-26,Technical Skills,Internal,Incomplete,Mooreshire,Zoe Smith,3,870.01
1350,2023-01-29,Leadership Development,Internal,Incomplete,North Miguelport,Jennifer Jimenez,2,610.06
1351,2022-12-20,Project Management,Internal,Passed,Port Brian,Marcia Johnson,2,278.16
1352,2022-11-01,Communication Skills,External,Completed,Smithchester,Emily Harmon,4,218.93
1353,2022-12-16,Communication Skills,Internal,Incomplete,Clarkehaven,Mark Zamora,5,179.21
1354,2023-08-03,Communication Skills,External,Failed,Aprilville,Amanda Brooks,2,983.37
1355,2023-03-13,Project Management,Internal,Completed,West Mark,Todd Hansen,5,534.28
1356,2023-04-06,Technical Skills,Internal,Incomplete,Michellefort,Dwayne Day,3,301.39
1357,2023-05-26,Project Management,External,Incomplete,Williamview,Jessica Turner,3,231.65
1358,2022-08-10,Communication Skills,Internal,Completed,Danielchester,Mary Galloway,2,994.81
1359,2023-02-14,Customer Service,External,Incomplete,South Lisaview,Mary Bonilla,4,729.91
1360,2022-09-20,Leadership Development,Internal,Passed,North Anthonyberg,Douglas Barton,2,538.02
1361,2022-10-09,Project Management,Internal,Failed,Port Davidfurt,Stephen Chandler,4,903.88
1362,2022-08-29,Customer Service,Internal,Passed,Lake Allisonhaven,Tonya Wiley,4,196.94
1363,2022-12-15,Project Management,Internal,Completed,Danielleburgh,Dana Martin,2,285.83
1364,2022-12-28,Project Management,External,Incomplete,Poolemouth,John Wilson,4,818.6
1365,2023-04-10,Leadership Development,External,Incomplete,Anthonybury,Joshua Gallagher,1,610.97
1366,2022-11-18,Technical Skills,Internal,Completed,East David,Justin Herrera,1,762.83
1367,2022-09-20,Project Management,External,Incomplete,Medinafort,Jesus Jackson,5,438.44
1368,2022-10-19,Project Management,Internal,Incomplete,East Briantown,Denise Lopez,4,271.9
1369,2023-01-31,Communication Skills,External,Incomplete,Danatown,David Hernandez,2,629.2
1370,2022-09-06,Leadership Development,Internal,Incomplete,Marshallland,Jamie Davis MD,1,850.28
1371,2022-10-01,Leadership Development,External,Passed,New Brittanyshire,Eric Bradley,1,321.25
1372,2023-06-03,Customer Service,Internal,Passed,Ericamouth,Amy Fowler,1,475.32
1373,2022-09-08,Leadership Development,External,Failed,West Anthony,Julie Sanders,4,847.2
1374,2022-10-08,Customer Service,Internal,Completed,Colemanton,Ashley Miller,1,983.35
1375,2023-06-25,Technical Skills,External,Passed,North Shawnville,Candace Brown,3,880.9
1376,2023-08-02,Customer Service,External,Completed,South Kimberly,Adam Smith,3,795.72
1377,2023-06-20,Communication Skills,Internal,Completed,Port Kevinland,Anna Dennis,2,909.56
1378,2023-01-28,Communication Skills,External,Failed,New Ashleyburgh,Danny Santiago,5,145.7
1379,2023-03-06,Communication Skills,Internal,Passed,Joneston,Charles Lee,1,397.48
1380,2023-05-26,Communication Skills,External,Failed,West David,Grace Wheeler,3,326.7
1381,2022-09-20,Leadership Development,Internal,Failed,East Amy,Tammy Bowen,4,718.16
1382,2023-02-21,Communication Skills,Internal,Passed,Jameschester,Jose Gates,5,162.46
1383,2023-01-15,Customer Service,Internal,Completed,Port Marie,Kara English MD,3,924.64
1384,2022-10-04,Leadership Development,Internal,Passed,Carrollfort,Kristina Nelson,4,628.48
1385,2023-06-27,Communication Skills,Internal,Passed,Michaeltown,David Evans,1,678.07
1386,2023-06-29,Technical Skills,External,Passed,West Hannah,Lindsay Rogers,1,106.91
1387,2022-12-20,Communication Skills,External,Incomplete,Banksland,Paul Simon,1,195.95
1388,2023-04-18,Communication Skills,External,Completed,Port Nancy,Natasha Lewis,1,918.34
1389,2023-01-16,Communication Skills,External,Incomplete,Castilloville,Grace Archer,3,425.34
1390,2023-03-03,Communication Skills,External,Completed,Port Kelly,Anthony Burns,3,512.53
1391,2023-02-05,Leadership Development,External,Completed,Andersonland,Jason Jones,3,146.48
1392,2023-04-20,Leadership Development,External,Completed,North Coleview,Anthony Hodges,3,578.62
1393,2023-04-02,Technical Skills,External,Failed,Danastad,Stacy Leonard,3,255.61
1394,2023-02-13,Leadership Development,Internal,Passed,Michelleburgh,Kevin Miller,5,370.26
1395,2022-12-28,Communication Skills,Internal,Failed,Hamiltonberg,Catherine Lewis,2,302.97
1396,2022-09-13,Communication Skills,Internal,Completed,Rodriguezmouth,Diana Benton,3,632.28
1397,2023-03-01,Customer Service,Internal,Incomplete,North Trevor,Stephanie Cook,2,669.41
1398,2023-01-04,Communication Skills,External,Passed,Olsonmouth,Kelly Rogers,3,191.99
1399,2023-05-02,Customer Service,Internal,Incomplete,Leahburgh,Jessica Garcia,2,695.11
1400,2022-08-06,Communication Skills,Internal,Failed,New Melissachester,David Dennis,2,634.92
1401,2023-07-03,Communication Skills,Internal,Incomplete,Madisonview,Michael Murillo,5,873.98
1402,2022-10-14,Communication Skills,External,Passed,Lake Sarah,Mary Ramirez,3,602.33
1403,2023-06-08,Technical Skills,Internal,Failed,Lake Christopherfort,Ryan Craig,3,807.02
1404,2022-10-02,Project Management,Internal,Completed,North Ian,Rachel Harris,4,411.94
1405,2022-09-15,Customer Service,External,Completed,East Jaime,Ryan Flores,4,537.73
1406,2023-05-03,Technical Skills,Internal,Incomplete,Fordborough,Jonathan French,5,930.1
1407,2022-11-23,Communication Skills,External,Completed,Toddport,John Mercado,3,249.66
1408,2022-12-24,Communication Skills,Internal,Passed,Hunterfort,Brian Rocha,5,691.82
1409,2022-08-23,Customer Service,Internal,Passed,Ortegafort,David Rodriguez,4,938.59
1410,2022-11-25,Project Management,External,Completed,North Russellstad,Luis Reynolds,1,746.8
1411,2022-12-14,Technical Skills,External,Incomplete,Beardland,Jennifer Ferguson,1,690.75
1412,2022-08-24,Project Management,External,Incomplete,Andreahaven,Gwendolyn Sullivan,4,544.19
1413,2023-02-17,Technical Skills,Internal,Completed,Deleonborough,Misty Miranda,5,918.34
1414,2023-01-21,Customer Service,Internal,Failed,North Vincentstad,Kimberly Blankenship,3,997.2
1415,2022-12-28,Customer Service,Internal,Incomplete,Aaronburgh,Joshua David,3,633.96
1416,2022-10-27,Customer Service,External,Passed,Fordside,Julie Lewis,2,638.69
1417,2023-01-05,Project Management,Internal,Passed,North James,Brandon Braun,1,643.82
1418,2023-06-24,Project Management,External,Failed,Lake Davidbury,Jermaine Coleman,1,840.76
1419,2023-04-13,Leadership Development,Internal,Passed,Port Hannahhaven,Andrew Schwartz,1,108.04
1420,2023-02-16,Communication Skills,Internal,Completed,Kevinfort,Kari Finley,5,889.57
1421,2022-12-08,Customer Service,Internal,Completed,Kevinmouth,Karen Brown,5,835.97
1422,2023-04-13,Technical Skills,Internal,Failed,Lake Lauren,Andrea Cervantes,3,585.66
1423,2023-03-15,Communication Skills,Internal,Passed,Hernandezstad,James Welch,3,255.55
1424,2023-03-05,Technical Skills,External,Incomplete,Port Christiantown,Sean Wallace,4,695.24
1425,2023-03-13,Technical Skills,Internal,Failed,Beckland,Michael Barnes,1,850.15
1426,2022-12-02,Project Management,External,Completed,Mcfarlandside,Mary Baker,3,938.04
1427,2023-04-25,Project Management,External,Passed,Brettview,Crystal Norton,1,684.24
1428,2022-08-30,Technical Skills,Internal,Failed,South Crystal,Dr. Jennifer Jones,5,956.11
1429,2022-11-26,Communication Skills,External,Failed,Nicholsview,Claudia Williams,4,441.43
1430,2022-08-26,Leadership Development,External,Passed,New Robertfurt,Thomas Moran,4,193.99
1431,2022-10-15,Technical Skills,External,Failed,Kellyland,Danielle Peck,3,790.72
1432,2022-08-06,Communication Skills,Internal,Completed,Patelstad,Crystal Baldwin,4,894.75
1433,2022-09-18,Customer Service,Internal,Passed,South Jose,Tiffany Adams,4,863.73
1434,2023-04-27,Project Management,External,Incomplete,Patriciamouth,Diane Alvarado,2,746.99
1435,2022-09-21,Leadership Development,Internal,Passed,Morganshire,Jessica Alexander,4,360.38
1436,2022-08-26,Technical Skills,Internal,Incomplete,New Emilyland,Andrew Hendricks,1,298.3
1437,2022-12-28,Leadership Development,External,Passed,South Rickyton,James Garcia,3,537.12
1438,2023-05-12,Customer Service,External,Passed,Lake Tony,George Swanson,2,996.18
1439,2023-06-20,Communication Skills,Internal,Completed,Roseberg,Brandy Allison,4,764.43
1440,2022-11-13,Communication Skills,External,Failed,Jessetown,Michael Carlson,5,490.33
1441,2022-10-23,Customer Service,Internal,Incomplete,Gallowaychester,Heather Price,4,758.41
1442,2023-02-21,Technical Skills,External,Incomplete,Kingview,Heather Butler,3,367.56
1443,2023-05-03,Leadership Development,Internal,Failed,Sarahberg,Kimberly Gray,5,582.49
1444,2023-01-30,Leadership Development,External,Incomplete,New Jennaton,Christopher Garcia,2,561.14
1445,2023-07-20,Communication Skills,Internal,Passed,Kathleenhaven,Angela Perez MD,5,458.8
1446,2023-02-06,Communication Skills,Internal,Passed,Jenniferville,Jennifer Estrada,3,207.17
1447,2023-05-26,Technical Skills,External,Completed,Merrittstad,Johnny Austin,4,784.89
1448,2022-08-06,Leadership Development,Internal,Failed,Billymouth,Vicki Cook,5,151.43
1449,2022-10-09,Customer Service,Internal,Passed,Shermanhaven,Kristen Brown,5,675.71
1450,2023-06-23,Project Management,Internal,Incomplete,Whitefurt,Thomas Frederick,5,436.63
1451,2022-10-25,Communication Skills,External,Completed,Teresaberg,Jason Leonard,2,387.11
1452,2022-09-04,Technical Skills,Internal,Passed,Suarezfort,Janet Schneider,4,320.38
1453,2023-04-05,Technical Skills,Internal,Passed,Pearsonfort,Bryan Sanchez,2,294.55
1454,2022-12-14,Customer Service,External,Completed,South Anthonystad,Gina Williams,1,832.86
1455,2023-05-15,Leadership Development,Internal,Passed,Wallacemouth,Rachel Moore,5,223.34
1456,2022-09-30,Customer Service,External,Incomplete,Lake Olivia,Heather Peters,3,456.95
1457,2023-05-11,Project Management,External,Passed,Jameston,Mrs. Brittany Avila,5,988.47
1458,2023-05-22,Technical Skills,External,Incomplete,Graymouth,Brittany Mack,1,429.49
1459,2022-10-18,Project Management,Internal,Failed,Michelleview,Mark Cooper,3,798.97
1460,2023-03-06,Customer Service,Internal,Incomplete,Michelleshire,Richard Harris,2,864.22
1461,2023-06-01,Communication Skills,Internal,Passed,West Jessicamouth,Crystal Roberts,1,302.52
1462,2023-02-02,Leadership Development,External,Completed,East Sarahstad,Alisha Petersen,4,152.66
1463,2023-04-14,Customer Service,Internal,Completed,Lake Stephaniefort,Ralph Chavez,2,399.05
1464,2023-06-25,Customer Service,Internal,Completed,Navarrochester,Samuel Sparks,2,791.74
1465,2022-12-06,Leadership Development,External,Incomplete,New Jordan,Pamela Rodriguez,4,770.23
1466,2022-12-16,Project Management,External,Completed,Johnsontown,Valerie Collins,3,746.05
1467,2023-01-13,Technical Skills,External,Completed,East Danielside,Jennifer Richmond,2,177.66
1468,2023-04-10,Leadership Development,Internal,Passed,Sharonfort,Sharon Matthews,5,429.38
1469,2022-08-25,Leadership Development,External,Incomplete,Sharonstad,Wendy Lopez,3,867.59
1470,2023-04-17,Communication Skills,External,Failed,Lisaport,Anita Wright,5,502.65
1471,2023-03-06,Technical Skills,Internal,Completed,South Johnchester,Reginald Shaw,3,488.68
1472,2023-04-11,Project Management,Internal,Passed,Mistybury,Albert Schneider,3,416.76
1473,2023-02-11,Leadership Development,External,Passed,Mackenziemouth,Mark Ramirez,4,336.08
1474,2023-02-19,Project Management,External,Failed,Lake Kelliton,Stephanie Stevens,1,798.37
1475,2022-11-04,Technical Skills,Internal,Passed,Lake Veronica,Sherry Cortez,3,499.48
1476,2023-03-08,Technical Skills,External,Completed,Shelbyside,David Evans,2,615.32
1477,2023-03-12,Technical Skills,External,Failed,Reyesview,Leonard Miller,5,410.36
1478,2023-08-03,Leadership Development,External,Failed,North Ryan,Glenn Jensen,5,453.86
1479,2023-01-23,Project Management,Internal,Failed,South Joseton,Nathaniel Blevins,1,975.27
1480,2023-04-18,Leadership Development,External,Failed,Lake Meghan,Thomas Allen DDS,2,946.81
1481,2023-05-16,Communication Skills,Internal,Completed,Cooperview,Richard Flynn,5,142.57
1482,2022-10-13,Customer Service,Internal,Completed,Johnview,William Jones,5,186.57
1483,2022-08-22,Communication Skills,External,Incomplete,Melissabury,Jason Gibson,4,168.71
1484,2023-07-29,Communication Skills,External,Incomplete,North Georgeburgh,Danielle Maxwell,1,473.77
1485,2023-07-02,Leadership Development,External,Completed,East John,John Daniel,5,654.35
1486,2023-05-30,Customer Service,Internal,Incomplete,East April,Jenny Stewart,2,176.63
1487,2022-08-08,Customer Service,External,Failed,West Yvette,Christine Reed,3,385.82
1488,2023-07-23,Technical Skills,Internal,Incomplete,Boydfurt,Felicia Hart,5,428.44
1489,2022-10-01,Leadership Development,External,Completed,Rogersshire,Michele Ward,5,112.64
1490,2023-07-23,Communication Skills,External,Incomplete,North Randalltown,John Gonzalez,4,849.95
1491,2022-08-10,Technical Skills,External,Failed,West Ana,Corey Anthony,5,187.65
1492,2022-12-25,Customer Service,Internal,Failed,Lynchstad,Timothy Rice,1,285.56
1493,2022-10-09,Communication Skills,Internal,Incomplete,Lake Sharihaven,Bonnie Ross,3,793.43
1494,2023-02-01,Customer Service,External,Passed,Williamsborough,Diana Johnson,5,978.89
1495,2023-02-25,Customer Service,Internal,Completed,Lake Lesliehaven,Angela Norman,4,993.66
1496,2022-09-07,Customer Service,External,Completed,North Anthony,Jose Bell,3,768.55
1497,2022-08-23,Technical Skills,External,Completed,New Mark,Jeanette Kirby,3,140.78
1498,2023-08-05,Project Management,Internal,Passed,Lake Jacobborough,John Garza,3,598.07
1499,2023-01-18,Customer Service,External,Incomplete,Port Josephmouth,Pamela Fuentes,5,543.52
1500,2023-01-12,Technical Skills,Internal,Passed,New Kathrynchester,Ashley Robbins DDS,2,916.73
1501,2023-07-29,Customer Service,Internal,Completed,Valenzuelaland,Kelly Bruce,2,491.99
1502,2023-03-08,Technical Skills,Internal,Failed,Garciabury,Lindsey Maldonado,4,245.0
1503,2022-12-09,Communication Skills,External,Failed,Martinmouth,Ashley Carter,3,574.9
1504,2023-06-20,Technical Skills,Internal,Failed,Veronicabury,Ivan Patton,4,684.08
1505,2023-05-08,Leadership Development,Internal,Passed,Jessicaside,Jacqueline Mclaughlin,2,204.1
1506,2022-11-01,Leadership Development,External,Failed,Riceland,Oscar Briggs,1,789.33
1507,2022-09-21,Technical Skills,Internal,Completed,Pughland,Catherine Whitehead,3,812.13
1508,2023-05-12,Customer Service,Internal,Passed,Angelafurt,Christian Abbott,2,675.02
1509,2023-06-29,Project Management,Internal,Incomplete,New Darren,William Ford,4,343.07
1510,2022-10-13,Technical Skills,External,Incomplete,Lake Jamesport,Sarah Butler,5,986.78
1511,2022-08-25,Leadership Development,Internal,Failed,Kevinmouth,William Nguyen,5,511.15
1512,2023-05-28,Project Management,External,Failed,Taylorland,Joseph Hayden,5,305.09
1513,2022-11-10,Technical Skills,External,Failed,Jeffburgh,Jon Braun,4,746.57
1514,2022-12-01,Leadership Development,Internal,Failed,Gardnertown,Cindy Horn,5,434.39
1515,2023-04-03,Communication Skills,External,Completed,Franktown,Kristopher Turner,3,765.84
1516,2022-11-18,Communication Skills,Internal,Failed,North Brandonshire,Brian Powell,3,457.4
1517,2023-01-12,Customer Service,External,Passed,Parkerland,Nicholas Wallace,3,615.84
1518,2022-12-08,Customer Service,Internal,Completed,South Kevin,Tanya Marshall,2,803.79
1519,2022-09-23,Leadership Development,External,Completed,Brookefort,William Rodriguez,2,586.89
1520,2022-10-11,Communication Skills,External,Failed,Rachelmouth,Thomas Johnson,5,104.48
1521,2023-06-02,Project Management,Internal,Passed,Thomasmouth,Richard Warner,1,877.41
1522,2023-05-17,Technical Skills,External,Incomplete,Hayesport,Kimberly Martin,3,791.99
1523,2022-12-11,Technical Skills,External,Incomplete,South Veronica,Amanda Mcbride,2,660.4
1524,2023-05-01,Communication Skills,Internal,Completed,Johnsonfurt,Richard Martinez,2,928.81
1525,2022-12-10,Technical Skills,Internal,Incomplete,Davisview,Sarah Smith,4,347.29
1526,2023-05-26,Leadership Development,Internal,Completed,New Richardhaven,Victoria Patel,3,190.51
1527,2023-06-03,Customer Service,External,Incomplete,Stacyton,Cristina Shields,3,206.53
1528,2022-12-10,Communication Skills,Internal,Incomplete,Lake Amy,Ryan Carey,1,639.93
1529,2023-04-14,Communication Skills,External,Incomplete,North Susan,Elizabeth Robinson,5,304.06
1530,2023-06-06,Project Management,External,Passed,Adamsmouth,Brendan Robles,4,261.13
1531,2023-07-18,Leadership Development,Internal,Passed,North Andrewport,Anna Brooks,4,404.06
1532,2022-08-11,Technical Skills,External,Completed,Brianshire,Scott Griffin,5,746.17
1533,2022-12-24,Leadership Development,External,Passed,Allenside,Kristen Mills,2,278.33
1534,2022-10-27,Project Management,External,Failed,Port Jake,Carla Smith,1,857.19
1535,2022-10-09,Customer Service,Internal,Failed,Rhondaport,Mrs. Kelly Rich PhD,3,442.86
1536,2023-01-27,Communication Skills,Internal,Passed,Josephshire,Travis Ryan,4,382.0
1537,2023-07-29,Communication Skills,External,Incomplete,Lake Kyle,David Anderson,2,430.09
1538,2022-10-21,Leadership Development,External,Failed,South Michaelmouth,Heather Tucker,3,854.47
1539,2022-12-20,Communication Skills,Internal,Passed,Brentberg,Sierra Mooney,5,899.57
1540,2022-10-27,Communication Skills,Internal,Incomplete,Rochaton,Stephanie Zamora,1,686.34
1541,2023-02-17,Communication Skills,Internal,Passed,Lake Rebecca,Russell Gutierrez,4,770.12
1542,2022-10-07,Leadership Development,External,Incomplete,Jamiechester,Amanda Fowler,4,180.73
1543,2023-05-01,Technical Skills,Internal,Incomplete,Port Codyshire,Tracie Hicks,2,734.87
1544,2022-10-23,Communication Skills,Internal,Passed,Burkeport,Kelly Bennett,3,811.24
1545,2023-02-05,Leadership Development,Internal,Passed,East Kathleenstad,Ethan Golden,3,566.0
1546,2023-02-26,Project Management,External,Incomplete,East Guyview,Stephanie Rogers,5,638.92
1547,2023-04-04,Leadership Development,Internal,Incomplete,North Patricia,Regina Brown,3,340.07
1548,2023-04-12,Communication Skills,Internal,Passed,North Nicholasberg,Nicholas Bryant,4,206.75
1549,2023-06-04,Project Management,External,Completed,North Paulbury,Tammy Smith,1,759.56
1550,2022-11-09,Customer Service,External,Failed,Sarahville,Sarah Blake,3,354.19
1551,2022-08-22,Project Management,External,Incomplete,Kimberlyshire,Todd Medina,4,791.44
1552,2022-09-28,Leadership Development,External,Passed,Hendersonbury,Michael Brown,4,616.86
1553,2023-03-19,Leadership Development,External,Completed,Chenshire,Michael Hoffman,3,528.55
1554,2022-09-17,Project Management,Internal,Completed,North Taraview,Donald Wong,2,892.06
1555,2023-02-26,Technical Skills,External,Passed,New Jamesport,Karen Ramos MD,5,757.78
1556,2023-06-10,Communication Skills,External,Completed,Justinmouth,Vincent Lester,1,337.94
1557,2023-06-06,Customer Service,External,Incomplete,Nicholasfurt,Eric Bullock,5,256.57
1558,2022-09-25,Leadership Development,External,Passed,Alvarezland,Daniel Edwards,2,839.12
1559,2023-04-08,Project Management,External,Passed,East Kimberly,Katherine Wilson,1,281.94
1560,2023-07-05,Technical Skills,External,Completed,Careyberg,Allen Spencer,2,821.41
1561,2022-10-19,Leadership Development,Internal,Incomplete,Lake Jenniferside,Dr. Heather Osborne,3,924.06
1562,2022-12-24,Leadership Development,Internal,Passed,Thompsonmouth,Alexis Ryan,2,578.66
1563,2022-12-09,Leadership Development,External,Incomplete,Grantton,Laura Harper,3,721.86
1564,2023-04-20,Communication Skills,External,Completed,Mannton,Larry Johnson,4,430.3
1565,2022-12-03,Customer Service,Internal,Completed,New Taylorhaven,Heather Jones,3,337.52
1566,2023-05-05,Communication Skills,Internal,Failed,East Matthew,Mrs. Jordan Lee,1,692.71
1567,2023-05-13,Project Management,External,Failed,Nicoleborough,Debra Bailey,1,177.99
1568,2023-04-07,Communication Skills,External,Incomplete,Riddleland,Maria Ramos,5,586.71
1569,2023-03-20,Customer Service,Internal,Completed,West Patrickmouth,Brian Fitzpatrick,2,771.98
1570,2023-03-28,Project Management,Internal,Passed,West Chelseastad,Christopher Davidson,4,121.88
1571,2023-03-15,Project Management,External,Completed,Hillstad,Jennifer Gonzales,2,379.68
1572,2022-10-08,Customer Service,Internal,Completed,Adammouth,Douglas Greer,2,738.65
1573,2022-12-15,Technical Skills,External,Incomplete,Khanberg,Douglas Johnson,2,159.42
1574,2023-06-23,Communication Skills,Internal,Passed,South Andrew,Timothy Wood,1,689.76
1575,2023-04-14,Leadership Development,Internal,Incomplete,Torresbury,Lisa Harris,5,981.36
1576,2023-07-06,Communication Skills,Internal,Completed,Jessicaview,Patricia Daugherty,4,104.34
1577,2022-10-26,Customer Service,External,Failed,Lake Billy,Katherine Ward,5,413.08
1578,2022-12-29,Technical Skills,External,Incomplete,Lake Susanmouth,Brandon Booker,1,856.71
1579,2022-10-20,Communication Skills,Internal,Passed,Port Stevenside,Ashley Brown,5,322.3
1580,2023-03-29,Project Management,Internal,Passed,Garciafurt,Julie James,3,527.93
1581,2023-01-10,Project Management,External,Failed,Port Kellyside,Lindsay Allison,2,480.2
1582,2022-11-01,Leadership Development,Internal,Completed,West Adam,Nicole Thompson,5,323.79
1583,2023-06-18,Leadership Development,External,Failed,East Ronniehaven,Blake Miller,3,184.66
1584,2023-05-10,Leadership Development,External,Passed,South Kristaborough,Thomas Ware,4,265.22
1585,2023-02-06,Technical Skills,External,Incomplete,Kellybury,Lauren Rogers PhD,5,843.28
1586,2022-12-06,Communication Skills,Internal,Passed,North Megan,Johnny Moore,3,643.9
1587,2023-03-10,Customer Service,Internal,Completed,Alvarezshire,Daniel Perez,4,876.73
1588,2022-11-08,Leadership Development,Internal,Failed,East Douglasport,Christopher Hayes,1,293.85
1589,2022-10-22,Project Management,Internal,Incomplete,Port Ronnie,Robert Jones,4,328.06
1590,2023-03-16,Leadership Development,Internal,Failed,Sarahbury,Jordan Jarvis,2,187.35
1591,2023-06-09,Leadership Development,Internal,Passed,Port Linda,Karen Gonzalez,5,340.01
1592,2023-06-20,Communication Skills,Internal,Incomplete,Leblancville,Donald Rogers,1,590.82
1593,2023-05-08,Leadership Development,External,Failed,Debbiemouth,Pamela Sharp,1,321.08
1594,2023-04-04,Communication Skills,External,Failed,New Tinafurt,Jessica King,1,684.45
1595,2023-05-07,Leadership Development,External,Passed,Gallagherstad,Pamela Hernandez,4,571.48
1596,2023-02-03,Project Management,Internal,Incomplete,Franklinstad,Misty Burns,4,683.34
1597,2023-07-07,Customer Service,Internal,Incomplete,Lake Charles,Richard Owen,2,865.57
1598,2023-06-17,Technical Skills,Internal,Incomplete,New Jenniferburgh,Daniel Barnes,2,130.29
1599,2023-05-17,Leadership Development,External,Passed,Shawnport,Alexandra Lin,2,848.72
1600,2022-08-15,Project Management,Internal,Passed,Jorgemouth,Katherine Ramos,5,851.93
1601,2023-05-20,Technical Skills,Internal,Incomplete,New Shannontown,Anthony King,4,381.09
1602,2023-04-23,Project Management,External,Incomplete,Munozborough,Reginald Turner,4,175.5
1603,2023-03-11,Communication Skills,External,Completed,Port Sabrinaton,Steven Larson,2,784.15
1604,2023-02-08,Communication Skills,External,Passed,New Ashley,Jason Williams,3,999.97
1605,2023-04-08,Customer Service,Internal,Passed,Beckerside,Shane Weaver,5,878.65
1606,2022-09-26,Project Management,Internal,Completed,Petermouth,Teresa Dickerson PhD,5,937.89
1607,2022-11-30,Customer Service,External,Completed,West Jamesshire,Pamela Stevens,3,961.1
1608,2022-11-06,Customer Service,Internal,Incomplete,North Stephenfurt,Lynn Duncan,1,820.96
1609,2023-04-22,Project Management,Internal,Failed,New Jennifer,Emily Fisher,3,455.52
1610,2023-03-29,Communication Skills,External,Completed,North Erin,Francisco Hines,4,815.24
1611,2022-10-01,Leadership Development,External,Failed,North Debra,Laura Jones,5,534.82
1612,2023-01-25,Technical Skills,External,Incomplete,Lake Brentbury,Brad King,4,522.79
1613,2023-01-28,Leadership Development,Internal,Completed,Lake Charlesberg,Justin Rivera,1,868.8
1614,2023-07-22,Communication Skills,External,Passed,Kennethstad,Tammy Paul,1,808.85
1615,2022-08-31,Technical Skills,Internal,Passed,Marystad,Sabrina Hicks,1,874.1
1616,2023-07-18,Leadership Development,External,Completed,Michelleborough,Mark Cisneros,2,206.73
1617,2023-02-06,Leadership Development,Internal,Completed,New Hannah,George Stevenson,3,586.5
1618,2023-04-24,Leadership Development,Internal,Passed,East Stephenfurt,Rose Ortega DDS,2,779.69
1619,2022-11-07,Technical Skills,Internal,Incomplete,Port Courtneymouth,Willie Roth,4,506.99
1620,2023-01-18,Project Management,External,Completed,Bakerberg,Michael Lee,5,986.14
1621,2022-10-03,Technical Skills,Internal,Completed,Pattersonmouth,Scott Calhoun,2,264.74
1622,2022-12-17,Communication Skills,Internal,Passed,Port Jonathanburgh,Jason Martinez,4,344.06
1623,2022-11-26,Project Management,Internal,Passed,Lloydfurt,Matthew Nelson,3,232.5
1624,2023-04-21,Customer Service,Internal,Failed,Katherineland,Brittney Chapman,1,953.68
1625,2022-11-15,Project Management,External,Passed,East Danielport,David Wood,5,101.56
1626,2023-05-05,Project Management,Internal,Failed,Austinville,Ryan Morris,3,624.8
1627,2022-12-05,Project Management,Internal,Completed,South Emmaport,Brenda Richardson,5,943.93
1628,2023-05-20,Customer Service,Internal,Completed,Port Nicholasburgh,Kimberly Owens,1,781.52
1629,2023-07-18,Leadership Development,Internal,Failed,East Kevinstad,Jason Moore,2,615.28
1630,2023-03-26,Customer Service,External,Incomplete,South Matthew,Ann Wright,4,779.26
1631,2023-01-14,Customer Service,External,Incomplete,Larryshire,Marissa Mcintyre,1,464.49
1632,2023-03-26,Leadership Development,External,Completed,Deniseshire,Jim Adams,4,196.31
1633,2022-10-09,Project Management,External,Passed,East Allison,Daniel Benitez,3,300.12
1634,2023-03-26,Communication Skills,External,Failed,Donnaport,Amber Waters,3,895.42
1635,2023-05-15,Leadership Development,External,Completed,Port Mark,Christina Moore,3,619.86
1636,2022-08-31,Technical Skills,External,Completed,South Sarah,Matthew Benson,1,943.84
1637,2022-10-04,Customer Service,External,Failed,Onealshire,Daniel Taylor,5,556.33
1638,2022-12-27,Customer Service,External,Completed,North James,Theodore Torres,4,274.97
1639,2023-01-21,Communication Skills,Internal,Completed,West Tonyfurt,James Wagner,5,359.87
1640,2023-02-01,Communication Skills,Internal,Completed,Port Heather,Jennifer Bell,1,881.51
1641,2022-12-22,Project Management,External,Passed,Tylermouth,Bradley Warner,5,879.86
1642,2023-07-18,Customer Service,External,Passed,Lake Andrea,Joseph Steele,3,226.92
1643,2023-07-13,Technical Skills,External,Completed,Farleychester,Linda Strong,3,674.14
1644,2022-12-13,Customer Service,External,Failed,East Victoria,Lindsay Parker,4,383.95
1645,2022-08-12,Technical Skills,External,Completed,New Jeffrey,Nicole Horn,1,122.81
1646,2022-08-07,Customer Service,Internal,Completed,North Robertville,Joseph Hill,5,380.22
1647,2022-09-15,Communication Skills,External,Passed,Lancemouth,Melissa Wood,5,719.1
1648,2023-01-11,Project Management,External,Passed,West Dawntown,Kevin Palmer,1,699.81
1649,2022-11-24,Leadership Development,Internal,Passed,New David,Lisa Kennedy MD,5,452.38
1650,2022-10-08,Leadership Development,Internal,Completed,Robertfort,Angela Lewis,3,727.36
1651,2022-12-20,Customer Service,Internal,Passed,Danieltown,Leslie Howell,5,595.83
1652,2022-12-09,Leadership Development,Internal,Completed,Pageport,John Watson,4,740.51
1653,2023-07-24,Technical Skills,External,Incomplete,Jasonport,Tammy Gaines,1,886.01
1654,2023-05-01,Technical Skills,External,Failed,Michaelshire,George Morris,2,641.09
1655,2023-06-15,Communication Skills,Internal,Completed,Garciafurt,Candice Williams,5,780.94
1656,2023-03-19,Leadership Development,Internal,Completed,North Amanda,Christopher Drake,3,132.75
1657,2022-10-01,Technical Skills,Internal,Passed,South Danny,Robert Bartlett,1,838.52
1658,2023-06-06,Project Management,External,Failed,Morrisburgh,Bradley Walker,4,474.23
1659,2023-05-23,Leadership Development,Internal,Incomplete,Briggsport,Christine Rollins,1,579.06
1660,2023-07-25,Communication Skills,Internal,Failed,Lake Angela,Paula Choi,5,698.82
1661,2023-07-20,Technical Skills,Internal,Failed,New Nathan,Justin Thompson,5,633.36
1662,2023-02-18,Technical Skills,Internal,Failed,Wilsonborough,Diane Lam,3,241.19
1663,2023-07-13,Communication Skills,External,Passed,New Elizabeth,Dustin Alexander,5,271.37
1664,2023-07-08,Project Management,Internal,Incomplete,East Jimmy,Christopher Smith,1,137.87
1665,2022-11-15,Project Management,Internal,Passed,Herreraland,Dr. Christina Johnson,3,999.83
1666,2023-02-21,Technical Skills,Internal,Failed,New Paula,Kristin Scott,5,597.62
1667,2022-09-11,Leadership Development,External,Completed,Munozstad,Thomas Schmitt,1,697.89
1668,2023-06-23,Customer Service,External,Failed,Lake Melanie,Jocelyn Lee,5,673.27
1669,2023-01-10,Project Management,External,Passed,Danielport,Ronald Shaw,5,753.01
1670,2023-02-01,Leadership Development,Internal,Failed,Aaronstad,Jamie Riley,5,939.02
1671,2022-11-15,Customer Service,External,Passed,East Jeremy,Stacey Sparks,2,680.45
1672,2022-09-14,Technical Skills,External,Completed,Jacksonmouth,Todd Shea,3,263.8
1673,2023-01-04,Project Management,External,Incomplete,Christinashire,Mark Miller,2,981.06
1674,2022-11-22,Customer Service,Internal,Passed,New William,Brandon Lee,1,293.55
1675,2023-03-07,Technical Skills,Internal,Failed,New Alexanderland,Matthew Robertson,4,904.68
1676,2022-12-07,Project Management,Internal,Failed,Carlland,Michael Patel,5,104.66
1677,2022-12-02,Technical Skills,External,Incomplete,Nicholsonfurt,Juan Hall,2,836.37
1678,2023-04-14,Leadership Development,Internal,Completed,Turnershire,Patricia Smith,1,749.64
1679,2023-03-25,Leadership Development,External,Failed,Lloydborough,Alicia Reed,5,213.06
1680,2022-10-04,Customer Service,Internal,Completed,Wrightburgh,Jennifer Mclaughlin,3,882.76
1681,2022-12-20,Customer Service,External,Failed,Santanastad,Brenda Tyler,1,113.42
1682,2022-09-19,Project Management,External,Failed,South Rhondaburgh,Brittany Munoz,3,284.61
1683,2023-06-28,Project Management,Internal,Failed,Port Amanda,Melissa Carter,1,599.74
1684,2023-06-05,Leadership Development,Internal,Failed,North Amberport,Randall Smith,5,700.99
1685,2023-01-01,Customer Service,Internal,Passed,West Jenniferton,Mr. James Mills,1,650.07
1686,2022-11-11,Communication Skills,External,Completed,West Robert,Paul Cook,2,851.38
1687,2023-02-24,Customer Service,Internal,Failed,Tanyabury,James Brown,4,455.1
1688,2022-12-21,Project Management,Internal,Completed,Brendaside,Paul Harrington,3,880.67
1689,2022-09-15,Customer Service,External,Passed,Moodychester,Tara Ballard,2,712.64
1690,2023-01-21,Communication Skills,Internal,Failed,Moralesport,Daniel Barnett,3,504.34
1691,2022-09-21,Customer Service,External,Failed,South Kellyborough,Michael Williamson,3,120.37
1692,2023-03-08,Project Management,External,Failed,North Madisonberg,Daniel Alvarez,1,705.24
1693,2023-03-10,Project Management,External,Passed,Hodgesmouth,Kim James,5,928.81
1694,2022-08-30,Communication Skills,Internal,Completed,Kaylaburgh,William Moore,5,638.07
1695,2023-01-03,Leadership Development,Internal,Passed,East James,Brittany Fuller,2,913.34
1696,2023-05-29,Project Management,Internal,Completed,Yatesburgh,Dr. Eric Reynolds,1,754.78
1697,2022-10-14,Leadership Development,External,Passed,South Mistychester,Sierra Bishop,4,503.3
1698,2022-11-23,Technical Skills,External,Passed,Dustinville,Shawn Williams,5,218.31
1699,2023-07-24,Customer Service,External,Incomplete,Port Jorge,Derek Wilson,3,730.86
1700,2022-09-19,Customer Service,External,Completed,Andradeport,Dr. Taylor Davis,4,203.34
1701,2023-06-18,Technical Skills,Internal,Passed,South Taylor,Marcus Harris,1,460.53
1702,2023-03-19,Communication Skills,Internal,Completed,Meganport,Madison Rogers,5,733.92
1703,2022-10-06,Customer Service,Internal,Completed,Audreyfort,Lance Steele,2,987.43
1704,2023-05-13,Customer Service,External,Completed,Lake Julia,Sarah Ryan,1,691.32
1705,2022-10-22,Communication Skills,External,Passed,Lake Traceyborough,Evan Davis,1,663.08
1706,2022-09-21,Customer Service,External,Incomplete,Kathleenhaven,Daniel Rivera,1,970.01
1707,2023-05-26,Customer Service,Internal,Passed,Shepherdchester,Jeffrey Williams,3,496.31
1708,2023-06-20,Customer Service,Internal,Incomplete,South Carrie,Matthew Cox,5,640.01
1709,2023-06-03,Technical Skills,External,Failed,South Lance,Stephanie Haney,4,858.8
1710,2022-12-11,Communication Skills,External,Passed,Markville,Sharon Sanchez,2,300.52
1711,2022-09-30,Technical Skills,External,Failed,Lindaland,Melissa Martinez,3,102.19
1712,2023-06-06,Communication Skills,Internal,Completed,Michaelberg,Adam Walters,2,581.16
1713,2023-03-11,Leadership Development,Internal,Incomplete,Clarkeside,Samantha Mcguire,3,752.91
1714,2023-07-24,Project Management,External,Passed,Lake Michael,Gary Smith,3,374.58
1715,2023-02-17,Leadership Development,Internal,Incomplete,North Danielfort,Hector Hinton,3,788.64
1716,2023-02-13,Communication Skills,External,Incomplete,Lake Erica,Leslie Hall,2,234.05
1717,2022-11-05,Customer Service,External,Incomplete,Port Joshua,Anne Holt,1,381.33
1718,2022-12-24,Leadership Development,Internal,Passed,Wellsborough,Wendy Short,3,527.62
1719,2022-09-12,Leadership Development,External,Passed,Butlerchester,Brian Hawkins,3,442.1
1720,2023-01-19,Project Management,Internal,Passed,Scotthaven,Tamara Harris,2,396.81
1721,2023-02-16,Project Management,External,Failed,Kathleenhaven,John Graham,2,730.31
1722,2023-05-14,Technical Skills,External,Incomplete,Stephensburgh,Caleb Strickland,2,128.06
1723,2022-09-25,Technical Skills,External,Passed,Sophiaborough,Andrea Lopez,5,942.63
1724,2023-04-11,Customer Service,Internal,Failed,Fullerstad,Miguel Villarreal,5,733.63
1725,2023-01-16,Customer Service,External,Completed,Cynthiaview,James Mccormick,1,743.28
1726,2022-10-19,Technical Skills,Internal,Completed,Higginsport,Joshua Brewer,4,435.18
1727,2023-02-16,Technical Skills,Internal,Failed,Weaverburgh,Donna Guzman,5,252.22
1728,2022-12-31,Customer Service,External,Completed,Lake Dustin,Joel Thomas,2,103.07
1729,2023-03-22,Technical Skills,Internal,Incomplete,Mollymouth,Jennifer Diaz,2,386.87
1730,2023-03-20,Customer Service,External,Incomplete,East Julie,Joseph Russo,3,718.21
1731,2023-02-27,Customer Service,Internal,Failed,South Jennifer,Travis Cook,1,578.81
1732,2023-07-06,Project Management,Internal,Completed,East Louis,Derrick Wallace,1,562.06
1733,2023-01-08,Leadership Development,External,Incomplete,Lake Danielleport,Tammy King,5,845.86
1734,2023-01-16,Project Management,External,Completed,Samanthatown,Jodi Davis,2,391.39
1735,2023-07-22,Project Management,Internal,Passed,Jonesport,David Harris,1,203.04
1736,2023-03-09,Leadership Development,Internal,Incomplete,West Sarahborough,Michael Lopez,4,717.29
1737,2022-10-17,Leadership Development,External,Incomplete,Atkinsonbury,William Collins,5,719.0
1738,2023-01-09,Customer Service,External,Incomplete,East Sharon,Sean Mckee,5,802.66
1739,2023-07-04,Communication Skills,Internal,Incomplete,East Julie,Lisa Hahn,1,388.07
1740,2023-02-18,Project Management,Internal,Completed,South Donna,Nicole Sanders,2,350.26
1741,2022-11-08,Leadership Development,External,Completed,Chasefurt,Mrs. Sandra Howard DDS,5,625.76
1742,2023-04-19,Communication Skills,External,Incomplete,Port Robert,Kristen Brown,1,206.72
1743,2023-07-13,Project Management,External,Passed,New David,Debra Barton,4,954.37
1744,2022-12-24,Communication Skills,Internal,Failed,Prattview,Scott Kline,4,728.77
1745,2022-09-05,Leadership Development,External,Completed,Simsberg,Mrs. Stephanie Miller,1,996.01
1746,2022-11-18,Communication Skills,Internal,Incomplete,Jonesberg,Lauren Andrews,2,787.19
1747,2023-03-02,Project Management,External,Passed,Ryanshire,Kevin Snow,3,853.43
1748,2023-03-26,Leadership Development,External,Failed,Williamsmouth,Andrea Ball,5,433.03
1749,2023-07-21,Leadership Development,Internal,Incomplete,Burtonton,Joseph Potter,3,148.69
1750,2022-08-20,Project Management,Internal,Incomplete,New Arthur,Maria Gonzalez,1,523.44
1751,2022-12-10,Project Management,External,Incomplete,New Dennisshire,Jose Guzman,5,719.54
1752,2022-10-09,Leadership Development,External,Incomplete,Harrisonshire,John Ramirez,3,560.55
1753,2023-03-18,Customer Service,Internal,Completed,Port Steven,Brett Ortiz,1,711.71
1754,2023-01-30,Project Management,External,Failed,Franciscohaven,John Jones,1,980.65
1755,2022-11-22,Communication Skills,External,Incomplete,Curryberg,Melissa Whitehead,2,367.76
1756,2023-04-22,Communication Skills,Internal,Failed,Laurieville,Jared Spence,1,849.36
1757,2022-12-31,Technical Skills,Internal,Incomplete,Port Brittanyton,Barbara Cochran,5,305.05
1758,2023-05-14,Customer Service,Internal,Completed,North Patricia,Robert Campbell,5,296.24
1759,2022-10-21,Project Management,Internal,Completed,Clarkview,Rachel Phillips,4,220.06
1760,2023-01-20,Technical Skills,External,Passed,Brownchester,Glenn Jimenez,3,378.51
1761,2022-11-07,Technical Skills,External,Completed,New Eric,Denise Guzman,4,905.6
1762,2022-09-02,Customer Service,External,Incomplete,South Raymondchester,Christopher Griffin,3,669.57
1763,2023-03-02,Leadership Development,External,Completed,Joneston,Amanda Hughes,2,723.9
1764,2023-05-07,Communication Skills,Internal,Passed,Port Joshua,Anna Mitchell,1,834.44
1765,2023-08-04,Leadership Development,External,Incomplete,Williamsmouth,William Johnson,1,393.88
1766,2023-07-07,Customer Service,External,Incomplete,Greenestad,Patrick Gray,3,637.61
1767,2022-10-25,Project Management,External,Passed,Riverastad,Scott Everett,3,902.11
1768,2022-09-30,Leadership Development,External,Passed,Lake Tyler,Amanda Nelson,1,999.79
1769,2023-03-27,Leadership Development,Internal,Passed,New Jamesville,Stephanie Good DVM,1,976.58
1770,2022-09-04,Customer Service,External,Incomplete,West David,Natalie Ross,2,257.2
1771,2023-02-27,Technical Skills,External,Incomplete,New Kevinfurt,Randy Wilson,2,991.1
1772,2022-08-20,Technical Skills,External,Passed,Port Paul,Lydia Campbell,2,205.64
1773,2022-12-30,Leadership Development,Internal,Passed,Moorechester,Aaron Hubbard,2,817.45
1774,2023-06-08,Customer Service,External,Failed,Johnhaven,Jacob Wilson,5,643.22
1775,2023-05-08,Project Management,Internal,Failed,Port David,Brianna Williams,4,795.28
1776,2022-09-07,Project Management,Internal,Failed,South Madison,Roy Johnson,2,521.69
1777,2023-04-24,Customer Service,External,Incomplete,Greenehaven,Daniel Barton,3,157.78
1778,2022-09-01,Project Management,External,Passed,Lake James,Holly Roth,3,803.94
1779,2022-11-27,Project Management,Internal,Passed,Lake Donna,Gabriela Rodriguez,3,188.56
1780,2023-03-25,Technical Skills,External,Passed,Brooksport,Brandy Conway,2,663.72
1781,2023-07-04,Technical Skills,External,Failed,Carlahaven,Frank Perez,4,892.3
1782,2022-12-21,Communication Skills,Internal,Passed,Bullockton,Ashley Rodriguez,3,560.35
1783,2022-12-24,Technical Skills,External,Passed,Ramosport,Justin Frazier,2,595.5
1784,2022-11-17,Communication Skills,External,Passed,East Jacob,Ashlee Conley,2,242.18
1785,2023-01-07,Project Management,Internal,Failed,Cindyfurt,Brandon Fox,5,104.95
1786,2023-04-23,Communication Skills,External,Completed,South Heather,Casey Armstrong,2,942.28
1787,2022-08-31,Project Management,Internal,Passed,South Michaelstad,Steven Villa,2,756.7
1788,2022-12-23,Leadership Development,Internal,Completed,Younghaven,Rhonda Ramirez,4,290.99
1789,2023-01-08,Leadership Development,External,Incomplete,Lake Markport,Lisa Harrison,2,700.97
1790,2022-08-19,Communication Skills,Internal,Incomplete,Sandersside,Kristin Watson,4,631.98
1791,2022-11-26,Project Management,Internal,Failed,Ronniefurt,Jonathan Perry,5,282.85
1792,2022-11-29,Technical Skills,Internal,Completed,New Kathryn,Barbara Parker,1,412.58
1793,2023-02-28,Communication Skills,External,Passed,Hufffort,Antonio Baker,1,943.91
1794,2022-10-31,Leadership Development,Internal,Completed,East Laura,Susan Murphy,3,208.13
1795,2023-02-24,Leadership Development,External,Passed,Anthonymouth,Jennifer Peterson,2,145.47
1796,2022-10-27,Customer Service,External,Failed,Genetown,Lindsay Adams,1,727.51
1797,2022-12-24,Project Management,External,Failed,North Johnview,Kathy Myers DDS,5,581.43
1798,2022-12-11,Communication Skills,Internal,Incomplete,South Shirley,Kayla Schwartz,1,725.94
1799,2022-10-27,Technical Skills,Internal,Passed,Port Gregory,Marc Price,1,338.36
1800,2023-04-17,Technical Skills,External,Failed,Masonborough,Adam Luna,1,732.84
1801,2023-06-22,Technical Skills,External,Incomplete,West Matthew,William Alvarez,1,753.69
1802,2023-07-16,Customer Service,Internal,Failed,Port Katherine,Dr. Reginald Chavez,5,131.92
1803,2022-09-20,Leadership Development,External,Passed,Lake Benjamin,Steven Scott PhD,4,550.55
1804,2022-08-22,Customer Service,Internal,Failed,Lake Racheltown,Rebecca Olson,1,767.49
1805,2023-02-11,Communication Skills,Internal,Incomplete,Burnsfort,Randall Guzman,5,222.88
1806,2023-07-27,Communication Skills,Internal,Passed,West Michaelhaven,Isaac Baker,3,176.2
1807,2023-03-07,Technical Skills,External,Incomplete,Port Gary,April Nelson,5,794.61
1808,2022-10-12,Customer Service,External,Passed,Sparksshire,Michael Frazier,1,147.08
1809,2022-08-15,Communication Skills,Internal,Incomplete,East Jenniferchester,James Kelley,5,488.94
1810,2023-02-22,Project Management,External,Failed,West Jimmy,Jessica Moses,1,603.57
1811,2023-07-25,Customer Service,External,Incomplete,Jameschester,Douglas Brown,3,819.87
1812,2023-03-04,Leadership Development,Internal,Incomplete,West Craig,Christopher Gibson,2,836.19
1813,2022-11-05,Project Management,External,Passed,Christophermouth,Rachel Barnes,5,879.94
1814,2023-06-04,Customer Service,Internal,Failed,West Destiny,Brad Williams,3,532.3
1815,2022-10-03,Leadership Development,External,Incomplete,New Kimberlyport,Christopher George,5,758.21
1816,2023-06-05,Communication Skills,Internal,Incomplete,Tylermouth,Melissa Chambers,2,253.51
1817,2022-08-20,Leadership Development,Internal,Completed,Cherylland,Krista Fields,3,375.86
1818,2023-03-20,Leadership Development,External,Incomplete,New Marie,Cody Murray,5,909.47
1819,2022-10-19,Customer Service,Internal,Passed,South Amy,Eric Weiss,3,649.51
1820,2023-06-30,Customer Service,Internal,Failed,Richview,David Henson,1,742.26
1821,2022-10-12,Communication Skills,Internal,Passed,Moranburgh,Virginia Small,4,713.84
1822,2023-07-29,Project Management,External,Incomplete,Wigginsland,Tony Long,1,999.06
1823,2023-07-10,Leadership Development,Internal,Completed,Michelleland,Shirley Ali,4,977.99
1824,2022-09-16,Leadership Development,External,Completed,Katherineside,Jessica Spencer,5,136.33
1825,2022-08-05,Technical Skills,External,Completed,North Robertside,Robert Weaver,4,946.67
1826,2023-07-24,Technical Skills,External,Passed,New Melissa,Lauren Malone,4,485.39
1827,2023-04-28,Communication Skills,External,Incomplete,Weavermouth,Jesse Flores,5,962.02
1828,2023-05-29,Technical Skills,External,Failed,Olsonborough,Stephanie Mullins,1,620.24
1829,2023-04-21,Customer Service,External,Completed,East Jasmineview,Jennifer Miller,4,333.8
1830,2023-03-29,Leadership Development,External,Passed,Knappfurt,Calvin Smith,3,764.21
1831,2022-12-11,Project Management,Internal,Failed,East Jenna,Randall Donaldson,3,756.42
1832,2023-07-30,Customer Service,Internal,Failed,Brennanborough,Kevin Gibson,2,716.62
1833,2023-03-26,Technical Skills,Internal,Failed,New Davidfort,Patrick Gomez,2,712.9
1834,2023-03-11,Technical Skills,Internal,Incomplete,Port Alicemouth,Gregory Kline,1,845.82
1835,2023-03-01,Communication Skills,Internal,Passed,New Aaron,Vanessa Villarreal,4,727.9
1836,2023-07-21,Project Management,Internal,Incomplete,North Brad,Rachel Daniels,1,760.41
1837,2023-07-25,Project Management,Internal,Incomplete,Lake Tashaside,Andrew Velazquez,5,567.74
1838,2023-01-14,Communication Skills,External,Incomplete,Collinsshire,Kimberly Richardson,5,582.7
1839,2022-08-16,Leadership Development,External,Incomplete,West Nicole,Jacqueline Kelly,2,645.16
1840,2023-03-07,Project Management,External,Passed,Port Dawnland,Steven Lewis,5,310.44
1841,2022-08-13,Communication Skills,External,Failed,Michellefurt,Cody Moses DDS,4,683.42
1842,2023-07-19,Communication Skills,Internal,Completed,Jacksontown,Jenna Parks,3,129.49
1843,2022-11-11,Project Management,External,Incomplete,Ashleyburgh,Shawn Harris,5,349.46
1844,2022-08-19,Project Management,Internal,Failed,Daniellemouth,John Santos,5,668.2
1845,2022-12-31,Customer Service,External,Passed,Natashaburgh,Christopher Rowe,5,409.99
1846,2023-04-25,Communication Skills,Internal,Passed,Torresstad,Abigail Underwood,4,964.4
1847,2023-02-14,Leadership Development,External,Completed,Lake Jonathanville,Marissa Parker,1,777.95
1848,2023-02-15,Communication Skills,Internal,Completed,Jonesshire,Philip Smith,5,816.07
1849,2023-06-04,Leadership Development,External,Passed,New Jefferyfort,Brian Lee,4,332.12
1850,2023-05-02,Communication Skills,Internal,Completed,Briannamouth,Gabrielle Matthews,1,950.45
1851,2022-09-04,Communication Skills,External,Passed,Michaelview,Cody Daugherty,4,997.13
1852,2022-10-16,Customer Service,Internal,Completed,Douglaschester,Matthew Goodman,1,917.56
1853,2022-08-10,Project Management,External,Failed,Wesleyton,Noah Herrera,4,220.2
1854,2023-05-18,Technical Skills,External,Failed,Mcmahonview,Pedro Rodriguez,1,837.64
1855,2022-08-30,Technical Skills,External,Incomplete,South Matthewburgh,Andrew Gross,2,648.72
1856,2023-07-04,Leadership Development,External,Failed,West Kimberly,Natalie Skinner,4,687.77
1857,2023-06-14,Project Management,External,Incomplete,Port Christopher,Miss Jamie Miller,5,278.62
1858,2022-12-16,Technical Skills,External,Failed,South Sonyahaven,Todd Clark,5,568.57
1859,2022-10-07,Technical Skills,Internal,Completed,Austinstad,Nancy Taylor,4,764.64
1860,2022-08-20,Project Management,External,Passed,East Davidbury,Paul Farrell,3,551.45
1861,2023-06-18,Customer Service,Internal,Completed,Thompsonland,Bryan Reed,2,849.52
1862,2022-12-21,Communication Skills,Internal,Incomplete,New Chelsea,Juan Meyer,1,180.61
1863,2023-06-21,Communication Skills,Internal,Passed,East Richard,Norman Chapman,3,559.52
1864,2022-08-06,Project Management,Internal,Completed,South Waltershire,Laurie Miller,4,850.57
1865,2022-11-13,Project Management,Internal,Completed,Helenville,Kimberly Reed,3,802.75
1866,2023-04-22,Customer Service,External,Completed,Port Brandyview,Zachary Chandler,3,587.63
1867,2023-05-04,Project Management,External,Passed,Jonesberg,John Reid,3,114.45
1868,2023-03-27,Leadership Development,Internal,Completed,West Dylan,Tracy Davis,4,599.79
1869,2022-12-23,Customer Service,Internal,Failed,Carmenstad,Robert Lee,3,280.46
1870,2022-12-25,Communication Skills,External,Incomplete,North Wendyfurt,Yvonne Anderson,3,969.98
1871,2023-07-03,Customer Service,Internal,Failed,North Jamesborough,Ronald Chang,4,643.07
1872,2023-07-04,Leadership Development,Internal,Incomplete,Walterborough,Andrew Griffin,4,299.55
1873,2023-03-02,Technical Skills,External,Incomplete,New Kevinfort,Jason Faulkner,3,373.67
1874,2022-12-25,Leadership Development,Internal,Passed,Wrightstad,Dustin Lewis,1,902.01
1875,2023-03-19,Project Management,Internal,Failed,Vasquezchester,Brianna Freeman,1,105.61
1876,2023-03-14,Leadership Development,Internal,Completed,North Rebeccamouth,Michael Romero,5,445.28
1877,2023-05-01,Technical Skills,External,Passed,Smithborough,Charles Parker,1,845.17
1878,2023-05-25,Technical Skills,External,Passed,Lake Cameronburgh,Thomas Erickson,5,932.44
1879,2023-04-29,Leadership Development,Internal,Passed,Port Emilyhaven,Kimberly Choi,2,227.51
1880,2022-08-10,Customer Service,Internal,Incomplete,Smithfurt,Danielle Wells,5,785.05
1881,2023-06-30,Communication Skills,External,Passed,South Rebeccahaven,Julian Ward,4,584.92
1882,2023-04-11,Leadership Development,Internal,Incomplete,West Charles,Ronald Long,5,206.16
1883,2023-05-19,Customer Service,Internal,Failed,Leviville,Cynthia Stone,1,483.43
1884,2022-09-09,Project Management,External,Incomplete,New Kimberlychester,Robin Oneill,2,889.87
1885,2023-02-15,Customer Service,Internal,Incomplete,Thomasborough,Vanessa Riley,3,503.04
1886,2023-06-10,Customer Service,External,Completed,West Jack,Gregory Henderson,1,349.8
1887,2022-12-23,Customer Service,External,Passed,Jasminebury,Jessica Brown,4,547.76
1888,2022-12-23,Technical Skills,External,Completed,East Kim,Victoria Padilla,2,961.68
1889,2023-02-09,Leadership Development,Internal,Incomplete,New Eric,Laura Patterson,1,993.76
1890,2022-10-25,Communication Skills,Internal,Failed,Lake Randyshire,Tiffany Gutierrez,2,998.32
1891,2023-07-13,Leadership Development,External,Incomplete,Rodriguezfort,Jonathon Obrien,1,961.55
1892,2023-02-09,Technical Skills,External,Incomplete,West Leslie,Meagan Glenn,3,192.73
1893,2022-09-28,Leadership Development,Internal,Completed,East Breannaborough,Andrew Rivera,1,604.53
1894,2023-05-29,Technical Skills,External,Failed,Port Matthew,Annette Pace,2,144.39
1895,2022-09-12,Technical Skills,External,Completed,Paulmouth,Richard Lopez,5,517.92
1896,2023-02-22,Customer Service,External,Completed,Basston,Terry Mcdonald,4,537.71
1897,2023-03-16,Communication Skills,External,Completed,Benjaminbury,Mrs. Amy Foster,2,491.71
1898,2023-07-10,Project Management,Internal,Completed,Kingview,Jessica Evans,3,673.38
1899,2023-01-29,Leadership Development,Internal,Incomplete,Port Jenniferside,Tyler Mcgee,2,724.87
1900,2023-04-27,Communication Skills,Internal,Passed,North Darryl,Joe Flores,4,140.83
1901,2022-09-22,Project Management,External,Passed,North Peterland,Paul Davis,1,113.47
1902,2023-02-24,Customer Service,External,Incomplete,Jasonborough,Vincent Spencer,1,604.93
1903,2023-05-27,Project Management,External,Completed,Wintersmouth,Jennifer Garcia,4,699.97
1904,2022-10-20,Leadership Development,Internal,Failed,East Autumn,Donald Franklin,1,576.1
1905,2022-11-24,Leadership Development,Internal,Passed,Buchananton,Matthew Brooks,2,958.46
1906,2023-03-05,Project Management,External,Passed,Pamelaborough,Anthony Turner,5,228.41
1907,2022-11-10,Technical Skills,Internal,Completed,Wilsonborough,Dr. Michael Day,2,203.44
1908,2023-07-21,Project Management,External,Incomplete,Cynthiaside,Jill Martin,2,359.08
1909,2023-03-15,Technical Skills,Internal,Passed,Leestad,Stephen Neal,3,653.23
1910,2022-10-12,Customer Service,Internal,Passed,Evansshire,Shannon Spencer,5,614.4
1911,2022-11-12,Communication Skills,External,Passed,Trevorchester,Mr. Paul Morales,5,333.08
1912,2023-03-26,Leadership Development,External,Completed,Yangland,Anthony Cannon,1,718.38
1913,2023-02-02,Project Management,External,Failed,Brianland,Nicholas Mathis,3,195.29
1914,2023-01-11,Leadership Development,External,Passed,Mckeemouth,Randy Perkins,2,113.43
1915,2022-11-11,Customer Service,External,Incomplete,Wilsonbury,Robin Smith MD,4,651.23
1916,2022-09-28,Technical Skills,Internal,Incomplete,Allisonton,Hannah Cortez,1,331.66
1917,2023-01-24,Customer Service,Internal,Incomplete,Jonesside,Spencer Ford,3,419.83
1918,2023-08-03,Communication Skills,Internal,Incomplete,South Thomas,Gary Rocha,2,226.7
1919,2023-06-18,Leadership Development,External,Failed,Wellsland,Carrie Walton,1,583.76
1920,2023-04-04,Customer Service,Internal,Failed,West Chadview,Lindsey Johnson,3,646.65
1921,2023-05-28,Technical Skills,External,Incomplete,West Dawn,Steven Golden,2,813.17
1922,2022-11-14,Technical Skills,External,Passed,Maxwellfurt,Maria Le,3,636.38
1923,2022-11-17,Project Management,External,Failed,Dianeview,Lauren Dixon,3,868.74
1924,2023-07-14,Customer Service,External,Failed,Port Hannahshire,Lisa Johnston,4,250.41
1925,2023-05-12,Communication Skills,Internal,Completed,Karenshire,Jennifer Roberts,3,882.06
1926,2023-06-30,Leadership Development,Internal,Passed,New David,Mr. Donald Shepard,1,350.88
1927,2023-02-23,Leadership Development,External,Completed,Michaelmouth,Christopher Avila,5,571.81
1928,2023-02-23,Communication Skills,Internal,Failed,Toddbury,Jessica Jones,3,900.89
1929,2023-08-04,Customer Service,Internal,Failed,Burchfurt,Hannah Mays,3,312.56
1930,2023-06-30,Project Management,External,Incomplete,Ashleyfurt,Stephen Graham,5,533.56
1931,2023-05-14,Leadership Development,Internal,Failed,Wolfeton,Jonathan Hunt,5,381.36
1932,2023-03-19,Customer Service,Internal,Failed,Georgemouth,Brian Terry,2,754.08
1933,2022-10-17,Customer Service,Internal,Incomplete,Walkershire,Kim Lee,5,837.19
1934,2023-05-08,Leadership Development,External,Incomplete,Suzannemouth,Elizabeth Sanchez,2,993.7
1935,2022-09-16,Customer Service,Internal,Completed,Rodriguezfurt,Anna Stafford,2,505.4
1936,2022-08-21,Leadership Development,External,Failed,Hooverberg,Amanda Randolph,5,567.55
1937,2023-05-08,Leadership Development,External,Completed,Chapmanstad,Sarah Boone,4,774.74
1938,2022-08-24,Communication Skills,External,Passed,Annaton,Jordan Stanley,5,316.61
1939,2022-10-27,Communication Skills,External,Completed,East Joseph,Kristi Lee,3,531.73
1940,2023-01-16,Communication Skills,External,Failed,Denisehaven,Alyssa White,2,342.26
1941,2023-02-04,Leadership Development,External,Failed,Perryborough,Frank Rhodes,3,158.79
1942,2023-04-15,Customer Service,Internal,Completed,West Stephanieton,Miranda Wilson,3,250.51
1943,2023-05-13,Technical Skills,Internal,Passed,Bassborough,Eddie Foster,3,453.4
1944,2022-10-26,Technical Skills,External,Completed,New Maryfort,Michelle Rosales,5,742.31
1945,2023-01-12,Customer Service,External,Passed,Rachelbury,Rachel Juarez,5,341.94
1946,2022-08-30,Customer Service,Internal,Completed,Delgadomouth,Benjamin Mcdonald,1,967.18
1947,2022-11-14,Communication Skills,External,Failed,Brewerchester,Derek Smith,3,147.4
1948,2023-05-23,Project Management,External,Failed,Port Patrickport,Randy Howell,4,884.26
1949,2023-04-28,Customer Service,Internal,Incomplete,Jodyville,Samantha Thompson,5,592.96
1950,2023-02-21,Project Management,External,Passed,Michaelchester,Nicholas Daugherty,2,801.28
1951,2023-04-29,Leadership Development,Internal,Incomplete,Veronicatown,Tracy Melton,2,717.95
1952,2023-03-05,Leadership Development,Internal,Passed,East Jeff,Sydney Bryant,1,846.22
1953,2022-08-13,Leadership Development,External,Passed,West Kelli,Laura Smith,4,275.62
1954,2022-08-14,Customer Service,External,Passed,Lake Cindy,Ronald Marsh,5,837.05
1955,2023-07-22,Leadership Development,Internal,Incomplete,Port Catherineside,Stephen Henry,3,202.35
1956,2023-06-05,Communication Skills,External,Passed,Lake Justin,Phillip Yates,4,590.97
1957,2023-04-14,Customer Service,External,Failed,North Meganstad,Bruce Ramirez,5,744.55
1958,2023-05-23,Communication Skills,Internal,Incomplete,North Carolynside,Ethan Williams,2,141.91
1959,2022-09-13,Project Management,External,Completed,Lake Travisfort,Jessica Johnston,2,883.34
1960,2023-04-28,Leadership Development,Internal,Passed,Port Jamiemouth,Victoria Richardson,4,176.82
1961,2023-04-25,Customer Service,External,Failed,Juliehaven,Ashley Meyer,1,767.22
1962,2022-10-02,Leadership Development,External,Completed,Stephanietown,Jeremy Little,5,555.6
1963,2023-06-13,Technical Skills,Internal,Incomplete,Danielhaven,Sarah Stone,2,316.03
1964,2023-05-22,Customer Service,Internal,Failed,East Tina,David Hart,1,540.96
1965,2022-10-16,Leadership Development,External,Failed,Sandramouth,Julie Kennedy,3,444.23
1966,2023-05-19,Communication Skills,Internal,Failed,Dennisberg,Mark Baker,5,497.54
1967,2023-07-23,Customer Service,Internal,Incomplete,West Austin,Alexander Myers,4,300.95
1968,2022-11-25,Customer Service,Internal,Incomplete,East Charleneview,Kimberly Becker,2,283.06
1969,2022-08-29,Communication Skills,Internal,Incomplete,North Ericside,Eric Allen,4,967.94
1970,2023-03-27,Leadership Development,External,Failed,Douglasland,Richard Thomas,1,398.23
1971,2022-12-20,Leadership Development,External,Incomplete,West Sandratown,Nathaniel Rasmussen,1,331.8
1972,2023-04-26,Leadership Development,External,Incomplete,Powellside,Matthew Watson,4,349.48
1973,2023-04-01,Communication Skills,External,Failed,Geraldchester,Roy Juarez,1,596.48
1974,2022-10-08,Project Management,Internal,Incomplete,Port Billy,Jean Lee,2,677.45
1975,2023-03-12,Customer Service,Internal,Failed,Granttown,Mark Lam,5,664.61
1976,2022-11-16,Communication Skills,External,Completed,West Paul,Pamela Sanchez,5,405.13
1977,2023-05-26,Leadership Development,Internal,Incomplete,Port Austin,Heather Tucker,5,781.27
1978,2023-01-18,Leadership Development,Internal,Failed,Jerryborough,Monica Shaw,5,983.61
1979,2023-05-19,Communication Skills,Internal,Failed,Torresmouth,Matthew Carter,1,656.46
1980,2023-03-25,Project Management,External,Failed,Port Mariah,Terry Russell,1,446.07
1981,2022-08-10,Leadership Development,Internal,Passed,Harmonmouth,James Gross,1,676.42
1982,2023-01-29,Leadership Development,Internal,Passed,West Aaron,Tammy Jarvis,5,861.83
1983,2022-12-28,Customer Service,Internal,Failed,East William,Shelly Baker,5,769.23
1984,2022-08-18,Leadership Development,Internal,Failed,Devinfurt,Brenda Rice,4,983.02
1985,2022-09-28,Communication Skills,Internal,Incomplete,Sheltonborough,Benjamin Arnold,3,474.95
1986,2023-02-21,Communication Skills,Internal,Failed,Laurenton,Jon Roberts,3,800.81
1987,2023-06-27,Communication Skills,Internal,Failed,West Taratown,Jamie Mays,2,844.93
1988,2023-05-18,Project Management,External,Completed,Andersonchester,Eric Gallegos,4,903.8
1989,2022-12-04,Leadership Development,External,Incomplete,Cookview,Karen Fox,4,329.3
1990,2022-09-18,Leadership Development,Internal,Incomplete,Mccarthyhaven,Anthony Silva,1,332.51
1991,2023-01-24,Technical Skills,External,Failed,Allenhaven,Misty Trevino,2,643.63
1992,2022-09-11,Communication Skills,Internal,Failed,North Samuelview,Christopher Bailey,2,827.05
1993,2023-05-02,Customer Service,External,Failed,North Andrew,Vincent Wang,3,995.42
1994,2023-04-20,Technical Skills,External,Passed,Martinchester,Laurie Bird,4,360.61
1995,2022-08-23,Communication Skills,External,Passed,East Jamie,Kathryn Higgins,3,658.54
1996,2022-12-16,Communication Skills,Internal,Failed,Coxshire,Christopher Porter MD,5,250.11
1997,2023-04-29,Project Management,Internal,Failed,East Karenberg,Andrew Jones,4,819.65
1998,2022-12-01,Technical Skills,Internal,Completed,East Michael,Eddie King,2,186.77
1999,2023-05-08,Technical Skills,External,Passed,Lewisland,Erica Wilson,4,633.67
2000,2023-03-20,Technical Skills,Internal,Incomplete,East Erin,Jacqueline Maxwell,3,236.34
2001,2023-05-04,Leadership Development,Internal,Incomplete,Port Valerie,Robert Ramirez,4,504.62
2002,2022-10-26,Project Management,External,Incomplete,Whitebury,Michael Wright,1,217.86
2003,2022-12-12,Technical Skills,External,Completed,Perezview,Jose King,4,148.97
2004,2023-02-27,Leadership Development,Internal,Completed,Taylorchester,Kathy Norris,1,628.83
2005,2023-04-22,Leadership Development,Internal,Completed,West Danielton,Elijah Henson,2,458.78
2006,2022-12-22,Communication Skills,External,Completed,Houstontown,Ashley Edwards,2,892.65
2007,2023-02-28,Communication Skills,External,Passed,East Judyborough,Shane Quinn,1,211.17
2008,2022-10-24,Project Management,External,Passed,Thomasland,Timothy Lewis,2,478.95
2009,2023-01-20,Customer Service,Internal,Incomplete,Nicoleside,Gary Johnson,1,319.94
2010,2022-08-22,Communication Skills,Internal,Passed,Andrewview,Kristen Rogers,2,601.66
2011,2023-04-30,Leadership Development,Internal,Completed,Lake Jeffreyberg,Nichole Crawford,1,999.96
2012,2022-09-18,Communication Skills,External,Incomplete,New Karenberg,Lindsay Reid,2,138.67
2013,2023-02-21,Leadership Development,External,Failed,East Sabrinachester,Dr. Steven Walker,2,962.76
2014,2023-03-02,Technical Skills,External,Incomplete,Bauerland,Thomas Martinez,4,106.88
2015,2022-09-30,Leadership Development,Internal,Passed,South David,John Hobbs,1,561.89
2016,2022-09-13,Technical Skills,Internal,Incomplete,New Stephanie,Robert Nelson,5,775.52
2017,2022-12-03,Communication Skills,External,Incomplete,Michaelhaven,Heidi Chavez,4,397.01
2018,2022-08-21,Customer Service,External,Incomplete,Lake Robertfort,Chris Walker,5,739.74
2019,2022-10-06,Technical Skills,External,Completed,Andreaberg,Jason Morris,2,789.2
2020,2022-08-18,Leadership Development,Internal,Failed,West Kayla,Kevin Miller,3,428.51
2021,2023-04-29,Project Management,External,Incomplete,New Heidi,Dominic Spencer,4,646.72
2022,2022-10-09,Leadership Development,External,Incomplete,North Katherineton,Diane Carlson,3,742.84
2023,2022-11-25,Communication Skills,External,Incomplete,Rosefort,Brooke Murray,2,894.92
2024,2023-06-11,Communication Skills,External,Failed,North Danielview,Deborah Oliver,1,222.56
2025,2023-01-17,Technical Skills,Internal,Passed,West Cherylview,John Branch,2,699.76
2026,2022-08-08,Project Management,External,Incomplete,East Cole,Dorothy Gould,3,124.93
2027,2022-08-08,Technical Skills,External,Incomplete,New Audrey,Mariah Jones,5,664.12
2028,2023-02-18,Project Management,External,Passed,North Barbaraberg,Kathleen Fletcher,2,862.82
2029,2022-11-14,Project Management,External,Passed,New Michael,Nicholas Briggs,1,813.01
2030,2023-07-28,Communication Skills,External,Incomplete,West Vincent,Andrew Burton,4,349.75
2031,2023-07-25,Technical Skills,External,Failed,Campbellhaven,Yolanda Wilson,1,244.5
2032,2022-11-21,Customer Service,Internal,Completed,Erikmouth,Adrian Clark,3,873.52
2033,2023-03-11,Leadership Development,External,Passed,Port Laurie,Joseph Carlson,1,358.65
2034,2023-01-20,Technical Skills,Internal,Passed,Crystalchester,Arthur Soto,1,632.33
2035,2023-02-17,Customer Service,External,Failed,Kristenland,Mrs. Stephanie Silva,2,565.81
2036,2022-09-24,Communication Skills,Internal,Completed,New Erinport,Ronald Hughes,3,849.04
2037,2023-07-16,Leadership Development,Internal,Failed,Rachelfort,Nicholas Carter,1,519.43
2038,2022-08-13,Technical Skills,Internal,Passed,Rebeccamouth,Paula Roth,2,694.03
2039,2023-05-24,Customer Service,External,Incomplete,Zacharyside,Laura Meadows,1,738.69
2040,2023-04-22,Communication Skills,Internal,Passed,Port Glenn,Aaron Bowen,5,753.51
2041,2022-09-25,Technical Skills,External,Completed,West Brian,Kenneth Thompson,5,970.6
2042,2023-02-14,Customer Service,External,Passed,Johnsonhaven,Elizabeth Elliott,1,651.4
2043,2022-10-08,Project Management,Internal,Passed,Brendaville,Cody Dickson,5,809.68
2044,2023-08-05,Customer Service,External,Passed,Joshuaville,Andrew Lee,5,570.91
2045,2023-05-04,Customer Service,Internal,Incomplete,Garyview,Zachary Cole,1,852.72
2046,2022-12-25,Technical Skills,Internal,Incomplete,North Carriefurt,Mr. Philip Sullivan,1,787.98
2047,2022-08-15,Technical Skills,Internal,Failed,New Amy,Margaret Padilla,1,942.72
2048,2022-11-02,Customer Service,External,Failed,Watsonview,Rodney Deleon,2,626.4
2049,2023-03-28,Project Management,Internal,Failed,South Wayneburgh,Cheryl Middleton,4,765.68
2050,2022-12-13,Communication Skills,Internal,Completed,Jasonbury,Heather Nunez,3,904.54
2051,2023-03-17,Project Management,Internal,Incomplete,South Cynthiafurt,Charles Robles,2,761.28
2052,2022-11-06,Project Management,Internal,Completed,South William,Charles Spencer,4,507.49
2053,2023-05-13,Leadership Development,Internal,Incomplete,Dukeborough,Kevin Carter,5,862.9
2054,2023-06-06,Leadership Development,Internal,Incomplete,Lake Carolinemouth,Tyler Cordova,4,528.18
2055,2022-11-08,Technical Skills,External,Passed,South Jasonchester,Austin Carlson,2,805.7
2056,2023-02-02,Technical Skills,External,Failed,North Fernando,Gregory Garcia,1,190.55
2057,2023-01-01,Customer Service,Internal,Failed,Lake Tony,Omar Shepherd MD,3,605.36
2058,2022-12-31,Customer Service,Internal,Passed,Parkertown,Mark Bowen,1,338.16
2059,2023-05-06,Customer Service,External,Completed,West Danielmouth,Melissa Marshall,3,969.03
2060,2023-07-23,Project Management,External,Failed,Port Lisaburgh,Lori Mckee,3,442.39
2061,2023-03-15,Technical Skills,External,Incomplete,South Taramouth,Stacey Ford,1,952.69
2062,2023-05-20,Project Management,External,Passed,North Lisaton,Evelyn Hart,1,842.36
2063,2023-01-01,Technical Skills,External,Failed,North Gabriel,Suzanne Watson,5,333.78
2064,2022-09-10,Technical Skills,Internal,Passed,North Susanton,Daryl Mullins,2,343.22
2065,2023-05-15,Leadership Development,Internal,Failed,Christopherhaven,Jonathan Stewart,1,283.86
2066,2022-09-03,Customer Service,Internal,Passed,Courtneytown,Jessica Malone DDS,5,107.29
2067,2023-05-10,Leadership Development,External,Failed,Lake Alexander,Maureen Harris,4,320.87
2068,2023-02-03,Leadership Development,Internal,Incomplete,West Anne,Scott Rice,3,670.68
2069,2023-05-10,Communication Skills,External,Incomplete,Evansland,Barbara Moore,3,685.62
2070,2023-04-12,Technical Skills,Internal,Completed,Lake Johnstad,Cathy Johnson,5,842.88
2071,2023-02-09,Technical Skills,Internal,Incomplete,New Rosemouth,Danielle Wise,5,735.7
2072,2023-06-17,Customer Service,Internal,Passed,East Nancy,Patricia Bailey,5,974.31
2073,2023-08-03,Project Management,Internal,Incomplete,South Maria,Jennifer Juarez,3,760.53
2074,2022-09-20,Project Management,Internal,Passed,East Melissa,Karen Thompson,5,640.97
2075,2022-10-27,Customer Service,External,Incomplete,Josephmouth,Ronald Pearson,5,807.49
2076,2022-11-08,Communication Skills,Internal,Completed,Jasonstad,Lisa Freeman,3,350.22
2077,2023-04-07,Communication Skills,Internal,Completed,Robertfurt,Tiffany Smith,4,447.67
2078,2022-08-07,Communication Skills,Internal,Incomplete,Patriciabury,Tiffany Reed,5,737.61
2079,2023-01-15,Leadership Development,External,Completed,North Michaelmouth,Eric Contreras,4,444.96
2080,2023-06-09,Project Management,External,Failed,Jessicafurt,Dr. Melanie Kennedy,1,605.05
2081,2023-05-14,Customer Service,External,Failed,Wandachester,Danny Charles,4,744.4
2082,2022-08-09,Customer Service,External,Incomplete,Kingbury,Sylvia Sweeney,1,230.77
2083,2022-12-21,Project Management,External,Incomplete,Port Robinland,Kelly Rogers,5,569.44
2084,2023-02-02,Project Management,External,Passed,South Robertstad,Kylie Gonzalez,1,677.67
2085,2023-03-29,Project Management,External,Incomplete,South Darrenview,Matthew Stephens MD,1,963.42
2086,2023-04-03,Communication Skills,External,Completed,Roberthaven,David Ray,3,488.66
2087,2023-04-02,Leadership Development,Internal,Completed,Hollyborough,Joseph Marquez,3,450.94
2088,2023-02-09,Communication Skills,External,Completed,Benjaminfurt,Rhonda Thompson,3,407.99
2089,2023-01-04,Communication Skills,Internal,Completed,East Corey,Robin Berry,2,423.31
2090,2022-10-23,Leadership Development,Internal,Incomplete,New Troyshire,Patricia Simpson,1,189.64
2091,2023-07-20,Leadership Development,Internal,Incomplete,Jordanfurt,Joshua Middleton,3,102.77
2092,2023-03-13,Communication Skills,External,Completed,Smithchester,Brian Odom,5,246.13
2093,2023-04-23,Leadership Development,External,Failed,East Amyville,Alexander King,5,628.62
2094,2023-03-11,Leadership Development,Internal,Passed,New Sheila,Thomas Williams,4,739.32
2095,2022-11-14,Leadership Development,Internal,Passed,North Wendy,Joseph Crawford,3,773.16
2096,2023-04-25,Communication Skills,External,Completed,Jenniferbury,Mandy Dunn,3,838.65
2097,2022-11-26,Technical Skills,External,Incomplete,North Brandi,Kari Smith,3,426.55
2098,2022-09-25,Project Management,External,Incomplete,North Jamesberg,Matthew Brown,2,254.35
2099,2023-02-28,Customer Service,External,Completed,North Margaretton,George Hopkins,2,829.08
2100,2023-04-29,Communication Skills,External,Incomplete,Lake Laurafurt,Jeremiah Herring,2,710.31
2101,2023-06-29,Leadership Development,External,Completed,Suarezstad,Aaron Jones,1,751.81
2102,2023-05-04,Communication Skills,Internal,Passed,Jenniferside,Debbie Young,1,598.51
2103,2022-09-06,Technical Skills,Internal,Incomplete,Stevenston,Gregory Wells,3,958.29
2104,2022-10-14,Technical Skills,External,Completed,South Brianchester,Connie Mason,5,200.34
2105,2022-11-10,Technical Skills,External,Completed,Blackborough,Edwin Gomez,3,365.03
2106,2023-07-15,Customer Service,Internal,Passed,Port Tamarahaven,Kayla Hall,4,782.43
2107,2023-03-05,Communication Skills,External,Passed,Douglasview,Tyler Ortega,1,668.91
2108,2022-09-05,Customer Service,Internal,Completed,Port Ruthbury,Franklin Hunter,5,804.37
2109,2023-04-18,Project Management,External,Failed,Lake Renee,Elizabeth Sawyer,3,869.94
2110,2022-12-30,Communication Skills,Internal,Passed,West Susanton,Ms. Rebecca Conley,4,399.55
2111,2022-11-17,Customer Service,Internal,Passed,Brittanyport,Jordan Wilson,4,470.24
2112,2022-09-17,Customer Service,External,Failed,Ramirezland,Caroline Williams,2,157.04
2113,2022-08-18,Project Management,Internal,Passed,Hayesborough,Michael Sullivan,2,394.54
2114,2023-02-26,Communication Skills,External,Completed,North Justinbury,Jonathan Davis,2,326.98
2115,2022-09-24,Leadership Development,Internal,Incomplete,Penaberg,Katherine Chapman,5,752.82
2116,2022-08-26,Leadership Development,Internal,Completed,Maryville,Kelli Lamb MD,2,990.89
2117,2023-05-27,Customer Service,External,Incomplete,Hickmanburgh,Mike Stevenson,4,531.69
2118,2023-04-21,Leadership Development,Internal,Completed,Scottview,Robert Smith,3,384.28
2119,2023-07-15,Technical Skills,External,Passed,New Sharonside,Amy Zimmerman,5,803.08
2120,2023-05-22,Project Management,External,Incomplete,Washingtonport,Thomas Floyd,1,131.78
2121,2022-12-31,Project Management,Internal,Passed,Kimberlyberg,Sara Johnson,2,459.39
2122,2023-01-02,Technical Skills,External,Passed,South Johnmouth,Carl Cooper,1,949.46
2123,2022-09-23,Project Management,External,Failed,Farmerstad,Emily Hernandez,4,169.71
2124,2023-04-26,Leadership Development,Internal,Completed,Hebertfort,Adam Smith PhD,2,238.23
2125,2022-08-19,Communication Skills,External,Incomplete,Lake Brookeville,Hannah Smith,2,486.63
2126,2023-01-24,Communication Skills,External,Failed,Patriciaport,Nina Ramos,2,692.5
2127,2023-04-03,Leadership Development,Internal,Passed,West Johnmouth,Suzanne Young,5,119.71
2128,2022-12-22,Project Management,External,Passed,West Cynthia,Gregory Smith,2,168.47
2129,2023-03-03,Communication Skills,External,Incomplete,East Carlos,Joseph Blankenship,4,951.82
2130,2022-11-21,Project Management,Internal,Completed,Adamborough,Emily Gonzalez,4,444.22
2131,2023-01-21,Project Management,Internal,Passed,Nicolemouth,James Williams,5,591.83
2132,2022-09-15,Communication Skills,Internal,Passed,North Jeanette,Carlos Finley,5,936.77
2133,2023-03-16,Technical Skills,External,Passed,Connieside,Rebecca Hammond,4,797.13
2134,2022-10-20,Technical Skills,Internal,Completed,Collierville,Russell Boone,1,420.72
2135,2022-11-21,Technical Skills,Internal,Completed,Port Gregoryfort,Crystal Hughes,5,218.13
2136,2022-11-28,Communication Skills,Internal,Incomplete,New William,Joy Meyers,1,659.25
2137,2023-04-01,Technical Skills,External,Completed,Staceyborough,Thomas Castillo,1,187.31
2138,2022-08-17,Project Management,Internal,Completed,Russellstad,Rachael Hoffman,3,282.21
2139,2023-05-21,Technical Skills,Internal,Passed,Matthewfurt,Kevin Navarro,2,935.49
2140,2023-04-27,Project Management,External,Completed,Kayleemouth,Laura Burns,3,264.84
2141,2023-06-07,Customer Service,Internal,Completed,East Melissa,Louis Mccall,1,619.72
2142,2023-01-11,Leadership Development,Internal,Failed,West Christine,Michael Fletcher,3,248.83
2143,2022-08-11,Communication Skills,Internal,Incomplete,New Caitlynburgh,Susan Compton,2,322.33
2144,2023-01-26,Communication Skills,Internal,Completed,Lake Jamesside,Chad Taylor,4,474.09
2145,2022-12-05,Project Management,External,Failed,South Davidstad,Deborah Reed,4,251.83
2146,2023-03-09,Leadership Development,External,Completed,Lake Leontown,Jill Gibson,1,386.89
2147,2023-01-25,Technical Skills,External,Passed,Sheltonburgh,Edwin Valencia,3,535.19
2148,2023-04-16,Communication Skills,Internal,Passed,East Kerryside,Benjamin Wilson,1,409.66
2149,2023-05-08,Technical Skills,Internal,Failed,Brooketon,Joseph Taylor,2,747.63
2150,2023-08-03,Project Management,External,Incomplete,Port Jameshaven,Benjamin Thompson,3,794.12
2151,2023-03-10,Leadership Development,External,Failed,Tracyberg,Dawn Lara,3,845.94
2152,2022-10-15,Communication Skills,External,Completed,Connerstad,Michael May,4,606.89
2153,2023-02-24,Customer Service,Internal,Completed,Justinview,Jeremy Robinson,2,190.07
2154,2023-03-11,Project Management,External,Failed,Johnsonfurt,Patricia Spencer,4,795.38
2155,2023-03-21,Customer Service,Internal,Passed,West Rebecca,Sarah Edwards,1,972.82
2156,2023-01-19,Customer Service,Internal,Failed,Jenniferville,Paige Duncan,2,763.44
2157,2022-10-02,Leadership Development,Internal,Incomplete,East Bernard,Maurice Gonzales,1,152.69
2158,2023-04-06,Communication Skills,External,Failed,Johnsonmouth,Jaime Brown,1,989.3
2159,2023-01-24,Customer Service,External,Completed,East Debra,Scott Mathis,3,833.52
2160,2023-06-16,Customer Service,Internal,Completed,South Matthewhaven,Mr. Dustin Miranda MD,5,329.65
2161,2022-09-29,Communication Skills,Internal,Completed,New Joseph,Bradley Ferguson,1,443.04
2162,2023-06-03,Project Management,External,Incomplete,Lyonsview,Theresa Grant,5,136.81
2163,2023-01-19,Communication Skills,Internal,Failed,Townsendshire,Molly Bush,3,665.2
2164,2023-06-11,Technical Skills,Internal,Incomplete,Alvaradomouth,Calvin Johnson,2,978.55
2165,2023-07-23,Project Management,External,Failed,East Ray,William Bell,4,652.57
2166,2022-10-02,Technical Skills,External,Passed,New Mark,Nancy Park,2,953.59
2167,2023-03-28,Leadership Development,External,Completed,Andreamouth,David Cooper,5,163.17
2168,2023-08-01,Customer Service,Internal,Incomplete,New Angelafort,Douglas Harris,2,851.51
2169,2023-03-17,Customer Service,External,Failed,Kingshire,Danielle Valdez,1,200.13
2170,2023-03-14,Leadership Development,External,Completed,Richardhaven,Thomas Cunningham,2,347.4
2171,2023-06-19,Communication Skills,External,Passed,Chapmanfurt,Loretta Hunter,3,243.07
2172,2023-06-23,Project Management,External,Incomplete,Rosemouth,Amanda Kelly,2,198.08
2173,2023-04-18,Technical Skills,External,Completed,Jessebury,Alexander Harris,5,372.55
2174,2022-11-13,Technical Skills,External,Incomplete,Hernandezport,Thomas Elliott,2,446.22
2175,2023-02-22,Communication Skills,External,Completed,East Maria,Charles Rush,2,512.6
2176,2023-04-19,Communication Skills,External,Completed,Bennettchester,Michael Montgomery,5,357.52
2177,2023-07-07,Customer Service,External,Passed,Amberhaven,Christina Nguyen,4,616.66
2178,2023-05-08,Communication Skills,Internal,Completed,Lindseyville,John Lowe,5,368.55
2179,2022-09-08,Leadership Development,External,Passed,Andersonport,Shannon Norman,4,937.57
2180,2023-02-05,Technical Skills,External,Incomplete,West Danielland,Daniel Bennett,4,706.08
2181,2023-06-28,Communication Skills,Internal,Incomplete,East Arthurtown,Brendan Francis,2,542.94
2182,2023-07-22,Communication Skills,External,Completed,Jenniferland,Steven Ingram,2,105.18
2183,2023-04-23,Communication Skills,External,Completed,North Vanessaland,Jasmine Parks,3,287.3
2184,2022-09-25,Communication Skills,External,Failed,Maynardfort,Summer Brown,3,661.36
2185,2023-08-01,Customer Service,Internal,Incomplete,East Carrie,David Ruiz,5,220.95
2186,2022-09-21,Leadership Development,External,Failed,West Michael,Kari Davis,5,747.61
2187,2023-06-07,Communication Skills,Internal,Completed,Gilesstad,Christopher Maxwell,1,575.77
2188,2023-06-17,Leadership Development,Internal,Incomplete,Lake Veronicabury,Monica Fox,2,754.8
2189,2022-11-28,Customer Service,External,Passed,Lake Scott,Seth Rice,2,585.65
2190,2023-04-29,Technical Skills,Internal,Completed,Lake Elizabeth,Patricia King,2,623.98
2191,2023-05-13,Communication Skills,Internal,Failed,Smithside,Ronald Jackson,3,774.02
2192,2022-10-02,Leadership Development,External,Completed,New Edwinville,Billy Kelly,4,866.14
2193,2023-07-16,Technical Skills,External,Incomplete,Nelsonport,Eric Jarvis,2,704.42
2194,2023-03-08,Customer Service,External,Incomplete,North Suzanne,Joseph Bell,5,164.41
2195,2023-05-08,Project Management,External,Failed,East Matthew,Traci Costa,3,559.87
2196,2022-12-10,Technical Skills,External,Completed,Carrborough,Christine Cook,2,572.11
2197,2023-03-17,Technical Skills,External,Passed,Lake Jameschester,Harry Gibson,2,724.83
2198,2022-08-14,Leadership Development,Internal,Failed,Deanland,Melissa Perkins,5,198.35
2199,2023-06-19,Project Management,External,Passed,West Angelabury,Samuel Henry,3,142.7
2200,2023-03-29,Project Management,External,Incomplete,South Jamesburgh,Betty Cox,2,910.99
2201,2023-03-15,Leadership Development,Internal,Completed,Jamesshire,Nathan Williams,4,863.83
2202,2022-09-08,Customer Service,Internal,Completed,New Bobbyville,Andrea Beck,4,606.57
2203,2022-12-14,Technical Skills,External,Incomplete,West Markside,Raymond Chavez,2,333.27
2204,2022-11-27,Customer Service,Internal,Passed,Davidhaven,Matthew Lee,3,284.05
2205,2023-06-23,Leadership Development,Internal,Incomplete,Bryanville,Mitchell Rogers,1,271.69
2206,2022-09-16,Technical Skills,Internal,Completed,Dustinside,Elizabeth Fischer,3,274.22
2207,2023-06-26,Project Management,External,Incomplete,Jonesstad,Christine Stevens,1,448.93
2208,2022-09-02,Technical Skills,Internal,Incomplete,Marthamouth,Susan Shelton,3,907.13
2209,2022-11-02,Technical Skills,External,Completed,Richardsville,David Anderson,3,545.69
2210,2023-07-17,Technical Skills,Internal,Completed,Schmittbury,Charles Garner,5,220.14
2211,2022-11-21,Leadership Development,External,Completed,North Sonyatown,James Fox,3,906.62
2212,2023-07-19,Technical Skills,Internal,Incomplete,Frankside,David Flores,1,160.81
2213,2023-04-09,Technical Skills,Internal,Passed,North Benjamin,Lindsey Warner,1,196.03
2214,2023-03-16,Leadership Development,Internal,Passed,Emilyview,Lori Stout,4,973.62
2215,2022-09-30,Customer Service,External,Failed,East Donnahaven,Andrea Rodriguez,3,227.0
2216,2022-12-25,Customer Service,External,Incomplete,Torresburgh,Amanda Matthews,4,587.29
2217,2023-03-23,Communication Skills,External,Failed,East Melissa,Albert Clark,1,315.39
2218,2022-12-27,Technical Skills,Internal,Incomplete,Silvaville,Brian Turner,5,222.99
2219,2023-01-03,Technical Skills,External,Failed,Kimberlyshire,Abigail Gardner,5,401.35
2220,2023-06-02,Leadership Development,External,Completed,Lake Richard,Kristen Oliver,4,938.01
2221,2022-08-07,Technical Skills,Internal,Incomplete,East Sarahland,Daniel Morris,1,737.04
2222,2023-06-04,Project Management,External,Failed,Baldwinport,Ian Martin,3,303.01
2223,2023-04-07,Communication Skills,External,Completed,North Crystalfort,Bonnie King,2,905.55
2224,2022-09-23,Customer Service,Internal,Failed,Jacksonburgh,Edward Wood,2,914.52
2225,2022-12-09,Project Management,External,Passed,Bradleyland,Laura Li,3,789.98
2226,2022-09-10,Project Management,Internal,Completed,Stevenmouth,Mr. Justin Hardy,3,125.06
2227,2023-04-28,Project Management,Internal,Passed,East Joann,Sean Padilla,2,894.09
2228,2023-02-21,Technical Skills,External,Passed,Pamelaport,Joseph Mays,3,713.03
2229,2023-01-28,Communication Skills,Internal,Incomplete,Melissamouth,Tina Lee,5,897.51
2230,2023-08-03,Project Management,External,Passed,Roberthaven,Diane Larson,3,634.34
2231,2023-04-20,Technical Skills,Internal,Failed,Bowersbury,Lisa Edwards,3,352.54
2232,2023-03-23,Customer Service,External,Completed,Angelaton,Scott Smith,4,128.25
2233,2023-06-13,Customer Service,Internal,Passed,Jenniferfurt,Monica Roberts,1,893.71
2234,2023-02-04,Communication Skills,External,Completed,South Gina,Nancy Reyes,3,693.52
2235,2023-03-09,Customer Service,Internal,Failed,North Evelyn,Sarah Mcpherson,1,162.62
2236,2023-07-13,Customer Service,External,Passed,New Deborahshire,Jason Garcia,2,144.74
2237,2023-05-10,Leadership Development,External,Completed,West Maria,Robert Liu,3,240.77
2238,2023-04-14,Communication Skills,External,Completed,Lauriemouth,Mr. Tyler Daniels,5,905.56
2239,2023-04-11,Technical Skills,Internal,Passed,Robertmouth,Gina Smith,4,273.84
2240,2023-03-17,Communication Skills,Internal,Incomplete,Tarabury,Denise Carter,4,980.41
2241,2023-01-26,Communication Skills,External,Failed,Maryfurt,Robert Stevens,5,834.95
2242,2022-12-17,Project Management,External,Failed,West Laura,Debbie Salas,1,627.11
2243,2022-12-30,Leadership Development,External,Passed,New Timothystad,James Johnson,4,242.22
2244,2022-12-14,Leadership Development,Internal,Passed,Nelsonstad,Carrie Thompson,2,804.01
2245,2023-04-04,Project Management,Internal,Incomplete,Perryhaven,Oscar Rodriguez,1,968.2
2246,2023-02-10,Project Management,Internal,Completed,Lake Kennethhaven,Patricia Ford,2,364.36
2247,2023-04-19,Communication Skills,External,Incomplete,Barnettview,Tiffany Johnson,3,803.16
2248,2023-03-29,Leadership Development,External,Incomplete,Langton,Ariana Anderson,2,571.12
2249,2023-07-06,Customer Service,External,Failed,East Jessicafort,Eric Moore,2,705.36
2250,2023-04-08,Communication Skills,Internal,Failed,Amyberg,Mariah Larsen,5,565.78
2251,2022-11-19,Technical Skills,External,Incomplete,Gaineschester,Vickie Fisher,5,593.14
2252,2022-12-10,Communication Skills,Internal,Completed,Justinfurt,Christine Kelly,1,648.23
2253,2023-01-07,Communication Skills,External,Incomplete,North Andrew,Catherine Ellison,1,426.97
2254,2022-11-20,Project Management,Internal,Failed,Martinview,Alexander Perez,4,267.76
2255,2023-02-05,Customer Service,Internal,Completed,West Jeffrey,Christopher Ryan,1,357.69
2256,2023-01-13,Leadership Development,Internal,Completed,Lewisville,Maria Johnson,1,312.42
2257,2023-03-25,Customer Service,External,Incomplete,New Sarahland,Tony Burns,2,456.3
2258,2023-07-03,Technical Skills,Internal,Failed,Lorifurt,Lisa Malone,2,675.95
2259,2023-05-03,Communication Skills,External,Failed,East Andrewview,Jesus Holmes,3,754.61
2260,2022-08-23,Customer Service,Internal,Incomplete,East Kristyfort,Autumn Stephenson,2,377.64
2261,2023-06-04,Project Management,External,Failed,East Mitchellchester,Brenda Nguyen,3,647.41
2262,2023-05-29,Communication Skills,External,Incomplete,New Brett,Andrea Scott,3,122.43
2263,2022-10-05,Project Management,Internal,Incomplete,New Johnburgh,Anthony Wyatt,5,662.94
2264,2023-05-06,Communication Skills,External,Failed,Lake Christopher,Randy Logan,3,465.3
2265,2022-11-23,Customer Service,Internal,Failed,North Peter,Robert Phelps,4,680.88
2266,2022-10-23,Leadership Development,External,Completed,Lake Eileen,Sharon Lee,5,898.01
2267,2022-11-11,Technical Skills,Internal,Passed,Seanberg,Nicholas Powell,1,518.79
2268,2022-11-26,Communication Skills,Internal,Failed,Pattersonburgh,Jennifer Johnston,2,677.84
2269,2022-12-09,Technical Skills,Internal,Incomplete,Taylorview,Lauren Miller,1,109.33
2270,2023-05-11,Technical Skills,Internal,Passed,East Kyle,Karen Bailey,2,781.35
2271,2023-02-02,Customer Service,Internal,Failed,Sanchezchester,Anna Barnett,4,632.57
2272,2023-04-15,Communication Skills,Internal,Passed,Port Grant,Dana Alvarez,5,233.42
2273,2023-04-01,Leadership Development,External,Passed,West Benjamin,Laura Snyder,4,301.15
2274,2023-06-03,Customer Service,External,Failed,Jasmineland,Karen Brown,2,255.54
2275,2023-03-05,Technical Skills,External,Incomplete,East Jessica,Vanessa Lynch,5,138.4
2276,2023-05-17,Customer Service,External,Completed,East Adriana,Sean Patterson,3,851.87
2277,2022-12-22,Communication Skills,Internal,Completed,Brittanyshire,Wayne Williams,3,592.23
2278,2023-03-05,Leadership Development,External,Completed,Traceyfurt,Katie Mccarthy,4,544.43
2279,2023-03-23,Technical Skills,External,Passed,Ryanberg,Laura Thomas,4,230.57
2280,2023-04-05,Customer Service,External,Passed,Carsonchester,Joseph Campbell,3,493.98
2281,2022-11-29,Technical Skills,Internal,Failed,Fosterborough,Margaret Morrison,4,761.7
2282,2022-10-20,Leadership Development,External,Incomplete,New Amandabury,Michael Smith,5,454.55
2283,2023-04-23,Leadership Development,External,Failed,North Baileyport,Jason Salas,1,183.88
2284,2023-07-09,Technical Skills,External,Passed,Moralesville,Wanda Jones,3,839.16
2285,2022-12-02,Customer Service,Internal,Completed,South Jennifer,Thomas Adams,4,679.57
2286,2022-09-27,Project Management,External,Failed,Port Denise,Vincent Lopez,5,107.64
2287,2023-03-29,Communication Skills,Internal,Passed,East Brandonmouth,Amanda Lee,4,560.64
2288,2022-09-25,Communication Skills,Internal,Failed,New Joseton,Kimberly Atkinson,2,187.85
2289,2023-06-14,Technical Skills,External,Completed,Elizabethberg,Carl Mathis,3,353.58
2290,2023-04-23,Communication Skills,Internal,Failed,New Bobbyfort,Juan Dennis,4,575.55
2291,2023-07-01,Project Management,Internal,Incomplete,Kellybury,Eric Gonzales,5,973.53
2292,2023-03-11,Communication Skills,External,Completed,New Michaeltown,Jennifer Cline MD,3,894.38
2293,2023-04-17,Project Management,Internal,Failed,Harperside,Andrew Wright,1,510.67
2294,2023-04-09,Communication Skills,External,Failed,West Whitneymouth,Robert Kidd,1,261.17
2295,2022-11-12,Communication Skills,Internal,Passed,Lake Adam,Angela Carter,5,448.38
2296,2022-11-09,Technical Skills,Internal,Passed,West Seantown,Carl Peters,4,808.77
2297,2022-12-28,Leadership Development,Internal,Completed,Debbiechester,Sherri Cole,5,691.71
2298,2023-03-02,Communication Skills,External,Failed,Mercedesberg,Michael Berry,1,145.08
2299,2023-04-13,Customer Service,External,Failed,Camposland,Laura Brooks DVM,4,922.03
2300,2022-09-27,Customer Service,External,Completed,Port Jack,David Reilly,2,668.1
2301,2023-02-27,Technical Skills,Internal,Incomplete,Donnafort,Kimberly Mitchell,4,475.03
2302,2023-03-11,Project Management,Internal,Passed,South Gregoryville,Alexander Garcia,2,173.45
2303,2023-01-13,Customer Service,External,Passed,East Barryview,Meghan Robinson,2,813.39
2304,2022-10-19,Customer Service,Internal,Passed,South Jennifer,Chad Snow,5,759.9
2305,2023-04-24,Communication Skills,External,Incomplete,Port Gary,Courtney Smith,2,933.39
2306,2023-02-28,Communication Skills,External,Failed,Lake Jennifer,Mark Cordova,2,217.33
2307,2023-05-21,Customer Service,Internal,Passed,Lake Troy,Cory Garcia,2,856.15
2308,2022-09-08,Communication Skills,Internal,Completed,North Stephanieton,Kelsey Garcia,4,751.86
2309,2023-07-20,Communication Skills,Internal,Incomplete,Michellechester,Tammy Norman,1,309.24
2310,2022-12-27,Leadership Development,Internal,Incomplete,Maryburgh,Elizabeth Crane,4,581.95
2311,2023-04-04,Leadership Development,External,Passed,Johnport,Robert Powell,5,616.43
2312,2023-01-06,Leadership Development,Internal,Completed,New Caitlinland,Tammy Foster,3,623.75
2313,2023-02-04,Project Management,External,Passed,Markburgh,Michelle Travis,1,802.99
2314,2022-11-18,Communication Skills,External,Failed,North Allison,Mark Francis,1,725.98
2315,2022-12-05,Customer Service,External,Incomplete,Lake Theresafurt,Steven Greer III,1,252.59
2316,2023-05-23,Communication Skills,Internal,Failed,West Howardview,Ashley Solis,1,731.84
2317,2023-02-09,Customer Service,External,Failed,East Sethchester,Rachel Bell,1,787.01
2318,2023-06-22,Communication Skills,External,Incomplete,Moorehaven,Lisa Zuniga,2,303.8
2319,2022-12-21,Customer Service,Internal,Passed,Jeremyfort,Richard Nguyen,3,832.15
2320,2023-07-25,Communication Skills,External,Incomplete,Lake Lee,Lucas Hernandez,5,509.71
2321,2022-09-06,Communication Skills,Internal,Incomplete,Tranberg,Margaret Perkins,3,781.95
2322,2023-03-04,Communication Skills,Internal,Completed,Port Gregory,Timothy Valencia,3,178.4
2323,2022-12-30,Project Management,External,Incomplete,North Jessica,Hunter Garcia,3,964.4
2324,2023-04-29,Communication Skills,External,Incomplete,Davidborough,Christopher Price,1,299.75
2325,2023-01-04,Project Management,Internal,Completed,Erikfort,Leslie Miller,2,745.68
2326,2023-01-06,Customer Service,External,Completed,Danielside,Travis Cummings,5,263.21
2327,2022-10-20,Customer Service,External,Incomplete,Hopkinstown,Renee Curtis,1,802.98
2328,2023-03-01,Communication Skills,Internal,Passed,West Wendy,Michelle Alvarado,3,960.9
2329,2023-01-21,Leadership Development,External,Incomplete,Jonesmouth,Dr. John Moore,2,209.86
2330,2023-03-21,Customer Service,Internal,Passed,Tiffanystad,Bobby Poole,2,942.81
2331,2023-01-16,Technical Skills,Internal,Failed,Rachelstad,Daniel Scott,3,108.2
2332,2022-11-29,Communication Skills,Internal,Completed,Austinborough,Dustin Ramsey,3,144.68
2333,2023-04-01,Technical Skills,Internal,Failed,Andrewside,Jeremy Ramirez,4,769.76
2334,2023-03-21,Project Management,Internal,Failed,Raymondberg,Robert Stevens,5,860.16
2335,2022-09-01,Communication Skills,Internal,Completed,Port Nicolebury,Beth Ellis,4,957.24
2336,2023-02-06,Communication Skills,External,Completed,Onealland,Rachel Rogers,3,301.03
2337,2023-07-15,Project Management,Internal,Incomplete,Port Jessicafurt,Lisa Payne,2,366.82
2338,2023-06-18,Customer Service,External,Completed,Lake Ashlee,Megan Smith,2,819.8
2339,2022-12-02,Leadership Development,Internal,Failed,Morganside,Harold Miller,5,369.94
2340,2023-05-05,Project Management,External,Failed,Port Glennview,Timothy Jones,1,811.91
2341,2023-04-06,Communication Skills,Internal,Failed,South Bradleychester,Sara Perry,2,121.05
2342,2023-05-30,Communication Skills,Internal,Completed,Eugeneborough,Steven Hernandez,1,704.53
2343,2023-05-31,Customer Service,Internal,Completed,East Dennis,Stephanie Brown,5,959.22
2344,2023-03-13,Technical Skills,External,Completed,Lake Ruth,Lisa Johnson,2,967.05
2345,2022-10-09,Project Management,External,Incomplete,Williamston,Joanna Long,3,379.57
2346,2022-10-02,Customer Service,External,Completed,Port Travismouth,Stephanie Farmer,3,811.14
2347,2022-12-14,Communication Skills,Internal,Passed,South Heiditon,Monica Wilson,1,780.53
2348,2023-04-13,Technical Skills,Internal,Passed,West Kathleen,Chase Carter,1,927.52
2349,2023-04-22,Communication Skills,Internal,Completed,Longstad,Rebecca Bradley,2,317.31
2350,2023-03-09,Leadership Development,Internal,Failed,Port Suzanne,Adrian Flores,3,858.34
2351,2023-03-11,Communication Skills,Internal,Incomplete,East Justinton,Rebecca Romero,4,173.96
2352,2022-09-11,Communication Skills,External,Completed,Murrayside,John Whitaker,4,889.07
2353,2023-07-18,Technical Skills,Internal,Failed,Jonestown,Joseph Day,3,198.56
2354,2023-06-13,Communication Skills,External,Completed,South Jennifer,Shannon White,5,572.14
2355,2023-07-16,Customer Service,External,Failed,East Jennifer,Scott Young,3,945.93
2356,2023-05-25,Technical Skills,External,Passed,East Travisstad,Pamela Mclaughlin,4,668.66
2357,2023-05-17,Leadership Development,Internal,Failed,Hendrickschester,Meredith Miller,3,483.49
2358,2023-04-14,Project Management,External,Incomplete,Eddiemouth,Dr. Christina Dickerson,3,164.22
2359,2023-05-30,Technical Skills,External,Failed,Piercestad,David Davis,3,850.73
2360,2022-10-13,Project Management,Internal,Passed,Jonesberg,Tammy Sampson,1,400.62
2361,2022-09-08,Customer Service,External,Failed,North Monicahaven,Matthew Jones,4,148.29
2362,2023-02-06,Project Management,Internal,Incomplete,Villanuevamouth,Amanda Lee,3,543.65
2363,2023-02-04,Communication Skills,External,Incomplete,Billyville,Regina Blevins,3,282.26
2364,2022-12-04,Project Management,External,Completed,Kingborough,Cathy Wolf,3,123.81
2365,2022-08-11,Communication Skills,External,Passed,Laneside,Kristin Rodriguez,5,355.8
2366,2022-08-16,Project Management,Internal,Incomplete,North Danieltown,Melissa Martinez,3,184.59
2367,2023-04-27,Project Management,Internal,Completed,West Nicolechester,Christopher Hughes,3,249.77
2368,2023-03-30,Technical Skills,External,Completed,Lisafurt,Pamela Richards,4,285.54
2369,2023-07-26,Leadership Development,External,Failed,Butlershire,Sergio James,5,711.15
2370,2023-06-07,Leadership Development,External,Incomplete,Henrytown,Brian Kelly,3,644.97
2371,2023-04-19,Customer Service,Internal,Passed,Kristenshire,Jennifer Jones,4,133.56
2372,2023-01-27,Leadership Development,Internal,Completed,West David,David Maldonado,2,784.93
2373,2023-02-16,Project Management,External,Completed,Paynetown,Robert Tapia,4,801.63
2374,2023-05-01,Customer Service,External,Incomplete,West Heather,Corey Hines,2,650.48
2375,2022-11-20,Project Management,External,Failed,Bushfurt,Tammie Williams,5,770.33
2376,2023-04-26,Communication Skills,Internal,Completed,Nguyenton,Faith Ortega,5,755.69
2377,2022-12-25,Leadership Development,External,Failed,Lake Peter,Rickey Smith,1,921.26
2378,2023-04-07,Leadership Development,Internal,Passed,Fitzgeraldbury,Karen Shaw,3,751.79
2379,2022-08-24,Communication Skills,External,Completed,Danielfurt,Tara Moses,4,146.18
2380,2022-11-03,Customer Service,Internal,Completed,South Danielchester,Benjamin Taylor,5,910.96
2381,2023-01-27,Technical Skills,External,Passed,North Waltermouth,John Baker,1,404.78
2382,2023-08-01,Project Management,Internal,Completed,Wrighthaven,Eric Smith,1,751.78
2383,2022-08-09,Customer Service,External,Incomplete,Vickiberg,Dr. Krista Hatfield,1,374.73
2384,2022-10-03,Communication Skills,Internal,Failed,Washingtonville,Joann Williamson,3,166.1
2385,2023-03-31,Technical Skills,Internal,Incomplete,Hillland,Leslie Jacobs,1,574.91
2386,2022-09-28,Customer Service,External,Failed,Lake Johnny,Ricky Mora,3,390.96
2387,2023-03-05,Communication Skills,Internal,Failed,North Courtneychester,Matthew Garner,2,459.27
2388,2023-06-30,Project Management,Internal,Completed,Lake Williamland,Kyle Escobar,4,949.32
2389,2023-07-28,Technical Skills,Internal,Completed,North Kimside,Leah Thomas,1,718.39
2390,2023-07-19,Customer Service,External,Completed,Davidview,Robert Tyler,5,923.06
2391,2022-12-10,Technical Skills,External,Failed,Hughesburgh,Kelly Hughes,3,363.35
2392,2022-12-17,Customer Service,External,Failed,Kruegerburgh,Sarah Cain,5,652.9
2393,2023-02-27,Project Management,External,Completed,Popeside,Mark Bailey,5,803.82
2394,2022-09-22,Customer Service,Internal,Completed,East Robinville,Brian Schmidt,1,661.88
2395,2023-03-29,Customer Service,External,Completed,Floresmouth,Rachel Parker,5,337.08
2396,2022-11-22,Project Management,External,Completed,Castrofort,Heather Barrett,5,887.46
2397,2022-11-10,Project Management,External,Completed,Port Anthonyton,Terri Martin,5,514.94
2398,2022-12-13,Technical Skills,External,Incomplete,Batesburgh,Rebecca Wall,3,304.35
2399,2023-03-15,Customer Service,External,Passed,Patrickmouth,Alisha Wade,1,329.83
2400,2023-07-23,Communication Skills,External,Completed,East Jennifer,Jesus Wiggins,4,872.57
2401,2022-11-01,Customer Service,Internal,Failed,Benjaminton,Ronald Nunez,4,935.2
2402,2023-02-18,Communication Skills,External,Failed,Lake Ashleyview,Sara Smith,1,478.73
2403,2022-08-25,Technical Skills,External,Failed,Perezmouth,Roger David,5,766.04
2404,2023-04-21,Project Management,External,Failed,Powellberg,Gregory Fowler,3,561.63
2405,2023-03-19,Technical Skills,External,Completed,Amberland,Sean Casey,1,722.5
2406,2023-05-19,Communication Skills,Internal,Failed,North Laura,Emily Turner,1,100.04
2407,2022-11-15,Project Management,Internal,Completed,Patriciatown,Brian Lee,2,545.35
2408,2022-09-04,Project Management,Internal,Failed,Chapmantown,Latoya Schaefer,1,968.87
2409,2023-04-07,Customer Service,External,Passed,South Danielshire,Elizabeth Frank,1,949.78
2410,2022-09-24,Technical Skills,External,Failed,North Nicolemouth,Christopher Valenzuela,3,341.65
2411,2023-02-27,Project Management,External,Failed,South Sean,Joan Williams,4,798.7
2412,2023-01-21,Project Management,Internal,Passed,South Scottbury,Breanna Gonzalez,5,859.0
2413,2022-09-01,Communication Skills,External,Failed,Kelseyfurt,Jennifer Henderson,1,193.51
2414,2022-09-01,Technical Skills,External,Failed,Villarrealville,Christopher Flynn,5,506.08
2415,2022-08-18,Customer Service,Internal,Failed,Port Robert,Sarah Hernandez,4,938.18
2416,2023-05-06,Communication Skills,Internal,Failed,Kevinshire,Angela Wolf,2,344.8
2417,2022-10-31,Communication Skills,External,Passed,East Andrea,Zachary Jones,4,587.29
2418,2023-01-27,Technical Skills,External,Failed,Aliciaburgh,Henry Kelly,5,966.19
2419,2023-07-05,Project Management,External,Completed,Amberville,Joseph Morales,4,433.85
2420,2023-01-29,Project Management,Internal,Passed,South Aaron,Elizabeth Russell,3,684.64
2421,2023-07-08,Customer Service,Internal,Completed,Turnerhaven,Mark Roberts,3,442.48
2422,2022-08-29,Leadership Development,External,Failed,Woodsbury,Tracy English,1,400.73
2423,2023-06-15,Technical Skills,Internal,Failed,Simmonsview,Amanda Clayton,5,523.75
2424,2022-10-18,Customer Service,Internal,Failed,Rebeccaville,Daniel Johnson,1,292.85
2425,2023-04-23,Technical Skills,External,Failed,New Benjamin,Gary Love,3,136.76
2426,2022-11-21,Leadership Development,External,Incomplete,West Tylerview,Cynthia Stokes,4,107.48
2427,2023-01-27,Communication Skills,Internal,Passed,South Christopher,Amber Peterson,2,528.76
2428,2023-07-13,Customer Service,External,Passed,Brianstad,Carl Edwards,4,549.8
2429,2022-12-09,Communication Skills,External,Completed,Simonfort,Joseph Gray,5,308.1
2430,2023-05-26,Technical Skills,External,Passed,Castillofort,Allison Poole,2,622.08
2431,2023-03-17,Customer Service,External,Incomplete,Simmonsstad,Timothy Ellis,3,730.23
2432,2022-08-17,Customer Service,External,Failed,New Jordan,Jennifer Austin,1,353.71
2433,2023-04-20,Technical Skills,Internal,Completed,Johnsonport,Justin Murphy,4,580.82
2434,2022-09-06,Leadership Development,External,Failed,Guzmanside,Susan Morgan,4,810.59
2435,2023-03-26,Communication Skills,Internal,Incomplete,Booneside,Lori Bush,5,150.58
2436,2023-05-09,Project Management,External,Failed,Port Brandi,Nicole Smith,5,985.02
2437,2023-05-02,Customer Service,External,Completed,Davisfurt,Matthew Barrera,2,669.99
2438,2022-11-14,Customer Service,External,Failed,Maldonadoport,Angela Lindsey,1,101.26
2439,2022-10-29,Project Management,External,Failed,Port Joshuaborough,Shelby Fields,4,816.24
2440,2022-11-24,Communication Skills,Internal,Failed,Swansonton,Arthur Morales,4,809.02
2441,2022-10-17,Project Management,External,Passed,Randallberg,Stephanie Best,5,559.08
2442,2023-01-18,Communication Skills,Internal,Failed,Lake Chris,Richard Graves,2,688.8
2443,2022-12-30,Project Management,External,Completed,Bethton,Marcus Leonard,5,300.21
2444,2022-11-03,Project Management,External,Completed,Jeffreyshire,Renee Sutton,1,851.57
2445,2023-05-11,Leadership Development,External,Failed,Michaelland,James Spencer Jr.,1,833.89
2446,2023-06-19,Communication Skills,External,Passed,North Paul,Barbara Mitchell,1,129.32
2447,2022-08-21,Technical Skills,Internal,Completed,East Keithside,Alexander Bradley,1,505.6
2448,2022-09-29,Customer Service,Internal,Passed,Port Chelseaburgh,David Ramirez,5,633.54
2449,2023-01-18,Project Management,External,Passed,Port Tonyashire,Natalie Spears,4,485.29
2450,2023-01-18,Project Management,Internal,Completed,New Nathaniel,Brittany Garner,5,302.62
2451,2023-07-31,Communication Skills,External,Incomplete,Brennanport,Sandra Li,1,510.72
2452,2023-06-29,Communication Skills,Internal,Incomplete,South Daniel,Anita Dixon,3,241.25
2453,2022-11-28,Technical Skills,External,Incomplete,West Kendraburgh,Jennifer Fox,3,285.55
2454,2022-10-06,Leadership Development,Internal,Completed,Port Brucehaven,Shelley Blackburn,1,524.51
2455,2023-06-08,Customer Service,External,Completed,East Williamburgh,Frances Hansen,4,218.61
2456,2022-08-22,Customer Service,External,Failed,West Paula,Valerie Blair,2,263.3
2457,2023-05-19,Technical Skills,Internal,Incomplete,Brianchester,Roberta Jones,5,423.81
2458,2023-05-20,Customer Service,Internal,Failed,South Corey,Jamie Frazier,5,912.62
2459,2022-11-27,Project Management,External,Failed,East Lindaberg,Troy Johnson,4,973.11
2460,2022-11-25,Communication Skills,External,Passed,Longton,Thomas French,5,637.58
2461,2023-07-13,Communication Skills,External,Completed,Murphytown,Michelle Moody,2,103.04
2462,2023-02-05,Customer Service,External,Completed,West Cindy,Francisco Walker,3,758.62
2463,2023-06-02,Leadership Development,Internal,Passed,South Jessica,Mrs. Tiffany Horton,3,792.67
2464,2023-07-14,Leadership Development,External,Passed,Nicholschester,Derrick Young,1,795.5
2465,2023-07-22,Project Management,Internal,Incomplete,Port Patriciabury,Andrew Wheeler,3,475.26
2466,2022-11-04,Customer Service,External,Failed,Laurabury,Ronald Williamson,3,652.89
2467,2023-03-08,Customer Service,External,Passed,Danielsshire,Maxwell Moore,1,832.16
2468,2023-02-24,Communication Skills,Internal,Passed,East Larry,Daniel Richardson,3,629.25
2469,2022-09-15,Project Management,External,Completed,North Michele,Sara King,5,780.71
2470,2023-04-05,Communication Skills,Internal,Completed,Andrewburgh,David Miller MD,2,999.0
2471,2022-08-06,Leadership Development,External,Passed,Hubbardtown,Judith Ramsey,3,489.29
2472,2023-04-28,Project Management,External,Failed,Lake Johnview,Ryan Fowler,1,942.75
2473,2022-11-02,Leadership Development,Internal,Completed,Port Joshua,Jodi Lyons,5,938.63
2474,2022-11-18,Project Management,Internal,Completed,Port Lisaburgh,Ashley Stephens,5,543.64
2475,2022-11-30,Leadership Development,Internal,Failed,Stokeshaven,Richard Andrade,2,117.83
2476,2023-06-29,Technical Skills,External,Completed,Bryantbury,Michele Johnson,3,350.21
2477,2022-10-26,Leadership Development,Internal,Passed,Calhounchester,James Dixon,4,961.47
2478,2022-09-26,Customer Service,Internal,Passed,Boydhaven,Melissa Schmidt,4,548.18
2479,2023-06-18,Technical Skills,Internal,Passed,New Samuel,Melissa Savage,2,439.17
2480,2023-01-11,Customer Service,External,Passed,South Tarachester,Vickie Anderson,1,610.88
2481,2022-11-11,Technical Skills,External,Incomplete,South Jamesfurt,Steven Coleman,4,994.03
2482,2023-05-23,Customer Service,External,Incomplete,West Crystalberg,Dale Heath,4,688.55
2483,2022-10-22,Communication Skills,Internal,Failed,New Nicoletown,Jon Reed,4,889.91
2484,2023-04-03,Communication Skills,External,Failed,Angelside,Denise Chandler,3,163.61
2485,2022-08-30,Communication Skills,Internal,Completed,Joshuashire,Timothy Mckee,2,642.68
2486,2023-05-11,Technical Skills,Internal,Passed,Reynoldsville,Deborah Ball,4,703.29
2487,2022-11-26,Technical Skills,Internal,Failed,Watsonmouth,Colton Farmer,4,102.96
2488,2022-12-03,Customer Service,External,Completed,Matthewsview,Vanessa Johnson,5,278.96
2489,2023-03-30,Communication Skills,Internal,Incomplete,Cynthialand,Charles Garcia,4,168.1
2490,2023-06-04,Leadership Development,Internal,Incomplete,Woodport,Daniel Hughes,1,886.63
2491,2023-06-27,Customer Service,External,Incomplete,New Glenn,Andrew Perkins,5,721.79
2492,2022-11-14,Leadership Development,External,Completed,Lake Veronica,Samuel Moore,4,765.32
2493,2023-01-07,Communication Skills,Internal,Completed,North Benjaminside,Kenneth Miller,2,443.46
2494,2022-11-06,Customer Service,Internal,Incomplete,East Wesleyland,John Allen,2,203.97
2495,2022-08-27,Project Management,Internal,Incomplete,Goodwinbury,Douglas Silva,3,180.44
2496,2023-02-12,Technical Skills,Internal,Passed,Priceside,Andrew Phillips,3,647.25
2497,2022-09-07,Customer Service,Internal,Passed,South Patricia,William Wilson,4,833.99
2498,2022-11-30,Project Management,Internal,Incomplete,Perryberg,Paul Young,4,825.58
2499,2022-10-12,Project Management,Internal,Failed,East Christopher,Lisa Higgins,2,190.49
2500,2023-07-08,Project Management,Internal,Completed,Victoriaview,Carlos Boyer MD,3,961.33
2501,2022-09-20,Communication Skills,Internal,Completed,Lake Sarahmouth,Mrs. Amanda Nicholson,2,608.46
2502,2022-08-08,Technical Skills,Internal,Passed,West Andrewberg,Ivan Garcia,3,971.57
2503,2023-05-14,Technical Skills,External,Incomplete,South Kimberlyshire,Paul Page,3,354.28
2504,2022-09-02,Communication Skills,Internal,Failed,Friedmanhaven,Melissa Stark,5,108.02
2505,2022-11-23,Communication Skills,External,Completed,North Joelfort,Matthew Rodriguez,5,508.85
2506,2023-02-13,Communication Skills,Internal,Passed,Jenniferton,Joseph Kennedy,3,811.4
2507,2022-12-06,Technical Skills,External,Incomplete,Matthewmouth,Jesse Acosta,2,680.09
2508,2023-04-25,Technical Skills,External,Completed,Swansonborough,Justin Fowler,3,133.88
2509,2023-02-08,Communication Skills,Internal,Completed,Traceyborough,Melissa Kerr,1,433.69
2510,2022-08-22,Customer Service,Internal,Completed,Huynhburgh,Lisa Williams,2,580.84
2511,2023-04-20,Technical Skills,External,Incomplete,Jessicaside,Laura Hammond,4,830.45
2512,2023-02-19,Communication Skills,External,Failed,Andersonmouth,Joshua Santos,5,802.2
2513,2022-12-05,Communication Skills,Internal,Failed,North Jason,Shirley Orr,4,337.06
2514,2023-06-14,Technical Skills,Internal,Incomplete,Port Latashaland,Dominique Hughes,3,538.16
2515,2023-07-19,Technical Skills,Internal,Passed,Ayersfurt,Jeffery Johnston,1,190.1
2516,2023-01-31,Customer Service,Internal,Completed,Christineburgh,Brian Powers,1,397.27
2517,2023-04-01,Technical Skills,Internal,Incomplete,Lorihaven,Herbert Perez,5,826.65
2518,2022-10-29,Customer Service,Internal,Completed,Smithtown,Julia Price,4,732.18
2519,2023-02-08,Technical Skills,External,Failed,Stantonberg,Vanessa Rosario,2,564.38
2520,2023-02-07,Customer Service,Internal,Incomplete,Port Zachary,William Leonard,2,512.02
2521,2022-11-18,Project Management,Internal,Completed,Cristinamouth,Jennifer Gutierrez,1,599.41
2522,2023-06-30,Communication Skills,Internal,Passed,South Sherryshire,Mrs. Erica Martinez MD,4,839.04
2523,2023-06-28,Customer Service,External,Incomplete,Sethchester,Jason Mcmahon,4,391.4
2524,2022-10-15,Leadership Development,Internal,Incomplete,Port Monica,Amber Vasquez,1,569.5
2525,2023-04-24,Leadership Development,External,Incomplete,North Eddieside,Cassandra Bowen,3,450.81
2526,2023-06-23,Technical Skills,Internal,Passed,North Samantha,Jerry Davis,2,265.46
2527,2022-11-24,Technical Skills,Internal,Passed,West Kenneth,Albert Armstrong,2,462.98
2528,2023-07-25,Communication Skills,Internal,Passed,Patricialand,Tyler Hill,3,760.34
2529,2022-10-16,Communication Skills,External,Failed,Lake Geraldville,Rebecca Brewer,1,383.84
2530,2022-12-11,Technical Skills,External,Failed,Jamesview,Jay Ball,4,723.57
2531,2022-11-01,Communication Skills,Internal,Incomplete,East Joseton,Nicholas Larson,1,725.34
2532,2023-05-18,Leadership Development,Internal,Incomplete,East Tiffanyfurt,Mr. Casey Gonzales,2,119.48
2533,2023-07-22,Communication Skills,External,Completed,Madelineshire,Eduardo Foster,1,226.93
2534,2022-08-22,Leadership Development,Internal,Passed,Michellemouth,Stacey English,3,739.85
2535,2022-10-02,Project Management,Internal,Incomplete,New Brandi,Norman Paul,2,369.68
2536,2022-08-26,Leadership Development,External,Completed,South Susanville,Nathan Kline,1,243.63
2537,2023-03-19,Project Management,External,Failed,North Katelynside,Laura Berg,5,475.8
2538,2023-04-06,Leadership Development,External,Passed,West Christina,Keith Dean,3,418.25
2539,2022-11-10,Communication Skills,Internal,Passed,New Brookeport,Kathy Jenkins,4,703.84
2540,2022-10-12,Project Management,Internal,Failed,Victortown,James Gibson,2,602.26
2541,2022-08-11,Communication Skills,Internal,Passed,Lake Daniel,Michele Mendoza,2,517.83
2542,2022-08-21,Communication Skills,External,Completed,Port Andrewmouth,Andrea Lopez,5,605.99
2543,2022-09-04,Communication Skills,Internal,Passed,Rothfort,Mr. Scott Gomez,1,100.45
2544,2023-01-27,Communication Skills,Internal,Completed,Bullockside,Shawn Spencer,2,767.56
2545,2023-06-27,Leadership Development,Internal,Completed,Costaville,Theodore Holt,1,352.45
2546,2023-05-22,Customer Service,Internal,Completed,Lake James,Lynn Hart,3,463.57
2547,2022-09-07,Leadership Development,Internal,Completed,South Peggy,Michelle Mcdonald,4,372.08
2548,2023-01-14,Project Management,External,Failed,Carpentershire,Christina Thompson,3,670.58
2549,2022-12-18,Project Management,Internal,Passed,Lisaland,Ana Lane,2,399.97
2550,2022-10-09,Project Management,Internal,Incomplete,West Christina,Jerry Ortiz,5,997.89
2551,2023-08-02,Communication Skills,Internal,Completed,Mclaughlinview,Hannah Berry,2,985.0
2552,2022-09-21,Customer Service,Internal,Completed,Williamsside,Steven Sanders,5,573.47
2553,2022-10-03,Project Management,External,Failed,Hunterhaven,Kelly Morris,2,414.08
2554,2023-07-29,Communication Skills,External,Completed,Lake Miguel,Shawn Marks,5,889.09
2555,2023-01-18,Technical Skills,Internal,Passed,Andreaview,Michelle Gonzalez,3,650.08
2556,2022-08-19,Customer Service,Internal,Passed,Barajasside,Jessica Cunningham,5,283.57
2557,2022-08-20,Technical Skills,Internal,Completed,Carsonhaven,Jessica Robinson,1,908.5
2558,2022-11-07,Technical Skills,Internal,Failed,Lake Mauricefurt,Thomas Nguyen,2,900.85
2559,2022-09-19,Communication Skills,External,Passed,Port Chris,Christian Ramsey,3,449.84
2560,2023-08-03,Communication Skills,External,Failed,Bradleyfurt,Priscilla Walton,5,981.9
2561,2022-12-19,Technical Skills,External,Failed,South Derrickberg,Miguel Cole,4,289.37
2562,2023-07-09,Customer Service,Internal,Failed,Lake Sherri,Bradley Maldonado,1,657.23
2563,2023-08-03,Customer Service,External,Passed,Snyderhaven,Chelsea Bullock,5,416.37
2564,2023-07-18,Leadership Development,Internal,Completed,North Jefferyberg,Michelle Johnson,4,624.9
2565,2022-09-11,Communication Skills,Internal,Passed,Josephstad,Scott Cherry,2,559.06
2566,2023-07-29,Project Management,External,Incomplete,West Thomas,Heather Henry,5,327.37
2567,2022-10-24,Communication Skills,Internal,Failed,Kimfort,Mrs. Kathryn Leon,2,660.4
2568,2022-12-15,Leadership Development,External,Passed,New Jacob,Katherine Nelson,5,477.46
2569,2023-01-15,Project Management,Internal,Completed,Mitchellchester,Lisa Gomez,2,694.21
2570,2023-05-23,Customer Service,Internal,Incomplete,North Rebecca,Samantha Randolph,2,737.84
2571,2022-08-15,Technical Skills,Internal,Failed,Jimmymouth,Darren Harrell,2,919.95
2572,2022-09-02,Technical Skills,Internal,Completed,Coopermouth,Michael Carroll,5,797.82
2573,2022-09-27,Customer Service,Internal,Passed,South Garymouth,Katherine Morgan MD,2,806.47
2574,2023-07-18,Technical Skills,External,Failed,Claudiahaven,Cynthia Lewis,1,376.59
2575,2023-02-26,Communication Skills,Internal,Incomplete,Deborahland,Debra Smith,2,157.17
2576,2023-02-23,Leadership Development,External,Incomplete,Palmerfurt,Mark Hammond,2,608.82
2577,2023-07-04,Communication Skills,Internal,Failed,South Michael,Joanna Dixon,5,928.48
2578,2022-10-10,Customer Service,External,Incomplete,South Mackenziestad,Kelly Mays,1,812.01
2579,2022-10-02,Project Management,External,Incomplete,North Derek,Andrew Hughes,4,941.61
2580,2023-03-07,Communication Skills,Internal,Incomplete,Washingtonchester,Andrew Prince,1,227.13
2581,2023-05-13,Project Management,External,Passed,Garrettton,Victoria Whitehead,1,257.4
2582,2023-03-17,Leadership Development,Internal,Incomplete,East Robertchester,John Ortega,2,360.65
2583,2023-05-25,Customer Service,External,Completed,Williambury,Valerie Tucker,5,892.97
2584,2023-03-16,Technical Skills,Internal,Incomplete,Port Jenniferside,Mr. Mike Rivera,4,746.93
2585,2023-02-18,Customer Service,External,Incomplete,Lake Megan,Alexis Lee,1,909.6
2586,2022-08-05,Customer Service,Internal,Completed,Bradborough,Diana Walsh,5,222.04
2587,2023-01-27,Project Management,Internal,Failed,West Dylan,Amanda Johnson,3,583.69
2588,2023-07-09,Communication Skills,Internal,Passed,Rebeccahaven,April Montes,3,856.44
2589,2023-04-03,Communication Skills,External,Completed,New Courtney,William Dunn,4,919.1
2590,2023-06-14,Leadership Development,External,Incomplete,West Daniel,James Pearson,3,606.76
2591,2022-10-06,Customer Service,Internal,Completed,North Michaelbury,Jacob Johnson,2,745.31
2592,2023-02-10,Technical Skills,Internal,Incomplete,Mooreville,Susan Garcia,3,240.57
2593,2022-08-16,Communication Skills,Internal,Failed,Melvinchester,Mrs. Jasmine Heath,3,659.82
2594,2022-12-01,Communication Skills,Internal,Failed,South Michael,Richard Jones,3,273.94
2595,2022-08-12,Customer Service,External,Failed,Austinport,Melvin Porter,4,920.91
2596,2023-02-22,Communication Skills,External,Incomplete,New Ericaborough,Jose Webster,2,114.28
2597,2022-10-22,Communication Skills,External,Passed,Hallmouth,John Smith,3,242.28
2598,2022-12-14,Customer Service,External,Completed,Lambport,Samantha Vega,3,420.06
2599,2023-02-13,Customer Service,External,Failed,Roblesport,Alyssa Mitchell,2,288.93
2600,2023-05-14,Project Management,Internal,Completed,West Wendyton,Brenda Rodriguez,3,637.45
2601,2023-06-29,Communication Skills,External,Failed,Marissastad,Lori Miller,5,944.24
2602,2022-12-25,Leadership Development,Internal,Failed,Brownhaven,Sharon Matthews,4,364.41
2603,2022-10-20,Communication Skills,Internal,Passed,Christopherside,Brandon Mccarty,5,605.84
2604,2022-11-01,Leadership Development,Internal,Failed,Robinview,Erin Mills,5,990.59
2605,2022-11-14,Project Management,External,Completed,Reidburgh,Shaun Torres,4,549.19
2606,2022-11-15,Leadership Development,External,Incomplete,Kimhaven,Kara King,1,587.34
2607,2022-12-26,Technical Skills,External,Completed,Lake Marcus,Michael Brown,3,918.96
2608,2023-01-21,Project Management,Internal,Incomplete,South Megan,Christina Moore,2,525.41
2609,2022-09-04,Communication Skills,External,Passed,Salazarstad,Jason Velez,1,484.08
2610,2023-06-25,Customer Service,External,Passed,Lake Jennifer,April Harris,5,184.63
2611,2022-10-29,Customer Service,Internal,Failed,Rileybury,Mark Burton,3,793.77
2612,2023-04-23,Customer Service,Internal,Completed,Carmenfurt,Caitlin Flores,3,301.02
2613,2022-10-28,Leadership Development,Internal,Failed,East Josephmouth,Noah Morales,3,253.86
2614,2022-11-09,Project Management,External,Completed,Brianstad,Corey Pennington,2,468.59
2615,2023-03-10,Leadership Development,Internal,Completed,North William,Derrick Hernandez,5,689.87
2616,2023-04-16,Customer Service,External,Failed,Paulmouth,Robert Ingram,5,428.33
2617,2023-07-24,Project Management,External,Completed,South Mark,Morgan Wallace,2,806.47
2618,2023-01-23,Communication Skills,Internal,Passed,Christopherburgh,Mark Smith,3,399.63
2619,2022-12-30,Technical Skills,Internal,Completed,Cynthiaview,Stephanie Hopkins,3,440.24
2620,2023-01-24,Communication Skills,External,Passed,New Matthewside,Shannon Flores,1,485.2
2621,2023-03-03,Project Management,Internal,Incomplete,Port Christopher,Lynn Jones,2,451.56
2622,2022-12-08,Leadership Development,External,Passed,West Erinchester,David Jenkins,5,159.37
2623,2022-08-28,Leadership Development,Internal,Incomplete,Fernandezhaven,Shelley Mccoy,4,310.28
2624,2022-11-04,Customer Service,Internal,Incomplete,New Carmenchester,Laura Baker,2,227.91
2625,2022-10-01,Technical Skills,Internal,Failed,Lopezside,Marcus Davis,3,379.25
2626,2023-01-05,Technical Skills,Internal,Incomplete,West Sarah,Scott Alvarado,3,197.3
2627,2022-08-18,Customer Service,Internal,Completed,Gatesstad,Amanda Owens,4,862.64
2628,2022-09-05,Technical Skills,Internal,Passed,West Joshua,Sandra Herman,1,896.12
2629,2023-01-05,Communication Skills,External,Completed,Davidsonport,Jonathan Garcia,4,750.65
2630,2022-09-07,Technical Skills,External,Incomplete,New Kevinland,Kimberly Lopez,4,424.19
2631,2022-10-11,Customer Service,External,Incomplete,Laneshire,Mrs. Amy Riley,4,775.32
2632,2023-04-19,Customer Service,External,Incomplete,Odonnellside,Gerald White,2,209.47
2633,2023-02-09,Project Management,Internal,Completed,Watkinsfurt,Kimberly Robinson,2,859.39
2634,2023-05-26,Project Management,External,Completed,Kimberlybury,Dr. Lisa Bishop MD,1,532.85
2635,2023-02-03,Communication Skills,External,Passed,West Dawn,Jennifer Miller,2,136.6
2636,2023-07-14,Communication Skills,Internal,Passed,Port Tiffanybury,Eric Shaw,4,483.54
2637,2023-04-24,Communication Skills,Internal,Completed,Port Johnville,Daniel Morris,1,709.79
2638,2023-05-28,Technical Skills,External,Passed,Lake Noah,Jose Warren,2,152.85
2639,2023-02-19,Project Management,Internal,Completed,New Dave,Sarah Rojas,4,977.29
2640,2023-02-20,Project Management,Internal,Failed,Sabrinaport,Benjamin Rogers,4,237.14
2641,2022-08-25,Technical Skills,Internal,Passed,Port Sarahmouth,Dr. Oscar White DDS,5,637.84
2642,2023-07-01,Project Management,Internal,Completed,Moniqueville,Bruce Stanton,1,889.73
2643,2023-06-15,Project Management,Internal,Failed,Port Jillview,Dale Wilkinson,2,357.94
2644,2023-04-01,Customer Service,Internal,Incomplete,East Eileenton,Jeff Martin,1,150.96
2645,2022-11-02,Technical Skills,Internal,Completed,Thomaston,Richard Ramos,2,933.2
2646,2023-07-15,Project Management,External,Failed,Guzmanmouth,Kyle Brown,3,378.6
2647,2023-01-28,Project Management,Internal,Completed,East Teresaville,Patricia Lester,5,162.93
2648,2023-03-07,Project Management,External,Incomplete,Caitlinfort,Terry Maddox,3,294.91
2649,2022-09-25,Communication Skills,Internal,Passed,North Teresa,Christopher Yates,1,836.76
2650,2022-08-29,Communication Skills,Internal,Passed,Port Ashleyport,Ruben Gilbert,1,136.23
2651,2023-06-12,Customer Service,External,Completed,Wrightchester,Jacob Moore,3,236.69
2652,2022-10-23,Customer Service,External,Incomplete,Lake Michael,Lisa Rodgers,1,424.44
2653,2023-01-24,Technical Skills,Internal,Incomplete,Singletonmouth,Kelly Walker,3,139.71
2654,2023-03-18,Communication Skills,External,Passed,West Judy,Jason Parker,3,428.13
2655,2023-05-31,Project Management,External,Incomplete,Cameronchester,Robert Keller,3,972.66
2656,2023-02-25,Communication Skills,External,Failed,Youngview,Kevin Decker,1,877.57
2657,2023-05-08,Project Management,External,Failed,Port Cynthia,Sharon Cain,3,751.13
2658,2023-06-29,Technical Skills,External,Passed,Jessicamouth,Henry Brown,1,471.89
2659,2022-08-30,Customer Service,External,Failed,South Wanda,Michael Wheeler,3,957.63
2660,2022-09-07,Project Management,External,Passed,Greenfort,Mary Villanueva,1,788.33
2661,2023-01-12,Communication Skills,Internal,Completed,Matthewton,Allen Miller,4,220.32
2662,2023-03-10,Project Management,External,Completed,Lake Josephtown,Dustin Phillips,5,406.1
2663,2022-12-17,Customer Service,External,Passed,North Elizabethberg,Taylor Lopez,4,819.64
2664,2022-09-13,Project Management,External,Incomplete,Halefurt,Elizabeth Lloyd,3,355.84
2665,2022-09-03,Communication Skills,Internal,Completed,Port Jenniferfort,William Graham,4,786.38
2666,2023-02-02,Project Management,Internal,Failed,Lake Brett,Kiara Davenport,2,460.62
2667,2023-02-05,Leadership Development,External,Passed,Priceville,Isaiah Oconnell DDS,4,821.39
2668,2023-01-19,Project Management,Internal,Passed,East Selenaville,Stephen Silva,3,968.31
2669,2023-03-17,Project Management,Internal,Completed,New Richard,Grace Davis,3,912.22
2670,2023-06-28,Project Management,External,Completed,Amandaside,Marc Smith,4,144.83
2671,2023-01-14,Project Management,Internal,Passed,Karenchester,Stephanie Parrish,4,425.59
2672,2023-07-18,Project Management,Internal,Incomplete,Bishophaven,Gabriel Miller,2,118.43
2673,2023-05-11,Customer Service,Internal,Incomplete,Sarashire,Candace Anderson,2,281.27
2674,2023-04-05,Customer Service,External,Incomplete,North Benjaminchester,Joshua Deleon,5,283.65
2675,2022-10-07,Customer Service,Internal,Completed,Lake Shannonborough,Joshua Harrington,3,475.75
2676,2022-10-11,Leadership Development,External,Failed,East Matthewbury,Jennifer Reed,3,188.07
2677,2022-12-30,Technical Skills,External,Incomplete,West Carl,Aaron Duncan,4,843.69
2678,2023-04-06,Project Management,External,Failed,Mooreburgh,Alexa Brown,3,166.28
2679,2022-08-17,Communication Skills,External,Completed,Reynoldsside,Amanda Decker,2,119.62
2680,2023-05-11,Customer Service,Internal,Failed,Evanhaven,Samantha Jackson,2,400.81
2681,2023-01-26,Leadership Development,Internal,Completed,Sarahshire,Cassandra Davis,1,318.38
2682,2023-05-05,Communication Skills,External,Failed,North Johnville,Amanda Huff,3,238.12
2683,2022-08-26,Technical Skills,External,Passed,East Tammy,Dawn Moon,2,412.34
2684,2023-01-23,Communication Skills,Internal,Passed,Cassandrashire,William Frank,5,776.58
2685,2023-02-07,Project Management,External,Passed,West Kevinton,Nancy Mills,4,231.34
2686,2022-11-12,Project Management,External,Completed,Lake Danielle,Courtney Palmer,1,278.7
2687,2023-07-20,Technical Skills,External,Incomplete,East Kelsey,Edward Davis,1,272.22
2688,2022-11-18,Customer Service,External,Completed,East Christopherhaven,Morgan Carlson,2,638.6
2689,2023-07-12,Project Management,External,Passed,Leslieburgh,James Reid,1,812.6
2690,2023-02-23,Technical Skills,External,Completed,Cannonfurt,Ryan Decker,1,134.11
2691,2022-12-29,Project Management,External,Failed,Lewisstad,Kayla Peterson,3,934.3
2692,2023-05-30,Communication Skills,External,Completed,New Matthew,David Roberts,1,614.11
2693,2023-05-16,Project Management,External,Failed,Marieshire,Barbara Thomas,2,175.75
2694,2022-08-08,Customer Service,External,Failed,North Christopher,Sandra Warren,2,167.34
2695,2023-01-25,Customer Service,External,Passed,Pughstad,Grant Long,2,123.83
2696,2023-03-29,Technical Skills,External,Incomplete,Lake Anthony,Nicholas King,2,932.48
2697,2023-02-19,Project Management,Internal,Completed,Carlhaven,Leonard Hancock,4,714.81
2698,2022-12-12,Project Management,Internal,Incomplete,Biancafort,Cindy Richard,3,152.78
2699,2023-01-31,Technical Skills,External,Incomplete,Michellebury,Julia Smith,2,717.16
2700,2023-06-29,Technical Skills,External,Failed,Port Thomasville,Michael Lynch,1,272.59
2701,2023-04-20,Leadership Development,External,Incomplete,Moorefurt,Rebecca Ball,5,155.14
2702,2022-09-05,Communication Skills,Internal,Completed,Alfredmouth,Gregg Jacobs,1,328.74
2703,2023-03-31,Leadership Development,Internal,Passed,Lake Melissa,Joel Romero,2,775.58
2704,2022-12-10,Leadership Development,Internal,Incomplete,Phillipsstad,Luis Ingram,2,499.97
2705,2023-05-24,Communication Skills,External,Incomplete,Lake Lindaburgh,Angela Simmons,1,826.31
2706,2023-03-28,Leadership Development,Internal,Failed,Johnmouth,Brian Espinoza,5,258.38
2707,2022-11-16,Customer Service,External,Incomplete,Melissaberg,Tonya Austin,3,412.09
2708,2022-12-04,Leadership Development,Internal,Failed,Lake Matthew,William Stanley,5,294.23
2709,2022-10-15,Technical Skills,Internal,Failed,Donaldshire,Molly Nguyen,2,415.45
2710,2023-07-20,Customer Service,Internal,Failed,West Thomasstad,Samantha Benson,5,807.71
2711,2022-09-13,Leadership Development,Internal,Completed,East Michaelville,Andrew Maldonado,1,408.39
2712,2023-01-30,Communication Skills,External,Passed,Lake Scottville,Richard Hammond,1,741.6
2713,2023-04-09,Technical Skills,External,Completed,Hintonhaven,Matthew Parker,3,193.48
2714,2023-01-08,Technical Skills,Internal,Incomplete,New Amyfort,David Watkins,5,831.09
2715,2022-10-14,Customer Service,External,Completed,Phillipsport,Michelle Hicks,5,573.56
2716,2023-01-16,Leadership Development,Internal,Completed,Port Haroldtown,Dave Williams,4,247.11
2717,2023-03-25,Communication Skills,Internal,Passed,Wagnerfort,Dennis Davis,5,866.13
2718,2022-11-13,Project Management,Internal,Incomplete,North Amber,Daniel Green,5,760.24
2719,2023-07-25,Leadership Development,Internal,Passed,Lake Mirandamouth,Mrs. Stacey Martinez,5,992.93
2720,2023-05-09,Customer Service,External,Failed,Ginaton,Michael Bailey,2,960.4
2721,2022-10-19,Project Management,Internal,Incomplete,East Adrianhaven,Richard Fisher,4,173.54
2722,2023-07-17,Leadership Development,External,Passed,Reedfurt,Robert Torres,1,334.08
2723,2023-07-22,Leadership Development,External,Incomplete,South Kimberly,Christy Jones,3,763.23
2724,2023-06-03,Leadership Development,External,Completed,Port Nicholasfort,Abigail Higgins,2,611.51
2725,2022-12-29,Technical Skills,Internal,Incomplete,East Stephen,Allison Moore,2,354.21
2726,2023-01-16,Customer Service,External,Passed,Lake Jacqueline,Christine Logan,3,502.39
2727,2022-12-31,Communication Skills,Internal,Incomplete,Daisyview,Donna Cain PhD,2,687.99
2728,2023-01-27,Project Management,Internal,Completed,Millerborough,Jeremy Morris,5,877.47
2729,2023-07-06,Leadership Development,External,Passed,Scottchester,Mrs. Tracey Martinez,2,700.04
2730,2023-05-20,Project Management,External,Incomplete,East Michael,Teresa Jenkins,5,486.43
2731,2023-04-20,Technical Skills,Internal,Failed,West Hollymouth,Christopher White,1,897.96
2732,2023-02-23,Customer Service,Internal,Completed,Michaelview,Megan Hill,3,147.28
2733,2023-02-12,Leadership Development,Internal,Completed,New Toddville,Michael Smith,5,612.96
2734,2023-02-22,Communication Skills,External,Completed,Lake Tanya,Dennis Lucas,5,953.92
2735,2022-11-12,Leadership Development,External,Incomplete,Smithburgh,Anthony Young,1,519.23
2736,2023-03-05,Technical Skills,Internal,Passed,Nelsonburgh,Linda Weaver,1,297.94
2737,2023-04-18,Communication Skills,Internal,Failed,South Tyronetown,Sandra Jenkins,5,317.55
2738,2022-10-01,Communication Skills,Internal,Incomplete,Chapmanmouth,Harold Harper,5,880.42
2739,2022-08-21,Customer Service,Internal,Completed,East Shaneside,Jenny Peters,1,457.71
2740,2023-05-17,Communication Skills,Internal,Completed,South Desiree,Michelle Moreno,3,200.27
2741,2022-09-26,Technical Skills,External,Failed,Amandamouth,Jonathan Sparks,5,573.08
2742,2022-09-05,Communication Skills,Internal,Incomplete,Millermouth,Lisa Stevens,4,785.39
2743,2023-04-20,Technical Skills,Internal,Failed,Lake Monica,Laura Walker,3,437.36
2744,2022-10-29,Technical Skills,External,Incomplete,Butlershire,Mr. Christopher Howard II,5,955.17
2745,2022-10-12,Technical Skills,Internal,Failed,Priceshire,Andres Thomas,3,542.56
2746,2023-02-12,Project Management,External,Incomplete,Rochatown,Renee Mcdonald,5,399.23
2747,2022-10-15,Technical Skills,External,Failed,West Laurentown,Rhonda Rivera,2,677.74
2748,2023-01-14,Project Management,External,Completed,Port Madison,Christopher Mitchell,2,301.42
2749,2022-11-19,Customer Service,External,Failed,Wilsonmouth,Andrea Barker,5,149.65
2750,2023-02-27,Customer Service,Internal,Passed,New Carlyview,Derek Johnston,1,462.45
2751,2023-02-15,Communication Skills,External,Incomplete,East Michael,Brian Cobb,2,585.76
2752,2022-12-06,Customer Service,Internal,Incomplete,Alexandraview,Mary Robinson,5,450.64
2753,2022-10-18,Communication Skills,Internal,Completed,Natashaton,Rachel Dixon,1,437.7
2754,2023-04-04,Project Management,Internal,Failed,Port Eric,Michael Mckinney,1,823.08
2755,2022-12-21,Technical Skills,Internal,Completed,New James,Matthew Mueller,4,118.68
2756,2023-04-04,Communication Skills,External,Completed,East Michaelton,Dr. Craig Baker,5,120.79
2757,2022-12-19,Technical Skills,External,Failed,South Robin,Jonathan Alvarez,1,519.35
2758,2023-05-17,Technical Skills,External,Incomplete,Jasonview,Christine Stein,4,100.17
2759,2023-06-30,Project Management,Internal,Incomplete,Port William,Cathy Velazquez,1,662.8
2760,2023-05-03,Leadership Development,Internal,Completed,Chaseside,Caitlin Chavez,3,287.59
2761,2022-11-26,Project Management,External,Incomplete,East Kerri,Victoria Stevens,4,653.32
2762,2023-04-26,Leadership Development,Internal,Failed,Kimberlymouth,Jeremy Mendez,3,254.85
2763,2022-11-24,Technical Skills,External,Completed,Michaelbury,Steven Williams,4,430.35
2764,2023-06-14,Communication Skills,External,Incomplete,Thompsonmouth,Monique Wang,5,755.77
2765,2023-03-30,Customer Service,Internal,Incomplete,Michaelside,Lauren Matthews,2,529.91
2766,2023-03-25,Technical Skills,External,Completed,New Richardburgh,Michelle Lara,1,440.14
2767,2023-01-21,Customer Service,Internal,Passed,West Tara,Jennifer Thomas,2,972.3
2768,2022-10-24,Project Management,Internal,Incomplete,New Judithside,Patrick Jones,5,176.6
2769,2023-07-17,Project Management,Internal,Completed,Brittneyfort,Kelsey Scott,1,747.74
2770,2023-07-07,Customer Service,External,Passed,Stephensfurt,Kimberly Martinez,5,451.03
2771,2022-12-11,Technical Skills,Internal,Incomplete,New Stephen,Luis Wiley,5,255.16
2772,2023-02-06,Leadership Development,Internal,Passed,Hessburgh,Timothy Valdez,5,258.08
2773,2023-02-02,Communication Skills,Internal,Completed,Port Aaron,Jonathan Todd,4,697.67
2774,2023-08-05,Communication Skills,Internal,Passed,Byrdville,David Martin,5,694.23
2775,2022-11-05,Technical Skills,Internal,Incomplete,Dustinville,Gerald Gonzales,1,703.45
2776,2023-07-09,Leadership Development,External,Incomplete,Charleschester,Sarah Willis,1,134.44
2777,2023-07-25,Communication Skills,Internal,Failed,East Rebeccaburgh,Anthony Holland,2,458.37
2778,2022-10-06,Project Management,External,Failed,Lake Cassandraburgh,Leonard Garner,5,594.73
2779,2023-02-13,Leadership Development,Internal,Completed,Colemanburgh,Ann Stevens,3,330.68
2780,2022-12-24,Communication Skills,Internal,Incomplete,Elizabethside,Lisa Harrell,3,625.69
2781,2022-11-12,Leadership Development,Internal,Completed,South Tiffany,Dustin Haley,5,437.26
2782,2022-10-17,Leadership Development,Internal,Passed,New Jamieshire,Mark Lopez,2,134.99
2783,2023-05-20,Technical Skills,External,Incomplete,Port Vanessamouth,Steven Miller,4,880.21
2784,2022-09-08,Customer Service,Internal,Completed,Owenston,Ian Snow,5,427.99
2785,2022-11-26,Technical Skills,Internal,Completed,Markshire,Amanda Gardner,1,925.68
2786,2023-06-16,Communication Skills,External,Incomplete,Reynoldsland,David Rogers,4,485.05
2787,2023-04-18,Technical Skills,External,Passed,Gordonmouth,Victoria Riley,5,720.07
2788,2023-01-21,Project Management,External,Incomplete,Lake Dennis,Michaela Diaz,5,161.15
2789,2023-06-06,Project Management,Internal,Completed,Lake Taratown,Lori Wall,4,899.17
2790,2022-09-20,Communication Skills,External,Incomplete,Brooksport,Tim Henderson,1,438.31
2791,2023-04-08,Communication Skills,Internal,Passed,Youngland,Allison Manning,3,903.18
2792,2023-05-21,Technical Skills,External,Passed,Valenzuelaview,April Peterson,2,607.81
2793,2022-10-09,Project Management,External,Incomplete,Williamstad,Evan Adams,1,774.44
2794,2023-01-10,Customer Service,Internal,Incomplete,Debraview,Kim Shea,3,644.38
2795,2023-04-30,Customer Service,Internal,Failed,Horneside,Jaclyn Cordova,4,457.74
2796,2022-10-19,Communication Skills,External,Incomplete,Theresastad,John Choi,2,840.27
2797,2022-12-18,Communication Skills,External,Failed,Blackborough,Paula Gill,1,559.59
2798,2023-04-24,Leadership Development,External,Completed,Lindaside,Keith Scott,1,840.65
2799,2023-07-28,Communication Skills,Internal,Incomplete,Stephaniemouth,Debbie Arnold,1,543.46
2800,2022-12-20,Customer Service,External,Incomplete,New Frankshire,David Young,1,729.03
2801,2023-06-14,Leadership Development,External,Incomplete,Vazquezport,Annette Thomas,4,449.65
2802,2023-04-21,Technical Skills,External,Passed,Megantown,Tanya Lozano,3,213.38
2803,2023-01-29,Leadership Development,Internal,Failed,Adamsmouth,Emma Wright,4,106.21
2804,2023-01-26,Leadership Development,Internal,Completed,Lake Kimberly,Jamie Kim,5,483.07
2805,2023-07-18,Project Management,Internal,Passed,Melissahaven,Nicole Medina,2,515.31
2806,2023-05-27,Communication Skills,Internal,Incomplete,Lake Andreaville,Zachary Jackson,5,290.8
2807,2023-04-16,Customer Service,Internal,Passed,Montgomeryport,Antonio Kidd,4,977.46
2808,2022-09-23,Communication Skills,External,Passed,East Connor,Susan Fowler,5,105.41
2809,2022-12-21,Technical Skills,Internal,Failed,Jonesmouth,Patricia Hernandez,2,856.23
2810,2023-04-05,Technical Skills,Internal,Incomplete,Lake Lisamouth,Michael Lyons,3,964.33
2811,2022-11-04,Technical Skills,External,Completed,Robertview,Amanda Andersen,3,589.88
2812,2022-11-25,Leadership Development,External,Incomplete,Flowerston,Dr. Natalie Pacheco,4,663.36
2813,2023-04-20,Technical Skills,Internal,Completed,North Margaretstad,Steven Blair,2,249.88
2814,2023-07-31,Leadership Development,Internal,Passed,Mooreborough,Melissa Morgan,2,809.89
2815,2023-05-10,Project Management,Internal,Completed,Dustinhaven,Priscilla Andrews,5,224.58
2816,2023-03-17,Project Management,External,Incomplete,North Mario,Robert May,3,251.78
2817,2023-01-13,Technical Skills,External,Failed,Montoyaville,Charles Rubio,2,314.0
2818,2023-02-27,Technical Skills,External,Completed,South Annmouth,Edwin Brown,5,453.51
2819,2023-07-31,Leadership Development,Internal,Failed,North Rebecca,Lisa Hebert,2,595.4
2820,2022-10-23,Project Management,External,Completed,Ericberg,Mrs. Margaret Moon DDS,2,606.3
2821,2023-03-06,Technical Skills,Internal,Incomplete,Aaronborough,David Cunningham,5,841.22
2822,2022-09-18,Communication Skills,Internal,Failed,East Michael,Jessica Berry,4,912.5
2823,2022-09-04,Communication Skills,External,Incomplete,West Jesse,Amanda White,2,196.27
2824,2022-09-07,Project Management,Internal,Incomplete,Hoffmanbury,Molly Miranda,1,224.09
2825,2022-11-02,Technical Skills,External,Completed,Whiteberg,Alexandra Smith,2,363.8
2826,2023-07-13,Customer Service,Internal,Failed,Craigton,David Wright,2,656.05
2827,2022-09-07,Leadership Development,Internal,Incomplete,East Brandonfort,Andrea Daugherty,1,629.85
2828,2023-01-30,Communication Skills,Internal,Completed,Deborahville,Dennis Romero,3,915.92
2829,2022-10-26,Customer Service,External,Passed,North Michaelchester,Francis Rosales,3,487.27
2830,2022-12-06,Project Management,External,Completed,Whitebury,Shawn Dillon,1,266.42
2831,2023-02-09,Communication Skills,External,Incomplete,Christineport,Cynthia Allen,1,277.22
2832,2022-12-23,Customer Service,Internal,Incomplete,Hebertville,Andrew Harvey,1,545.87
2833,2022-08-24,Leadership Development,External,Incomplete,Heidiburgh,Melanie Harris,3,182.84
2834,2023-06-10,Technical Skills,External,Completed,Port Stacymouth,Casey West,4,149.67
2835,2022-11-22,Customer Service,Internal,Completed,Moorefurt,Amber Berry,4,939.72
2836,2023-05-18,Customer Service,External,Completed,Port Mike,Brian Williams,5,410.04
2837,2023-06-08,Communication Skills,External,Incomplete,Sandersfort,Tonya Stein,1,945.59
2838,2023-05-18,Communication Skills,Internal,Completed,Port Andreaton,Robert Flores,4,539.06
2839,2022-08-07,Customer Service,External,Incomplete,South Melissamouth,Laura Palmer,2,837.22
2840,2022-10-04,Customer Service,Internal,Incomplete,Rodneyton,Brandon Fuller,3,360.08
2841,2023-04-22,Customer Service,Internal,Completed,Port Tinastad,Lauren Parker,2,405.48
2842,2022-12-22,Project Management,Internal,Failed,Huffton,Becky Curtis,4,577.78
2843,2022-10-01,Leadership Development,External,Completed,Thomasmouth,Amanda Woodard,2,102.16
2844,2022-08-28,Leadership Development,Internal,Passed,Port Lauren,Bobby Knight,5,336.98
2845,2023-02-06,Customer Service,External,Completed,South Lori,Pamela Myers,2,764.22
2846,2022-09-02,Communication Skills,Internal,Incomplete,Lake Courtney,Joseph Nelson,2,326.54
2847,2023-07-16,Customer Service,Internal,Completed,Port Douglas,Beth Ryan,3,762.23
2848,2023-07-21,Customer Service,Internal,Failed,Adammouth,Michelle Sullivan,2,510.12
2849,2023-05-06,Technical Skills,Internal,Failed,Kristybury,Donna Gonzalez,3,706.23
2850,2023-04-26,Technical Skills,External,Passed,Jaredtown,Thomas Villarreal,2,634.36
2851,2023-07-16,Communication Skills,Internal,Failed,West Cherylland,Rebecca Bullock,2,718.77
2852,2023-06-23,Communication Skills,Internal,Incomplete,Brownbury,Austin Moss,3,820.39
2853,2023-01-01,Leadership Development,Internal,Passed,West Dennisborough,Tyrone Fernandez,1,835.07
2854,2023-04-18,Project Management,External,Incomplete,West Wesley,Kevin Moore,4,670.82
2855,2022-09-05,Technical Skills,External,Passed,East Laurenstad,Kathleen Valenzuela,1,596.23
2856,2023-01-03,Customer Service,Internal,Completed,Port Joshuaport,Rebecca Frazier,2,842.67
2857,2022-12-25,Customer Service,Internal,Completed,North Edwardtown,Alyssa Morrow,3,229.18
2858,2022-11-10,Project Management,Internal,Failed,South Desireebury,Jerry Berry,3,851.72
2859,2022-09-23,Technical Skills,Internal,Completed,New Thomas,Brett Hernandez,1,798.08
2860,2022-09-13,Leadership Development,External,Passed,North William,Mark Flores,3,587.16
2861,2022-11-07,Project Management,External,Completed,Lake Johnbury,Stephen Estrada,2,828.48
2862,2023-04-11,Communication Skills,Internal,Incomplete,Edwardview,Theresa Burke,3,192.39
2863,2022-12-08,Customer Service,Internal,Completed,North Robert,Gabrielle Pierce,4,422.27
2864,2023-06-16,Leadership Development,External,Failed,New Jillfort,Lori Miles,4,242.25
2865,2023-03-22,Customer Service,External,Passed,Maryville,Tracy Gonzalez,4,653.99
2866,2023-04-11,Project Management,External,Passed,Millerport,Gabriella Salazar,5,792.46
2867,2023-02-21,Leadership Development,External,Incomplete,Davidstad,Lisa Snyder,4,317.26
2868,2023-06-17,Leadership Development,External,Failed,Rodriguezberg,Jacob Richards,5,866.79
2869,2023-05-04,Leadership Development,Internal,Completed,Lake David,Ian Simon,2,422.63
2870,2023-02-24,Project Management,Internal,Passed,Margaretfort,Robert Ortiz,5,413.42
2871,2022-10-16,Communication Skills,External,Incomplete,Richardfurt,Trevor Holmes,5,900.02
2872,2023-03-20,Communication Skills,Internal,Passed,Morenoland,Matthew Shaffer,3,573.84
2873,2023-06-05,Project Management,Internal,Failed,Phamborough,Courtney Gray,2,801.16
2874,2022-09-27,Project Management,Internal,Passed,Port Tylerfort,Ryan Powers,5,107.25
2875,2022-09-17,Project Management,External,Incomplete,East Andrew,Maurice Green,1,892.56
2876,2023-07-05,Project Management,External,Failed,Joshuaberg,Alejandro Newman,1,429.89
2877,2022-12-10,Customer Service,Internal,Failed,Ponceville,Theresa Mcclure,4,664.5
2878,2022-12-01,Project Management,Internal,Incomplete,West Luishaven,Roy Stone,5,925.8
2879,2023-06-15,Customer Service,External,Failed,Georgeburgh,Jessica Golden,3,118.94
2880,2023-02-15,Project Management,Internal,Failed,New Matthew,Ryan Gray,4,932.34
2881,2023-05-18,Leadership Development,External,Incomplete,Mooneyborough,Alexandra Andrews,1,624.59
2882,2023-04-21,Leadership Development,Internal,Failed,North Russellmouth,Kevin Vasquez,4,835.35
2883,2023-05-11,Customer Service,External,Completed,East Michelle,Troy Turner,4,597.63
2884,2023-05-01,Technical Skills,External,Passed,Emilyfort,Brooke White,4,974.28
2885,2022-12-29,Communication Skills,External,Passed,Lake Joshua,Michael Johnson,1,176.13
2886,2023-07-09,Technical Skills,External,Incomplete,West Kennethburgh,Christopher Mueller,4,263.04
2887,2023-04-15,Communication Skills,Internal,Completed,Vanessamouth,Melissa Shah,5,411.52
2888,2023-03-17,Customer Service,External,Completed,North Steven,Matthew Cox,4,119.5
2889,2022-10-13,Customer Service,Internal,Passed,Brownhaven,Robert Yates,2,817.04
2890,2022-10-10,Technical Skills,Internal,Completed,Jeffport,John Williams DDS,5,838.84
2891,2022-12-31,Technical Skills,External,Incomplete,Mcguireside,Anthony Obrien,4,767.51
2892,2022-08-10,Technical Skills,External,Passed,Port Jasmine,Steven Terrell,5,990.52
2893,2023-06-05,Leadership Development,Internal,Completed,South Nicholasbury,Dustin Smith,5,205.24
2894,2023-06-30,Customer Service,Internal,Completed,Christophermouth,Julie Williams,5,203.06
2895,2022-11-15,Project Management,External,Incomplete,Belltown,Nathan Hill,4,555.6
2896,2023-07-01,Technical Skills,Internal,Passed,Mitchelltown,Erin Day,5,794.92
2897,2022-11-26,Leadership Development,Internal,Passed,Andrewston,John Gallagher,2,926.17
2898,2023-06-22,Leadership Development,Internal,Completed,New Gabrielstad,Erik Marsh,1,832.37
2899,2023-03-26,Leadership Development,Internal,Completed,Kyleberg,Michael Wilcox,5,128.8
2900,2023-01-16,Customer Service,External,Passed,Joelberg,Erin Everett,4,255.02
2901,2023-07-13,Leadership Development,Internal,Incomplete,Rhondaview,Tracy Russell,4,674.34
2902,2023-03-31,Project Management,External,Incomplete,Port Scott,Kevin Deleon,2,778.36
2903,2023-06-22,Customer Service,External,Failed,New Patriciabury,Sandra Andrade,2,906.63
2904,2023-05-06,Technical Skills,External,Failed,Rachaelstad,Kristi Hampton,4,986.01
2905,2022-10-14,Leadership Development,External,Passed,Johnsonberg,Jessica Caldwell,5,846.88
2906,2022-12-06,Technical Skills,External,Incomplete,Reedside,Scott Williams,1,998.74
2907,2023-02-12,Communication Skills,External,Completed,Elizabethbury,Tiffany Cox,4,510.69
2908,2022-11-28,Leadership Development,External,Passed,North Jeanfurt,Crystal Elliott,1,100.55
2909,2023-05-12,Technical Skills,Internal,Passed,Lake Elizabeth,Heather Baker,4,818.39
2910,2022-09-19,Technical Skills,Internal,Incomplete,New Nathanstad,Andrea Gould,1,763.78
2911,2023-03-28,Technical Skills,Internal,Passed,Biancaside,Angelica Franco,1,292.36
2912,2023-01-11,Communication Skills,Internal,Completed,South Joshua,Andrew Garcia,2,990.45
2913,2022-12-01,Communication Skills,External,Completed,Donovanstad,Jennifer Bray,3,989.75
2914,2022-10-15,Communication Skills,Internal,Failed,Port Robertotown,Justin Long,1,194.13
2915,2023-03-25,Technical Skills,Internal,Incomplete,North Margaretshire,Peter Stokes,2,993.79
2916,2022-10-09,Technical Skills,Internal,Incomplete,South Nathan,Sylvia Obrien,2,932.4
2917,2022-10-15,Customer Service,External,Passed,Johnsonview,Cameron Martin,3,636.37
2918,2022-08-28,Project Management,External,Failed,East Amberside,Brandy Greene,1,333.03
2919,2023-04-23,Technical Skills,Internal,Failed,Port Cindymouth,Jay Lopez,1,195.63
2920,2022-09-27,Technical Skills,External,Completed,Shawnchester,Cassandra Mendoza,2,140.27
2921,2023-01-11,Customer Service,External,Incomplete,Lynchfort,Beth Fields,1,465.54
2922,2023-05-19,Technical Skills,External,Incomplete,West Heathertown,Donna Joseph,1,713.3
2923,2022-10-15,Technical Skills,Internal,Failed,Castilloshire,Jason Clayton,4,632.73
2924,2022-10-31,Technical Skills,External,Failed,Bishophaven,Natalie Thomas,1,244.84
2925,2023-04-14,Communication Skills,External,Failed,New John,Katie Bullock,4,689.93
2926,2023-03-17,Technical Skills,Internal,Failed,Hudsonfort,Mrs. Jessica Alvarado MD,3,459.59
2927,2022-10-15,Technical Skills,External,Failed,Wolfetown,Kevin Turner,4,597.54
2928,2023-06-21,Communication Skills,External,Incomplete,Selenamouth,Steven Dominguez,2,175.63
2929,2022-09-23,Project Management,Internal,Passed,East Christine,Charles Brandt,5,120.14
2930,2023-02-23,Technical Skills,External,Failed,Schmittborough,Ricardo Reed,5,871.29
2931,2023-07-23,Leadership Development,External,Passed,Ericside,Kathleen Lee,1,485.84
2932,2023-05-17,Communication Skills,External,Completed,Simpsonland,Alex Scott,2,275.36
2933,2023-07-02,Communication Skills,External,Incomplete,Bakerview,Angel Burgess,3,933.67
2934,2023-03-14,Technical Skills,Internal,Passed,West Marissa,Jennifer Castro,4,927.08
2935,2023-07-25,Communication Skills,External,Passed,South Robin,April Brown,4,395.52
2936,2022-12-23,Leadership Development,Internal,Completed,South Jeff,Christopher Young,3,123.26
2937,2023-07-25,Leadership Development,Internal,Completed,Port Ethan,Tracey Taylor,3,198.45
2938,2023-05-18,Communication Skills,Internal,Passed,Stephenstad,Jordan Green,2,478.07
2939,2022-09-06,Project Management,External,Completed,New Randyborough,Brandon Collins,3,285.5
2940,2023-06-14,Communication Skills,External,Passed,Smithburgh,Justin Clements,2,490.26
2941,2022-11-11,Customer Service,Internal,Completed,Mahoneyberg,Lisa Thomas DDS,3,828.68
2942,2023-02-20,Technical Skills,External,Incomplete,South Julie,Henry Fowler,2,858.29
2943,2023-04-04,Communication Skills,External,Completed,North John,Tiffany Rubio,3,494.19
2944,2023-02-17,Communication Skills,Internal,Passed,Charlesshire,Richard Clark,4,502.56
2945,2023-07-01,Communication Skills,External,Failed,New Ronaldmouth,William Atkinson,5,826.82
2946,2023-07-12,Leadership Development,Internal,Failed,Donnaland,Jimmy Collins,4,655.83
2947,2022-08-13,Project Management,External,Incomplete,New William,Collin Turner,1,543.81
2948,2022-11-01,Technical Skills,Internal,Failed,Changmouth,Amber Vazquez,1,482.47
2949,2023-03-09,Communication Skills,Internal,Passed,North Lauramouth,David Velazquez,3,310.41
2950,2023-03-19,Technical Skills,Internal,Completed,New Jennifer,Danny Clark,2,331.52
2951,2022-09-07,Leadership Development,External,Passed,West Linda,Patrick Cruz,3,973.96
2952,2023-05-08,Communication Skills,Internal,Completed,Laceymouth,Austin Reeves,3,149.09
2953,2022-12-11,Leadership Development,External,Incomplete,Andrewville,David Russell,4,925.16
2954,2022-10-23,Project Management,External,Passed,South Brian,Hannah Mitchell,2,833.13
2955,2023-06-04,Project Management,External,Failed,East Jimmy,Robin Banks,5,191.49
2956,2022-10-13,Customer Service,External,Passed,New Colin,Veronica Ross,3,474.15
2957,2022-08-30,Project Management,External,Failed,West Ashley,John King,1,550.42
2958,2023-02-09,Technical Skills,External,Incomplete,North Allisonland,Rebecca Mack,1,681.23
2959,2023-07-06,Customer Service,Internal,Incomplete,Carolburgh,Mercedes Garcia,5,657.64
2960,2022-12-16,Project Management,Internal,Incomplete,Evansborough,Katherine Vasquez,4,449.66
2961,2023-01-19,Leadership Development,External,Passed,North Josephbury,Neil Miller,5,587.25
2962,2022-08-28,Customer Service,Internal,Failed,Port Joshua,Anita Ray,2,198.55
2963,2023-06-08,Customer Service,External,Completed,Victoriaville,Jonathan Anderson,5,629.24
2964,2022-10-14,Communication Skills,Internal,Incomplete,Masonstad,Justin Bonilla,2,614.06
2965,2023-03-07,Project Management,External,Completed,Lake Anna,Lisa Ross,3,426.26
2966,2022-10-17,Project Management,Internal,Passed,Christopherbury,Linda White,5,197.73
2967,2023-07-21,Customer Service,External,Incomplete,Emilymouth,Michael Larson,3,145.68
2968,2022-11-20,Customer Service,Internal,Failed,Brownburgh,Eric Charles,3,764.74
2969,2022-10-18,Customer Service,Internal,Passed,Elizabethtown,Samuel Miller,3,405.4
2970,2023-01-16,Leadership Development,External,Failed,Morrisonshire,Mark Williams,4,689.49
2971,2023-04-12,Project Management,Internal,Incomplete,Port Ryanmouth,John Russell,2,141.14
2972,2023-03-01,Leadership Development,Internal,Passed,East Shaneton,Jasmine George,1,788.69
2973,2023-07-13,Technical Skills,Internal,Failed,Fullershire,Charles Jones,5,458.81
2974,2023-04-27,Project Management,Internal,Passed,Jefferyland,Scott Howard,5,140.91
2975,2023-07-12,Leadership Development,External,Completed,West Scottshire,Heather Cruz,5,551.76
2976,2023-06-09,Communication Skills,Internal,Passed,Port Richard,Tiffany Kelley,5,720.1
2977,2023-04-01,Project Management,Internal,Passed,Burnston,Ashley Holmes,4,640.05
2978,2022-11-02,Communication Skills,Internal,Failed,Davidland,Katie Chandler,1,470.62
2979,2023-06-10,Leadership Development,External,Failed,West Kellyview,Jonathan Lozano,4,257.87
2980,2023-02-17,Customer Service,External,Passed,South Brandonville,Harry Hernandez,4,970.09
2981,2023-06-25,Communication Skills,External,Completed,Alyssaside,Megan Reynolds,2,197.96
2982,2022-10-31,Project Management,External,Failed,East Morgan,Sarah Harris,2,166.78
2983,2023-06-25,Project Management,External,Passed,West Bradleyborough,Amy Davis,4,267.6
2984,2023-05-24,Project Management,Internal,Incomplete,Lake Laurenville,Jessica Hudson,1,671.21
2985,2022-10-25,Customer Service,Internal,Failed,West Andrew,Melissa Jackson,4,813.43
2986,2023-02-20,Communication Skills,Internal,Completed,East Rachelville,Rebecca Perez,1,501.89
2987,2023-01-20,Leadership Development,External,Failed,Port Sabrinafurt,Ashley Allen,4,133.4
2988,2023-01-03,Customer Service,Internal,Failed,Port Melissa,Mrs. Kristi Thornton,4,312.8
2989,2022-11-24,Communication Skills,External,Failed,West Stephanie,Ashley Jones,3,272.76
2990,2023-05-14,Project Management,External,Passed,Lake Davidton,Logan Smith,3,494.03
2991,2022-12-02,Project Management,Internal,Completed,West Sierrafurt,Daniel Ramos,3,722.92
2992,2023-02-03,Leadership Development,Internal,Passed,Davisbury,Dennis Robbins,1,125.34
2993,2022-11-03,Communication Skills,Internal,Incomplete,Judithborough,Matthew Kemp,3,559.24
2994,2022-12-14,Project Management,External,Incomplete,New Brandiport,Sabrina Delgado,1,936.24
2995,2023-07-03,Technical Skills,Internal,Passed,Wardchester,Susan Luna,1,440.35
2996,2022-09-30,Technical Skills,Internal,Passed,Dunnchester,Ashley Gray,2,727.12
2997,2023-02-16,Communication Skills,External,Completed,Morenohaven,Martin Ingram,4,433.14
2998,2022-10-17,Customer Service,External,Failed,West Amanda,Sandra Bennett,1,764.14
2999,2023-06-14,Customer Service,Internal,Passed,Raymondshire,Makayla Hart,5,800.21
3000,2023-05-11,Technical Skills,External,Incomplete,Michaelbury,Donald Crane,2,172.72
3001,2022-12-26,Communication Skills,Internal,Passed,Alexanderchester,Mrs. Elizabeth Salazar,5,346.93
3002,2023-02-05,Leadership Development,Internal,Passed,North Rachel,Arthur Parker MD,4,247.81
3003,2022-11-16,Technical Skills,Internal,Passed,Danielleborough,Brandon Cook,4,144.84
3004,2023-03-07,Technical Skills,Internal,Incomplete,Christopherchester,Brandi Perez,1,183.63
3005,2023-03-21,Communication Skills,Internal,Passed,Scottburgh,Terry Green,5,997.4
3006,2023-05-13,Communication Skills,External,Passed,Port Jaredfort,Shannon Turner,3,415.18
3007,2023-07-19,Customer Service,External,Incomplete,Thomaschester,Robert Gardner,5,147.35
3008,2023-03-15,Leadership Development,Internal,Incomplete,Nguyenmouth,Tamara Perez,3,967.08
3009,2022-11-20,Leadership Development,Internal,Incomplete,East William,William Hensley,4,637.86
3010,2022-09-11,Project Management,External,Failed,South Andrew,Kevin Lyons,3,299.13
3011,2022-10-11,Leadership Development,External,Incomplete,Lynnburgh,Maurice Cole,3,935.75
3012,2022-09-22,Technical Skills,External,Failed,South Jameshaven,Gregg Foster,3,494.02
3013,2023-05-23,Leadership Development,Internal,Incomplete,New Gregory,Matthew Sanders,4,776.3
3014,2023-02-01,Leadership Development,Internal,Completed,Lake Jeffreyborough,Rebecca Robbins,3,326.37
3015,2022-11-18,Customer Service,External,Completed,Bryanburgh,Diane Duran,1,108.95
3016,2023-01-26,Communication Skills,Internal,Completed,Walterland,Mr. James Barnes,4,550.9
3017,2022-08-19,Technical Skills,Internal,Incomplete,West Elizabethborough,Stephen Freeman,4,795.89
3018,2023-04-02,Communication Skills,External,Passed,Juanton,Jenna Waters,1,980.49
3019,2022-11-18,Technical Skills,External,Failed,Port Thomaston,Stephanie Dixon,1,155.46
3020,2023-06-19,Project Management,External,Completed,South Mariamouth,Justin Stanton,2,367.74
3021,2023-08-04,Customer Service,External,Passed,Coreyborough,Rachel Roach,3,115.55
3022,2022-12-15,Communication Skills,External,Completed,New Kevin,Charles Garcia,3,848.52
3023,2023-05-04,Project Management,Internal,Passed,South Gregborough,Kevin Brown,5,321.61
3024,2022-12-21,Technical Skills,External,Passed,South Javierview,Emily Henderson,4,957.12
3025,2022-08-27,Communication Skills,External,Incomplete,Kingberg,Leah Woods,3,177.63
3026,2022-11-02,Customer Service,External,Passed,Keithland,Debbie Adkins,3,864.03
3027,2023-07-05,Communication Skills,External,Incomplete,New Kelseyland,Matthew Ramirez,4,707.06
3028,2022-10-20,Communication Skills,Internal,Completed,Nguyenstad,Benjamin Mathews,4,690.29
3029,2023-07-03,Project Management,External,Incomplete,Bridgesside,Brian Murphy,1,721.83
3030,2022-12-24,Technical Skills,Internal,Passed,Port Codyburgh,Miranda Kennedy,2,287.34
3031,2022-12-31,Technical Skills,External,Incomplete,Jacksonborough,Heidi Cole,2,783.36
3032,2022-10-28,Technical Skills,External,Passed,North Justinbury,Kari Sanchez,1,709.78
3033,2023-01-08,Customer Service,Internal,Incomplete,Ramirezburgh,Justin Arellano,4,714.64
3034,2022-11-25,Leadership Development,Internal,Passed,Lake Angela,Deborah White,2,947.76
3035,2023-05-09,Customer Service,Internal,Completed,Port Brett,Frank Mitchell,1,498.19
3036,2023-06-19,Technical Skills,Internal,Failed,West Walter,Carlos Leonard,3,516.4
3037,2023-05-01,Leadership Development,Internal,Failed,Lake Roberthaven,Marc Burns,5,374.69
3038,2022-08-17,Customer Service,Internal,Incomplete,Edwardsside,Diane Freeman,5,244.22
3039,2023-01-05,Leadership Development,Internal,Completed,New Brendamouth,Alice Mcbride,2,130.81
3040,2022-12-30,Technical Skills,Internal,Passed,Thorntonton,Ethan Brown,5,321.03
3041,2023-07-28,Project Management,Internal,Completed,Stewartville,William Peterson,4,354.82
3042,2023-02-03,Technical Skills,Internal,Incomplete,New Kimberlyview,Jerome Moss,2,513.54
3043,2023-02-21,Customer Service,External,Completed,New David,Michelle Davila,5,658.12
3044,2022-12-20,Leadership Development,Internal,Passed,Courtneyshire,Breanna Williams,2,643.75
3045,2023-03-03,Communication Skills,External,Incomplete,Troyshire,Christopher Smith,2,290.75
3046,2023-01-14,Communication Skills,Internal,Passed,Lake Jerry,Stephanie Black,2,767.56
3047,2023-06-13,Customer Service,External,Passed,Leslieview,Mckenzie Myers,1,507.74
3048,2023-01-08,Customer Service,Internal,Completed,Smithmouth,Scott Brooks,2,919.75
3049,2023-01-20,Project Management,External,Incomplete,Martinberg,Margaret Fitzgerald,4,510.95
3050,2022-11-06,Project Management,External,Completed,Mooreburgh,Renee Bell,2,826.19
3051,2023-05-02,Leadership Development,External,Incomplete,Danielmouth,Timothy Richard,1,992.48
3052,2022-10-01,Technical Skills,External,Incomplete,Derekbury,Amanda Bradshaw,3,824.73
3053,2023-07-04,Communication Skills,External,Failed,Lake Katrinastad,Rebecca Terry,2,588.35
3054,2023-06-07,Leadership Development,External,Incomplete,Port Jason,Marissa Harris,5,144.66
3055,2023-04-05,Technical Skills,Internal,Failed,North Janice,Terri Christensen,3,833.23
3056,2023-06-20,Communication Skills,External,Passed,Terryton,Anthony Stanton,1,535.51
3057,2023-05-28,Leadership Development,Internal,Completed,Johnsonville,Melissa Villegas,4,961.84
3058,2023-03-17,Leadership Development,Internal,Completed,South Kevinside,Tyler Farmer,1,193.58
3059,2023-07-10,Communication Skills,External,Completed,West William,Joseph Powell,1,164.35
3060,2022-08-30,Customer Service,Internal,Failed,Farrellview,John Richards,3,165.67
3061,2022-09-10,Technical Skills,External,Incomplete,Baileyton,Janet Brady,5,602.56
3062,2023-07-26,Leadership Development,Internal,Passed,North John,Lindsay Butler,1,312.91
3063,2022-09-28,Project Management,External,Failed,Bellmouth,Charlotte Goodwin,3,767.52
3064,2023-07-31,Project Management,Internal,Incomplete,Andersonfort,Nancy Jones,5,166.35
3065,2023-06-11,Project Management,Internal,Incomplete,Port James,Evelyn Hill,1,997.24
3066,2022-10-18,Communication Skills,External,Failed,Mitchellbury,Jeffery Phillips,3,258.73
3067,2022-09-01,Communication Skills,External,Completed,Jonesshire,Joseph Smith,1,483.26
3068,2022-11-18,Customer Service,External,Completed,East Jeanetteberg,Nancy Lowe,3,261.81
3069,2023-05-10,Technical Skills,External,Incomplete,North Ashley,Jason Smith,1,767.33
3070,2022-12-05,Communication Skills,External,Failed,West Steve,Robert Kennedy,5,848.76
3071,2023-05-30,Project Management,External,Incomplete,New John,Brenda Smith,4,647.01
3072,2023-01-19,Project Management,Internal,Failed,New Cody,Hannah Le,1,230.6
3073,2023-01-28,Customer Service,Internal,Completed,Clarkechester,Loretta Greene,1,681.4
3074,2023-07-03,Leadership Development,Internal,Passed,Trujilloville,Jason Brewer,1,356.98
3075,2023-02-20,Leadership Development,External,Completed,Lake Ryan,Shelby Johnson,4,602.12
3076,2022-11-14,Communication Skills,External,Passed,East John,Kathleen Anderson,5,547.83
3077,2022-10-31,Project Management,External,Failed,Darrenland,James Peck,3,726.88
3078,2023-03-05,Leadership Development,Internal,Completed,East Mikayla,Denise Adams,1,548.95
3079,2023-06-28,Communication Skills,External,Completed,Lake Anna,Kevin Martinez,4,519.81
3080,2023-03-25,Technical Skills,Internal,Incomplete,Mayofort,Edward Gibson,5,121.62
3081,2022-08-28,Customer Service,Internal,Completed,Garrettbury,Tim Hicks Jr.,2,316.38
3082,2023-05-15,Project Management,External,Incomplete,Schmidttown,Melissa Peters,4,696.51
3083,2023-05-08,Technical Skills,External,Completed,Frankborough,William Smith,2,413.66
3084,2023-03-14,Customer Service,External,Completed,Port Timothyport,Brandon Wilson,5,109.14
3085,2023-02-23,Technical Skills,External,Failed,Mariaview,Sheila Gutierrez,2,855.84
3086,2023-06-27,Communication Skills,Internal,Incomplete,West Joshua,Hannah Ortiz,2,288.09
3087,2023-07-08,Communication Skills,Internal,Passed,Leachfurt,Lori Cox,2,776.34
3088,2023-05-25,Customer Service,External,Incomplete,Joshuafurt,Scott Rowe,3,732.88
3089,2023-01-02,Leadership Development,Internal,Failed,Kathrynview,Christopher Adams,4,788.1
3090,2022-11-24,Technical Skills,Internal,Incomplete,Port Davidview,Lucas Larson,4,284.29
3091,2022-11-10,Project Management,External,Completed,Vazquezbury,Cody Wheeler,5,872.29
3092,2022-10-07,Leadership Development,Internal,Passed,South Keithside,Matthew Davis,1,372.99
3093,2023-04-25,Communication Skills,Internal,Passed,Lawrenceborough,Christopher Stephens,5,229.87
3094,2023-03-01,Project Management,Internal,Failed,Melindahaven,Colleen Barrett,2,544.31
3095,2022-08-26,Communication Skills,Internal,Failed,North Andrewshire,Ryan Fitzgerald,4,461.79
3096,2023-04-29,Technical Skills,Internal,Failed,Andreastad,Steven Gardner,1,108.99
3097,2022-12-30,Project Management,Internal,Incomplete,Matthewchester,Lynn Green,5,166.08
3098,2022-10-04,Leadership Development,External,Passed,Diazmouth,Frank Jackson,1,801.69
3099,2023-05-31,Technical Skills,Internal,Passed,Nicoleshire,Lori Brown,4,355.34
3100,2023-07-16,Technical Skills,External,Incomplete,Jamesberg,Crystal Barnett,4,136.94
3101,2023-05-21,Technical Skills,Internal,Completed,Jasonshire,Kristi Hernandez,4,849.63
3102,2023-04-09,Customer Service,Internal,Incomplete,West Michelle,Rose Smith,5,524.34
3103,2023-02-25,Technical Skills,External,Failed,North Frances,Rachel Bishop,1,141.25
3104,2023-08-02,Project Management,Internal,Incomplete,Melissaborough,Rhonda Sanchez,3,852.79
3105,2022-08-30,Technical Skills,External,Failed,Hillville,Tammy Thomas,3,805.93
3106,2023-05-06,Communication Skills,External,Incomplete,Courtneyview,Jacob Reese,3,957.31
3107,2023-05-16,Leadership Development,Internal,Failed,Port Victoria,Sharon Walker,1,855.26
3108,2023-07-07,Customer Service,External,Completed,Markfort,Sheri Reed,1,755.13
3109,2023-06-12,Customer Service,External,Failed,South David,Drew Delacruz,1,260.84
3110,2022-10-29,Technical Skills,External,Completed,East Richardview,Matthew Fitzpatrick,3,299.97
3111,2023-06-06,Leadership Development,Internal,Incomplete,West Jillmouth,Melanie Fernandez,1,374.9
3112,2022-09-23,Technical Skills,Internal,Passed,Watsonchester,Bryan Gonzalez,5,168.79
3113,2022-11-19,Leadership Development,Internal,Passed,South Tim,Michael Shannon,5,236.27
3114,2023-01-10,Technical Skills,Internal,Passed,North Christina,Eric Miranda,5,569.5
3115,2023-07-02,Technical Skills,Internal,Incomplete,Eugenehaven,Dana Price,3,386.26
3116,2022-08-23,Project Management,External,Failed,South Paul,Jacqueline Thornton,4,323.12
3117,2023-04-16,Communication Skills,External,Passed,Michaelville,James Haley,5,461.57
3118,2022-11-06,Technical Skills,External,Incomplete,Thomashaven,Michael Kane,2,543.74
3119,2023-02-26,Leadership Development,External,Passed,Boylestad,Donna Flores,1,899.2
3120,2023-07-05,Project Management,External,Incomplete,Port Samuelburgh,Cory Russell,2,144.25
3121,2023-04-22,Leadership Development,External,Failed,Drakeborough,Nicholas Scott,1,854.54
3122,2023-01-16,Customer Service,External,Completed,Garrettchester,Stephanie Combs,4,107.47
3123,2023-01-01,Communication Skills,External,Failed,Jaimeville,Amanda Sanders,4,479.0
3124,2022-09-02,Customer Service,External,Passed,Port Cameronstad,Kelly Lawson,2,965.62
3125,2023-07-10,Leadership Development,External,Passed,Port Christina,Justin Young,2,459.53
3126,2023-07-21,Communication Skills,External,Passed,Markfort,Sean Johnson,4,667.54
3127,2023-02-19,Project Management,External,Failed,West Brentstad,Patricia Gross,5,309.74
3128,2023-02-28,Communication Skills,Internal,Completed,Ericabury,Michael Richardson,1,830.63
3129,2023-06-11,Technical Skills,Internal,Incomplete,Port Megan,Dana Johnson,4,277.31
3130,2023-03-21,Customer Service,Internal,Incomplete,Larahaven,Rebecca Smith,3,501.5
3131,2023-01-15,Leadership Development,Internal,Completed,Kennethview,Tanya Cruz,3,937.85
3132,2023-03-16,Communication Skills,Internal,Incomplete,Kimberlyshire,Megan Aguilar,3,134.92
3133,2022-10-10,Communication Skills,External,Incomplete,Ricardoberg,Cheryl Greene,3,946.99
3134,2023-03-18,Technical Skills,External,Completed,New Victor,Sandra Fowler,4,945.68
3135,2023-01-28,Communication Skills,Internal,Passed,Bishopbury,Maria Barrett,5,142.21
3136,2022-11-22,Project Management,External,Failed,East Kevinburgh,Chelsea Stokes,2,386.95
3137,2023-06-11,Technical Skills,External,Passed,Port Justinchester,Kathleen Martin,4,641.68
3138,2023-07-26,Project Management,Internal,Failed,Burtonburgh,Kimberly Petersen,2,295.67
3139,2023-04-23,Communication Skills,External,Completed,New Eric,Derrick Walker,4,649.64
3140,2022-12-12,Technical Skills,External,Failed,East Justin,Laura Tucker,1,402.77
3141,2023-04-01,Leadership Development,Internal,Incomplete,East Taraside,Kevin Roth,3,311.92
3142,2023-01-09,Communication Skills,External,Incomplete,Matthewville,Rose Schmidt,5,730.99
3143,2023-05-22,Project Management,Internal,Incomplete,Port Tanyamouth,Chelsey Long,3,330.04
3144,2023-07-15,Communication Skills,Internal,Passed,Port Kyle,Kevin Palmer MD,3,848.99
3145,2023-05-30,Leadership Development,Internal,Passed,Spearsmouth,Joseph Morris,4,773.76
3146,2023-03-06,Technical Skills,External,Passed,Port Todd,Alan Barry,5,560.03
3147,2022-12-20,Project Management,External,Completed,Powellshire,Gerald Reynolds,4,820.65
3148,2023-04-10,Communication Skills,External,Completed,Port Charles,Kelly Smith,2,727.06
3149,2023-07-07,Customer Service,Internal,Failed,Pattersonborough,Scott Peck,2,858.12
3150,2023-01-28,Customer Service,External,Failed,North Kristina,James Hudson,4,781.04
3151,2022-10-06,Project Management,Internal,Passed,Smithberg,David Hoffman,2,978.88
3152,2023-03-24,Communication Skills,Internal,Failed,East Renee,Stephanie Blake,4,955.95
3153,2023-07-11,Communication Skills,External,Passed,East Johnton,Karla Ramirez,5,897.64
3154,2023-05-25,Customer Service,External,Passed,Lake Michael,Chelsea Davis,4,418.08
3155,2022-08-27,Communication Skills,External,Failed,West Greg,Sarah Mitchell,5,336.64
3156,2023-04-02,Communication Skills,External,Failed,Rebeccaburgh,Brandy Martin,4,171.46
3157,2023-05-26,Project Management,Internal,Incomplete,Dunnchester,Michael Wright,3,401.9
3158,2022-12-19,Communication Skills,Internal,Passed,Benjaminhaven,Lisa Huffman,5,266.62
3159,2023-04-19,Technical Skills,External,Failed,New Tina,Jennifer Reed,2,913.36
3160,2023-01-11,Leadership Development,Internal,Failed,Lake Andrewburgh,Michelle Hernandez,3,619.29
3161,2022-09-15,Customer Service,External,Passed,West Timothy,Elizabeth Miller,3,398.98
3162,2023-07-24,Technical Skills,Internal,Failed,Jamesville,Stacy Cole,5,569.76
3163,2022-10-01,Project Management,Internal,Passed,West Joshuaburgh,Mark Johnson,4,807.32
3164,2023-02-10,Project Management,External,Passed,Harmontown,Jane Romero,3,981.17
3165,2022-08-28,Leadership Development,External,Failed,Johnstonchester,Carly Jacobs,4,972.9
3166,2023-01-27,Project Management,Internal,Incomplete,Port Ronaldville,Melissa Carson,4,928.71
3167,2023-01-15,Leadership Development,External,Passed,Hillburgh,Keith Lewis,1,975.21
3168,2023-05-10,Leadership Development,External,Failed,Brandonland,Whitney Smith,5,613.58
3169,2023-02-25,Communication Skills,Internal,Completed,New Duaneshire,Tracy Simmons,4,109.96
3170,2022-08-28,Technical Skills,External,Failed,Elizabethfurt,Theresa Yang,2,361.28
3171,2023-06-30,Leadership Development,External,Failed,Port Tylerview,Rebecca Gonzalez,4,248.66
3172,2022-12-25,Customer Service,External,Failed,North Charlesview,Melissa Faulkner,5,742.18
3173,2023-06-01,Communication Skills,External,Incomplete,Mataport,Stacy Henderson,3,573.31
3174,2022-12-09,Communication Skills,External,Completed,Lake Ronald,Jennifer White,4,860.91
3175,2023-05-22,Technical Skills,External,Failed,Lake Donaldtown,Michael Brown,4,686.77
3176,2023-01-24,Leadership Development,External,Passed,West Ericchester,William Thomas,5,638.26
3177,2023-03-25,Leadership Development,External,Incomplete,Lake Jenniferhaven,Aaron Reed,2,423.71
3178,2023-05-02,Communication Skills,Internal,Incomplete,Lake Aaronton,Ian Baker,3,708.78
3179,2023-05-03,Leadership Development,Internal,Passed,South Sharon,Charles Hurley,2,376.96
3180,2023-07-03,Project Management,External,Completed,West Russell,Teresa Long,1,829.59
3181,2023-01-13,Leadership Development,Internal,Incomplete,Justinland,David Bush,4,900.21
3182,2023-05-02,Technical Skills,Internal,Passed,Barryberg,George Norris,2,825.61
3183,2023-07-28,Customer Service,External,Completed,Johnsonborough,Brandy Young,1,205.22
3184,2022-09-09,Technical Skills,Internal,Failed,East Stacymouth,Penny Koch,3,441.79
3185,2022-11-28,Communication Skills,External,Passed,New Michael,Hannah Hernandez,3,491.87
3186,2023-04-10,Technical Skills,Internal,Failed,Elizabethchester,Kenneth Williams,4,927.48
3187,2023-07-26,Leadership Development,Internal,Completed,South Jacobchester,Nancy Hughes,3,831.15
3188,2023-05-16,Leadership Development,Internal,Incomplete,Larrytown,Tony Ray,3,976.9
3189,2022-09-11,Leadership Development,Internal,Passed,New Jillburgh,Megan Espinoza,5,574.76
3190,2023-07-13,Leadership Development,External,Passed,Scottchester,Brendan Nelson,3,911.6
3191,2023-02-05,Project Management,External,Incomplete,Yolandashire,Aaron Beasley,3,476.39
3192,2022-08-28,Technical Skills,Internal,Incomplete,Lloydside,Sarah Rodriguez,1,752.12
3193,2023-04-16,Project Management,External,Completed,New Bethstad,Robert Chapman,3,240.94
3194,2023-01-23,Leadership Development,Internal,Passed,South David,Audrey Stanley,5,143.28
3195,2023-06-28,Customer Service,External,Failed,Morenoville,David Cobb,1,556.09
3196,2023-06-06,Customer Service,Internal,Passed,Port Masonmouth,Tammy Mejia,5,518.62
3197,2022-11-10,Customer Service,Internal,Failed,Cooperburgh,Kevin Lin,4,694.79
3198,2023-06-01,Communication Skills,Internal,Completed,Port Jenniferbury,James Haynes,2,445.34
3199,2022-09-23,Technical Skills,Internal,Incomplete,Guzmanville,Stephanie Stokes,5,609.18
3200,2023-03-18,Communication Skills,Internal,Completed,New Garyland,Terri James,1,473.02
3201,2023-06-05,Leadership Development,Internal,Failed,Johnstad,Jessica Pratt,2,758.46
3202,2022-08-30,Customer Service,Internal,Passed,Jenniferborough,Jodi Mitchell,3,194.06
3203,2022-09-01,Project Management,External,Passed,Port Nicole,Joan Roach,2,317.06
3204,2022-08-09,Communication Skills,Internal,Passed,Lake Scottberg,Javier Cohen,1,291.9
3205,2023-06-04,Customer Service,External,Incomplete,Lake Shane,Michael Nelson,3,407.29
3206,2023-04-01,Leadership Development,Internal,Passed,New Margaret,Jessica Ashley,2,143.32
3207,2023-02-17,Technical Skills,External,Passed,Port Sean,Tracy Roberts,3,724.51
3208,2023-04-03,Leadership Development,Internal,Passed,North Rebecca,Ruben Lopez,2,955.32
3209,2023-03-06,Project Management,Internal,Incomplete,North Melissa,Ryan Anderson,5,259.71
3210,2022-12-31,Project Management,External,Failed,Lake Jillianside,Christopher Caldwell,2,128.89
3211,2022-10-13,Customer Service,External,Incomplete,Smithchester,Brooke Washington,4,513.76
3212,2023-01-20,Customer Service,External,Failed,West Emilyport,Joel Brown,2,944.89
3213,2023-04-09,Communication Skills,External,Passed,Alexanderberg,Misty Holmes,2,494.29
3214,2023-01-25,Project Management,Internal,Incomplete,West Christopher,Laura Moore,4,521.05
3215,2023-07-06,Communication Skills,External,Failed,Smithport,Dustin Lewis,3,183.77
3216,2023-03-17,Leadership Development,External,Passed,North Thomas,Maria Rios,5,143.08
3217,2023-06-09,Customer Service,External,Passed,North Anne,Michael Kemp,3,723.2
3218,2023-01-21,Leadership Development,External,Incomplete,Stephensville,Dawn Gardner,2,526.6
3219,2023-03-28,Communication Skills,External,Passed,Vanessaport,Kaitlin Lynn,2,771.06
3220,2022-11-11,Technical Skills,Internal,Failed,Hawkinsshire,John Alexander,4,839.86
3221,2023-05-11,Communication Skills,Internal,Failed,Amymouth,Tracy Watson,4,628.77
3222,2022-09-25,Communication Skills,Internal,Completed,East Charleneberg,Jeffrey Robinson,3,433.67
3223,2023-03-14,Communication Skills,Internal,Incomplete,Darinmouth,Eric Lucas,4,158.97
3224,2022-09-14,Project Management,External,Completed,Fosterhaven,Carolyn Ward,2,107.77
3225,2023-07-26,Communication Skills,Internal,Completed,Leonardland,Wendy Jimenez,1,374.1
3226,2023-03-01,Leadership Development,External,Incomplete,Sarahmouth,Yvette Myers,2,471.42
3227,2023-01-05,Technical Skills,External,Incomplete,Figueroafort,John Ortiz,2,431.12
3228,2022-08-09,Customer Service,External,Passed,Websterstad,Valerie Gonzalez,3,272.77
3229,2022-12-30,Technical Skills,Internal,Incomplete,South Davidview,Charles Bender,3,757.48
3230,2022-10-14,Project Management,External,Completed,East Vincentstad,Kyle Horton,5,466.81
3231,2022-10-24,Customer Service,External,Failed,Port Timview,Alyssa Lowe,3,668.59
3232,2023-06-27,Communication Skills,External,Failed,Danielleton,Brittany Davis,5,318.34
3233,2022-12-28,Communication Skills,Internal,Incomplete,Tracyshire,Allison Brooks,2,403.42
3234,2022-11-03,Leadership Development,Internal,Completed,South Katelyn,Lorraine Rodriguez,3,185.58
3235,2023-02-08,Project Management,Internal,Failed,Murphyland,Mark Moore,3,667.23
3236,2022-12-17,Communication Skills,Internal,Completed,Jonesview,Karen Whitehead,5,209.99
3237,2023-06-12,Leadership Development,Internal,Failed,West Ryanside,Tiffany Barajas,5,114.81
3238,2023-02-08,Project Management,External,Incomplete,Monicahaven,Alexander Tanner,2,964.12
3239,2022-10-15,Leadership Development,External,Passed,Martinezside,Amber Williams,1,818.77
3240,2022-10-15,Project Management,External,Passed,Carlosland,James Evans,3,801.31
3241,2022-10-14,Communication Skills,Internal,Completed,Kennethport,Kevin Ramirez,5,674.84
3242,2022-10-25,Communication Skills,Internal,Incomplete,New Ericberg,Tricia Nelson,2,364.55
3243,2022-09-20,Technical Skills,Internal,Completed,Dominguezmouth,Amanda Olsen,1,174.03
3244,2022-12-01,Communication Skills,Internal,Failed,Port Kimberlyshire,Ricky Thomas,4,816.37
3245,2023-04-29,Project Management,External,Incomplete,New Kennethside,John Higgins,1,163.79
3246,2023-01-31,Technical Skills,Internal,Failed,Seanstad,Jessica Crawford,1,325.19
3247,2023-02-26,Communication Skills,Internal,Completed,West Brianborough,Monique Howard,1,834.12
3248,2023-01-28,Customer Service,External,Completed,Jacksonshire,Jessica Miller,2,222.11
3249,2023-03-08,Communication Skills,Internal,Failed,Nelsonside,Beth Kennedy,4,875.83
3250,2023-02-06,Communication Skills,External,Completed,Moodyborough,Amanda Black,1,232.39
3251,2022-11-25,Leadership Development,Internal,Completed,Castanedaville,Roberto Stone,4,719.24
3252,2022-11-08,Communication Skills,Internal,Incomplete,Port Loriport,Lynn Nielsen,5,102.7
3253,2023-04-21,Communication Skills,External,Failed,Heatherstad,Matthew Bennett,2,869.46
3254,2023-05-09,Leadership Development,External,Failed,Port Dillon,Richard Martin,2,823.95
3255,2022-08-07,Leadership Development,External,Incomplete,West Erin,Amber Pope,3,975.75
3256,2023-04-01,Customer Service,External,Failed,Stoneborough,Jeffrey Gutierrez,4,202.81
3257,2023-06-24,Project Management,External,Completed,North Michellefort,Molly Gutierrez,3,309.86
3258,2023-07-16,Leadership Development,Internal,Completed,South Laura,William Bowman,2,909.73
3259,2023-01-11,Project Management,Internal,Failed,Jeffreytown,Beth Lopez,5,577.84
3260,2022-12-03,Customer Service,External,Failed,Mooreland,Debbie Mccormick,2,681.18
3261,2023-04-17,Project Management,External,Failed,Scottmouth,Sharon Mcconnell,3,253.14
3262,2023-05-10,Communication Skills,Internal,Passed,New Joshuamouth,Ian Brown,4,959.73
3263,2023-04-11,Project Management,Internal,Passed,Jonathanstad,Patricia Boone,5,320.26
3264,2022-09-01,Leadership Development,Internal,Failed,Stephentown,Joe Garcia,4,506.18
3265,2022-12-07,Customer Service,External,Failed,Fergusonmouth,Taylor Bradley,1,721.96
3266,2022-11-17,Project Management,External,Incomplete,East Bridget,Michael Mercado,5,157.85
3267,2022-10-27,Communication Skills,External,Incomplete,East Rebekah,Brittany Trevino,1,980.78
3268,2023-06-24,Project Management,Internal,Failed,Daleland,Kelly Miller,5,988.08
3269,2023-04-11,Customer Service,Internal,Passed,West Shirley,Anna Clark,1,322.45
3270,2022-10-13,Leadership Development,External,Passed,Stonehaven,Ronald Jones,1,147.59
3271,2023-03-15,Technical Skills,External,Passed,South Brittanyhaven,Robin Christensen,3,747.02
3272,2023-01-30,Leadership Development,External,Passed,Haileybury,Julia George,2,419.09
3273,2022-11-04,Technical Skills,Internal,Passed,Port Jessica,Justin Reynolds,3,484.19
3274,2022-12-07,Customer Service,External,Failed,Millerview,Shelby Welch,3,293.34
3275,2022-11-28,Technical Skills,Internal,Incomplete,Morrisfurt,Brittney Lowe,3,942.66
3276,2022-08-15,Project Management,External,Completed,West Deannafurt,Benjamin Pittman,3,826.54
3277,2023-03-14,Project Management,Internal,Passed,South Felicia,Christine Adams,1,997.87
3278,2023-03-15,Leadership Development,Internal,Failed,Tonyachester,Angela Murphy,3,855.9
3279,2022-10-30,Technical Skills,Internal,Incomplete,Frankland,Teresa Morris,4,518.24
3280,2022-09-24,Project Management,External,Incomplete,South Connieborough,Tiffany Franco DVM,3,580.09
3281,2023-01-23,Project Management,Internal,Passed,South Shelbyfurt,Tara Brown,3,104.8
3282,2023-05-09,Project Management,External,Failed,Nguyentown,Michelle Salas,2,939.86
3283,2023-03-03,Communication Skills,Internal,Incomplete,Marissachester,Jennifer Myers,2,353.7
3284,2022-10-20,Technical Skills,External,Incomplete,Loritown,Mark Lloyd,5,538.22
3285,2023-05-07,Project Management,External,Incomplete,Lake Michaelhaven,Kimberly Fisher,2,698.54
3286,2023-05-16,Project Management,External,Completed,West Frankside,Christopher Dudley,1,692.96
3287,2022-08-18,Project Management,Internal,Incomplete,Paulport,Becky James,3,997.37
3288,2022-12-15,Customer Service,Internal,Failed,South Patricia,Shawn Glass,1,523.79
3289,2023-03-31,Customer Service,Internal,Completed,Riggsstad,Daniel Ross,5,923.23
3290,2023-01-24,Customer Service,External,Completed,Davisberg,Michael Howard,5,406.19
3291,2022-10-02,Technical Skills,Internal,Completed,East Ashley,Pedro Elliott,2,394.74
3292,2023-01-03,Leadership Development,Internal,Passed,Lake Ronaldfort,Timothy Walker,5,237.3
3293,2023-01-19,Leadership Development,Internal,Incomplete,Mirandamouth,Tanya Avila,2,261.25
3294,2023-07-09,Communication Skills,External,Incomplete,South William,Linda Serrano,3,582.07
3295,2022-10-04,Leadership Development,Internal,Passed,Jeffersonville,Anna Raymond,4,286.88
3296,2023-07-17,Communication Skills,Internal,Passed,New Ernest,William Davis,2,602.7
3297,2023-05-11,Communication Skills,External,Incomplete,Lake Danny,Alexandra Garcia,1,440.54
3298,2023-04-15,Customer Service,Internal,Completed,Millerburgh,Michael Smith,1,549.56
3299,2023-04-02,Leadership Development,Internal,Incomplete,North Brian,Danielle Santiago,4,721.03
3300,2023-04-24,Leadership Development,External,Incomplete,Port Gregory,Shannon Knight,2,897.32
3301,2023-02-03,Customer Service,Internal,Incomplete,North Christopherberg,Sean Joyce,1,443.13
3302,2023-03-16,Communication Skills,External,Incomplete,Andreton,Scott Miranda,4,584.29
3303,2023-07-19,Customer Service,Internal,Incomplete,Lake Dustin,Cheryl Watts,2,249.76
3304,2023-06-15,Communication Skills,External,Incomplete,North Kevinburgh,Susan Nelson,2,123.32
3305,2022-12-01,Project Management,Internal,Completed,North Charles,Nathaniel Thomas,1,149.24
3306,2023-01-13,Project Management,External,Incomplete,East Derek,Stacy Diaz,3,267.72
3307,2023-01-28,Leadership Development,Internal,Passed,Knightview,James Benton,5,837.16
3308,2023-04-05,Project Management,Internal,Passed,Port Joeville,Joanna Rivers PhD,4,864.47
3309,2022-09-15,Customer Service,External,Completed,New Scottborough,Sean Sanchez,3,547.86
3310,2023-07-22,Project Management,External,Incomplete,West Vincent,Thomas Ray,3,514.23
3311,2022-12-10,Communication Skills,Internal,Passed,Benjaminchester,Antonio Cox,3,773.82
3312,2022-11-11,Communication Skills,Internal,Failed,New Adamborough,Christopher Ramirez,4,760.81
3313,2023-03-30,Technical Skills,Internal,Failed,Port Brittany,Jeffrey Higgins,1,705.95
3314,2023-06-10,Customer Service,External,Incomplete,Wongville,Emma Moran,2,651.52
3315,2023-02-03,Leadership Development,Internal,Incomplete,Tonyamouth,Stephanie Obrien,1,976.59
3316,2022-08-17,Communication Skills,Internal,Failed,Riveramouth,Mary Gibson,1,780.12
3317,2022-12-20,Customer Service,External,Passed,Port Robert,Stephanie Edwards,1,870.15
3318,2022-09-16,Leadership Development,Internal,Incomplete,North Taylorfurt,Lisa Hill,2,728.28
3319,2023-06-27,Technical Skills,Internal,Completed,Ramirezland,Maurice Rivera,2,141.88
3320,2022-10-16,Project Management,Internal,Completed,Cynthiaview,Brittany Rodriguez,3,678.77
3321,2022-08-23,Project Management,Internal,Passed,New Morganshire,Cynthia Bailey,1,134.05
3322,2023-05-11,Communication Skills,External,Failed,South Davidtown,Dr. Derek Shaffer,5,371.76
3323,2022-09-27,Communication Skills,External,Incomplete,South Johnside,Bradley Garcia,5,967.51
3324,2023-06-16,Technical Skills,External,Failed,East Lauraton,Keith Smith,3,468.78
3325,2023-04-17,Technical Skills,External,Completed,South William,William Hernandez,4,747.42
3326,2022-11-06,Project Management,Internal,Completed,Floydview,Michael Bell,3,115.27
3327,2023-06-04,Customer Service,Internal,Incomplete,Karihaven,Ariel Hicks,3,454.55
3328,2022-11-26,Technical Skills,Internal,Failed,South Christopher,John Faulkner,1,391.22
3329,2022-12-21,Customer Service,External,Incomplete,Galvanville,Anthony Burton,3,845.51
3330,2023-04-22,Project Management,External,Incomplete,Greenfort,Manuel Byrd,2,713.22
3331,2022-08-11,Communication Skills,Internal,Passed,Franklinfurt,Angela Mitchell,2,242.55
3332,2023-02-09,Technical Skills,Internal,Completed,New Kevintown,Heather Hoover,5,385.68
3333,2023-01-05,Customer Service,Internal,Passed,Walkerport,Teresa Rogers,4,995.4
3334,2022-10-23,Project Management,External,Completed,Lake Bradley,Lauren Brown,5,583.4
3335,2023-03-17,Project Management,Internal,Incomplete,North Rebecca,Linda Cunningham,5,388.61
3336,2023-04-02,Leadership Development,Internal,Incomplete,Estradamouth,Stacey Anderson,4,290.13
3337,2023-04-28,Customer Service,Internal,Failed,Brianbury,Christopher Warren,3,933.76
3338,2023-06-23,Project Management,External,Incomplete,Avilafurt,Michael Hill,3,796.62
3339,2023-02-02,Customer Service,External,Failed,North Jamesburgh,James Mclean,4,986.69
3340,2023-07-09,Technical Skills,External,Failed,Hollyfort,Jeremy Paul,4,965.82
3341,2023-07-19,Technical Skills,Internal,Failed,South John,Krista Estrada,1,933.59
3342,2022-11-15,Leadership Development,Internal,Failed,Clarkville,Guy Cuevas,4,583.66
3343,2023-07-05,Technical Skills,External,Failed,Lauramouth,Matthew Patterson,2,819.62
3344,2022-11-20,Communication Skills,Internal,Failed,West Todd,Michael Schultz,5,925.0
3345,2022-12-28,Project Management,External,Incomplete,Alexishaven,Julia Hernandez,5,127.93
3346,2022-10-27,Leadership Development,Internal,Incomplete,Johnsonberg,Elizabeth Lopez,1,608.47
3347,2023-01-24,Technical Skills,External,Incomplete,East Vicki,Theresa Martin,1,501.92
3348,2023-04-29,Project Management,Internal,Passed,Kennethtown,Colton Knight,2,922.33
3349,2022-08-31,Project Management,Internal,Incomplete,West Garyburgh,Kimberly Ross,5,306.01
3350,2022-09-30,Project Management,Internal,Passed,Lake Elizabeth,Steven Smith,2,963.95
3351,2023-02-17,Communication Skills,External,Incomplete,North Sabrina,Nicole Hernandez,1,388.02
3352,2023-04-26,Project Management,Internal,Failed,Kyletown,Sandra Rodriguez,1,140.61
3353,2023-03-14,Project Management,External,Incomplete,Katherinestad,Lee Holt,3,749.47
3354,2022-11-19,Communication Skills,Internal,Incomplete,South Elizabeth,Sarah Ramirez,5,503.22
3355,2023-06-14,Leadership Development,Internal,Passed,Kristamouth,Jimmy Day,4,492.21
3356,2022-08-08,Leadership Development,External,Completed,East Nicholefurt,Nicole Rodgers,5,890.94
3357,2023-07-12,Technical Skills,Internal,Failed,Lake Jeffreyberg,Justin Henson,2,621.3
3358,2022-08-28,Customer Service,External,Failed,South Melissa,Eric Webb,5,806.4
3359,2023-04-13,Project Management,External,Passed,Port Janice,Meghan Romero,5,886.07
3360,2022-12-14,Customer Service,External,Passed,Harrisport,Robert George,3,740.89
3361,2022-11-14,Communication Skills,External,Passed,North Johnnyberg,Brittany Gutierrez,1,921.81
3362,2023-07-31,Customer Service,Internal,Passed,North Katherineberg,Samantha Chase MD,2,348.84
3363,2023-05-22,Customer Service,External,Completed,East Diane,Steven Wood,2,826.15
3364,2022-12-01,Leadership Development,Internal,Completed,Keyfurt,Angela Clark,1,205.35
3365,2022-08-23,Communication Skills,External,Incomplete,Nathanton,Robert Blanchard,1,349.86
3366,2022-09-20,Project Management,External,Passed,New Karahaven,Kenneth Ferguson,1,546.47
3367,2023-06-09,Leadership Development,Internal,Passed,West Lisabury,Richard Jones,2,448.21
3368,2022-11-28,Leadership Development,Internal,Incomplete,West Kelly,Donna Webster MD,5,970.35
3369,2022-10-01,Project Management,Internal,Completed,Hicksland,Zachary Ferrell,5,152.86
3370,2023-06-06,Customer Service,External,Completed,Mosleyland,Scott Gordon,2,264.88
3371,2022-12-01,Communication Skills,Internal,Passed,Spencerstad,Matthew Rios,2,210.15
3372,2023-05-05,Technical Skills,External,Passed,West Ellentown,Christopher Johnson,4,627.18
3373,2022-12-29,Customer Service,External,Incomplete,North Dominique,Jonathan Flores,1,575.42
3374,2022-11-27,Communication Skills,Internal,Completed,Gabrielleport,Laura Cowan,4,123.64
3375,2023-06-30,Technical Skills,Internal,Failed,North Michaelborough,Anna Franklin,1,655.61
3376,2023-02-20,Project Management,External,Incomplete,South Travishaven,Linda Lee,4,410.54
3377,2022-10-24,Communication Skills,Internal,Completed,New Ryan,Luis Greer,2,485.17
3378,2023-07-08,Technical Skills,External,Passed,Port Ashleymouth,Thomas Jensen,1,731.18
3379,2023-01-12,Technical Skills,Internal,Failed,Joannaview,Craig Sullivan,3,849.25
3380,2022-10-26,Technical Skills,Internal,Incomplete,South Peterberg,Daniel Mendez,1,399.81
3381,2022-08-30,Customer Service,Internal,Incomplete,Lorifurt,Benjamin Cooley,4,604.06
3382,2023-04-14,Project Management,Internal,Failed,Jenniferbury,Thomas Smith,2,815.35
3383,2022-11-16,Leadership Development,Internal,Failed,Amybury,Kevin Reyes,4,750.79
3384,2022-11-19,Leadership Development,Internal,Passed,Kochtown,Randall Little,1,981.44
3385,2023-02-10,Technical Skills,External,Failed,Port Michael,Julie Allen,5,553.4
3386,2022-08-26,Leadership Development,External,Incomplete,Savageborough,Laura Sharp,1,348.3
3387,2022-10-16,Technical Skills,Internal,Completed,South Maureenview,Mrs. Crystal White DVM,3,912.09
3388,2022-11-03,Leadership Development,External,Failed,Kennethborough,Kelly Castaneda,2,278.04
3389,2022-10-18,Project Management,External,Completed,Ramostown,Jordan Williams,5,812.22
3390,2022-11-06,Leadership Development,Internal,Failed,Davismouth,Dwayne Allen,3,765.2
3391,2023-04-01,Communication Skills,Internal,Incomplete,Johnborough,Kevin Robinson,2,374.13
3392,2023-01-23,Technical Skills,External,Completed,New Julieshire,Randy Dixon,3,319.39
3393,2023-07-30,Leadership Development,External,Passed,Robinsonshire,Katie Davis,5,538.8
3394,2022-09-12,Leadership Development,External,Incomplete,Port Connie,Timothy Osborne,3,845.75
3395,2022-08-24,Communication Skills,Internal,Failed,Port John,Thomas Lee,3,745.69
3396,2023-04-15,Leadership Development,External,Passed,Lake Susan,Jessica Greer,4,743.92
3397,2022-10-05,Project Management,Internal,Incomplete,West Juan,Patrick Soto,2,826.58
3398,2022-08-24,Project Management,External,Passed,New Jennifer,Sherri Robertson,2,155.61
3399,2022-12-01,Leadership Development,External,Failed,Jennafort,Allison Brown,3,898.26
3400,2023-07-21,Leadership Development,External,Passed,North Connortown,Veronica Knapp,1,639.06
3401,2023-04-25,Project Management,Internal,Passed,New Michellestad,James Owens,5,605.29
3402,2023-07-05,Customer Service,External,Incomplete,Kellychester,Judy Barajas,2,783.25
3403,2023-06-08,Communication Skills,External,Completed,Turnermouth,Justin Johnson,5,406.68
3404,2023-04-10,Customer Service,Internal,Incomplete,North Kelly,Autumn Mcneil,4,518.46
3405,2023-04-05,Customer Service,External,Completed,Kellermouth,William Davenport,1,397.18
3406,2023-04-27,Customer Service,Internal,Incomplete,New Roberthaven,Stephanie Scott,1,538.94
3407,2023-02-06,Leadership Development,External,Incomplete,West Mark,George Boone,1,501.87
3408,2022-08-13,Leadership Development,External,Failed,South Anthonyfort,Jillian Rodriguez,5,877.62
3409,2023-07-27,Technical Skills,Internal,Failed,Johnsonfort,April Howell,2,575.11
3410,2023-03-05,Leadership Development,External,Failed,Williamsmouth,Willie Smith,2,729.76
3411,2023-05-31,Customer Service,Internal,Incomplete,Jasonchester,James Johnson,5,961.53
3412,2022-10-07,Leadership Development,External,Incomplete,Millerbury,Michael Bailey,2,966.67
3413,2023-03-20,Customer Service,External,Passed,South Angela,Adam Sanford,5,394.1
3414,2023-07-23,Project Management,External,Incomplete,East Adam,Eric Vaughn,2,616.09
3415,2022-09-16,Leadership Development,Internal,Completed,Fredericktown,Laura Hanson,4,103.35
3416,2023-02-18,Leadership Development,External,Incomplete,Vaughnchester,Chad Gutierrez,5,488.05
3417,2023-03-10,Project Management,External,Incomplete,Perrytown,Justin Stone,5,906.21
3418,2023-06-15,Technical Skills,Internal,Completed,Christinaburgh,Kenneth Parker,4,397.08
3419,2023-05-18,Project Management,External,Passed,South Davidfort,Joan Reeves,3,999.72
3420,2022-12-15,Project Management,External,Passed,North Christophermouth,Jeremy Andrews,2,489.02
3421,2023-01-22,Customer Service,External,Passed,Greeneside,Martin Ross,1,786.71
3422,2023-03-13,Communication Skills,Internal,Failed,Alyssaview,Paul Davis,1,707.96
3423,2022-10-14,Technical Skills,External,Completed,Kramerbury,David Matthews,1,439.65
3424,2022-08-18,Project Management,Internal,Completed,Lozanoburgh,Julie Bell,5,981.13
3425,2023-05-19,Technical Skills,External,Completed,Hughesburgh,Paige Figueroa,3,184.27
3426,2023-05-02,Leadership Development,Internal,Failed,North Joshuatown,Joel Brooks,5,675.37
3427,2023-07-15,Leadership Development,Internal,Failed,South Marisa,Taylor Rodriguez,2,606.11
3428,2022-09-12,Customer Service,External,Incomplete,Tammieville,Kelly Patterson DDS,4,673.02
3429,2022-08-13,Leadership Development,External,Failed,East Roberthaven,Taylor Thomas,2,413.28
3430,2022-12-15,Project Management,External,Completed,Garzatown,Holly Elliott,3,663.78
3431,2023-07-13,Technical Skills,External,Failed,Lake Meganville,Donald Martinez,5,399.03
3432,2023-04-18,Project Management,Internal,Passed,Kingchester,Holly Sloan,2,820.33
3433,2022-08-06,Customer Service,External,Passed,Lancehaven,David Stewart,5,295.08
3434,2022-10-07,Leadership Development,Internal,Passed,Jeremyshire,Stephanie Garza,3,790.15
3435,2023-07-19,Customer Service,Internal,Passed,West Randall,John Brown,3,798.4
3436,2023-04-09,Leadership Development,Internal,Failed,Nicolebury,Megan Wilson,5,192.61
3437,2022-10-20,Technical Skills,Internal,Failed,Jenniferhaven,Mrs. Valerie Brown,1,455.68
3438,2022-10-05,Technical Skills,Internal,Failed,Nunezmouth,Sharon Flores DDS,2,208.17
3439,2023-03-09,Technical Skills,External,Incomplete,Port Margaretview,Kimberly Garcia,1,421.07
3440,2023-05-29,Communication Skills,External,Failed,Nancyview,Christopher Underwood,1,649.03
3441,2023-01-08,Project Management,Internal,Passed,Carrollside,Robert Kane,4,450.2
3442,2023-03-06,Project Management,External,Failed,Port Davidshire,Victoria Berry,4,286.87
3443,2023-02-18,Technical Skills,External,Failed,East Katie,Gary Thornton,3,402.13
3444,2022-11-02,Technical Skills,External,Failed,Jacobburgh,William Willis,2,388.84
3445,2023-07-14,Project Management,External,Completed,Ryanmouth,Andre Wu,2,879.64
3446,2022-12-11,Technical Skills,Internal,Failed,South John,Olivia Holland,5,701.13
3447,2023-04-02,Customer Service,Internal,Incomplete,Kristenton,Kimberly Doyle,3,353.21
3448,2023-05-16,Communication Skills,Internal,Completed,West Jamesview,Lindsay Williams,4,911.05
3449,2022-10-02,Communication Skills,External,Completed,Josebury,Joseph Faulkner,3,242.21
3450,2023-01-12,Technical Skills,Internal,Completed,South Benjaminfurt,Laura Davis,4,186.07
3451,2023-03-22,Technical Skills,External,Completed,Duncanview,Betty Williams,1,921.97
3452,2022-09-13,Customer Service,Internal,Failed,Lake Jonathan,Daniel Miller,1,691.04
3453,2022-08-25,Customer Service,External,Completed,Port Jamesshire,Samantha Hodge,5,964.44
3454,2023-02-07,Communication Skills,Internal,Passed,West Brandon,Jonathan Brady,3,184.9
3455,2023-03-17,Project Management,External,Passed,Wadefurt,Timothy Moreno,1,220.41
3456,2023-06-08,Technical Skills,External,Passed,East Aaron,Morgan Wright,2,336.82
3457,2023-04-15,Customer Service,External,Completed,Williamsbury,Jeremy Garcia,4,485.73
3458,2022-12-02,Communication Skills,Internal,Failed,North Deborahville,Joseph Ward,2,409.27
3459,2023-06-14,Communication Skills,Internal,Passed,Chapmanbury,Joseph Thomas,4,168.32
3460,2023-07-08,Communication Skills,External,Incomplete,Paulashire,Willie Hernandez,5,919.52
3461,2023-01-05,Technical Skills,External,Completed,Taylorland,Micheal Munoz,2,948.43
3462,2023-07-19,Project Management,External,Completed,Erinville,Stacey Esparza,1,320.01
3463,2022-08-29,Technical Skills,Internal,Incomplete,Harperchester,Heather Edwards,4,926.19
3464,2022-11-13,Customer Service,External,Passed,Trevorside,Michaela Wright,2,290.47
3465,2023-06-04,Communication Skills,External,Incomplete,Port Alexaborough,Trevor Perry,1,706.1
3466,2022-12-07,Customer Service,External,Passed,West Angelaside,Erika Jackson,3,447.66
3467,2023-02-24,Technical Skills,Internal,Incomplete,Mariabury,Regina Robinson,1,759.7
3468,2023-05-10,Customer Service,Internal,Completed,Patelport,Michael Garcia,3,180.63
3469,2022-08-15,Communication Skills,Internal,Failed,North Jeanetteville,Lisa Barnes,2,552.54
3470,2022-09-26,Project Management,External,Passed,New Molly,Katie Wong MD,1,986.96
3471,2023-03-23,Customer Service,External,Passed,West Jonathan,Frank Joyce,3,109.98
3472,2023-02-12,Technical Skills,External,Completed,Port Karatown,Matthew Meyer,5,537.24
3473,2022-12-06,Communication Skills,External,Failed,Wagnertown,Frank Harris,5,789.99
3474,2022-09-01,Customer Service,External,Incomplete,New Michaelport,Justin Rodriguez,5,155.51
3475,2022-11-02,Customer Service,Internal,Passed,South Taylorfurt,Jenna Sherman,2,648.76
3476,2022-11-18,Leadership Development,Internal,Incomplete,Stephanieshire,Dr. Margaret Allen,4,533.5
3477,2022-11-07,Leadership Development,External,Failed,New Cynthia,Kristin Terry,5,429.48
3478,2022-10-05,Technical Skills,External,Incomplete,Port Matthew,Daniel Solomon,1,526.74
3479,2023-01-18,Communication Skills,Internal,Passed,Stephanieburgh,Michael Dixon,3,443.45
3480,2023-03-02,Leadership Development,External,Failed,North Amyfurt,Robert Hill,1,887.15
3481,2023-05-29,Technical Skills,External,Incomplete,East Charleston,Glenda Ryan,5,758.95
3482,2023-03-03,Technical Skills,Internal,Failed,Saraland,Jennifer Brown,1,627.11
3483,2022-08-10,Project Management,External,Passed,Manuelfort,Cody Adams,4,111.96
3484,2023-06-27,Project Management,External,Passed,Johnsonport,Justin Barton,1,795.7
3485,2022-08-07,Customer Service,Internal,Passed,Port Bradley,Michael Chase,2,796.45
3486,2023-07-23,Project Management,Internal,Completed,Lake Angelafort,Daniel Jones,5,812.59
3487,2023-07-17,Project Management,External,Completed,Lake Lindsayton,Duane Trevino,5,132.97
3488,2022-09-20,Communication Skills,Internal,Completed,West Cynthia,Terrence Hopkins,1,308.19
3489,2023-07-02,Project Management,Internal,Passed,Isabelchester,Brittany Savage,1,131.41
3490,2023-07-19,Technical Skills,Internal,Failed,Lake Robertberg,Samantha Williams,3,389.59
3491,2023-07-14,Project Management,Internal,Incomplete,Petersville,Stephen Blair,3,442.56
3492,2022-09-06,Project Management,Internal,Incomplete,Christinahaven,Amanda Greene,3,327.66
3493,2023-02-19,Project Management,Internal,Completed,Joelmouth,Cathy Fleming,3,400.95
3494,2023-02-11,Technical Skills,Internal,Completed,Victoriahaven,James Perez,2,910.45
3495,2022-12-21,Customer Service,External,Passed,Port Andrew,Christian Higgins,1,701.55
3496,2023-02-16,Project Management,Internal,Incomplete,Port Ashleybury,Monica Keller,1,806.87
3497,2023-03-11,Communication Skills,Internal,Completed,Kelseyborough,Sydney Johnson,2,184.21
3498,2023-05-30,Project Management,External,Failed,Yorkport,Amy Clark,1,208.43
3499,2023-01-30,Technical Skills,Internal,Incomplete,East Bradley,Angela Lee,2,762.45
3500,2023-06-15,Leadership Development,External,Incomplete,Smithchester,Larry Morales,4,779.79
3501,2023-06-09,Project Management,External,Passed,South Kaylachester,Troy Adams,3,135.95
3502,2023-01-03,Customer Service,External,Incomplete,East Karlton,Bryan Kennedy PhD,3,427.12
3503,2023-02-20,Technical Skills,Internal,Completed,East Brandonview,Lisa Shelton,4,996.35
3504,2023-06-02,Communication Skills,Internal,Completed,Brittneyside,Linda Pena,5,963.23
3505,2022-09-13,Leadership Development,Internal,Failed,West Jamesburgh,Sophia Roberts,5,260.97
3506,2023-05-21,Leadership Development,Internal,Completed,Deleonport,Jonathan Peterson,1,781.81
3507,2023-05-25,Project Management,Internal,Passed,Loriberg,Michael Copeland,4,651.77
3508,2023-04-04,Communication Skills,External,Completed,South Michael,Ashley Contreras,1,568.22
3509,2023-03-04,Leadership Development,External,Completed,Diamondchester,William Smith,4,612.1
3510,2022-10-27,Technical Skills,External,Completed,Stevensside,Donna Diaz,4,473.23
3511,2023-04-07,Technical Skills,Internal,Completed,Anthonyville,Juan Peck,3,344.44
3512,2022-11-25,Communication Skills,Internal,Failed,Bryantport,Sharon Miller,2,206.44
3513,2023-06-03,Communication Skills,External,Completed,East Adam,Katie Harrington,1,599.0
3514,2023-02-21,Leadership Development,Internal,Incomplete,West Adam,Jimmy Lucero,3,975.46
3515,2023-02-04,Customer Service,Internal,Completed,West Keith,Elizabeth Cook,1,143.96
3516,2023-06-22,Technical Skills,Internal,Incomplete,Lake Stephen,Gregory Kramer,1,570.42
3517,2022-09-17,Technical Skills,Internal,Failed,Hillberg,Mr. Frederick Fuentes,3,391.31
3518,2023-06-27,Customer Service,Internal,Completed,Port Vanessafort,Michael Parker,3,826.58
3519,2022-12-11,Leadership Development,External,Incomplete,Deborahshire,Patrick Reeves,4,930.69
3520,2022-09-11,Customer Service,External,Incomplete,North Anthonybury,Robin Sims,1,607.93
3521,2023-02-28,Communication Skills,Internal,Incomplete,West Travis,Lindsay Matthews,5,723.5
3522,2023-05-05,Communication Skills,External,Completed,Gonzalesberg,Joe Gonzalez,5,394.04
3523,2023-07-10,Leadership Development,External,Incomplete,South William,Felicia Berg,2,451.18
3524,2023-01-02,Communication Skills,Internal,Completed,Wilsonmouth,Jessica Vazquez,5,124.65
3525,2022-10-09,Leadership Development,External,Incomplete,East Michaelburgh,Tara Christensen,4,237.75
3526,2022-10-15,Customer Service,Internal,Passed,Thompsonton,Denise Wilkerson,2,360.5
3527,2023-01-06,Project Management,Internal,Failed,Berryland,Scott Richardson,4,396.28
3528,2023-03-02,Technical Skills,External,Passed,Port Williamville,Joseph Phillips,1,465.96
3529,2022-09-04,Project Management,Internal,Incomplete,South Andretown,Julie Hoffman,1,515.56
3530,2023-01-18,Customer Service,External,Passed,Emilyside,Christopher Gonzalez,2,496.85
3531,2022-11-30,Leadership Development,External,Completed,Dannybury,Kristen Harris,3,629.46
3532,2023-05-02,Technical Skills,Internal,Failed,Michaelhaven,Scott Anderson,2,771.61
3533,2023-05-11,Leadership Development,Internal,Completed,North Janet,Jamie Dougherty,4,418.4
3534,2023-05-21,Customer Service,Internal,Completed,Jacksonbury,Kathleen Bailey,3,900.96
3535,2023-06-25,Technical Skills,External,Incomplete,Derrickview,Katherine Valentine,1,936.96
3536,2022-11-23,Leadership Development,External,Passed,New Jamesstad,Marissa Dean,5,269.03
3537,2023-02-06,Leadership Development,Internal,Completed,Griffintown,Janice Leblanc,4,853.77
3538,2022-10-06,Technical Skills,Internal,Failed,East Crystal,Joshua Mcguire,4,141.07
3539,2023-03-17,Project Management,External,Failed,Brandtchester,Justin Adams,4,234.77
3540,2022-10-26,Communication Skills,External,Incomplete,West Josephmouth,Kristin Rodriguez,2,903.46
3541,2023-05-22,Customer Service,External,Passed,East Timothy,Ronald Butler,4,380.3
3542,2022-08-22,Project Management,Internal,Failed,New Tyler,Jessica Lopez,4,511.42
3543,2023-05-21,Communication Skills,External,Passed,Charlesville,Brett Turner IV,4,171.03
3544,2023-05-02,Leadership Development,External,Passed,Rayborough,Mrs. Nicole Simon,3,842.93
3545,2023-05-04,Customer Service,External,Incomplete,Lopezbury,Monica Jimenez,5,581.12
3546,2022-11-21,Project Management,External,Passed,New Faith,Stephanie Horton,4,426.45
3547,2023-04-24,Technical Skills,External,Failed,Port Robertbury,Timothy Black,4,805.05
3548,2022-08-16,Leadership Development,External,Passed,Lake Tinamouth,Corey Hernandez,3,368.8
3549,2022-11-02,Communication Skills,External,Failed,Claudiashire,John Gutierrez DDS,5,788.67
3550,2023-04-09,Project Management,Internal,Completed,New Bonnie,Lisa Gibbs,4,363.11
3551,2022-10-27,Communication Skills,External,Incomplete,Danielfort,Jesus Daniel,1,570.13
3552,2022-11-26,Leadership Development,External,Failed,Charlottebury,John Miller,4,480.87
3553,2022-12-11,Project Management,Internal,Incomplete,West David,Christopher Curtis,5,689.48
3554,2023-06-05,Project Management,Internal,Completed,Carsonmouth,Collin Santiago,4,283.33
3555,2023-03-04,Leadership Development,External,Passed,Nashview,Darlene Vega,4,566.12
3556,2023-02-11,Customer Service,Internal,Incomplete,Christinastad,Mandy Morrison,1,513.92
3557,2023-02-04,Project Management,External,Failed,East Cherylmouth,Melissa Oliver,1,210.38
3558,2023-07-18,Technical Skills,Internal,Completed,Lake Markberg,Cassandra Bell,1,941.54
3559,2022-11-30,Project Management,External,Failed,West Michelletown,John Allen,2,959.81
3560,2023-05-22,Technical Skills,External,Passed,East Jenna,Rebecca Welch,1,738.92
3561,2022-09-07,Technical Skills,External,Failed,Lake Johnstad,Samuel Lynch,5,445.04
3562,2023-01-02,Project Management,External,Failed,West William,Jason Gallegos,3,808.05
3563,2023-04-06,Leadership Development,External,Passed,Lake Tammyborough,Samantha Fisher,4,886.9
3564,2022-12-10,Technical Skills,External,Incomplete,North Richard,Kimberly Thomas,4,106.14
3565,2023-05-06,Project Management,External,Passed,Courtneymouth,Samantha Nichols,4,684.35
3566,2022-09-05,Communication Skills,Internal,Failed,Jordanborough,John Gamble,2,578.81
3567,2023-06-09,Customer Service,Internal,Completed,Sierraton,April Wilson,5,764.51
3568,2022-08-23,Project Management,Internal,Incomplete,Frenchside,Anthony Nixon,2,201.76
3569,2022-11-09,Technical Skills,External,Incomplete,Fernandezborough,Rachel Foster,4,730.04
3570,2023-03-29,Project Management,External,Failed,Port Kristopherfurt,Matthew Ramirez,2,796.88
3571,2023-08-04,Project Management,External,Completed,North William,Tanya Melendez,3,834.44
3572,2023-05-19,Leadership Development,Internal,Failed,Port Dennis,Brady Newton,5,569.17
3573,2022-10-06,Customer Service,Internal,Completed,Port Desireeburgh,Francis Cox,4,386.07
3574,2022-09-05,Customer Service,Internal,Completed,Port Amy,Sharon Mcfarland,1,309.56
3575,2022-12-12,Technical Skills,Internal,Incomplete,South Paulport,Brian Hood,3,583.21
3576,2023-02-02,Project Management,External,Completed,East Taylor,Jesse Sullivan,5,398.65
3577,2023-01-26,Communication Skills,Internal,Passed,New Jasonland,Mr. John Singh,5,931.46
3578,2022-12-01,Project Management,External,Completed,Allenborough,Nathan Jones,5,115.06
3579,2023-04-27,Communication Skills,External,Failed,South Jillian,Amber Wright,2,199.82
3580,2022-11-04,Communication Skills,Internal,Failed,New Jamesside,Kelly Rodriguez,5,940.2
3581,2023-01-29,Communication Skills,External,Completed,Michaelberg,Todd Ramirez,1,122.07
3582,2022-09-09,Communication Skills,Internal,Completed,Lopezborough,Erik Reeves,4,875.02
3583,2023-03-18,Communication Skills,Internal,Incomplete,Philipburgh,Jennifer Woods,4,116.4
3584,2022-12-15,Technical Skills,External,Passed,Johnathanmouth,Penny Taylor,5,341.78
3585,2023-02-14,Communication Skills,Internal,Completed,Michaelfort,Jacob Lee,4,107.48
3586,2022-09-30,Communication Skills,External,Completed,Browntown,Tamara Hayes,1,502.7
3587,2023-03-22,Leadership Development,External,Completed,New Larryshire,Darren Lam,5,570.04
3588,2023-03-23,Communication Skills,External,Passed,Montgomeryland,Casey Johnston,1,538.83
3589,2023-01-07,Communication Skills,Internal,Incomplete,Tapiabury,Brian Graham,4,881.8
3590,2023-04-02,Leadership Development,External,Completed,North Janetbury,Michelle Baker,1,274.33
3591,2023-03-01,Customer Service,Internal,Failed,Michaelfurt,Amy Murray,1,247.01
3592,2023-01-30,Leadership Development,External,Incomplete,Williamsborough,Daniel Wilson,1,734.68
3593,2023-06-15,Project Management,Internal,Incomplete,West Kathrynmouth,Joanne Ward,3,258.07
3594,2023-05-05,Leadership Development,Internal,Passed,Jamieville,Ian Martinez,5,472.64
3595,2023-02-21,Technical Skills,External,Passed,Popetown,Angela Sanchez,2,252.88
3596,2022-12-14,Technical Skills,Internal,Incomplete,Lake Alejandroborough,Philip Williams,2,289.68
3597,2023-03-03,Technical Skills,External,Incomplete,Port Jennifershire,Katrina Maldonado,4,505.59
3598,2022-10-11,Technical Skills,Internal,Passed,Aliciahaven,Matthew Alvarado,3,373.87
3599,2023-03-02,Leadership Development,Internal,Completed,Crystalview,Jason Taylor,5,918.86
3600,2022-11-01,Leadership Development,Internal,Passed,Lake Stephanie,Randy Lewis,4,299.7
3601,2023-01-03,Project Management,External,Completed,Leeville,Larry Clark,1,865.58
3602,2023-04-09,Technical Skills,External,Incomplete,New Michael,Joyce Williams,1,632.59
3603,2022-10-02,Technical Skills,External,Incomplete,East Kristaton,Daniel Daugherty,3,680.48
3604,2023-03-23,Project Management,External,Failed,Lake Scotttown,Ryan Russell,3,287.71
3605,2022-11-17,Communication Skills,External,Passed,Ayalaton,Jennifer Armstrong,2,102.92
3606,2022-10-31,Project Management,Internal,Passed,New Derrick,Elizabeth Powell,2,255.6
3607,2023-05-04,Customer Service,External,Passed,Port Tammyside,Andre Maxwell,4,321.91
3608,2023-03-14,Project Management,External,Completed,Blankenshiphaven,Robert Herrera,3,834.12
3609,2022-09-23,Customer Service,Internal,Passed,Williamschester,Christopher Jackson,4,273.88
3610,2023-02-15,Customer Service,Internal,Incomplete,North Betty,Gina Morris,4,217.57
3611,2023-01-07,Customer Service,Internal,Completed,Rojasberg,Alan Robinson,1,482.09
3612,2023-07-03,Leadership Development,External,Failed,Kenthaven,Patricia Phillips,2,614.11
3613,2022-10-08,Customer Service,Internal,Incomplete,Justinmouth,Kathy Pearson,1,354.22
3614,2023-06-04,Leadership Development,External,Passed,Emilymouth,Paul Bradley,3,868.85
3615,2022-12-17,Communication Skills,Internal,Passed,New Paul,James Young,4,701.34
3616,2023-01-30,Customer Service,Internal,Incomplete,Lake Sherryside,Jared Moses,4,134.93
3617,2023-04-09,Customer Service,Internal,Completed,East Rachel,Cathy Porter DVM,5,531.1
3618,2022-12-26,Leadership Development,External,Passed,East Parkerchester,Laura Carpenter,3,609.3
3619,2022-11-10,Project Management,Internal,Passed,Davismouth,Ashley Ball,2,656.68
3620,2022-12-20,Technical Skills,Internal,Completed,North Ebony,Christine Carter,3,654.22
3621,2023-07-15,Leadership Development,External,Passed,Lake Teresa,Frank Perry,3,879.89
3622,2023-05-11,Project Management,External,Completed,East Kevinport,Mary Little,1,977.23
3623,2023-08-03,Project Management,External,Completed,Ballborough,Philip James,2,763.37
3624,2023-04-05,Communication Skills,External,Passed,Thomasberg,William Oconnor,5,962.13
3625,2023-03-26,Technical Skills,External,Incomplete,East Jaime,Lisa Suarez,2,617.27
3626,2022-09-25,Communication Skills,Internal,Failed,Whitneytown,Melissa Powell PhD,2,559.78
3627,2022-08-30,Leadership Development,Internal,Incomplete,West Amandaburgh,Jessica Mills,5,113.89
3628,2022-09-25,Leadership Development,Internal,Incomplete,Paulshire,Edward Morris,4,858.62
3629,2023-07-30,Technical Skills,Internal,Incomplete,Jacksonville,Rachel Hood,1,343.76
3630,2022-09-24,Technical Skills,Internal,Failed,Hillland,Johnathan Rodriguez,5,507.58
3631,2023-04-10,Customer Service,Internal,Completed,Smithchester,Dr. Joseph Graham,1,691.12
3632,2023-06-23,Technical Skills,Internal,Completed,West Stacystad,Erica Johnson,2,174.85
3633,2022-12-01,Communication Skills,Internal,Incomplete,New Kevinland,Michelle Lewis,3,699.39
3634,2022-09-15,Technical Skills,External,Incomplete,Mariabury,Danielle Griffin,3,254.68
3635,2023-06-13,Technical Skills,External,Failed,Greenview,Oscar Gonzalez,2,534.55
3636,2022-08-26,Communication Skills,External,Passed,South Ronnieview,James Lopez,3,795.72
3637,2023-03-21,Project Management,External,Completed,Cynthiafort,Timothy Taylor,4,977.23
3638,2023-01-01,Customer Service,Internal,Completed,Angelatown,Jacob White,3,370.79
3639,2023-03-30,Communication Skills,External,Completed,Mcleanchester,Mike Becker,3,160.86
3640,2023-01-31,Communication Skills,External,Passed,Port Curtisfurt,Kerry Harrison,1,699.48
3641,2023-07-28,Leadership Development,Internal,Passed,Toddburgh,Amber Nelson,3,831.52
3642,2022-11-20,Communication Skills,Internal,Completed,Michelleshire,Angela Garcia,1,234.74
3643,2023-03-27,Leadership Development,Internal,Completed,Calvinfurt,Ian Bennett,4,712.43
3644,2023-02-06,Technical Skills,Internal,Incomplete,Port Aimee,Damon Ross,1,504.66
3645,2023-05-06,Leadership Development,External,Incomplete,Lake Michael,William Lambert,5,398.36
3646,2023-07-22,Communication Skills,External,Failed,Newmanburgh,Jeanne Turner,4,533.61
3647,2022-08-10,Technical Skills,Internal,Completed,Duarteside,Crystal Brown,4,199.55
3648,2023-02-26,Leadership Development,Internal,Completed,East Nathanfort,Elizabeth Barr,2,325.78
3649,2022-12-18,Leadership Development,External,Completed,Jackfurt,Madeline Wallace,4,336.33
3650,2023-01-09,Communication Skills,External,Passed,Mirandaburgh,Michaela Wells,4,242.71
3651,2023-05-14,Leadership Development,Internal,Failed,Port Martinfurt,Michelle Johnson,4,651.28
3652,2023-01-31,Communication Skills,External,Incomplete,Adamsberg,Mrs. Lydia Riley,3,962.45
3653,2023-01-20,Customer Service,External,Failed,Lake Carlmouth,Kim Moss,1,791.72
3654,2023-04-11,Project Management,Internal,Incomplete,Peterbury,Lisa Solis,4,553.86
3655,2023-01-04,Technical Skills,External,Passed,West Dustin,Lawrence Edwards,1,735.72
3656,2023-06-14,Project Management,Internal,Failed,Lake Henryton,Louis Fox,4,867.03
3657,2023-05-26,Project Management,External,Incomplete,West Lori,Timothy Taylor,1,710.14
3658,2022-08-18,Leadership Development,External,Incomplete,South Sean,Jeffrey Moreno,2,799.88
3659,2023-01-27,Leadership Development,External,Passed,North Ashleytown,Jeffrey Olson,5,242.87
3660,2023-05-19,Leadership Development,Internal,Passed,Port John,Logan Nelson,4,849.77
3661,2023-05-06,Customer Service,External,Passed,Tyroneburgh,Timothy Wheeler,2,471.5
3662,2023-05-20,Customer Service,Internal,Passed,East Michael,Jonathan Bowen,1,535.93
3663,2023-03-22,Technical Skills,Internal,Passed,Judyburgh,Christopher Long,3,816.64
3664,2023-03-14,Communication Skills,Internal,Incomplete,Schaeferhaven,Regina Richardson PhD,1,210.44
3665,2023-01-09,Project Management,Internal,Passed,Shaneland,Betty Kelley,3,752.33
3666,2023-08-02,Project Management,Internal,Completed,New Betty,Toni Bridges,3,343.52
3667,2023-02-03,Leadership Development,Internal,Completed,North Williamborough,Emily Robinson,3,860.31
3668,2022-11-28,Customer Service,External,Completed,East John,James Lee,4,265.55
3669,2023-08-03,Project Management,Internal,Completed,Stacyhaven,Linda Moore,1,183.85
3670,2022-09-25,Project Management,External,Completed,East Rhonda,Emily Davis,5,942.09
3671,2023-01-20,Communication Skills,External,Passed,East Andrew,Cindy Fletcher,4,381.94
3672,2022-08-29,Project Management,External,Failed,Port Stephen,George Orozco,1,358.73
3673,2023-03-21,Customer Service,External,Passed,Davisfort,Daniel Wood,3,578.02
3674,2022-11-08,Project Management,Internal,Completed,South Robin,Alyssa Swanson,2,223.29
3675,2022-09-07,Customer Service,Internal,Passed,East Biancabury,Catherine Hardin,5,992.37
3676,2023-02-10,Customer Service,Internal,Failed,Taylorbury,April Parrish,5,113.48
3677,2022-10-05,Leadership Development,External,Incomplete,New Jenna,Brandon Cunningham,4,882.2
3678,2022-09-06,Customer Service,Internal,Incomplete,Jillside,David Underwood,2,288.16
3679,2023-01-16,Leadership Development,External,Completed,North Davidhaven,Christopher Santos,1,815.52
3680,2023-05-15,Leadership Development,Internal,Completed,Markberg,Matthew Peterson,4,461.06
3681,2023-03-22,Customer Service,External,Incomplete,Timview,Mrs. Maria Cantrell MD,2,580.16
3682,2022-10-17,Communication Skills,External,Incomplete,Lake Dawn,Michael Robinson,3,336.69
3683,2022-12-28,Project Management,Internal,Completed,Wongchester,Debra Williams,1,990.69
3684,2022-10-29,Communication Skills,Internal,Completed,Lake Janet,Timothy Coleman,2,939.39
3685,2023-01-06,Leadership Development,External,Passed,Mcclureshire,Tiffany Thornton,1,941.12
3686,2023-07-05,Project Management,Internal,Incomplete,Lake Katelyn,Elizabeth Allen,3,878.11
3687,2022-12-26,Customer Service,External,Incomplete,Mitchellfurt,Austin Maynard,3,614.53
3688,2022-11-26,Customer Service,Internal,Failed,Edwinfurt,Stephanie Saunders,4,269.88
3689,2023-02-25,Communication Skills,External,Passed,West Teresashire,Henry Hines,1,734.94
3690,2023-04-03,Technical Skills,Internal,Completed,Davidside,Elizabeth Davis,5,589.5
3691,2023-03-06,Leadership Development,Internal,Completed,Pierceport,Eric Snyder,3,311.28
3692,2023-03-29,Technical Skills,Internal,Passed,Nolanport,Robert Barnett,5,671.88
3693,2023-01-24,Project Management,External,Completed,Martineztown,Corey Morales,1,861.5
3694,2023-05-19,Leadership Development,External,Completed,Elizabethview,Louis Todd,2,649.18
3695,2023-01-08,Project Management,External,Failed,Zacharytown,John Ward,4,492.2
3696,2023-01-13,Technical Skills,Internal,Passed,South Hannahmouth,James Gonzalez,2,299.59
3697,2023-04-24,Technical Skills,Internal,Failed,East Vincent,Jennifer Lopez,2,982.33
3698,2022-12-24,Leadership Development,External,Passed,Jessicamouth,Chad Watts,2,830.36
3699,2022-08-19,Customer Service,External,Passed,Jessicaberg,Alejandro Bates,1,973.34
3700,2023-02-25,Project Management,Internal,Failed,East Elizabeth,Andrew Haynes,4,667.34
3701,2022-08-21,Communication Skills,Internal,Failed,West Justinmouth,Kathleen Cole,4,480.17
3702,2023-02-15,Leadership Development,External,Failed,East Erik,Jacob Fox,3,346.28
3703,2022-12-27,Communication Skills,External,Completed,West Aprilfort,Andrea Jones,3,121.45
3704,2022-10-07,Technical Skills,External,Incomplete,Huynhfort,Michael Ramirez,2,669.3
3705,2023-04-17,Technical Skills,Internal,Completed,West Wendy,Christina Bautista,5,983.59
3706,2023-06-07,Customer Service,Internal,Completed,East Virginiaton,Emily Baker,1,304.9
3707,2022-12-24,Leadership Development,External,Passed,North Benjaminhaven,Michelle Lopez,3,778.72
3708,2023-01-03,Customer Service,External,Passed,Youngbury,Jared Mcclain,4,136.15
3709,2023-04-07,Leadership Development,Internal,Incomplete,Lake Lisastad,Susan Fitzgerald,4,339.84
3710,2023-06-02,Leadership Development,External,Completed,Martinezborough,John Anderson,1,791.78
3711,2022-10-19,Leadership Development,External,Incomplete,Lake Robert,Shawn Newman,5,853.26
3712,2022-10-31,Project Management,Internal,Incomplete,New Christopherchester,Michele Harding,4,214.12
3713,2023-05-17,Customer Service,External,Incomplete,Lake Danielview,Terry Short,5,235.82
3714,2023-05-18,Leadership Development,Internal,Passed,Lauraside,Jonathan Williams,5,448.57
3715,2023-01-11,Leadership Development,External,Incomplete,Thomasstad,David Garza,3,572.56
3716,2023-03-07,Project Management,Internal,Incomplete,East Michellemouth,Christopher Carroll,4,959.78
3717,2022-08-22,Communication Skills,External,Passed,South Cassandra,Jessica Cortez,3,363.02
3718,2023-05-02,Communication Skills,Internal,Completed,Washingtonshire,Tracy Valenzuela,2,325.7
3719,2022-10-08,Project Management,Internal,Incomplete,West Rachaelborough,Brittany Clark,3,727.75
3720,2022-09-23,Project Management,Internal,Passed,Danielland,Danny Baker,2,845.21
3721,2022-12-22,Technical Skills,External,Incomplete,Maryborough,Dr. Dana Wells,4,327.82
3722,2023-01-15,Communication Skills,Internal,Passed,Johnsonshire,Eric Contreras,1,512.55
3723,2022-09-06,Communication Skills,Internal,Completed,Hesterville,Isabel Little,1,457.17
3724,2023-06-28,Communication Skills,Internal,Incomplete,Port Christianmouth,Tiffany Perez,4,573.33
3725,2023-05-23,Customer Service,External,Failed,Garcialand,Carrie Stanton,3,135.18
3726,2023-01-13,Communication Skills,External,Failed,Paulstad,Paul Johnson,3,911.12
3727,2023-05-02,Project Management,Internal,Incomplete,Jacobsshire,Andrew Hansen,5,693.8
3728,2023-07-10,Customer Service,Internal,Completed,New Codyview,Erin Keller DVM,5,419.79
3729,2022-12-12,Customer Service,External,Failed,Lake Riley,Jacob Roach,1,693.56
3730,2022-08-29,Leadership Development,External,Incomplete,Matthewburgh,Douglas Robinson,1,161.47
3731,2023-05-02,Project Management,External,Passed,Brookeport,Carolyn Sellers,5,773.63
3732,2022-12-09,Technical Skills,Internal,Incomplete,Kylieland,Jason Lane,5,695.42
3733,2023-06-04,Communication Skills,Internal,Incomplete,Phillipsside,Jared Martin,1,246.16
3734,2023-03-05,Communication Skills,Internal,Failed,Joseport,Lynn Fleming,2,702.69
3735,2022-10-25,Technical Skills,External,Failed,Port Leonard,Christopher Jackson,1,473.1
3736,2022-10-25,Project Management,Internal,Incomplete,Lake Cathyshire,Brandy Drake,2,119.82
3737,2022-11-17,Customer Service,External,Failed,Hickmanbury,James Green DVM,1,157.8
3738,2022-09-01,Technical Skills,Internal,Completed,Mathewburgh,Steven Sharp,3,791.98
3739,2022-08-19,Customer Service,External,Incomplete,North Stephen,Sierra Oneill,5,752.97
3740,2022-09-11,Leadership Development,External,Completed,Kyleland,Johnny Walls,5,916.21
3741,2022-10-05,Project Management,External,Completed,New Daniel,Renee Williams,2,751.04
3742,2023-04-22,Communication Skills,Internal,Passed,West Randyland,Troy Willis,3,620.63
3743,2022-11-17,Leadership Development,Internal,Passed,Smithview,James Riley,3,439.3
3744,2023-05-23,Communication Skills,Internal,Completed,Beverlyshire,Hannah Trevino,1,716.39
3745,2022-10-11,Technical Skills,External,Failed,Lake Williammouth,Kenneth Mcneil,5,300.33
3746,2023-02-22,Project Management,Internal,Passed,New Curtis,Kara Kemp,3,337.15
3747,2022-10-18,Leadership Development,External,Failed,Lake Andrewport,Bruce Sanford,5,725.6
3748,2022-12-23,Customer Service,Internal,Failed,West Frank,Jason Chan,5,588.88
3749,2022-09-28,Technical Skills,External,Passed,Ryanburgh,Rebekah Campbell,4,742.98
3750,2022-09-27,Project Management,External,Passed,Andrewport,Paul Williams,5,283.05
3751,2022-11-10,Customer Service,Internal,Incomplete,Teresabury,Brittney Miller,4,511.13
3752,2023-05-31,Communication Skills,Internal,Completed,West Haleyfort,Joseph Chambers,1,158.86
3753,2022-09-19,Project Management,External,Failed,South Michaelland,Jennifer Hunter,1,741.95
3754,2023-03-08,Technical Skills,External,Incomplete,West Carolynbury,Jeffrey Gonzales,4,132.52
3755,2023-06-27,Customer Service,Internal,Completed,Lake Lindaland,Tricia Flowers,1,736.19
3756,2023-03-27,Technical Skills,External,Failed,South Hollyton,Jimmy Roach,4,521.51
3757,2022-10-21,Technical Skills,Internal,Incomplete,Port Scott,Valerie Villegas,2,132.09
3758,2023-01-16,Leadership Development,Internal,Failed,Jenniferfurt,Matthew Rios,4,917.17
3759,2022-08-11,Project Management,Internal,Completed,Garyshire,Justin Carter,2,790.71
3760,2022-11-28,Technical Skills,External,Passed,New Teresaland,Billy Baker,1,680.48
3761,2022-08-18,Customer Service,External,Failed,Rodriguezview,Kenneth Gonzalez,1,947.57
3762,2023-06-15,Project Management,Internal,Failed,Ryanhaven,Claudia Clark,2,594.61
3763,2022-11-13,Technical Skills,External,Incomplete,New Kathleen,Jeffery Kim,1,775.59
3764,2022-08-30,Communication Skills,External,Incomplete,Thomastown,Daniel Garrett,2,239.16
3765,2022-11-25,Customer Service,Internal,Completed,Dominiqueton,Nancy Harrison,5,275.94
3766,2023-03-27,Technical Skills,Internal,Incomplete,South Adamburgh,Chad Payne,4,466.32
3767,2022-10-12,Leadership Development,Internal,Completed,Allisonfort,Cheryl Schultz,4,840.46
3768,2023-01-04,Leadership Development,Internal,Completed,Buckmouth,Anna Everett,3,145.76
3769,2022-10-12,Project Management,Internal,Incomplete,New Vincenthaven,Michael Nelson,2,647.7
3770,2023-07-05,Project Management,Internal,Incomplete,New Ryan,Lisa Tran,2,536.2
3771,2023-03-26,Communication Skills,Internal,Incomplete,Gallowaychester,Jorge Rice,5,769.97
3772,2023-01-01,Communication Skills,External,Completed,New Jason,Kristin Freeman,1,894.66
3773,2022-11-15,Project Management,External,Failed,Ramirezstad,Evelyn Hayes,2,374.02
3774,2023-02-04,Leadership Development,Internal,Passed,Matthewborough,Jason Wells,5,569.42
3775,2022-11-14,Customer Service,Internal,Completed,East Cristianmouth,Kimberly Howard DVM,1,172.82
3776,2023-02-05,Project Management,Internal,Completed,Amberborough,Teresa Reilly,4,585.84
3777,2022-10-13,Project Management,External,Completed,Monicaberg,Brittany Wilson,1,759.38
3778,2022-09-13,Customer Service,Internal,Completed,Lake Arielberg,Emily Johnson,5,341.74
3779,2023-05-29,Project Management,External,Incomplete,Michaelstad,Kristi Jackson,3,733.04
3780,2023-08-02,Customer Service,Internal,Failed,Vincentbury,James Allen,2,658.27
3781,2023-07-11,Customer Service,External,Incomplete,New Mia,David Nash,1,124.77
3782,2022-12-11,Technical Skills,Internal,Passed,New Jordan,Dustin Anderson,5,506.4
3783,2023-01-25,Technical Skills,External,Completed,Anthonyside,Amanda Miller,5,851.24
3784,2022-10-12,Communication Skills,Internal,Completed,Myerston,Kylie Tran,2,671.12
3785,2022-10-01,Project Management,External,Passed,Lake Danielmouth,Nathan Juarez,1,257.8
3786,2023-04-17,Leadership Development,External,Failed,Jeanetteton,Wyatt Gray,4,280.06
3787,2023-04-26,Project Management,External,Passed,New Donald,Christine Escobar,4,140.03
3788,2023-03-21,Customer Service,External,Completed,Russellstad,Jessica Jones,2,796.95
3789,2022-10-26,Technical Skills,External,Incomplete,Jessicastad,Alejandro Carter,1,997.38
3790,2023-03-18,Communication Skills,External,Completed,East Erichaven,Douglas Phillips,2,676.95
3791,2023-02-12,Leadership Development,External,Failed,Stephanieside,Laura Mathis,2,348.89
3792,2022-09-09,Project Management,External,Passed,Brownland,Angela Castillo,1,385.62
3793,2022-11-24,Project Management,Internal,Completed,Lake Andrewshire,Margaret Best,2,552.67
3794,2023-04-17,Communication Skills,External,Failed,Nicholsonport,David Black,2,645.11
3795,2023-01-25,Project Management,External,Passed,Jenniferfurt,Jeffrey Edwards,1,954.02
3796,2023-07-03,Technical Skills,External,Incomplete,Jenningsville,Richard Brock,5,255.74
3797,2023-03-09,Technical Skills,External,Completed,Mayburgh,Margaret Cox,2,279.38
3798,2022-08-22,Project Management,External,Passed,New Richard,Joshua Kennedy,5,303.44
3799,2022-08-07,Communication Skills,Internal,Incomplete,Sheenaville,Travis Moore,4,809.38
3800,2022-10-14,Customer Service,Internal,Completed,Davisland,Lori Kane,4,886.12
3801,2023-04-01,Leadership Development,External,Incomplete,Annaport,David Anderson,2,125.88
3802,2023-01-24,Leadership Development,Internal,Passed,Malikmouth,Gary Jackson,1,493.72
3803,2023-02-12,Project Management,External,Passed,Mcclurebury,Patricia Hernandez,4,993.68
3804,2023-02-15,Customer Service,External,Incomplete,Port Joshuaside,Derek Mason,4,414.55
3805,2022-08-31,Communication Skills,External,Incomplete,Lake Richard,Patricia Nelson,1,391.88
3806,2022-09-09,Customer Service,External,Passed,New Henryshire,Rachel Blackburn,4,600.64
3807,2023-03-26,Communication Skills,External,Passed,Stevenshire,Stacy Smith,1,997.74
3808,2023-01-25,Technical Skills,External,Passed,Harrisonborough,Raymond Mitchell,4,254.26
3809,2022-10-21,Technical Skills,External,Incomplete,Walterview,Virginia Johnson,3,786.62
3810,2022-12-21,Communication Skills,External,Completed,South Jason,Ashley Price,3,189.7
3811,2023-05-15,Technical Skills,External,Completed,Cervantesland,Thomas Stevenson,2,484.02
3812,2023-06-02,Communication Skills,Internal,Failed,Marktown,William Bridges,5,299.74
3813,2023-07-21,Technical Skills,Internal,Failed,Mirandachester,Paul Robinson,1,169.79
3814,2023-07-09,Communication Skills,Internal,Failed,Smithchester,Seth Bradley,5,655.68
3815,2023-02-05,Project Management,Internal,Failed,Dianemouth,Evan Hart,1,910.09
3816,2022-12-20,Communication Skills,External,Passed,Barnesbury,Jessica Hicks,5,912.1
3817,2023-03-07,Customer Service,Internal,Incomplete,Strongfurt,Thomas Pena,4,456.65
3818,2022-11-07,Leadership Development,External,Incomplete,Thomasview,Jeremy Lee,4,313.5
3819,2022-12-29,Leadership Development,Internal,Incomplete,Port Christopherton,Marcus Harris,3,906.45
3820,2022-08-19,Project Management,External,Incomplete,Matthewmouth,Dawn Dunn,2,333.8
3821,2022-11-30,Project Management,External,Passed,Duncanland,Lisa Mitchell,2,866.63
3822,2022-12-08,Technical Skills,Internal,Incomplete,Shannonshire,Raymond Lee,5,357.58
3823,2022-09-21,Communication Skills,External,Completed,Wardstad,Gary Hill,4,516.9
3824,2022-10-18,Leadership Development,Internal,Completed,Lake Robert,Katherine Neal,5,200.23
3825,2022-09-24,Leadership Development,Internal,Completed,Karenside,Bradley Norris,1,728.77
3826,2022-11-21,Communication Skills,Internal,Completed,West Robert,Christopher Contreras,4,286.12
3827,2023-02-01,Communication Skills,Internal,Failed,Sellersbury,Thomas Mcknight,5,997.15
3828,2023-06-13,Leadership Development,External,Failed,South Rebecca,Andrew Sanders,2,984.63
3829,2022-10-24,Project Management,External,Incomplete,Davismouth,Ms. Mary Smith,5,233.67
3830,2023-03-15,Technical Skills,Internal,Completed,Cooperview,Micheal Bishop,3,142.42
3831,2023-03-22,Project Management,Internal,Failed,Baldwinmouth,William Brooks,2,784.73
3832,2023-01-10,Leadership Development,Internal,Incomplete,Burgessfurt,Gwendolyn Keller,4,770.38
3833,2023-06-23,Leadership Development,External,Completed,East Willieburgh,John Guerra,2,409.16
3834,2023-01-04,Technical Skills,External,Passed,Heatherborough,Crystal Wallace,1,700.53
3835,2022-11-05,Customer Service,External,Failed,Howardland,Austin Todd,3,439.63
3836,2023-04-29,Technical Skills,External,Incomplete,Justinport,Michael Miller,3,830.78
3837,2023-02-22,Communication Skills,Internal,Failed,North Eileen,Sherri Snyder,3,320.34
3838,2023-04-19,Communication Skills,Internal,Failed,West Michael,Mallory Johnson,2,510.23
3839,2023-06-12,Communication Skills,External,Failed,Michaelville,Chris Beasley,4,403.0
3840,2022-11-06,Technical Skills,External,Failed,West Jessicamouth,Evelyn Gray,4,170.61
3841,2023-01-24,Customer Service,External,Passed,South Annahaven,Dean Grimes,4,872.91
3842,2022-09-22,Project Management,Internal,Completed,Boothville,Keith Thomas,5,584.99
3843,2023-08-04,Technical Skills,External,Passed,New Richard,Rachel Brock,2,582.09
3844,2023-07-09,Project Management,External,Failed,East Normanbury,Kelly Diaz,5,603.67
3845,2022-08-17,Project Management,Internal,Passed,Tapiastad,Jason Mendoza,5,546.24
3846,2023-04-11,Leadership Development,Internal,Incomplete,West Lori,Frank Rogers,4,607.97
3847,2023-03-28,Technical Skills,Internal,Completed,Keithhaven,Andrew Powers,4,130.59
3848,2022-11-18,Communication Skills,Internal,Incomplete,Cardenasshire,Shane James,2,443.56
3849,2023-03-15,Leadership Development,External,Passed,South Lauraland,Tiffany Glover,3,436.47
3850,2022-11-01,Communication Skills,Internal,Completed,Catherinestad,Cody Flores,1,355.75
3851,2023-01-21,Project Management,Internal,Failed,East Michele,Angel Morales,3,982.51
3852,2023-03-28,Technical Skills,External,Completed,Joanmouth,Kevin Mitchell,3,372.76
3853,2022-10-06,Leadership Development,External,Failed,New Davidview,Regina Sullivan,3,348.22
3854,2022-10-17,Communication Skills,External,Incomplete,West Mary,Edward Campbell,5,913.62
3855,2022-10-02,Communication Skills,External,Passed,Lake Melissaborough,Brian Garcia,1,157.94
3856,2023-07-12,Technical Skills,External,Completed,Jensenborough,Zachary Jennings,4,527.6
3857,2023-07-24,Leadership Development,External,Completed,South Thomasview,Darrell Davidson,1,601.2
3858,2023-06-13,Project Management,External,Failed,Lake Jessicaport,Mary Morris,4,478.88
3859,2023-06-05,Communication Skills,External,Completed,North Amber,Colleen Miller,1,838.69
3860,2022-10-10,Technical Skills,Internal,Completed,West Briana,Sarah Walter,4,389.63
3861,2023-04-29,Project Management,Internal,Passed,Robertchester,Daniel Brown,1,911.36
3862,2022-09-22,Communication Skills,Internal,Passed,South Davidmouth,Darlene Harris,3,603.03
3863,2022-09-16,Leadership Development,Internal,Incomplete,Port Amanda,Sharon Decker,5,274.98
3864,2022-11-02,Leadership Development,External,Incomplete,North Regina,Dennis Decker,4,976.03
3865,2022-11-03,Project Management,External,Completed,Milesshire,Cheryl Ortiz,2,399.26
3866,2022-12-04,Customer Service,Internal,Incomplete,New Rachelborough,Erica Brewer,4,993.08
3867,2022-09-07,Communication Skills,External,Failed,Stewartbury,Angie Romero DDS,4,540.57
3868,2022-09-27,Project Management,Internal,Completed,North Timothyland,Taylor Harrington,3,272.58
3869,2023-03-19,Project Management,External,Completed,Christophershire,Amanda Chase,2,905.51
3870,2023-03-10,Technical Skills,External,Completed,Kevinville,Christopher Herring,1,919.25
3871,2023-04-15,Technical Skills,External,Completed,West Christina,Pamela Acosta,5,979.98
3872,2023-02-26,Communication Skills,Internal,Completed,Davisville,Robert Gray,3,499.86
3873,2023-03-10,Project Management,Internal,Completed,West Deborahville,Shane Jones,3,598.22
3874,2022-10-03,Project Management,External,Passed,Suzanneborough,Kristy Rodriguez,2,421.93
3875,2023-06-10,Leadership Development,External,Incomplete,Edwardshaven,Loretta Reynolds,2,860.22
3876,2022-11-10,Leadership Development,External,Failed,Crosschester,Gary Park,1,946.23
3877,2023-06-04,Communication Skills,External,Passed,Markhaven,Jeremy Townsend,1,888.55
3878,2022-12-28,Customer Service,Internal,Passed,Fletchermouth,Nancy Lewis,5,749.69
3879,2023-04-11,Project Management,Internal,Incomplete,South Jeremyberg,Angel Mckinney,2,613.95
3880,2022-09-25,Communication Skills,Internal,Completed,Randallport,Kyle Davis,3,934.92
3881,2022-10-25,Project Management,External,Failed,Edwardville,Beth Hughes,3,170.61
3882,2023-06-02,Customer Service,Internal,Completed,Blanchardton,Brandon Brown,2,654.09
3883,2023-07-05,Communication Skills,Internal,Incomplete,North Erin,Alexandria Davis,2,842.6
3884,2022-09-17,Customer Service,External,Passed,Martinbury,Amy Garcia,1,789.88
3885,2022-08-19,Communication Skills,External,Failed,Lindseyberg,Brian Brown,2,324.81
3886,2022-11-28,Technical Skills,External,Passed,Lake Charlesborough,Dr. Allison Reese,4,298.1
3887,2023-07-25,Communication Skills,External,Failed,Millerville,Mark Lewis,1,181.23
3888,2022-12-21,Project Management,Internal,Completed,Laraside,Kevin Paul,4,287.18
3889,2023-08-02,Technical Skills,External,Incomplete,Courtneyville,Martha Clements,1,292.8
3890,2023-01-08,Project Management,External,Completed,North Rebeccafurt,Brian Salazar II,4,596.62
3891,2023-04-08,Leadership Development,External,Passed,Carolbury,Amy Gomez,5,774.74
3892,2022-10-10,Technical Skills,External,Completed,South Tyler,Brad Hogan,5,894.59
3893,2022-09-16,Leadership Development,External,Failed,Port Tracieview,Erin Jones,1,242.36
3894,2022-12-02,Leadership Development,External,Failed,South Miguel,Roy Morales,4,533.27
3895,2023-04-22,Technical Skills,External,Completed,Robinsonmouth,Monica Johnson,1,983.77
3896,2023-04-06,Technical Skills,Internal,Passed,New Jessicatown,Sandra Poole,4,293.64
3897,2023-08-04,Technical Skills,Internal,Incomplete,New Katherine,Kyle Wilson,3,380.61
3898,2022-11-21,Technical Skills,Internal,Failed,Lake Michael,Alexis Johnson,4,942.24
3899,2022-09-23,Customer Service,Internal,Failed,Singletonborough,Laura Hahn,2,662.56
3900,2023-05-02,Technical Skills,Internal,Passed,Brownstad,Anthony Smith,5,143.21
3901,2023-05-11,Customer Service,External,Failed,Port Randyfort,Linda Harris,1,876.73
3902,2023-01-11,Leadership Development,External,Failed,Mcdonaldshire,Shawn Rivera,4,768.05
3903,2023-06-01,Communication Skills,External,Incomplete,North Paulville,Nicole Sampson,4,153.15
3904,2023-06-17,Project Management,External,Passed,Diazchester,Jeffrey Roberts,5,339.73
3905,2022-12-18,Project Management,Internal,Failed,West Christopher,Holly Stewart,3,233.22
3906,2023-02-19,Project Management,Internal,Completed,New Randy,Philip Flores,2,735.44
3907,2022-12-06,Technical Skills,External,Incomplete,Port Gary,Lucas King,3,281.7
3908,2022-09-20,Project Management,External,Failed,South Scott,Randy Baker,1,489.69
3909,2023-01-04,Project Management,Internal,Failed,Bennetthaven,John Patel,4,436.23
3910,2023-05-07,Leadership Development,External,Incomplete,Haasstad,Wayne Ferguson,5,248.85
3911,2022-09-09,Customer Service,External,Failed,Lake Tracyton,Barbara Stevenson,5,395.22
3912,2022-08-09,Leadership Development,External,Passed,Brittneystad,Christina Garcia,4,615.7
3913,2022-11-28,Technical Skills,Internal,Failed,South Ian,Heather Hahn,4,387.35
3914,2023-02-24,Leadership Development,Internal,Failed,Smithhaven,Leslie Dyer,1,559.86
3915,2023-04-01,Leadership Development,External,Completed,South Elizabethfort,Wendy Curry,2,602.21
3916,2023-03-16,Communication Skills,External,Passed,Callahanton,Margaret Walker,4,343.6
3917,2023-03-28,Project Management,Internal,Failed,New Jacquelineland,Brandi Clark,3,328.89
3918,2022-10-10,Communication Skills,External,Completed,Cruztown,Richard Rodriguez,3,701.83
3919,2023-07-28,Customer Service,External,Completed,Greenshire,Robert Barton,5,229.03
3920,2023-06-04,Customer Service,Internal,Failed,Bowmanberg,Shane Salazar,3,809.39
3921,2023-06-04,Customer Service,External,Completed,Lisaborough,Sandra Haney,5,393.54
3922,2023-03-18,Communication Skills,External,Incomplete,Luisbury,Ariel Brown,1,629.74
3923,2022-12-27,Project Management,External,Failed,South Bradley,Martin Brown,2,378.39
3924,2022-09-08,Customer Service,External,Passed,Deborahton,Jerry Carter,2,715.98
3925,2023-02-12,Leadership Development,Internal,Failed,Lake Regina,Jacob Forbes,1,386.55
3926,2023-07-25,Customer Service,Internal,Incomplete,Blakeview,Sandra Ferrell,2,449.35
3927,2023-03-05,Customer Service,External,Completed,South Ronaldburgh,Sergio Wheeler,2,878.67
3928,2022-09-11,Leadership Development,Internal,Failed,Jenniferton,Devin Clark MD,1,799.99
3929,2023-07-11,Technical Skills,Internal,Failed,Lake Williamfort,Jessica Reyes,3,617.52
3930,2023-05-30,Leadership Development,External,Failed,Seanport,Crystal Henderson,5,522.86
3931,2022-11-12,Customer Service,External,Failed,Port Robynborough,Jordan Trevino,5,685.82
3932,2023-02-27,Technical Skills,Internal,Completed,East Daniel,Jonathon Smith,5,898.93
3933,2022-08-23,Communication Skills,Internal,Incomplete,Juanchester,Adam Frye,1,559.55
3934,2023-02-16,Project Management,Internal,Completed,Mariahton,Frederick White,5,219.78
3935,2023-07-16,Customer Service,Internal,Passed,Lake Jason,Clifford Washington,5,223.6
3936,2023-05-14,Communication Skills,Internal,Completed,Josephbury,Jamie Taylor,4,283.29
3937,2023-04-02,Communication Skills,Internal,Completed,Kevinton,Kevin Wilkinson,2,935.28
3938,2023-07-30,Technical Skills,External,Completed,South Judithmouth,James Vasquez,2,892.83
3939,2023-05-18,Technical Skills,Internal,Passed,East Stephen,Sierra Liu,4,318.19
3940,2022-08-11,Project Management,External,Failed,Melissaside,Shane Ortiz,5,305.31
3941,2022-09-13,Project Management,External,Incomplete,Thomaston,Bradley Taylor,5,756.43
3942,2023-01-28,Customer Service,External,Completed,Joanneshire,Corey Taylor DDS,5,940.22
3943,2023-05-15,Communication Skills,External,Failed,West Justinchester,Ryan Zhang,3,282.37
3944,2022-08-19,Technical Skills,External,Completed,Danielletown,Gerald Barnes,1,627.14
3945,2022-08-29,Communication Skills,External,Incomplete,North Samanthamouth,Bryan Young,2,864.5
3946,2023-07-15,Leadership Development,External,Passed,Amystad,Christopher Cannon,4,981.64
3947,2023-01-14,Project Management,Internal,Failed,New Kathleenmouth,Anthony Proctor,3,456.02
3948,2023-04-02,Leadership Development,External,Passed,East Wesleyport,William Rios,5,350.68
3949,2023-06-03,Communication Skills,Internal,Incomplete,Lake Kelsey,Megan Chan,2,843.66
3950,2023-04-22,Technical Skills,Internal,Completed,Mcintyrechester,Dominique Gordon,2,119.24
3951,2023-04-08,Project Management,Internal,Completed,Joneston,Mr. Kenneth Warren DVM,5,532.41
3952,2023-07-16,Project Management,External,Incomplete,Harperton,Krista Maldonado,5,625.95
3953,2023-05-31,Customer Service,Internal,Passed,New Reginabury,Patrick Maddox,2,779.08
3954,2023-05-11,Leadership Development,External,Completed,East Frederickfort,Monica Ramirez,1,497.09
3955,2023-03-14,Technical Skills,External,Failed,Kimberlychester,Shawn Hernandez,1,762.36
3956,2022-10-21,Customer Service,External,Failed,Phamchester,Michael Garcia,4,611.15
3957,2023-06-22,Communication Skills,Internal,Passed,Lake Danielstad,Jacob Soto,3,724.95
3958,2022-12-21,Technical Skills,Internal,Completed,Seanburgh,Jill Macdonald,5,332.9
3959,2023-01-30,Communication Skills,Internal,Incomplete,New Michael,Leah Holland,5,116.9
3960,2023-03-19,Communication Skills,External,Completed,South Jonathanland,John Holden,1,430.46
3961,2023-02-05,Leadership Development,Internal,Passed,Lake Amandaville,Sara Ramirez,5,881.61
3962,2022-11-04,Customer Service,Internal,Failed,South Codychester,Rebecca Stone,3,454.92
3963,2023-04-15,Customer Service,External,Completed,Stephanieburgh,Michelle Castillo,2,381.88
3964,2023-06-08,Project Management,Internal,Completed,Kylestad,Michelle Carlson,5,639.13
3965,2023-06-20,Technical Skills,Internal,Completed,Reynoldsstad,Anthony Austin MD,4,198.58
3966,2022-10-13,Customer Service,External,Failed,Jacobsland,Gary Thompson,2,726.74
3967,2023-05-16,Customer Service,External,Failed,Lake Garyport,Sarah Benson,4,683.96
3968,2022-12-02,Technical Skills,External,Completed,North Kristen,Barry Sullivan,3,891.63
3969,2023-03-01,Technical Skills,Internal,Failed,Port Cynthia,William Rocha,4,701.87
3970,2023-02-25,Technical Skills,Internal,Incomplete,North Spencerfort,Joshua Pierce,4,216.73
3971,2022-08-16,Project Management,External,Passed,Curtisshire,Derek Walker,5,482.47
3972,2023-04-25,Leadership Development,External,Incomplete,Lindaville,Michael Patterson,5,853.57
3973,2022-11-14,Leadership Development,Internal,Passed,West Kaylamouth,Sarah Gray,1,202.97
3974,2023-04-27,Communication Skills,Internal,Passed,Lake Amyland,Terry Gomez,1,487.4
3975,2023-05-08,Leadership Development,External,Completed,East Kathryn,John Sawyer,2,669.81
3976,2023-04-22,Leadership Development,Internal,Completed,Lake Diana,Kristi Davis,1,645.02
3977,2022-10-13,Technical Skills,External,Completed,New James,Justin Martin,2,157.4
3978,2023-05-15,Project Management,External,Failed,Lindseystad,William Paul,1,131.98
3979,2023-08-03,Communication Skills,External,Failed,Ryantown,Crystal Nelson,3,477.12
3980,2023-07-27,Communication Skills,External,Incomplete,Port Janiceville,Cynthia Wilson,1,695.56
3981,2022-12-22,Communication Skills,External,Passed,South Kelly,Christina Ruiz,2,869.96
3982,2022-12-09,Technical Skills,Internal,Completed,Rodriguezmouth,Justin Winters,1,189.91
3983,2023-07-24,Project Management,External,Failed,Davidhaven,Sherry Peterson,5,407.96
3984,2022-08-07,Communication Skills,Internal,Incomplete,Farmerside,Audrey Gray,1,202.91
3985,2022-10-16,Communication Skills,Internal,Passed,Lindseyhaven,Alan Cook,4,956.95
3986,2022-10-15,Technical Skills,External,Passed,Hodgesfort,David Brown,5,813.03
3987,2022-08-24,Project Management,External,Passed,New Keith,Donna Cook,1,962.54
3988,2023-02-01,Project Management,Internal,Passed,West Marioside,James Perez,5,190.07
3989,2023-01-22,Communication Skills,Internal,Passed,Gilbertmouth,Lisa Hensley,5,866.51
3990,2022-10-10,Technical Skills,Internal,Failed,West Adambury,Justin Macdonald,2,475.04
3991,2022-09-19,Customer Service,Internal,Completed,Chapmanshire,Walter Daniels,4,716.52
3992,2022-09-13,Project Management,External,Completed,Claychester,Kimberly Peterson,3,323.25
3993,2023-01-27,Communication Skills,Internal,Failed,Amandaville,Nathan Lewis,2,229.0
3994,2023-02-11,Customer Service,Internal,Failed,Davidsonfurt,Joshua Orr,1,861.91
3995,2022-12-23,Project Management,External,Incomplete,Ericfort,Robert Cooley,3,803.73
3996,2023-01-09,Customer Service,Internal,Failed,North Emily,Carmen Cortez,2,808.51
3997,2022-09-19,Project Management,External,Failed,West Zachary,Katrina Parker,4,629.16
3998,2022-09-26,Customer Service,External,Completed,Port Kyle,Andre Donaldson,1,994.09
3999,2023-07-02,Leadership Development,Internal,Incomplete,Williamsland,Brian Obrien,5,477.78
4000,2022-10-06,Leadership Development,Internal,Completed,Jamesfurt,Michael Mckenzie,4,951.27
