id,employee_id,email,password_hash,is_active,role_id,created_at,updated_at,created_by,updated_by
7eaf4891-597d-4fb9-b3bf-b01c7d4b66d6,1,elizabeth.kim@nexuserp.com,$2a$10$8.UnVuG9HHgffUDAlk8qfOuVGkqRzgVymGe07xd0P1R6sKz19lZ2O,False,4,2026-10-02 19:10:55,2026-10-02 19:10:55,SYSTEM_ETL,SYSTEM_ETL
79dfe430-9537-4977-8af4-53f2a8543430,2,ahmed.flores@nexuserp.com,$2a$10$8.UnVuG9HHgffUDAlk8qfOuVGkqRzgVymGe07xd0P1R6sKz19lZ2O,True,4,2026-10-02 19:10:55,2026-10-02 19:10:55,SYSTEM_ETL,SYSTEM_ETL
8dad7bd0-21a2-49c7-8123-7f59a94fec9e,4,timothy.ivanov@nexuserp.com,$2a$10$8.UnVuG9HHgffUDAlk8qfOuVGkqRzgVymGe07xd0P1R6sKz19lZ2O,False,4,2026-10-02 19:10:55,2026-10-02 19:10:55,SYSTEM_ETL,SYSTEM_ETL
33f9f80d-ca9b-49c0-bd55-6d3a4b0f6976,5,elizabeth.rossi@nexuserp.com,$2a$10$8.UnVuG9HHgffUDAlk8qfOuVGkqRzgVymGe07xd0P1R6sKz19lZ2O,True,4,2026-10-02 19:10:55,2026-10-02 19:10:55,SYSTEM_ETL,SYSTEM_ETL
c569221b-a134-4d2c-89d2-d5e6fa0812db,7,daniel.davis@nexuserp.com,$2a$10$8.UnVuG9HHgffUDAlk8qfOuVGkqRzgVymGe07xd0P1R6sKz19lZ2O,True,4,2026-10-02 19:10:55,2026-10-02 19:10:55,SYSTEM_ETL,SYSTEM_ETL
a8be5e8e-e975-44e3-8674-f3979fb8d427,8,jonathan.obrien@nexuserp.com,$2a$10$8.UnVuG9HHgffUDAlk8qfOuVGkqRzgVymGe07xd0P1R6sKz19lZ2O,True,4,2026-10-02 19:10:55,2026-10-02 19:10:55,SYSTEM_ETL,SYSTEM_ETL
4fa12e16-6c3a-4e57-a5e5-3cdb39821a79,10,camille.sato@nexuserp.com,$2a$10$8.UnVuG9HHgffUDAlk8qfOuVGkqRzgVymGe07xd0P1R6sKz19lZ2O,True,4,2026-10-02 19:10:55,2026-10-02 19:10:55,SYSTEM_ETL,SYSTEM_ETL
a426a19f-6647-4dc6-b8cb-2415f6ec6950,11,hugo.park@nexuserp.com,$2a$10$8.UnVuG9HHgffUDAlk8qfOuVGkqRzgVymGe07xd0P1R6sKz19lZ2O,True,4,2026-10-02 19:10:55,2026-10-02 19:10:55,SYSTEM_ETL,SYSTEM_ETL
21d70f63-b36b-48f0-9f53-2a5efe00c8c4,12,eric.hernandez@nexuserp.com,$2a$10$8.UnVuG9HHgffUDAlk8qfOuVGkqRzgVymGe07xd0P1R6sKz19lZ2O,True,4,2026-10-02 19:10:55,2026-10-02 19:10:55,SYSTEM_ETL,SYSTEM_ETL
18d51316-bb47-4691-857c-d1d329f4a006,13,ivan.green@nexuserp.com,$2a$10$8.UnVuG9HHgffUDAlk8qfOuVGkqRzgVymGe07xd0P1R6sKz19lZ2O,True,4,2026-10-02 19:10:55,2026-10-02 19:10:55,SYSTEM_ETL,SYSTEM_ETL
a44959ce-e332-46ff-9ba8-3b1f9d1efc6f,14,eric.king@nexuserp.com,$2a$10$8.UnVuG9HHgffUDAlk8qfOuVGkqRzgVymGe07xd0P1R6sKz19lZ2O,True,4,2026-10-02 19:10:55,2026-10-02 19:10:55,SYSTEM_ETL,SYSTEM_ETL
aad3ef1b-61c4-42d1-88c8-00eb44324eec,15,karen.oliveira@nexuserp.com,$2a$10$8.UnVuG9HHgffUDAlk8qfOuVGkqRzgVymGe07xd0P1R6sKz19lZ2O,True,4,2026-10-02 19:10:55,2026-10-02 19:10:55,SYSTEM_ETL,SYSTEM_ETL
d888d16e-89e0-41b4-9d9f-ff9c31219b8f,16,adam.dubois@nexuserp.com,$2a$10$8.UnVuG9HHgffUDAlk8qfOuVGkqRzgVymGe07xd0P1R6sKz19lZ2O,True,4,2026-10-02 19:10:55,2026-10-02 19:10:55,SYSTEM_ETL,SYSTEM_ETL
7895555d-8e48-4ba9-817f-4918332904a4,18,george.patel@nexuserp.com,$2a$10$8.UnVuG9HHgffUDAlk8qfOuVGkqRzgVymGe07xd0P1R6sKz19lZ2O,True,4,2026-10-02 19:10:55,2026-10-02 19:10:55,SYSTEM_ETL,SYSTEM_ETL
172461f7-f571-496a-8c1c-7ff5a218fc99,19,samuel.flores@nexuserp.com,$2a$10$8.UnVuG9HHgffUDAlk8qfOuVGkqRzgVymGe07xd0P1R6sKz19lZ2O,False,4,2026-10-02 19:10:55,2026-10-02 19:10:55,SYSTEM_ETL,SYSTEM_ETL
edefe700-7acd-48ce-b6c2-748aa43893c4,20,amy.martin@nexuserp.com,$2a$10$8.UnVuG9HHgffUDAlk8qfOuVGkqRzgVymGe07xd0P1R6sKz19lZ2O,True,4,2026-10-02 19:10:55,2026-10-02 19:10:55,SYSTEM_ETL,SYSTEM_ETL
af866b8c-caf5-4a67-a3d5-a72248513473,21,david.carter@nexuserp.com,$2a$10$8.UnVuG9HHgffUDAlk8qfOuVGkqRzgVymGe07xd0P1R6sKz19lZ2O,True,4,2026-10-02 19:10:55,2026-10-02 19:10:55,SYSTEM_ETL,SYSTEM_ETL
713e2460-4789-42cd-952d-4dbf2f1cfe32,22,wei.garcia@nexuserp.com,$2a$10$8.UnVuG9HHgffUDAlk8qfOuVGkqRzgVymGe07xd0P1R6sKz19lZ2O,True,4,2026-10-02 19:10:55,2026-10-02 19:10:55,SYSTEM_ETL,SYSTEM_ETL
3f87022c-a5b9-4f94-b74d-3968834c04e9,23,priya.shah@nexuserp.com,$2a$10$8.UnVuG9HHgffUDAlk8qfOuVGkqRzgVymGe07xd0P1R6sKz19lZ2O,True,3,2026-10-02 19:10:55,2026-10-02 19:10:55,SYSTEM_ETL,SYSTEM_ETL
212bfbd9-4ae5-4a20-a7d1-71d954bbb81f,24,mark.khalil@nexuserp.com,$2a$10$8.UnVuG9HHgffUDAlk8qfOuVGkqRzgVymGe07xd0P1R6sKz19lZ2O,True,4,2026-10-02 19:10:55,2026-10-02 19:10:55,SYSTEM_ETL,SYSTEM_ETL
862f8a24-0565-44fb-a9dc-7e15e9a071a5,26,sarah.sato@nexuserp.com,$2a$10$8.UnVuG9HHgffUDAlk8qfOuVGkqRzgVymGe07xd0P1R6sKz19lZ2O,True,4,2026-10-02 19:10:55,2026-10-02 19:10:55,SYSTEM_ETL,SYSTEM_ETL
f03b9bcf-6f8f-4d76-a8c6-b3a023e2d95f,27,hugo.allen@nexuserp.com,$2a$10$8.UnVuG9HHgffUDAlk8qfOuVGkqRzgVymGe07xd0P1R6sKz19lZ2O,False,4,2026-10-02 19:10:55,2026-10-02 19:10:55,SYSTEM_ETL,SYSTEM_ETL
aafacfd3-a901-4191-9462-1eb727238e99,28,linda.nielsen@nexuserp.com,$2a$10$8.UnVuG9HHgffUDAlk8qfOuVGkqRzgVymGe07xd0P1R6sKz19lZ2O,True,3,2026-10-02 19:10:55,2026-10-02 19:10:55,SYSTEM_ETL,SYSTEM_ETL
430ed711-c555-49ef-ba70-c15c7c209b69,30,ryan.silva@nexuserp.com,$2a$10$8.UnVuG9HHgffUDAlk8qfOuVGkqRzgVymGe07xd0P1R6sKz19lZ2O,True,4,2026-10-02 19:10:55,2026-10-02 19:10:55,SYSTEM_ETL,SYSTEM_ETL
ee0fe91d-d2e9-4b23-ba5a-2ec6bc728bd4,31,luca.park@nexuserp.com,$2a$10$8.UnVuG9HHgffUDAlk8qfOuVGkqRzgVymGe07xd0P1R6sKz19lZ2O,False,4,2026-10-02 19:10:55,2026-10-02 19:10:55,SYSTEM_ETL,SYSTEM_ETL
5a8fd16f-9445-4890-9582-54ca0e84c668,32,lea.taylor@nexuserp.com,$2a$10$8.UnVuG9HHgffUDAlk8qfOuVGkqRzgVymGe07xd0P1R6sKz19lZ2O,True,3,2026-10-02 19:10:55,2026-10-02 19:10:55,SYSTEM_ETL,SYSTEM_ETL
d4444b2e-e1f1-4434-a48e-54f7c88b7c56,33,laura.adams@nexuserp.com,$2a$10$8.UnVuG9HHgffUDAlk8qfOuVGkqRzgVymGe07xd0P1R6sKz19lZ2O,False,4,2026-10-02 19:10:55,2026-10-02 19:10:55,SYSTEM_ETL,SYSTEM_ETL
41de34bf-5800-4d9b-9ff8-bc0ce894db42,35,nicholas.brown@nexuserp.com,$2a$10$8.UnVuG9HHgffUDAlk8qfOuVGkqRzgVymGe07xd0P1R6sKz19lZ2O,True,4,2026-10-02 19:10:55,2026-10-02 19:10:55,SYSTEM_ETL,SYSTEM_ETL
ec52483f-51df-4f90-aa2f-775a6dc55466,36,sophia.wilson@nexuserp.com,$2a$10$8.UnVuG9HHgffUDAlk8qfOuVGkqRzgVymGe07xd0P1R6sKz19lZ2O,True,4,2026-10-02 19:10:55,2026-10-02 19:10:55,SYSTEM_ETL,SYSTEM_ETL
a3a340b8-db19-4d8b-905e-f58b30d22588,38,lea.fontaine@nexuserp.com,$2a$10$8.UnVuG9HHgffUDAlk8qfOuVGkqRzgVymGe07xd0P1R6sKz19lZ2O,True,3,2026-10-02 19:10:55,2026-10-02 19:10:55,SYSTEM_ETL,SYSTEM_ETL
197d8e5b-3ac2-43a2-ad60-6f29adce48f9,39,tariq.tanaka@nexuserp.com,$2a$10$8.UnVuG9HHgffUDAlk8qfOuVGkqRzgVymGe07xd0P1R6sKz19lZ2O,True,4,2026-10-02 19:10:55,2026-10-02 19:10:55,SYSTEM_ETL,SYSTEM_ETL
23185ea5-3357-43b7-8a94-0dd483c12ae1,40,kevin.nielsen@nexuserp.com,$2a$10$8.UnVuG9HHgffUDAlk8qfOuVGkqRzgVymGe07xd0P1R6sKz19lZ2O,True,4,2026-10-02 19:10:55,2026-10-02 19:10:55,SYSTEM_ETL,SYSTEM_ETL
4d086858-961d-4aab-899d-daa8bf4ea436,41,george.walker@nexuserp.com,$2a$10$8.UnVuG9HHgffUDAlk8qfOuVGkqRzgVymGe07xd0P1R6sKz19lZ2O,True,4,2026-10-02 19:10:55,2026-10-02 19:10:55,SYSTEM_ETL,SYSTEM_ETL
478917ee-fc85-4dfc-8738-057d154ec2ea,42,diego.king@nexuserp.com,$2a$10$8.UnVuG9HHgffUDAlk8qfOuVGkqRzgVymGe07xd0P1R6sKz19lZ2O,False,4,2026-10-02 19:10:55,2026-10-02 19:10:55,SYSTEM_ETL,SYSTEM_ETL
4598a83f-0e65-4e58-97ae-cd86551f1411,45,michael.adams@nexuserp.com,$2a$10$8.UnVuG9HHgffUDAlk8qfOuVGkqRzgVymGe07xd0P1R6sKz19lZ2O,False,4,2026-10-02 19:10:55,2026-10-02 19:10:55,SYSTEM_ETL,SYSTEM_ETL
9f564312-c834-4f6e-9487-08e3e82192a6,46,julia.taylor@nexuserp.com,$2a$10$8.UnVuG9HHgffUDAlk8qfOuVGkqRzgVymGe07xd0P1R6sKz19lZ2O,True,4,2026-10-02 19:10:55,2026-10-02 19:10:55,SYSTEM_ETL,SYSTEM_ETL
5b8f30d3-237d-4562-8bd4-8fd19b9894ea,47,jacob.hernandez@nexuserp.com,$2a$10$8.UnVuG9HHgffUDAlk8qfOuVGkqRzgVymGe07xd0P1R6sKz19lZ2O,False,4,2026-10-02 19:10:55,2026-10-02 19:10:55,SYSTEM_ETL,SYSTEM_ETL
07c5f0d3-4cea-46a5-a96e-12d12daa9177,49,sara.nelson@nexuserp.com,$2a$10$8.UnVuG9HHgffUDAlk8qfOuVGkqRzgVymGe07xd0P1R6sKz19lZ2O,True,4,2026-10-02 19:10:55,2026-10-02 19:10:55,SYSTEM_ETL,SYSTEM_ETL
5dbf8300-e0c4-4058-bda1-2bbce2ffa9ec,51,amanda.martin@nexuserp.com,$2a$10$8.UnVuG9HHgffUDAlk8qfOuVGkqRzgVymGe07xd0P1R6sKz19lZ2O,True,4,2026-10-02 19:10:55,2026-10-02 19:10:55,SYSTEM_ETL,SYSTEM_ETL
8a28260c-76e6-4ee1-bb42-5d3bc7bbe3a5,52,chloe.laurent@nexuserp.com,$2a$10$8.UnVuG9HHgffUDAlk8qfOuVGkqRzgVymGe07xd0P1R6sKz19lZ2O,True,4,2026-10-02 19:10:55,2026-10-02 19:10:55,SYSTEM_ETL,SYSTEM_ETL
65d9368f-5c7c-4c6c-a3f6-c72e76b9b137,53,felix.hill@nexuserp.com,$2a$10$8.UnVuG9HHgffUDAlk8qfOuVGkqRzgVymGe07xd0P1R6sKz19lZ2O,True,4,2026-10-02 19:10:55,2026-10-02 19:10:55,SYSTEM_ETL,SYSTEM_ETL
65522a6d-7d09-40da-b4a6-56aa3d2b3519,54,sarah.shah@nexuserp.com,$2a$10$8.UnVuG9HHgffUDAlk8qfOuVGkqRzgVymGe07xd0P1R6sKz19lZ2O,True,4,2026-10-02 19:10:55,2026-10-02 19:10:55,SYSTEM_ETL,SYSTEM_ETL
5c7ccc05-9582-4950-bfee-7569c8a04106,55,mehdi.russo@nexuserp.com,$2a$10$8.UnVuG9HHgffUDAlk8qfOuVGkqRzgVymGe07xd0P1R6sKz19lZ2O,False,4,2026-10-02 19:10:55,2026-10-02 19:10:55,SYSTEM_ETL,SYSTEM_ETL
ad90b745-72a0-43f4-b082-812f7dd06499,56,david.lewis@nexuserp.com,$2a$10$8.UnVuG9HHgffUDAlk8qfOuVGkqRzgVymGe07xd0P1R6sKz19lZ2O,True,4,2026-10-02 19:10:55,2026-10-02 19:10:55,SYSTEM_ETL,SYSTEM_ETL
4852d6b1-2590-4e13-a8d8-1832c5a9a779,57,manon.shah@nexuserp.com,$2a$10$8.UnVuG9HHgffUDAlk8qfOuVGkqRzgVymGe07xd0P1R6sKz19lZ2O,True,4,2026-10-02 19:10:55,2026-10-02 19:10:55,SYSTEM_ETL,SYSTEM_ETL
ad1b9766-d212-4b1e-b45c-197ad0163882,58,cynthia.wang@nexuserp.com,$2a$10$8.UnVuG9HHgffUDAlk8qfOuVGkqRzgVymGe07xd0P1R6sKz19lZ2O,False,3,2026-10-02 19:10:55,2026-10-02 19:10:55,SYSTEM_ETL,SYSTEM_ETL
ca79317c-3846-4994-8b00-2cbd9bf9ded2,60,hiroshi.wright@nexuserp.com,$2a$10$8.UnVuG9HHgffUDAlk8qfOuVGkqRzgVymGe07xd0P1R6sKz19lZ2O,True,4,2026-10-02 19:10:55,2026-10-02 19:10:55,SYSTEM_ETL,SYSTEM_ETL
84aea163-27ec-47bb-80b0-3f0af0df383c,61,wei.clark@nexuserp.com,$2a$10$8.UnVuG9HHgffUDAlk8qfOuVGkqRzgVymGe07xd0P1R6sKz19lZ2O,True,4,2026-10-02 19:10:55,2026-10-02 19:10:55,SYSTEM_ETL,SYSTEM_ETL
1d13eae0-f659-4e32-ac6f-69938e83d7ee,62,matthew.fontaine@nexuserp.com,$2a$10$8.UnVuG9HHgffUDAlk8qfOuVGkqRzgVymGe07xd0P1R6sKz19lZ2O,True,4,2026-10-02 19:10:55,2026-10-02 19:10:55,SYSTEM_ETL,SYSTEM_ETL
e3d5b2c9-9aef-4a63-af62-76d035341a4e,63,mehdi.lopez@nexuserp.com,$2a$10$8.UnVuG9HHgffUDAlk8qfOuVGkqRzgVymGe07xd0P1R6sKz19lZ2O,True,4,2026-10-02 19:10:55,2026-10-02 19:10:55,SYSTEM_ETL,SYSTEM_ETL
8a2fec05-4087-41f3-9de2-4e49515f0a18,64,ivan.taylor@nexuserp.com,$2a$10$8.UnVuG9HHgffUDAlk8qfOuVGkqRzgVymGe07xd0P1R6sKz19lZ2O,False,4,2026-10-02 19:10:55,2026-10-02 19:10:55,SYSTEM_ETL,SYSTEM_ETL
51e9ccf9-8b12-4913-86b8-2c704c766d3c,65,rayan.smith@nexuserp.com,$2a$10$8.UnVuG9HHgffUDAlk8qfOuVGkqRzgVymGe07xd0P1R6sKz19lZ2O,False,4,2026-10-02 19:10:55,2026-10-02 19:10:55,SYSTEM_ETL,SYSTEM_ETL
21fa38ca-8145-4d67-9163-044105ecf171,68,julia.park@nexuserp.com,$2a$10$8.UnVuG9HHgffUDAlk8qfOuVGkqRzgVymGe07xd0P1R6sKz19lZ2O,True,4,2026-10-02 19:10:55,2026-10-02 19:10:55,SYSTEM_ETL,SYSTEM_ETL
fc885ee9-0df2-4877-9060-32ab561fd8a8,70,adam.laurent@nexuserp.com,$2a$10$8.UnVuG9HHgffUDAlk8qfOuVGkqRzgVymGe07xd0P1R6sKz19lZ2O,True,4,2026-10-02 19:10:55,2026-10-02 19:10:55,SYSTEM_ETL,SYSTEM_ETL
e51fb14d-b43c-4124-8f1e-e58a5f9b6cc9,72,anna.russo@nexuserp.com,$2a$10$8.UnVuG9HHgffUDAlk8qfOuVGkqRzgVymGe07xd0P1R6sKz19lZ2O,True,4,2026-10-02 19:10:55,2026-10-02 19:10:55,SYSTEM_ETL,SYSTEM_ETL
e6601b9c-56e2-4d67-a4cb-a7c9790b2d2f,73,ashley.park@nexuserp.com,$2a$10$8.UnVuG9HHgffUDAlk8qfOuVGkqRzgVymGe07xd0P1R6sKz19lZ2O,True,3,2026-10-02 19:10:55,2026-10-02 19:10:55,SYSTEM_ETL,SYSTEM_ETL
c1981d4b-203e-4e21-ac17-37a2462b474d,74,samuel.green@nexuserp.com,$2a$10$8.UnVuG9HHgffUDAlk8qfOuVGkqRzgVymGe07xd0P1R6sKz19lZ2O,True,4,2026-10-02 19:10:55,2026-10-02 19:10:55,SYSTEM_ETL,SYSTEM_ETL
570d8238-bbb2-4f42-9172-55b7f4ebafba,75,emma.roberts@nexuserp.com,$2a$10$8.UnVuG9HHgffUDAlk8qfOuVGkqRzgVymGe07xd0P1R6sKz19lZ2O,True,4,2026-10-02 19:10:55,2026-10-02 19:10:55,SYSTEM_ETL,SYSTEM_ETL
e84f6286-810a-413a-8935-b924642aa7e2,76,john.lopez@nexuserp.com,$2a$10$8.UnVuG9HHgffUDAlk8qfOuVGkqRzgVymGe07xd0P1R6sKz19lZ2O,True,4,2026-10-02 19:10:55,2026-10-02 19:10:55,SYSTEM_ETL,SYSTEM_ETL
9198e823-0a50-4c10-9e0b-195e054111dc,77,anthony.martinez@nexuserp.com,$2a$10$8.UnVuG9HHgffUDAlk8qfOuVGkqRzgVymGe07xd0P1R6sKz19lZ2O,True,4,2026-10-02 19:10:55,2026-10-02 19:10:55,SYSTEM_ETL,SYSTEM_ETL
e450af77-f588-4a95-81cf-5fd3f913940d,78,timothy.laurent@nexuserp.com,$2a$10$8.UnVuG9HHgffUDAlk8qfOuVGkqRzgVymGe07xd0P1R6sKz19lZ2O,True,4,2026-10-02 19:10:55,2026-10-02 19:10:55,SYSTEM_ETL,SYSTEM_ETL
c0e993b1-3a75-4cc9-b8a0-d3cfedfda692,79,amira.adams@nexuserp.com,$2a$10$8.UnVuG9HHgffUDAlk8qfOuVGkqRzgVymGe07xd0P1R6sKz19lZ2O,True,4,2026-10-02 19:10:55,2026-10-02 19:10:55,SYSTEM_ETL,SYSTEM_ETL
170932f9-a9ab-4997-9261-7dd351375eb7,80,priya.roberts@nexuserp.com,$2a$10$8.UnVuG9HHgffUDAlk8qfOuVGkqRzgVymGe07xd0P1R6sKz19lZ2O,True,3,2026-10-02 19:10:55,2026-10-02 19:10:55,SYSTEM_ETL,SYSTEM_ETL
75764f7a-bfa3-4964-b25c-fc7230aaf25e,81,linda.kim@nexuserp.com,$2a$10$8.UnVuG9HHgffUDAlk8qfOuVGkqRzgVymGe07xd0P1R6sKz19lZ2O,True,4,2026-10-02 19:10:55,2026-10-02 19:10:55,SYSTEM_ETL,SYSTEM_ETL
8c6ba438-51b4-4dfd-bdba-2d6d128781cf,83,chloe.khalil@nexuserp.com,$2a$10$8.UnVuG9HHgffUDAlk8qfOuVGkqRzgVymGe07xd0P1R6sKz19lZ2O,True,4,2026-10-02 19:10:55,2026-10-02 19:10:55,SYSTEM_ETL,SYSTEM_ETL
0b765991-f699-4e8b-918e-01d1a9bfe228,84,chloe.carter@nexuserp.com,$2a$10$8.UnVuG9HHgffUDAlk8qfOuVGkqRzgVymGe07xd0P1R6sKz19lZ2O,True,3,2026-10-02 19:10:55,2026-10-02 19:10:55,SYSTEM_ETL,SYSTEM_ETL
9306b5f2-29bc-41e5-9e24-1034340490c7,85,david.carter2@nexuserp.com,$2a$10$8.UnVuG9HHgffUDAlk8qfOuVGkqRzgVymGe07xd0P1R6sKz19lZ2O,True,4,2026-10-02 19:10:55,2026-10-02 19:10:55,SYSTEM_ETL,SYSTEM_ETL
607414f6-23b1-4d58-bc43-3b7a6be8fbdb,86,adam.lewis@nexuserp.com,$2a$10$8.UnVuG9HHgffUDAlk8qfOuVGkqRzgVymGe07xd0P1R6sKz19lZ2O,True,4,2026-10-02 19:10:55,2026-10-02 19:10:55,SYSTEM_ETL,SYSTEM_ETL
06b8b500-39e8-4e39-b4e2-ca322729368b,88,karim.williams@nexuserp.com,$2a$10$8.UnVuG9HHgffUDAlk8qfOuVGkqRzgVymGe07xd0P1R6sKz19lZ2O,True,4,2026-10-02 19:10:55,2026-10-02 19:10:55,SYSTEM_ETL,SYSTEM_ETL
8728a91a-768a-43a7-8659-bfa328281a29,90,joshua.hill@nexuserp.com,$2a$10$8.UnVuG9HHgffUDAlk8qfOuVGkqRzgVymGe07xd0P1R6sKz19lZ2O,False,4,2026-10-02 19:10:55,2026-10-02 19:10:55,SYSTEM_ETL,SYSTEM_ETL
744ddea1-a028-4afd-ab81-f2e134484dd9,91,zoe.jackson@nexuserp.com,$2a$10$8.UnVuG9HHgffUDAlk8qfOuVGkqRzgVymGe07xd0P1R6sKz19lZ2O,True,4,2026-10-02 19:10:55,2026-10-02 19:10:55,SYSTEM_ETL,SYSTEM_ETL
72a6713f-2b1f-40ef-bb05-3f7a946de5aa,94,mark.torres@nexuserp.com,$2a$10$8.UnVuG9HHgffUDAlk8qfOuVGkqRzgVymGe07xd0P1R6sKz19lZ2O,True,4,2026-10-02 19:10:55,2026-10-02 19:10:55,SYSTEM_ETL,SYSTEM_ETL
ebff8ecd-f3e9-4e4b-be5e-bea38be8d36e,95,oscar.ivanov@nexuserp.com,$2a$10$8.UnVuG9HHgffUDAlk8qfOuVGkqRzgVymGe07xd0P1R6sKz19lZ2O,True,4,2026-10-02 19:10:55,2026-10-02 19:10:55,SYSTEM_ETL,SYSTEM_ETL
9c87b314-1460-4fde-814c-b378f07e4d13,96,john.martin@nexuserp.com,$2a$10$8.UnVuG9HHgffUDAlk8qfOuVGkqRzgVymGe07xd0P1R6sKz19lZ2O,True,4,2026-10-02 19:10:55,2026-10-02 19:10:55,SYSTEM_ETL,SYSTEM_ETL
ad79450a-fe5e-4ae6-acc3-c7c40053c659,97,aiko.jones@nexuserp.com,$2a$10$8.UnVuG9HHgffUDAlk8qfOuVGkqRzgVymGe07xd0P1R6sKz19lZ2O,True,4,2026-10-02 19:10:55,2026-10-02 19:10:55,SYSTEM_ETL,SYSTEM_ETL
701e7709-5284-4dc3-bd7e-10fe5d5a9ae8,98,priya.harris@nexuserp.com,$2a$10$8.UnVuG9HHgffUDAlk8qfOuVGkqRzgVymGe07xd0P1R6sKz19lZ2O,True,4,2026-10-02 19:10:55,2026-10-02 19:10:55,SYSTEM_ETL,SYSTEM_ETL
78306edd-1b78-44a8-b518-63a8059f2bf7,100,diego.clark@nexuserp.com,$2a$10$8.UnVuG9HHgffUDAlk8qfOuVGkqRzgVymGe07xd0P1R6sKz19lZ2O,True,4,2026-10-02 19:10:55,2026-10-02 19:10:55,SYSTEM_ETL,SYSTEM_ETL
29c1aad7-188c-437b-933a-b292de4094ab,101,timothy.moreau@nexuserp.com,$2a$10$8.UnVuG9HHgffUDAlk8qfOuVGkqRzgVymGe07xd0P1R6sKz19lZ2O,True,3,2026-10-02 19:10:55,2026-10-02 19:10:55,SYSTEM_ETL,SYSTEM_ETL
9a30b68d-b1f6-40b3-ae42-52c9f7d2c9b4,102,richard.carter@nexuserp.com,$2a$10$8.UnVuG9HHgffUDAlk8qfOuVGkqRzgVymGe07xd0P1R6sKz19lZ2O,True,3,2026-10-02 19:10:55,2026-10-02 19:10:55,SYSTEM_ETL,SYSTEM_ETL
17ce3ea8-d18d-42a1-a962-16dd12d2882f,103,eric.park@nexuserp.com,$2a$10$8.UnVuG9HHgffUDAlk8qfOuVGkqRzgVymGe07xd0P1R6sKz19lZ2O,True,2,2026-10-02 19:10:55,2026-10-02 19:10:55,SYSTEM_ETL,SYSTEM_ETL
53cf3e12-8648-49f9-84a5-f426266efaad,104,oscar.laurent@nexuserp.com,$2a$10$8.UnVuG9HHgffUDAlk8qfOuVGkqRzgVymGe07xd0P1R6sKz19lZ2O,True,4,2026-10-02 19:10:55,2026-10-02 19:10:55,SYSTEM_ETL,SYSTEM_ETL
8266f457-730b-455f-90ad-43da89e8579a,105,george.torres@nexuserp.com,$2a$10$8.UnVuG9HHgffUDAlk8qfOuVGkqRzgVymGe07xd0P1R6sKz19lZ2O,True,4,2026-10-02 19:10:55,2026-10-02 19:10:55,SYSTEM_ETL,SYSTEM_ETL
3d2caf57-203e-4527-8976-b2551914c95f,106,george.patel2@nexuserp.com,$2a$10$8.UnVuG9HHgffUDAlk8qfOuVGkqRzgVymGe07xd0P1R6sKz19lZ2O,True,4,2026-10-02 19:10:55,2026-10-02 19:10:55,SYSTEM_ETL,SYSTEM_ETL
3816386b-c70f-43b7-9714-8e0d8621eabf,107,amanda.anderson@nexuserp.com,$2a$10$8.UnVuG9HHgffUDAlk8qfOuVGkqRzgVymGe07xd0P1R6sKz19lZ2O,True,4,2026-10-02 19:10:55,2026-10-02 19:10:55,SYSTEM_ETL,SYSTEM_ETL
8656a1da-2bbc-4db9-b51b-1304ace25fe1,110,andrew.johnson@nexuserp.com,$2a$10$8.UnVuG9HHgffUDAlk8qfOuVGkqRzgVymGe07xd0P1R6sKz19lZ2O,True,4,2026-10-02 19:10:55,2026-10-02 19:10:55,SYSTEM_ETL,SYSTEM_ETL
cb003315-e1b2-47c4-ba16-265083f1e77f,112,william.davis@nexuserp.com,$2a$10$8.UnVuG9HHgffUDAlk8qfOuVGkqRzgVymGe07xd0P1R6sKz19lZ2O,True,4,2026-10-02 19:10:55,2026-10-02 19:10:55,SYSTEM_ETL,SYSTEM_ETL
101f0478-df98-4ee7-a780-937dcaf26d22,113,ethan.schmidt@nexuserp.com,$2a$10$8.UnVuG9HHgffUDAlk8qfOuVGkqRzgVymGe07xd0P1R6sKz19lZ2O,True,4,2026-10-02 19:10:55,2026-10-02 19:10:55,SYSTEM_ETL,SYSTEM_ETL
7b41208c-ff67-4230-b639-336c76b39ff0,116,mateo.green@nexuserp.com,$2a$10$8.UnVuG9HHgffUDAlk8qfOuVGkqRzgVymGe07xd0P1R6sKz19lZ2O,True,4,2026-10-02 19:10:55,2026-10-02 19:10:55,SYSTEM_ETL,SYSTEM_ETL
720675d2-d98f-48be-9da6-49e65a22a675,117,hugo.wilson@nexuserp.com,$2a$10$8.UnVuG9HHgffUDAlk8qfOuVGkqRzgVymGe07xd0P1R6sKz19lZ2O,True,4,2026-10-02 19:10:55,2026-10-02 19:10:55,SYSTEM_ETL,SYSTEM_ETL
2ef784e8-5a66-42d1-8016-229b3c66c290,118,diego.hall@nexuserp.com,$2a$10$8.UnVuG9HHgffUDAlk8qfOuVGkqRzgVymGe07xd0P1R6sKz19lZ2O,False,4,2026-10-02 19:10:55,2026-10-02 19:10:55,SYSTEM_ETL,SYSTEM_ETL
799f06f6-ace1-4c3b-b030-af4e010caf22,119,tariq.wilson@nexuserp.com,$2a$10$8.UnVuG9HHgffUDAlk8qfOuVGkqRzgVymGe07xd0P1R6sKz19lZ2O,True,4,2026-10-02 19:10:55,2026-10-02 19:10:55,SYSTEM_ETL,SYSTEM_ETL
6a9d5e69-573f-479f-8480-9e730b192456,120,nicholas.rossi@nexuserp.com,$2a$10$8.UnVuG9HHgffUDAlk8qfOuVGkqRzgVymGe07xd0P1R6sKz19lZ2O,True,4,2026-10-02 19:10:55,2026-10-02 19:10:55,SYSTEM_ETL,SYSTEM_ETL
ae317b5d-6952-423d-b2d2-bde4724d5b31,121,nicole.flores@nexuserp.com,$2a$10$8.UnVuG9HHgffUDAlk8qfOuVGkqRzgVymGe07xd0P1R6sKz19lZ2O,True,4,2026-10-02 19:10:55,2026-10-02 19:10:55,SYSTEM_ETL,SYSTEM_ETL
34024ab4-fad7-4d88-846c-b30c08b28df7,124,thomas.wright@nexuserp.com,$2a$10$8.UnVuG9HHgffUDAlk8qfOuVGkqRzgVymGe07xd0P1R6sKz19lZ2O,True,4,2026-10-02 19:10:55,2026-10-02 19:10:55,SYSTEM_ETL,SYSTEM_ETL
97f1d808-8e8c-44e6-859f-d5116d08acb8,125,matthew.lewis@nexuserp.com,$2a$10$8.UnVuG9HHgffUDAlk8qfOuVGkqRzgVymGe07xd0P1R6sKz19lZ2O,True,4,2026-10-02 19:10:55,2026-10-02 19:10:55,SYSTEM_ETL,SYSTEM_ETL
4daefdff-8b83-4de1-9b9c-a5565c884f48,126,sara.khalil@nexuserp.com,$2a$10$8.UnVuG9HHgffUDAlk8qfOuVGkqRzgVymGe07xd0P1R6sKz19lZ2O,True,3,2026-10-02 19:10:55,2026-10-02 19:10:55,SYSTEM_ETL,SYSTEM_ETL
cc041614-97c5-4d20-b970-08cebfa70469,128,yasmine.allen@nexuserp.com,$2a$10$8.UnVuG9HHgffUDAlk8qfOuVGkqRzgVymGe07xd0P1R6sKz19lZ2O,True,4,2026-10-02 19:10:55,2026-10-02 19:10:55,SYSTEM_ETL,SYSTEM_ETL
5fd76208-44b7-4537-8085-92496c5b33d5,129,felix.davis@nexuserp.com,$2a$10$8.UnVuG9HHgffUDAlk8qfOuVGkqRzgVymGe07xd0P1R6sKz19lZ2O,True,4,2026-10-02 19:10:55,2026-10-02 19:10:55,SYSTEM_ETL,SYSTEM_ETL
6815fba6-1189-414c-9c61-3ef22ea489b3,131,joshua.martinez@nexuserp.com,$2a$10$8.UnVuG9HHgffUDAlk8qfOuVGkqRzgVymGe07xd0P1R6sKz19lZ2O,True,4,2026-10-02 19:10:55,2026-10-02 19:10:55,SYSTEM_ETL,SYSTEM_ETL
8a952b90-7ee7-4518-8b6d-0a4da394c826,132,andrew.larsen@nexuserp.com,$2a$10$8.UnVuG9HHgffUDAlk8qfOuVGkqRzgVymGe07xd0P1R6sKz19lZ2O,True,4,2026-10-02 19:10:55,2026-10-02 19:10:55,SYSTEM_ETL,SYSTEM_ETL
1a1b1812-6a88-4009-8c83-f6e3ced0fcc8,133,kevin.santos@nexuserp.com,$2a$10$8.UnVuG9HHgffUDAlk8qfOuVGkqRzgVymGe07xd0P1R6sKz19lZ2O,False,4,2026-10-02 19:10:55,2026-10-02 19:10:55,SYSTEM_ETL,SYSTEM_ETL
ae483a68-2df8-4a14-90ef-65b0a41b46db,134,nicholas.rossi2@nexuserp.com,$2a$10$8.UnVuG9HHgffUDAlk8qfOuVGkqRzgVymGe07xd0P1R6sKz19lZ2O,True,4,2026-10-02 19:10:55,2026-10-02 19:10:55,SYSTEM_ETL,SYSTEM_ETL
f85a4c47-1e35-48f5-9726-ebd0998a9091,137,amy.white@nexuserp.com,$2a$10$8.UnVuG9HHgffUDAlk8qfOuVGkqRzgVymGe07xd0P1R6sKz19lZ2O,False,4,2026-10-02 19:10:55,2026-10-02 19:10:55,SYSTEM_ETL,SYSTEM_ETL
2039e825-05a2-4574-80b8-5df7cd680ff3,138,manon.nielsen@nexuserp.com,$2a$10$8.UnVuG9HHgffUDAlk8qfOuVGkqRzgVymGe07xd0P1R6sKz19lZ2O,True,4,2026-10-02 19:10:55,2026-10-02 19:10:55,SYSTEM_ETL,SYSTEM_ETL
d268c52b-7d6a-4f1a-ab7a-6209a7493a76,139,mark.park@nexuserp.com,$2a$10$8.UnVuG9HHgffUDAlk8qfOuVGkqRzgVymGe07xd0P1R6sKz19lZ2O,True,4,2026-10-02 19:10:55,2026-10-02 19:10:55,SYSTEM_ETL,SYSTEM_ETL
e42db1ac-d5e3-45f7-ab9d-ffab24736e99,140,ashley.schmidt@nexuserp.com,$2a$10$8.UnVuG9HHgffUDAlk8qfOuVGkqRzgVymGe07xd0P1R6sKz19lZ2O,True,2,2026-10-02 19:10:55,2026-10-02 19:10:55,SYSTEM_ETL,SYSTEM_ETL
dc3e473d-85be-4aca-a0d7-222e6e06719c,141,julia.flores@nexuserp.com,$2a$10$8.UnVuG9HHgffUDAlk8qfOuVGkqRzgVymGe07xd0P1R6sKz19lZ2O,True,3,2026-10-02 19:10:55,2026-10-02 19:10:55,SYSTEM_ETL,SYSTEM_ETL
a31113ff-6b7d-45f3-bf77-58a0ecd4ca29,142,lucas.white@nexuserp.com,$2a$10$8.UnVuG9HHgffUDAlk8qfOuVGkqRzgVymGe07xd0P1R6sKz19lZ2O,False,4,2026-10-02 19:10:55,2026-10-02 19:10:55,SYSTEM_ETL,SYSTEM_ETL
f168f2cd-a66e-4f34-9b72-e8719773a355,143,michael.davis@nexuserp.com,$2a$10$8.UnVuG9HHgffUDAlk8qfOuVGkqRzgVymGe07xd0P1R6sKz19lZ2O,True,4,2026-10-02 19:10:55,2026-10-02 19:10:55,SYSTEM_ETL,SYSTEM_ETL
6bfb223c-5993-446d-a8f6-697e5c9efa0e,144,amy.santos@nexuserp.com,$2a$10$8.UnVuG9HHgffUDAlk8qfOuVGkqRzgVymGe07xd0P1R6sKz19lZ2O,True,4,2026-10-02 19:10:55,2026-10-02 19:10:55,SYSTEM_ETL,SYSTEM_ETL
807c5d42-6a1e-4d7f-8de0-cf56eddbe3a8,145,susan.green@nexuserp.com,$2a$10$8.UnVuG9HHgffUDAlk8qfOuVGkqRzgVymGe07xd0P1R6sKz19lZ2O,True,4,2026-10-02 19:10:55,2026-10-02 19:10:55,SYSTEM_ETL,SYSTEM_ETL
c0f366e2-9913-4c52-ba1e-91f021c4efbb,147,hugo.moore@nexuserp.com,$2a$10$8.UnVuG9HHgffUDAlk8qfOuVGkqRzgVymGe07xd0P1R6sKz19lZ2O,False,4,2026-10-02 19:10:55,2026-10-02 19:10:55,SYSTEM_ETL,SYSTEM_ETL
0866ec8a-c1b4-40e6-bd64-5d63667c3024,148,camille.lewis@nexuserp.com,$2a$10$8.UnVuG9HHgffUDAlk8qfOuVGkqRzgVymGe07xd0P1R6sKz19lZ2O,True,2,2026-10-02 19:10:55,2026-10-02 19:10:55,SYSTEM_ETL,SYSTEM_ETL
20efa6c0-ff0e-42a4-9b5d-d7e0c3cdeb7e,150,rayan.benali@nexuserp.com,$2a$10$8.UnVuG9HHgffUDAlk8qfOuVGkqRzgVymGe07xd0P1R6sKz19lZ2O,True,4,2026-10-02 19:10:55,2026-10-02 19:10:55,SYSTEM_ETL,SYSTEM_ETL
1031d684-919e-409a-96ef-0f5a8c8ff547,151,sophia.thomas@nexuserp.com,$2a$10$8.UnVuG9HHgffUDAlk8qfOuVGkqRzgVymGe07xd0P1R6sKz19lZ2O,True,4,2026-10-02 19:10:55,2026-10-02 19:10:55,SYSTEM_ETL,SYSTEM_ETL
9feb9291-d052-4718-a8a7-d448f25068e0,152,jacob.ivanov@nexuserp.com,$2a$10$8.UnVuG9HHgffUDAlk8qfOuVGkqRzgVymGe07xd0P1R6sKz19lZ2O,True,4,2026-10-02 19:10:55,2026-10-02 19:10:55,SYSTEM_ETL,SYSTEM_ETL
1dcfc673-3904-4456-804a-8f09d710f8e6,153,mary.sato@nexuserp.com,$2a$10$8.UnVuG9HHgffUDAlk8qfOuVGkqRzgVymGe07xd0P1R6sKz19lZ2O,True,3,2026-10-02 19:10:55,2026-10-02 19:10:55,SYSTEM_ETL,SYSTEM_ETL
75b46d9b-35f3-4651-995a-560d96bcb3a3,154,nicole.schmidt@nexuserp.com,$2a$10$8.UnVuG9HHgffUDAlk8qfOuVGkqRzgVymGe07xd0P1R6sKz19lZ2O,True,4,2026-10-02 19:10:55,2026-10-02 19:10:55,SYSTEM_ETL,SYSTEM_ETL
10821517-9a6d-436c-9746-6d02748d5c26,155,lina.hill@nexuserp.com,$2a$10$8.UnVuG9HHgffUDAlk8qfOuVGkqRzgVymGe07xd0P1R6sKz19lZ2O,True,4,2026-10-02 19:10:55,2026-10-02 19:10:55,SYSTEM_ETL,SYSTEM_ETL
9b1ec6f3-4001-433b-8dc1-9e27cd4ec269,158,paul.khalil@nexuserp.com,$2a$10$8.UnVuG9HHgffUDAlk8qfOuVGkqRzgVymGe07xd0P1R6sKz19lZ2O,True,3,2026-10-02 19:10:55,2026-10-02 19:10:55,SYSTEM_ETL,SYSTEM_ETL
94f07a0b-cf3f-4e16-95d6-1f7952e0ff24,159,joseph.benali@nexuserp.com,$2a$10$8.UnVuG9HHgffUDAlk8qfOuVGkqRzgVymGe07xd0P1R6sKz19lZ2O,True,4,2026-10-02 19:10:55,2026-10-02 19:10:55,SYSTEM_ETL,SYSTEM_ETL
5fd090b6-c7e8-4d30-8593-5621533490c0,160,david.dubois@nexuserp.com,$2a$10$8.UnVuG9HHgffUDAlk8qfOuVGkqRzgVymGe07xd0P1R6sKz19lZ2O,True,4,2026-10-02 19:10:55,2026-10-02 19:10:55,SYSTEM_ETL,SYSTEM_ETL
cca0b71a-bc50-4740-97b5-2569884f9eb7,161,salma.miller@nexuserp.com,$2a$10$8.UnVuG9HHgffUDAlk8qfOuVGkqRzgVymGe07xd0P1R6sKz19lZ2O,False,4,2026-10-02 19:10:55,2026-10-02 19:10:55,SYSTEM_ETL,SYSTEM_ETL
913bef31-987b-4bc3-a1e7-854ac402d822,162,noah.nguyen@nexuserp.com,$2a$10$8.UnVuG9HHgffUDAlk8qfOuVGkqRzgVymGe07xd0P1R6sKz19lZ2O,True,3,2026-10-02 19:10:55,2026-10-02 19:10:55,SYSTEM_ETL,SYSTEM_ETL
fb653802-c7a1-46f0-952b-a7769be75a65,163,adam.brown@nexuserp.com,$2a$10$8.UnVuG9HHgffUDAlk8qfOuVGkqRzgVymGe07xd0P1R6sKz19lZ2O,False,4,2026-10-02 19:10:55,2026-10-02 19:10:55,SYSTEM_ETL,SYSTEM_ETL
9375e1ad-e785-4d07-8a52-ffbb55ba48de,164,sarah.baker@nexuserp.com,$2a$10$8.UnVuG9HHgffUDAlk8qfOuVGkqRzgVymGe07xd0P1R6sKz19lZ2O,True,4,2026-10-02 19:10:55,2026-10-02 19:10:55,SYSTEM_ETL,SYSTEM_ETL
ec70a77c-7008-41a7-b74c-56c8ee63532d,165,karen.walker@nexuserp.com,$2a$10$8.UnVuG9HHgffUDAlk8qfOuVGkqRzgVymGe07xd0P1R6sKz19lZ2O,False,4,2026-10-02 19:10:55,2026-10-02 19:10:55,SYSTEM_ETL,SYSTEM_ETL
72f8656f-ee5e-4f18-9cee-affd05b3529a,167,luca.lopez@nexuserp.com,$2a$10$8.UnVuG9HHgffUDAlk8qfOuVGkqRzgVymGe07xd0P1R6sKz19lZ2O,False,4,2026-10-02 19:10:55,2026-10-02 19:10:55,SYSTEM_ETL,SYSTEM_ETL
0e1ce654-445a-44a0-9557-36df4be74879,169,luca.rodriguez@nexuserp.com,$2a$10$8.UnVuG9HHgffUDAlk8qfOuVGkqRzgVymGe07xd0P1R6sKz19lZ2O,True,4,2026-10-02 19:10:55,2026-10-02 19:10:55,SYSTEM_ETL,SYSTEM_ETL
c60e9847-98f2-48f8-bde6-4e07ccef8a76,170,sarah.trabelsi@nexuserp.com,$2a$10$8.UnVuG9HHgffUDAlk8qfOuVGkqRzgVymGe07xd0P1R6sKz19lZ2O,True,4,2026-10-02 19:10:55,2026-10-02 19:10:55,SYSTEM_ETL,SYSTEM_ETL
c7cd01e7-a6dc-4860-a142-3c3ad6cf6b9a,171,julia.anderson@nexuserp.com,$2a$10$8.UnVuG9HHgffUDAlk8qfOuVGkqRzgVymGe07xd0P1R6sKz19lZ2O,True,4,2026-10-02 19:10:55,2026-10-02 19:10:55,SYSTEM_ETL,SYSTEM_ETL
54f9e1c0-3526-42bf-99f3-798af1cd2c67,174,emily.oliveira@nexuserp.com,$2a$10$8.UnVuG9HHgffUDAlk8qfOuVGkqRzgVymGe07xd0P1R6sKz19lZ2O,True,4,2026-10-02 19:10:55,2026-10-02 19:10:55,SYSTEM_ETL,SYSTEM_ETL
853ef3a0-31fe-45b2-8dce-db69ac486e74,175,zoe.benali@nexuserp.com,$2a$10$8.UnVuG9HHgffUDAlk8qfOuVGkqRzgVymGe07xd0P1R6sKz19lZ2O,False,4,2026-10-02 19:10:55,2026-10-02 19:10:55,SYSTEM_ETL,SYSTEM_ETL
97f4ccbd-89a4-411a-abc3-968d9a32a80c,176,ryan.young@nexuserp.com,$2a$10$8.UnVuG9HHgffUDAlk8qfOuVGkqRzgVymGe07xd0P1R6sKz19lZ2O,True,4,2026-10-02 19:10:55,2026-10-02 19:10:55,SYSTEM_ETL,SYSTEM_ETL
6068c733-9989-409c-aead-be885d4f2b54,177,yasmine.trabelsi@nexuserp.com,$2a$10$8.UnVuG9HHgffUDAlk8qfOuVGkqRzgVymGe07xd0P1R6sKz19lZ2O,True,4,2026-10-02 19:10:55,2026-10-02 19:10:55,SYSTEM_ETL,SYSTEM_ETL
a87c8a71-f8c9-4f8c-a068-64045abd9e68,178,steven.johnson@nexuserp.com,$2a$10$8.UnVuG9HHgffUDAlk8qfOuVGkqRzgVymGe07xd0P1R6sKz19lZ2O,True,4,2026-10-02 19:10:55,2026-10-02 19:10:55,SYSTEM_ETL,SYSTEM_ETL
4d251e86-2023-4225-bda5-871a93077bd8,179,joseph.larsen@nexuserp.com,$2a$10$8.UnVuG9HHgffUDAlk8qfOuVGkqRzgVymGe07xd0P1R6sKz19lZ2O,False,4,2026-10-02 19:10:55,2026-10-02 19:10:55,SYSTEM_ETL,SYSTEM_ETL
400203fe-6ef8-4fa9-be1a-ad4bb38c3d25,182,sharon.nelson@nexuserp.com,$2a$10$8.UnVuG9HHgffUDAlk8qfOuVGkqRzgVymGe07xd0P1R6sKz19lZ2O,True,4,2026-10-02 19:10:55,2026-10-02 19:10:55,SYSTEM_ETL,SYSTEM_ETL
75676b83-b235-41c1-aeff-550940749416,183,jacob.park@nexuserp.com,$2a$10$8.UnVuG9HHgffUDAlk8qfOuVGkqRzgVymGe07xd0P1R6sKz19lZ2O,True,4,2026-10-02 19:10:55,2026-10-02 19:10:55,SYSTEM_ETL,SYSTEM_ETL
921236aa-74f1-41d3-b61c-210e0c72af04,184,michael.miller@nexuserp.com,$2a$10$8.UnVuG9HHgffUDAlk8qfOuVGkqRzgVymGe07xd0P1R6sKz19lZ2O,True,2,2026-10-02 19:10:55,2026-10-02 19:10:55,SYSTEM_ETL,SYSTEM_ETL
914108c9-2815-4b36-899f-080a1c4b1f2e,190,ashley.nelson@nexuserp.com,$2a$10$8.UnVuG9HHgffUDAlk8qfOuVGkqRzgVymGe07xd0P1R6sKz19lZ2O,False,4,2026-10-02 19:10:55,2026-10-02 19:10:55,SYSTEM_ETL,SYSTEM_ETL
af1e91f2-4643-4b1d-82a8-08b5dbdd2735,192,luca.baker@nexuserp.com,$2a$10$8.UnVuG9HHgffUDAlk8qfOuVGkqRzgVymGe07xd0P1R6sKz19lZ2O,True,4,2026-10-02 19:10:55,2026-10-02 19:10:55,SYSTEM_ETL,SYSTEM_ETL
e00cda2d-c6f8-4ed1-a062-1ba29435b14a,193,amy.jensen@nexuserp.com,$2a$10$8.UnVuG9HHgffUDAlk8qfOuVGkqRzgVymGe07xd0P1R6sKz19lZ2O,True,4,2026-10-02 19:10:55,2026-10-02 19:10:55,SYSTEM_ETL,SYSTEM_ETL
9cd90fb7-2e61-4fee-8933-9c445a919d16,194,sarah.roberts@nexuserp.com,$2a$10$8.UnVuG9HHgffUDAlk8qfOuVGkqRzgVymGe07xd0P1R6sKz19lZ2O,True,4,2026-10-02 19:10:55,2026-10-02 19:10:55,SYSTEM_ETL,SYSTEM_ETL
18e24101-b9c2-4eba-990d-fc8304e70753,195,samuel.adams@nexuserp.com,$2a$10$8.UnVuG9HHgffUDAlk8qfOuVGkqRzgVymGe07xd0P1R6sKz19lZ2O,True,4,2026-10-02 19:10:55,2026-10-02 19:10:55,SYSTEM_ETL,SYSTEM_ETL
f3e6e0c3-a7ed-479e-8e58-cb78f5e50977,197,elena.white@nexuserp.com,$2a$10$8.UnVuG9HHgffUDAlk8qfOuVGkqRzgVymGe07xd0P1R6sKz19lZ2O,True,4,2026-10-02 19:10:55,2026-10-02 19:10:55,SYSTEM_ETL,SYSTEM_ETL
86bee215-37e6-4850-90e6-feeedb206988,198,felix.walker@nexuserp.com,$2a$10$8.UnVuG9HHgffUDAlk8qfOuVGkqRzgVymGe07xd0P1R6sKz19lZ2O,True,4,2026-10-02 19:10:55,2026-10-02 19:10:55,SYSTEM_ETL,SYSTEM_ETL
e1e85320-34f5-4df6-b168-e2be8c520636,199,samuel.rivera@nexuserp.com,$2a$10$8.UnVuG9HHgffUDAlk8qfOuVGkqRzgVymGe07xd0P1R6sKz19lZ2O,True,3,2026-10-02 19:10:55,2026-10-02 19:10:55,SYSTEM_ETL,SYSTEM_ETL
639f3366-6996-44e4-b353-d45f139679a3,200,hiroshi.flores@nexuserp.com,$2a$10$8.UnVuG9HHgffUDAlk8qfOuVGkqRzgVymGe07xd0P1R6sKz19lZ2O,True,4,2026-10-02 19:10:55,2026-10-02 19:10:55,SYSTEM_ETL,SYSTEM_ETL
f3d4c12b-893a-45fa-bca5-4b6f7d79bed4,201,emily.johnson@nexuserp.com,$2a$10$8.UnVuG9HHgffUDAlk8qfOuVGkqRzgVymGe07xd0P1R6sKz19lZ2O,True,4,2026-10-02 19:10:55,2026-10-02 19:10:55,SYSTEM_ETL,SYSTEM_ETL
b90a3788-114a-411e-ae98-f7aeb5755923,202,laura.shah@nexuserp.com,$2a$10$8.UnVuG9HHgffUDAlk8qfOuVGkqRzgVymGe07xd0P1R6sKz19lZ2O,True,4,2026-10-02 19:10:55,2026-10-02 19:10:55,SYSTEM_ETL,SYSTEM_ETL
a7cfa686-0d55-475e-b3a8-bac7f4034b6a,204,james.silva@nexuserp.com,$2a$10$8.UnVuG9HHgffUDAlk8qfOuVGkqRzgVymGe07xd0P1R6sKz19lZ2O,True,4,2026-10-02 19:10:55,2026-10-02 19:10:55,SYSTEM_ETL,SYSTEM_ETL
c171e34d-b2cd-4f4a-a6e6-14fe8749c5f5,205,samuel.lopez@nexuserp.com,$2a$10$8.UnVuG9HHgffUDAlk8qfOuVGkqRzgVymGe07xd0P1R6sKz19lZ2O,True,4,2026-10-02 19:10:55,2026-10-02 19:10:55,SYSTEM_ETL,SYSTEM_ETL
39c2c956-2ce4-485d-aa88-dfc372291f78,206,paul.carter@nexuserp.com,$2a$10$8.UnVuG9HHgffUDAlk8qfOuVGkqRzgVymGe07xd0P1R6sKz19lZ2O,True,4,2026-10-02 19:10:55,2026-10-02 19:10:55,SYSTEM_ETL,SYSTEM_ETL
47564187-5747-46cf-a18c-03c4eaf3f8e9,207,michelle.rodriguez@nexuserp.com,$2a$10$8.UnVuG9HHgffUDAlk8qfOuVGkqRzgVymGe07xd0P1R6sKz19lZ2O,True,4,2026-10-02 19:10:55,2026-10-02 19:10:55,SYSTEM_ETL,SYSTEM_ETL
32ffc5a8-4127-41fb-a1e6-264e5f6471b4,208,luca.laurent@nexuserp.com,$2a$10$8.UnVuG9HHgffUDAlk8qfOuVGkqRzgVymGe07xd0P1R6sKz19lZ2O,True,4,2026-10-02 19:10:55,2026-10-02 19:10:55,SYSTEM_ETL,SYSTEM_ETL
cb3ae9fc-b6fb-44ff-a605-e2f7066333d4,211,william.harris@nexuserp.com,$2a$10$8.UnVuG9HHgffUDAlk8qfOuVGkqRzgVymGe07xd0P1R6sKz19lZ2O,True,4,2026-10-02 19:10:55,2026-10-02 19:10:55,SYSTEM_ETL,SYSTEM_ETL
9c74bb55-4b85-4749-8ea1-492278260429,214,sandra.moreau@nexuserp.com,$2a$10$8.UnVuG9HHgffUDAlk8qfOuVGkqRzgVymGe07xd0P1R6sKz19lZ2O,True,4,2026-10-02 19:10:55,2026-10-02 19:10:55,SYSTEM_ETL,SYSTEM_ETL
08f73fb1-c927-47d8-b32a-54ee86a1c8f6,215,lucas.muller@nexuserp.com,$2a$10$8.UnVuG9HHgffUDAlk8qfOuVGkqRzgVymGe07xd0P1R6sKz19lZ2O,True,4,2026-10-02 19:10:55,2026-10-02 19:10:55,SYSTEM_ETL,SYSTEM_ETL
730a87b9-fc44-4441-9670-349b838b8d6f,216,hana.kim@nexuserp.com,$2a$10$8.UnVuG9HHgffUDAlk8qfOuVGkqRzgVymGe07xd0P1R6sKz19lZ2O,True,4,2026-10-02 19:10:55,2026-10-02 19:10:55,SYSTEM_ETL,SYSTEM_ETL
01e389d8-866d-4868-8df7-48b27b1b8b15,217,andrew.rodriguez@nexuserp.com,$2a$10$8.UnVuG9HHgffUDAlk8qfOuVGkqRzgVymGe07xd0P1R6sKz19lZ2O,True,4,2026-10-02 19:10:55,2026-10-02 19:10:55,SYSTEM_ETL,SYSTEM_ETL
17077b76-47fc-4f79-9fca-94c9829d7202,218,karim.costa@nexuserp.com,$2a$10$8.UnVuG9HHgffUDAlk8qfOuVGkqRzgVymGe07xd0P1R6sKz19lZ2O,True,4,2026-10-02 19:10:55,2026-10-02 19:10:55,SYSTEM_ETL,SYSTEM_ETL
dc04a449-0a72-4deb-9c6a-b31e4aeaebcd,221,victor.martin@nexuserp.com,$2a$10$8.UnVuG9HHgffUDAlk8qfOuVGkqRzgVymGe07xd0P1R6sKz19lZ2O,True,4,2026-10-02 19:10:55,2026-10-02 19:10:55,SYSTEM_ETL,SYSTEM_ETL
1dde411e-49c4-4836-a006-dc77efe8ca1e,223,matthew.williams@nexuserp.com,$2a$10$8.UnVuG9HHgffUDAlk8qfOuVGkqRzgVymGe07xd0P1R6sKz19lZ2O,True,4,2026-10-02 19:10:55,2026-10-02 19:10:55,SYSTEM_ETL,SYSTEM_ETL
2c6809ea-d21a-4c6a-80b4-e466885b24e5,224,joseph.carter@nexuserp.com,$2a$10$8.UnVuG9HHgffUDAlk8qfOuVGkqRzgVymGe07xd0P1R6sKz19lZ2O,True,4,2026-10-02 19:10:55,2026-10-02 19:10:55,SYSTEM_ETL,SYSTEM_ETL
afa4aa49-0f00-4d28-9dfd-8ee3e298cc92,226,sophia.king@nexuserp.com,$2a$10$8.UnVuG9HHgffUDAlk8qfOuVGkqRzgVymGe07xd0P1R6sKz19lZ2O,True,3,2026-10-02 19:10:55,2026-10-02 19:10:55,SYSTEM_ETL,SYSTEM_ETL
9ea599a5-fb14-4021-a950-562332007ce6,227,paul.shah@nexuserp.com,$2a$10$8.UnVuG9HHgffUDAlk8qfOuVGkqRzgVymGe07xd0P1R6sKz19lZ2O,True,4,2026-10-02 19:10:55,2026-10-02 19:10:55,SYSTEM_ETL,SYSTEM_ETL
09b00c92-d71b-4209-bb6c-c000a27f7f38,228,anna.wang@nexuserp.com,$2a$10$8.UnVuG9HHgffUDAlk8qfOuVGkqRzgVymGe07xd0P1R6sKz19lZ2O,True,4,2026-10-02 19:10:55,2026-10-02 19:10:55,SYSTEM_ETL,SYSTEM_ETL
76e22121-9a67-471a-abc1-86ed5d45ed93,230,alice.robinson@nexuserp.com,$2a$10$8.UnVuG9HHgffUDAlk8qfOuVGkqRzgVymGe07xd0P1R6sKz19lZ2O,True,4,2026-10-02 19:10:55,2026-10-02 19:10:55,SYSTEM_ETL,SYSTEM_ETL
ea75ee40-7d67-4946-bce4-c26b524a3ca5,231,daniel.larsen@nexuserp.com,$2a$10$8.UnVuG9HHgffUDAlk8qfOuVGkqRzgVymGe07xd0P1R6sKz19lZ2O,True,4,2026-10-02 19:10:55,2026-10-02 19:10:55,SYSTEM_ETL,SYSTEM_ETL
a47a0388-3524-4d84-90e0-bf364c227b19,233,mehdi.clark@nexuserp.com,$2a$10$8.UnVuG9HHgffUDAlk8qfOuVGkqRzgVymGe07xd0P1R6sKz19lZ2O,True,4,2026-10-02 19:10:55,2026-10-02 19:10:55,SYSTEM_ETL,SYSTEM_ETL
dd646ad0-e2c0-45c8-90b9-c096b22829dc,235,salma.rivera@nexuserp.com,$2a$10$8.UnVuG9HHgffUDAlk8qfOuVGkqRzgVymGe07xd0P1R6sKz19lZ2O,False,4,2026-10-02 19:10:55,2026-10-02 19:10:55,SYSTEM_ETL,SYSTEM_ETL
40d5d522-fb0f-444b-ac26-53257faf0c63,238,diego.thompson@nexuserp.com,$2a$10$8.UnVuG9HHgffUDAlk8qfOuVGkqRzgVymGe07xd0P1R6sKz19lZ2O,True,4,2026-10-02 19:10:55,2026-10-02 19:10:55,SYSTEM_ETL,SYSTEM_ETL
2810bc34-fb1a-4929-aa7c-4b3e5a95bfb0,239,oscar.oliveira@nexuserp.com,$2a$10$8.UnVuG9HHgffUDAlk8qfOuVGkqRzgVymGe07xd0P1R6sKz19lZ2O,True,4,2026-10-02 19:10:55,2026-10-02 19:10:55,SYSTEM_ETL,SYSTEM_ETL
2c4a53fc-7cd7-4d94-9220-85fe78c34247,240,karen.anderson@nexuserp.com,$2a$10$8.UnVuG9HHgffUDAlk8qfOuVGkqRzgVymGe07xd0P1R6sKz19lZ2O,True,4,2026-10-02 19:10:55,2026-10-02 19:10:55,SYSTEM_ETL,SYSTEM_ETL
75d9f840-c420-4907-8f79-49046f51260b,241,olivia.brown@nexuserp.com,$2a$10$8.UnVuG9HHgffUDAlk8qfOuVGkqRzgVymGe07xd0P1R6sKz19lZ2O,True,4,2026-10-02 19:10:55,2026-10-02 19:10:55,SYSTEM_ETL,SYSTEM_ETL
ff0d0f65-1a82-46b7-be39-ec22291f8097,242,steven.hill@nexuserp.com,$2a$10$8.UnVuG9HHgffUDAlk8qfOuVGkqRzgVymGe07xd0P1R6sKz19lZ2O,True,4,2026-10-02 19:10:55,2026-10-02 19:10:55,SYSTEM_ETL,SYSTEM_ETL
b24157c9-05ce-4cf1-bcf9-e51fcd64d84e,243,victor.murphy@nexuserp.com,$2a$10$8.UnVuG9HHgffUDAlk8qfOuVGkqRzgVymGe07xd0P1R6sKz19lZ2O,False,4,2026-10-02 19:10:55,2026-10-02 19:10:55,SYSTEM_ETL,SYSTEM_ETL
268e72e4-c9d8-4927-b8a1-177c9d0cfce9,244,jessica.silva@nexuserp.com,$2a$10$8.UnVuG9HHgffUDAlk8qfOuVGkqRzgVymGe07xd0P1R6sKz19lZ2O,True,4,2026-10-02 19:10:55,2026-10-02 19:10:55,SYSTEM_ETL,SYSTEM_ETL
c3e49fd4-edb5-4257-9edb-89ea4a81c7b8,245,elizabeth.tanaka@nexuserp.com,$2a$10$8.UnVuG9HHgffUDAlk8qfOuVGkqRzgVymGe07xd0P1R6sKz19lZ2O,True,4,2026-10-02 19:10:55,2026-10-02 19:10:55,SYSTEM_ETL,SYSTEM_ETL
f4e31f69-3431-497b-b62a-3c26231de3ed,246,priya.silva@nexuserp.com,$2a$10$8.UnVuG9HHgffUDAlk8qfOuVGkqRzgVymGe07xd0P1R6sKz19lZ2O,True,4,2026-10-02 19:10:55,2026-10-02 19:10:55,SYSTEM_ETL,SYSTEM_ETL
21f01594-bed2-4bfb-8d79-d883825254ed,247,nancy.silva@nexuserp.com,$2a$10$8.UnVuG9HHgffUDAlk8qfOuVGkqRzgVymGe07xd0P1R6sKz19lZ2O,True,4,2026-10-02 19:10:55,2026-10-02 19:10:55,SYSTEM_ETL,SYSTEM_ETL
d3137b7d-0ce5-4a80-af77-18dbe90022ec,248,barbara.rivera@nexuserp.com,$2a$10$8.UnVuG9HHgffUDAlk8qfOuVGkqRzgVymGe07xd0P1R6sKz19lZ2O,False,4,2026-10-02 19:10:55,2026-10-02 19:10:55,SYSTEM_ETL,SYSTEM_ETL
8f81afbb-4b90-47ea-aef9-77c305176a72,249,jacob.robinson@nexuserp.com,$2a$10$8.UnVuG9HHgffUDAlk8qfOuVGkqRzgVymGe07xd0P1R6sKz19lZ2O,True,4,2026-10-02 19:10:55,2026-10-02 19:10:55,SYSTEM_ETL,SYSTEM_ETL
af272623-4927-45cd-9b38-7bf48d6a162c,250,patricia.kim@nexuserp.com,$2a$10$8.UnVuG9HHgffUDAlk8qfOuVGkqRzgVymGe07xd0P1R6sKz19lZ2O,True,4,2026-10-02 19:10:55,2026-10-02 19:10:55,SYSTEM_ETL,SYSTEM_ETL
82a11865-f4d7-465c-a8a5-a58e5ad28c06,252,amanda.moreau@nexuserp.com,$2a$10$8.UnVuG9HHgffUDAlk8qfOuVGkqRzgVymGe07xd0P1R6sKz19lZ2O,True,4,2026-10-02 19:10:55,2026-10-02 19:10:55,SYSTEM_ETL,SYSTEM_ETL
35511025-6d86-46b4-8a28-bbb608df3a5e,253,sharon.king@nexuserp.com,$2a$10$8.UnVuG9HHgffUDAlk8qfOuVGkqRzgVymGe07xd0P1R6sKz19lZ2O,True,3,2026-10-02 19:10:55,2026-10-02 19:10:55,SYSTEM_ETL,SYSTEM_ETL
0efacb14-4b0f-4064-b2f5-944b199e00f8,254,wei.davis@nexuserp.com,$2a$10$8.UnVuG9HHgffUDAlk8qfOuVGkqRzgVymGe07xd0P1R6sKz19lZ2O,True,3,2026-10-02 19:10:55,2026-10-02 19:10:55,SYSTEM_ETL,SYSTEM_ETL
d774b17d-d778-4be9-94c3-34ca389d3e39,256,lucas.tanaka@nexuserp.com,$2a$10$8.UnVuG9HHgffUDAlk8qfOuVGkqRzgVymGe07xd0P1R6sKz19lZ2O,True,4,2026-10-02 19:10:55,2026-10-02 19:10:55,SYSTEM_ETL,SYSTEM_ETL
7ff13d8e-4331-4238-b1a1-9dd5ffe9c17e,258,laura.thompson@nexuserp.com,$2a$10$8.UnVuG9HHgffUDAlk8qfOuVGkqRzgVymGe07xd0P1R6sKz19lZ2O,True,4,2026-10-02 19:10:55,2026-10-02 19:10:55,SYSTEM_ETL,SYSTEM_ETL
b6dde212-fc33-4f43-a0c3-90cf59942738,259,james.oliveira@nexuserp.com,$2a$10$8.UnVuG9HHgffUDAlk8qfOuVGkqRzgVymGe07xd0P1R6sKz19lZ2O,True,3,2026-10-02 19:10:55,2026-10-02 19:10:55,SYSTEM_ETL,SYSTEM_ETL
bd3c0a86-5ca6-4ecf-9764-c2e22391b009,260,clara.lee@nexuserp.com,$2a$10$8.UnVuG9HHgffUDAlk8qfOuVGkqRzgVymGe07xd0P1R6sKz19lZ2O,True,4,2026-10-02 19:10:55,2026-10-02 19:10:55,SYSTEM_ETL,SYSTEM_ETL
739ee7da-3707-4d03-b824-80f938aaf926,261,john.martinez@nexuserp.com,$2a$10$8.UnVuG9HHgffUDAlk8qfOuVGkqRzgVymGe07xd0P1R6sKz19lZ2O,False,4,2026-10-02 19:10:55,2026-10-02 19:10:55,SYSTEM_ETL,SYSTEM_ETL
62bd41d4-37fd-49bb-b238-ebdb185c6101,262,michael.shah@nexuserp.com,$2a$10$8.UnVuG9HHgffUDAlk8qfOuVGkqRzgVymGe07xd0P1R6sKz19lZ2O,True,4,2026-10-02 19:10:55,2026-10-02 19:10:55,SYSTEM_ETL,SYSTEM_ETL
9e7c2afe-96b3-471e-8867-56a2e6c5051a,264,wei.wilson@nexuserp.com,$2a$10$8.UnVuG9HHgffUDAlk8qfOuVGkqRzgVymGe07xd0P1R6sKz19lZ2O,True,3,2026-10-02 19:10:55,2026-10-02 19:10:55,SYSTEM_ETL,SYSTEM_ETL
2055c184-ea7f-4549-8d6a-0659ab79961f,267,noah.thomas@nexuserp.com,$2a$10$8.UnVuG9HHgffUDAlk8qfOuVGkqRzgVymGe07xd0P1R6sKz19lZ2O,True,4,2026-10-02 19:10:55,2026-10-02 19:10:55,SYSTEM_ETL,SYSTEM_ETL
238da196-2dfd-4e0c-8ff0-125d0240c2b0,269,laura.trabelsi@nexuserp.com,$2a$10$8.UnVuG9HHgffUDAlk8qfOuVGkqRzgVymGe07xd0P1R6sKz19lZ2O,True,4,2026-10-02 19:10:55,2026-10-02 19:10:55,SYSTEM_ETL,SYSTEM_ETL
8082f30c-da91-4950-8a13-4883a1485e66,270,nour.novak@nexuserp.com,$2a$10$8.UnVuG9HHgffUDAlk8qfOuVGkqRzgVymGe07xd0P1R6sKz19lZ2O,True,4,2026-10-02 19:10:55,2026-10-02 19:10:55,SYSTEM_ETL,SYSTEM_ETL
688b7e2f-0993-48c6-936a-e78da69e98b0,271,robert.taylor@nexuserp.com,$2a$10$8.UnVuG9HHgffUDAlk8qfOuVGkqRzgVymGe07xd0P1R6sKz19lZ2O,True,4,2026-10-02 19:10:55,2026-10-02 19:10:55,SYSTEM_ETL,SYSTEM_ETL
8b661489-350b-4f4d-a8c9-dc89c46538d0,273,steven.lewis@nexuserp.com,$2a$10$8.UnVuG9HHgffUDAlk8qfOuVGkqRzgVymGe07xd0P1R6sKz19lZ2O,True,4,2026-10-02 19:10:55,2026-10-02 19:10:55,SYSTEM_ETL,SYSTEM_ETL
525f1a65-e48f-4e98-846f-d843a8d4bc4c,274,oscar.park@nexuserp.com,$2a$10$8.UnVuG9HHgffUDAlk8qfOuVGkqRzgVymGe07xd0P1R6sKz19lZ2O,True,4,2026-10-02 19:10:55,2026-10-02 19:10:55,SYSTEM_ETL,SYSTEM_ETL
41bf4bf9-892c-4298-bb31-d831d9673090,275,andrew.nielsen@nexuserp.com,$2a$10$8.UnVuG9HHgffUDAlk8qfOuVGkqRzgVymGe07xd0P1R6sKz19lZ2O,True,4,2026-10-02 19:10:55,2026-10-02 19:10:55,SYSTEM_ETL,SYSTEM_ETL
7120a325-f8ca-499a-8bdb-7277c2d9e4dc,277,nicholas.hall@nexuserp.com,$2a$10$8.UnVuG9HHgffUDAlk8qfOuVGkqRzgVymGe07xd0P1R6sKz19lZ2O,True,4,2026-10-02 19:10:55,2026-10-02 19:10:55,SYSTEM_ETL,SYSTEM_ETL
2b00c440-c2db-4abd-af23-757282bd4966,281,timothy.lopez@nexuserp.com,$2a$10$8.UnVuG9HHgffUDAlk8qfOuVGkqRzgVymGe07xd0P1R6sKz19lZ2O,True,4,2026-10-02 19:10:55,2026-10-02 19:10:55,SYSTEM_ETL,SYSTEM_ETL
cf332a12-26b0-418c-92c9-f908754b4aa7,282,tariq.johnson@nexuserp.com,$2a$10$8.UnVuG9HHgffUDAlk8qfOuVGkqRzgVymGe07xd0P1R6sKz19lZ2O,False,4,2026-10-02 19:10:55,2026-10-02 19:10:55,SYSTEM_ETL,SYSTEM_ETL
be27c9ff-0fa1-47d9-9bad-f68cd57bdb9b,283,sarah.martin@nexuserp.com,$2a$10$8.UnVuG9HHgffUDAlk8qfOuVGkqRzgVymGe07xd0P1R6sKz19lZ2O,False,4,2026-10-02 19:10:55,2026-10-02 19:10:55,SYSTEM_ETL,SYSTEM_ETL
13e865c3-8afe-421d-9745-2dfa254953db,284,mark.hernandez@nexuserp.com,$2a$10$8.UnVuG9HHgffUDAlk8qfOuVGkqRzgVymGe07xd0P1R6sKz19lZ2O,True,4,2026-10-02 19:10:55,2026-10-02 19:10:55,SYSTEM_ETL,SYSTEM_ETL
12e83320-a684-4c53-bb39-80117ecb1cfb,286,mary.fontaine@nexuserp.com,$2a$10$8.UnVuG9HHgffUDAlk8qfOuVGkqRzgVymGe07xd0P1R6sKz19lZ2O,True,4,2026-10-02 19:10:55,2026-10-02 19:10:55,SYSTEM_ETL,SYSTEM_ETL
989a40b9-fcf9-47db-9cbf-a11ebbde80a0,287,victor.martinez@nexuserp.com,$2a$10$8.UnVuG9HHgffUDAlk8qfOuVGkqRzgVymGe07xd0P1R6sKz19lZ2O,True,4,2026-10-02 19:10:55,2026-10-02 19:10:55,SYSTEM_ETL,SYSTEM_ETL
f22dfea2-1c32-46de-ac1b-2c29afae0c84,288,steven.hall@nexuserp.com,$2a$10$8.UnVuG9HHgffUDAlk8qfOuVGkqRzgVymGe07xd0P1R6sKz19lZ2O,True,4,2026-10-02 19:10:55,2026-10-02 19:10:55,SYSTEM_ETL,SYSTEM_ETL
514a57e9-0743-4885-939f-f3f2038538a8,291,tariq.rossi@nexuserp.com,$2a$10$8.UnVuG9HHgffUDAlk8qfOuVGkqRzgVymGe07xd0P1R6sKz19lZ2O,False,4,2026-10-02 19:10:55,2026-10-02 19:10:55,SYSTEM_ETL,SYSTEM_ETL
ab31222c-4c1f-4355-8880-79eac212319b,292,ethan.benali@nexuserp.com,$2a$10$8.UnVuG9HHgffUDAlk8qfOuVGkqRzgVymGe07xd0P1R6sKz19lZ2O,True,4,2026-10-02 19:10:55,2026-10-02 19:10:55,SYSTEM_ETL,SYSTEM_ETL
a6a4c321-84a7-48fd-8e77-4cc52c0e6a32,293,sharon.taylor@nexuserp.com,$2a$10$8.UnVuG9HHgffUDAlk8qfOuVGkqRzgVymGe07xd0P1R6sKz19lZ2O,True,4,2026-10-02 19:10:55,2026-10-02 19:10:55,SYSTEM_ETL,SYSTEM_ETL
ef1c1e4b-a556-4601-81a5-c57d14e9e9b9,296,arjun.wang@nexuserp.com,$2a$10$8.UnVuG9HHgffUDAlk8qfOuVGkqRzgVymGe07xd0P1R6sKz19lZ2O,True,3,2026-10-02 19:10:55,2026-10-02 19:10:55,SYSTEM_ETL,SYSTEM_ETL
72d6a521-4276-4a1e-ba6b-f497588c1d46,297,patricia.schmidt@nexuserp.com,$2a$10$8.UnVuG9HHgffUDAlk8qfOuVGkqRzgVymGe07xd0P1R6sKz19lZ2O,False,4,2026-10-02 19:10:55,2026-10-02 19:10:55,SYSTEM_ETL,SYSTEM_ETL
409c08f8-2fbb-4310-9957-549b675e5e3b,298,elizabeth.tanaka2@nexuserp.com,$2a$10$8.UnVuG9HHgffUDAlk8qfOuVGkqRzgVymGe07xd0P1R6sKz19lZ2O,True,3,2026-10-02 19:10:55,2026-10-02 19:10:55,SYSTEM_ETL,SYSTEM_ETL
225d2607-5ede-467f-9a6f-c5f4388b87b2,299,aiko.hernandez@nexuserp.com,$2a$10$8.UnVuG9HHgffUDAlk8qfOuVGkqRzgVymGe07xd0P1R6sKz19lZ2O,False,4,2026-10-02 19:10:55,2026-10-02 19:10:55,SYSTEM_ETL,SYSTEM_ETL
ec2046b5-8b10-400b-a976-ee078f795b9b,300,timothy.martinez@nexuserp.com,$2a$10$8.UnVuG9HHgffUDAlk8qfOuVGkqRzgVymGe07xd0P1R6sKz19lZ2O,False,4,2026-10-02 19:10:55,2026-10-02 19:10:55,SYSTEM_ETL,SYSTEM_ETL
083db5cc-2c44-48cc-bcea-86066d137632,302,chloe.oliveira@nexuserp.com,$2a$10$8.UnVuG9HHgffUDAlk8qfOuVGkqRzgVymGe07xd0P1R6sKz19lZ2O,True,4,2026-10-02 19:10:55,2026-10-02 19:10:55,SYSTEM_ETL,SYSTEM_ETL
37b28152-ed73-4dec-98e3-a80e0f70fad2,303,elizabeth.scott@nexuserp.com,$2a$10$8.UnVuG9HHgffUDAlk8qfOuVGkqRzgVymGe07xd0P1R6sKz19lZ2O,True,4,2026-10-02 19:10:55,2026-10-02 19:10:55,SYSTEM_ETL,SYSTEM_ETL
bd5e5810-0415-4623-af34-8e205d0daedf,304,victor.lewis@nexuserp.com,$2a$10$8.UnVuG9HHgffUDAlk8qfOuVGkqRzgVymGe07xd0P1R6sKz19lZ2O,True,4,2026-10-02 19:10:55,2026-10-02 19:10:55,SYSTEM_ETL,SYSTEM_ETL
f0d49e02-cd63-4d12-971c-1dc6d137df13,305,susan.baker@nexuserp.com,$2a$10$8.UnVuG9HHgffUDAlk8qfOuVGkqRzgVymGe07xd0P1R6sKz19lZ2O,True,4,2026-10-02 19:10:55,2026-10-02 19:10:55,SYSTEM_ETL,SYSTEM_ETL
b099f538-3c56-424d-bc60-d0e5fd5b239c,306,eric.laurent@nexuserp.com,$2a$10$8.UnVuG9HHgffUDAlk8qfOuVGkqRzgVymGe07xd0P1R6sKz19lZ2O,True,3,2026-10-02 19:10:55,2026-10-02 19:10:55,SYSTEM_ETL,SYSTEM_ETL
457817d7-fa98-4ba5-b6c2-58bb78b298ca,307,paul.larsen@nexuserp.com,$2a$10$8.UnVuG9HHgffUDAlk8qfOuVGkqRzgVymGe07xd0P1R6sKz19lZ2O,True,4,2026-10-02 19:10:55,2026-10-02 19:10:55,SYSTEM_ETL,SYSTEM_ETL
5fd99063-e860-4fef-913d-ecf6e4f21766,308,jonathan.harris@nexuserp.com,$2a$10$8.UnVuG9HHgffUDAlk8qfOuVGkqRzgVymGe07xd0P1R6sKz19lZ2O,True,4,2026-10-02 19:10:55,2026-10-02 19:10:55,SYSTEM_ETL,SYSTEM_ETL
fd032eb7-a077-464a-8c43-80b02c349dc2,309,victor.costa@nexuserp.com,$2a$10$8.UnVuG9HHgffUDAlk8qfOuVGkqRzgVymGe07xd0P1R6sKz19lZ2O,True,4,2026-10-02 19:10:55,2026-10-02 19:10:55,SYSTEM_ETL,SYSTEM_ETL
7d42c754-d529-4a42-8e41-568b10f3979a,311,nicholas.johnson@nexuserp.com,$2a$10$8.UnVuG9HHgffUDAlk8qfOuVGkqRzgVymGe07xd0P1R6sKz19lZ2O,True,4,2026-10-02 19:10:55,2026-10-02 19:10:55,SYSTEM_ETL,SYSTEM_ETL
6aac05d5-72cb-4543-9245-10b37937eb2d,312,ines.carter@nexuserp.com,$2a$10$8.UnVuG9HHgffUDAlk8qfOuVGkqRzgVymGe07xd0P1R6sKz19lZ2O,True,4,2026-10-02 19:10:55,2026-10-02 19:10:55,SYSTEM_ETL,SYSTEM_ETL
373e1b03-e6ba-46d0-b4cc-3c96be8fbc73,314,jessica.khalil@nexuserp.com,$2a$10$8.UnVuG9HHgffUDAlk8qfOuVGkqRzgVymGe07xd0P1R6sKz19lZ2O,True,4,2026-10-02 19:10:55,2026-10-02 19:10:55,SYSTEM_ETL,SYSTEM_ETL
d19b28af-a62f-49c2-bde1-c03ecb7bfc3e,315,hiroshi.rodriguez@nexuserp.com,$2a$10$8.UnVuG9HHgffUDAlk8qfOuVGkqRzgVymGe07xd0P1R6sKz19lZ2O,False,4,2026-10-02 19:10:55,2026-10-02 19:10:55,SYSTEM_ETL,SYSTEM_ETL
26275677-2112-4c89-b6c9-344f5b907faa,316,camille.lopez@nexuserp.com,$2a$10$8.UnVuG9HHgffUDAlk8qfOuVGkqRzgVymGe07xd0P1R6sKz19lZ2O,True,4,2026-10-02 19:10:55,2026-10-02 19:10:55,SYSTEM_ETL,SYSTEM_ETL
0231347f-ecde-41a1-ab26-ef32e8d2648f,319,noah.nguyen2@nexuserp.com,$2a$10$8.UnVuG9HHgffUDAlk8qfOuVGkqRzgVymGe07xd0P1R6sKz19lZ2O,True,3,2026-10-02 19:10:55,2026-10-02 19:10:55,SYSTEM_ETL,SYSTEM_ETL
e2cf994d-a69a-404d-8e20-5d1612078685,321,james.nielsen@nexuserp.com,$2a$10$8.UnVuG9HHgffUDAlk8qfOuVGkqRzgVymGe07xd0P1R6sKz19lZ2O,True,4,2026-10-02 19:10:55,2026-10-02 19:10:55,SYSTEM_ETL,SYSTEM_ETL
144f7da0-491d-43a9-af12-e0fb3f0c5240,323,sarah.trabelsi2@nexuserp.com,$2a$10$8.UnVuG9HHgffUDAlk8qfOuVGkqRzgVymGe07xd0P1R6sKz19lZ2O,True,3,2026-10-02 19:10:55,2026-10-02 19:10:55,SYSTEM_ETL,SYSTEM_ETL
04231b9f-d565-4c11-8162-dda5aec4bca1,325,charles.oliveira@nexuserp.com,$2a$10$8.UnVuG9HHgffUDAlk8qfOuVGkqRzgVymGe07xd0P1R6sKz19lZ2O,False,4,2026-10-02 19:10:55,2026-10-02 19:10:55,SYSTEM_ETL,SYSTEM_ETL
16d13d27-19c2-473b-adc6-7b2ceec6959b,327,camille.wang@nexuserp.com,$2a$10$8.UnVuG9HHgffUDAlk8qfOuVGkqRzgVymGe07xd0P1R6sKz19lZ2O,True,3,2026-10-02 19:10:55,2026-10-02 19:10:55,SYSTEM_ETL,SYSTEM_ETL
6d79f008-2ae3-4f4f-9f3c-b7b5cc5b0690,328,cynthia.adams@nexuserp.com,$2a$10$8.UnVuG9HHgffUDAlk8qfOuVGkqRzgVymGe07xd0P1R6sKz19lZ2O,False,4,2026-10-02 19:10:55,2026-10-02 19:10:55,SYSTEM_ETL,SYSTEM_ETL
6a50b65d-04d8-47fe-9078-aeafbf6ce841,329,mehdi.park@nexuserp.com,$2a$10$8.UnVuG9HHgffUDAlk8qfOuVGkqRzgVymGe07xd0P1R6sKz19lZ2O,True,3,2026-10-02 19:10:55,2026-10-02 19:10:55,SYSTEM_ETL,SYSTEM_ETL
2e668791-4e95-4f0c-a6f3-7b3544854477,330,priya.johnson@nexuserp.com,$2a$10$8.UnVuG9HHgffUDAlk8qfOuVGkqRzgVymGe07xd0P1R6sKz19lZ2O,True,4,2026-10-02 19:10:55,2026-10-02 19:10:55,SYSTEM_ETL,SYSTEM_ETL
b23f2c2f-57f5-48e7-8f76-a9e43a99a8a4,331,luca.rodriguez2@nexuserp.com,$2a$10$8.UnVuG9HHgffUDAlk8qfOuVGkqRzgVymGe07xd0P1R6sKz19lZ2O,False,4,2026-10-02 19:10:55,2026-10-02 19:10:55,SYSTEM_ETL,SYSTEM_ETL
12985770-ef04-4bbc-9c54-49ad54a2e461,332,emily.shah@nexuserp.com,$2a$10$8.UnVuG9HHgffUDAlk8qfOuVGkqRzgVymGe07xd0P1R6sKz19lZ2O,True,4,2026-10-02 19:10:55,2026-10-02 19:10:55,SYSTEM_ETL,SYSTEM_ETL
0c511ec8-7537-4c65-96e6-16e83b54d278,333,anthony.chen@nexuserp.com,$2a$10$8.UnVuG9HHgffUDAlk8qfOuVGkqRzgVymGe07xd0P1R6sKz19lZ2O,True,4,2026-10-02 19:10:55,2026-10-02 19:10:55,SYSTEM_ETL,SYSTEM_ETL
1bdc520e-6336-4689-ba12-637f1ee655ac,334,jacob.martin@nexuserp.com,$2a$10$8.UnVuG9HHgffUDAlk8qfOuVGkqRzgVymGe07xd0P1R6sKz19lZ2O,True,4,2026-10-02 19:10:55,2026-10-02 19:10:55,SYSTEM_ETL,SYSTEM_ETL
99c9a49a-b02e-4439-a18d-42a79a08d971,335,andrew.campbell@nexuserp.com,$2a$10$8.UnVuG9HHgffUDAlk8qfOuVGkqRzgVymGe07xd0P1R6sKz19lZ2O,True,4,2026-10-02 19:10:55,2026-10-02 19:10:55,SYSTEM_ETL,SYSTEM_ETL
35605937-6a25-43ef-a77c-ffe97d98bd7f,336,ethan.haddad@nexuserp.com,$2a$10$8.UnVuG9HHgffUDAlk8qfOuVGkqRzgVymGe07xd0P1R6sKz19lZ2O,True,3,2026-10-02 19:10:55,2026-10-02 19:10:55,SYSTEM_ETL,SYSTEM_ETL
69cfae6a-814d-4493-a413-c9d6d3a41dc7,337,tariq.novak@nexuserp.com,$2a$10$8.UnVuG9HHgffUDAlk8qfOuVGkqRzgVymGe07xd0P1R6sKz19lZ2O,True,3,2026-10-02 19:10:55,2026-10-02 19:10:55,SYSTEM_ETL,SYSTEM_ETL
544474dd-2ead-4a85-bbc5-131c2366fa23,338,lea.haddad@nexuserp.com,$2a$10$8.UnVuG9HHgffUDAlk8qfOuVGkqRzgVymGe07xd0P1R6sKz19lZ2O,True,4,2026-10-02 19:10:55,2026-10-02 19:10:55,SYSTEM_ETL,SYSTEM_ETL
e686ff06-a8a4-4628-ab20-aaa7533f8040,339,steven.nguyen@nexuserp.com,$2a$10$8.UnVuG9HHgffUDAlk8qfOuVGkqRzgVymGe07xd0P1R6sKz19lZ2O,True,4,2026-10-02 19:10:55,2026-10-02 19:10:55,SYSTEM_ETL,SYSTEM_ETL
130ada50-7691-4b0f-8b72-7b71240a9937,340,barbara.king@nexuserp.com,$2a$10$8.UnVuG9HHgffUDAlk8qfOuVGkqRzgVymGe07xd0P1R6sKz19lZ2O,True,4,2026-10-02 19:10:55,2026-10-02 19:10:55,SYSTEM_ETL,SYSTEM_ETL
62400507-a2c1-45d5-b1e4-f106229184b0,341,tariq.hill@nexuserp.com,$2a$10$8.UnVuG9HHgffUDAlk8qfOuVGkqRzgVymGe07xd0P1R6sKz19lZ2O,True,4,2026-10-02 19:10:55,2026-10-02 19:10:55,SYSTEM_ETL,SYSTEM_ETL
bfd14edb-6ec8-4920-9de5-fdecf9a3c3f7,342,william.moreau@nexuserp.com,$2a$10$8.UnVuG9HHgffUDAlk8qfOuVGkqRzgVymGe07xd0P1R6sKz19lZ2O,False,4,2026-10-02 19:10:55,2026-10-02 19:10:55,SYSTEM_ETL,SYSTEM_ETL
6e863931-39e2-4c5c-915c-6a81d15ba208,343,alice.novak@nexuserp.com,$2a$10$8.UnVuG9HHgffUDAlk8qfOuVGkqRzgVymGe07xd0P1R6sKz19lZ2O,True,4,2026-10-02 19:10:55,2026-10-02 19:10:55,SYSTEM_ETL,SYSTEM_ETL
57fbf24e-f53f-453c-b207-cdca50fbcd9b,346,mark.green@nexuserp.com,$2a$10$8.UnVuG9HHgffUDAlk8qfOuVGkqRzgVymGe07xd0P1R6sKz19lZ2O,True,4,2026-10-02 19:10:55,2026-10-02 19:10:55,SYSTEM_ETL,SYSTEM_ETL
503f7364-95a0-4bd5-bd65-568ad9a6490e,347,olivia.lee@nexuserp.com,$2a$10$8.UnVuG9HHgffUDAlk8qfOuVGkqRzgVymGe07xd0P1R6sKz19lZ2O,True,4,2026-10-02 19:10:55,2026-10-02 19:10:55,SYSTEM_ETL,SYSTEM_ETL
8be75cfb-27c5-4ce3-9ae3-fa8f81cf4f39,349,mark.martin@nexuserp.com,$2a$10$8.UnVuG9HHgffUDAlk8qfOuVGkqRzgVymGe07xd0P1R6sKz19lZ2O,True,4,2026-10-02 19:10:55,2026-10-02 19:10:55,SYSTEM_ETL,SYSTEM_ETL
a80d7578-af88-4f37-8942-7c52fe0ef245,350,zoe.tanaka@nexuserp.com,$2a$10$8.UnVuG9HHgffUDAlk8qfOuVGkqRzgVymGe07xd0P1R6sKz19lZ2O,True,4,2026-10-02 19:10:55,2026-10-02 19:10:55,SYSTEM_ETL,SYSTEM_ETL
80338687-c4fa-43c0-bb3a-06edf9a2fec3,351,priya.patel@nexuserp.com,$2a$10$8.UnVuG9HHgffUDAlk8qfOuVGkqRzgVymGe07xd0P1R6sKz19lZ2O,True,4,2026-10-02 19:10:55,2026-10-02 19:10:55,SYSTEM_ETL,SYSTEM_ETL
901ecf44-6940-46d7-986e-16c1bb0502ec,352,felix.rodriguez@nexuserp.com,$2a$10$8.UnVuG9HHgffUDAlk8qfOuVGkqRzgVymGe07xd0P1R6sKz19lZ2O,True,3,2026-10-02 19:10:55,2026-10-02 19:10:55,SYSTEM_ETL,SYSTEM_ETL
d0d73b5c-95ab-48a1-9f3e-8901ac4c4998,353,wei.garcia2@nexuserp.com,$2a$10$8.UnVuG9HHgffUDAlk8qfOuVGkqRzgVymGe07xd0P1R6sKz19lZ2O,True,4,2026-10-02 19:10:55,2026-10-02 19:10:55,SYSTEM_ETL,SYSTEM_ETL
b0def2d2-09c3-467a-8002-d44b56f67766,355,jacob.trabelsi@nexuserp.com,$2a$10$8.UnVuG9HHgffUDAlk8qfOuVGkqRzgVymGe07xd0P1R6sKz19lZ2O,False,4,2026-10-02 19:10:55,2026-10-02 19:10:55,SYSTEM_ETL,SYSTEM_ETL
c8c96b63-9f41-4195-9990-4969bdb0f35c,359,joshua.lopez@nexuserp.com,$2a$10$8.UnVuG9HHgffUDAlk8qfOuVGkqRzgVymGe07xd0P1R6sKz19lZ2O,True,4,2026-10-02 19:10:55,2026-10-02 19:10:55,SYSTEM_ETL,SYSTEM_ETL
08b1b2de-5294-4d2c-8ca5-b6d2a1f2aaa9,361,charles.patel@nexuserp.com,$2a$10$8.UnVuG9HHgffUDAlk8qfOuVGkqRzgVymGe07xd0P1R6sKz19lZ2O,True,4,2026-10-02 19:10:55,2026-10-02 19:10:55,SYSTEM_ETL,SYSTEM_ETL
28e38a36-53c6-4448-9f43-555b13dc4843,362,paul.lewis@nexuserp.com,$2a$10$8.UnVuG9HHgffUDAlk8qfOuVGkqRzgVymGe07xd0P1R6sKz19lZ2O,True,4,2026-10-02 19:10:55,2026-10-02 19:10:55,SYSTEM_ETL,SYSTEM_ETL
6974da2c-20cc-4cee-8838-24b10bc66d82,363,hana.lopez@nexuserp.com,$2a$10$8.UnVuG9HHgffUDAlk8qfOuVGkqRzgVymGe07xd0P1R6sKz19lZ2O,True,3,2026-10-02 19:10:55,2026-10-02 19:10:55,SYSTEM_ETL,SYSTEM_ETL
c9e18e0c-04d7-483d-bc53-4859b6675d3b,364,diego.costa@nexuserp.com,$2a$10$8.UnVuG9HHgffUDAlk8qfOuVGkqRzgVymGe07xd0P1R6sKz19lZ2O,False,4,2026-10-02 19:10:55,2026-10-02 19:10:55,SYSTEM_ETL,SYSTEM_ETL
8ee8f14b-1016-4682-a61e-a9e7f37e2d05,366,youssef.anderson@nexuserp.com,$2a$10$8.UnVuG9HHgffUDAlk8qfOuVGkqRzgVymGe07xd0P1R6sKz19lZ2O,True,4,2026-10-02 19:10:55,2026-10-02 19:10:55,SYSTEM_ETL,SYSTEM_ETL
46e90df9-4e05-4129-9f4e-a4f2749c9baf,367,joseph.harris@nexuserp.com,$2a$10$8.UnVuG9HHgffUDAlk8qfOuVGkqRzgVymGe07xd0P1R6sKz19lZ2O,True,4,2026-10-02 19:10:55,2026-10-02 19:10:55,SYSTEM_ETL,SYSTEM_ETL
c0183186-cc2d-458e-9965-d7f6155c35bc,369,omar.wilson@nexuserp.com,$2a$10$8.UnVuG9HHgffUDAlk8qfOuVGkqRzgVymGe07xd0P1R6sKz19lZ2O,True,4,2026-10-02 19:10:55,2026-10-02 19:10:55,SYSTEM_ETL,SYSTEM_ETL
be2bdefc-2fce-401d-a688-d79e7a5939f0,372,ryan.martinez@nexuserp.com,$2a$10$8.UnVuG9HHgffUDAlk8qfOuVGkqRzgVymGe07xd0P1R6sKz19lZ2O,True,4,2026-10-02 19:10:55,2026-10-02 19:10:55,SYSTEM_ETL,SYSTEM_ETL
ba1275df-407c-41c5-97cb-6a2e9b3ec955,373,samuel.johnson@nexuserp.com,$2a$10$8.UnVuG9HHgffUDAlk8qfOuVGkqRzgVymGe07xd0P1R6sKz19lZ2O,True,4,2026-10-02 19:10:55,2026-10-02 19:10:55,SYSTEM_ETL,SYSTEM_ETL
5b0bbd43-a627-4164-b0a8-6448b0266ba8,374,hugo.jones@nexuserp.com,$2a$10$8.UnVuG9HHgffUDAlk8qfOuVGkqRzgVymGe07xd0P1R6sKz19lZ2O,True,1,2026-10-02 19:10:55,2026-10-02 19:10:55,SYSTEM_ETL,SYSTEM_ETL
0b465008-3dab-43a5-9249-04a54345af02,376,charles.anderson@nexuserp.com,$2a$10$8.UnVuG9HHgffUDAlk8qfOuVGkqRzgVymGe07xd0P1R6sKz19lZ2O,False,3,2026-10-02 19:10:55,2026-10-02 19:10:55,SYSTEM_ETL,SYSTEM_ETL
4d4335cd-d093-4cf3-8bd2-39253baa0daf,377,ivan.jones@nexuserp.com,$2a$10$8.UnVuG9HHgffUDAlk8qfOuVGkqRzgVymGe07xd0P1R6sKz19lZ2O,True,4,2026-10-02 19:10:55,2026-10-02 19:10:55,SYSTEM_ETL,SYSTEM_ETL
701e422a-270a-4ac6-b642-d8997cff34c0,378,timothy.trabelsi@nexuserp.com,$2a$10$8.UnVuG9HHgffUDAlk8qfOuVGkqRzgVymGe07xd0P1R6sKz19lZ2O,True,4,2026-10-02 19:10:55,2026-10-02 19:10:55,SYSTEM_ETL,SYSTEM_ETL
f2cd1849-97d2-4355-8557-1b08950e736f,379,eric.fontaine@nexuserp.com,$2a$10$8.UnVuG9HHgffUDAlk8qfOuVGkqRzgVymGe07xd0P1R6sKz19lZ2O,True,4,2026-10-02 19:10:55,2026-10-02 19:10:55,SYSTEM_ETL,SYSTEM_ETL
9f410cd2-0189-43b5-84b9-b160b60b7254,380,elena.scott@nexuserp.com,$2a$10$8.UnVuG9HHgffUDAlk8qfOuVGkqRzgVymGe07xd0P1R6sKz19lZ2O,True,3,2026-10-02 19:10:55,2026-10-02 19:10:55,SYSTEM_ETL,SYSTEM_ETL
ef3159fb-557c-4488-be21-0cad3d4a57b3,381,aiko.robinson@nexuserp.com,$2a$10$8.UnVuG9HHgffUDAlk8qfOuVGkqRzgVymGe07xd0P1R6sKz19lZ2O,True,3,2026-10-02 19:10:55,2026-10-02 19:10:55,SYSTEM_ETL,SYSTEM_ETL
6fdf9a2e-6809-43b5-99cb-a59c2316692d,382,zoe.hall@nexuserp.com,$2a$10$8.UnVuG9HHgffUDAlk8qfOuVGkqRzgVymGe07xd0P1R6sKz19lZ2O,True,4,2026-10-02 19:10:55,2026-10-02 19:10:55,SYSTEM_ETL,SYSTEM_ETL
f823352d-476f-4a94-baf5-e6e3b453d1ff,384,camille.kowalski@nexuserp.com,$2a$10$8.UnVuG9HHgffUDAlk8qfOuVGkqRzgVymGe07xd0P1R6sKz19lZ2O,True,4,2026-10-02 19:10:55,2026-10-02 19:10:55,SYSTEM_ETL,SYSTEM_ETL
66036153-3cf9-45c0-872e-6a4fc53520c0,385,adam.ivanov@nexuserp.com,$2a$10$8.UnVuG9HHgffUDAlk8qfOuVGkqRzgVymGe07xd0P1R6sKz19lZ2O,True,3,2026-10-02 19:10:55,2026-10-02 19:10:55,SYSTEM_ETL,SYSTEM_ETL
2c78849e-191b-4397-a3d5-8181a74ecf78,386,jonathan.brown@nexuserp.com,$2a$10$8.UnVuG9HHgffUDAlk8qfOuVGkqRzgVymGe07xd0P1R6sKz19lZ2O,True,3,2026-10-02 19:10:55,2026-10-02 19:10:55,SYSTEM_ETL,SYSTEM_ETL
cabf14ee-f053-444f-b2ef-682ab23cd4b9,387,nicholas.thomas@nexuserp.com,$2a$10$8.UnVuG9HHgffUDAlk8qfOuVGkqRzgVymGe07xd0P1R6sKz19lZ2O,True,4,2026-10-02 19:10:55,2026-10-02 19:10:55,SYSTEM_ETL,SYSTEM_ETL
1e8fbd7f-202c-4cac-8204-daf1a5e14316,388,wei.martin@nexuserp.com,$2a$10$8.UnVuG9HHgffUDAlk8qfOuVGkqRzgVymGe07xd0P1R6sKz19lZ2O,True,4,2026-10-02 19:10:55,2026-10-02 19:10:55,SYSTEM_ETL,SYSTEM_ETL
45cf7649-20bf-4034-86aa-eb66a9e8ee05,389,matthew.lee@nexuserp.com,$2a$10$8.UnVuG9HHgffUDAlk8qfOuVGkqRzgVymGe07xd0P1R6sKz19lZ2O,True,4,2026-10-02 19:10:55,2026-10-02 19:10:55,SYSTEM_ETL,SYSTEM_ETL
f8e48db2-053d-4854-8892-97d36ca03a51,390,ahmed.roberts@nexuserp.com,$2a$10$8.UnVuG9HHgffUDAlk8qfOuVGkqRzgVymGe07xd0P1R6sKz19lZ2O,True,4,2026-10-02 19:10:55,2026-10-02 19:10:55,SYSTEM_ETL,SYSTEM_ETL
7b257c22-6244-4a1b-8a88-746c5c0f27ad,391,clara.nguyen@nexuserp.com,$2a$10$8.UnVuG9HHgffUDAlk8qfOuVGkqRzgVymGe07xd0P1R6sKz19lZ2O,True,4,2026-10-02 19:10:55,2026-10-02 19:10:55,SYSTEM_ETL,SYSTEM_ETL
d7168f88-a640-46bb-b1ea-ed185afa7930,392,steven.brown@nexuserp.com,$2a$10$8.UnVuG9HHgffUDAlk8qfOuVGkqRzgVymGe07xd0P1R6sKz19lZ2O,False,4,2026-10-02 19:10:55,2026-10-02 19:10:55,SYSTEM_ETL,SYSTEM_ETL
0e8a327a-88e1-4a5b-9660-81d73a16fe51,393,james.king@nexuserp.com,$2a$10$8.UnVuG9HHgffUDAlk8qfOuVGkqRzgVymGe07xd0P1R6sKz19lZ2O,True,4,2026-10-02 19:10:55,2026-10-02 19:10:55,SYSTEM_ETL,SYSTEM_ETL
e7db82ac-4c2d-49d5-9b48-27d5405956ee,394,tariq.rivera@nexuserp.com,$2a$10$8.UnVuG9HHgffUDAlk8qfOuVGkqRzgVymGe07xd0P1R6sKz19lZ2O,False,4,2026-10-02 19:10:55,2026-10-02 19:10:55,SYSTEM_ETL,SYSTEM_ETL
e4b1bcb1-fb5f-466c-bc11-4555b082f652,395,lucia.rodriguez@nexuserp.com,$2a$10$8.UnVuG9HHgffUDAlk8qfOuVGkqRzgVymGe07xd0P1R6sKz19lZ2O,True,4,2026-10-02 19:10:55,2026-10-02 19:10:55,SYSTEM_ETL,SYSTEM_ETL
169e0443-43fb-4d46-93b4-e1dd0ce0d655,396,elizabeth.shah@nexuserp.com,$2a$10$8.UnVuG9HHgffUDAlk8qfOuVGkqRzgVymGe07xd0P1R6sKz19lZ2O,True,3,2026-10-02 19:10:55,2026-10-02 19:10:55,SYSTEM_ETL,SYSTEM_ETL
b66fcf43-b0a5-4c7b-aba3-419c0eb4feb4,397,william.jones@nexuserp.com,$2a$10$8.UnVuG9HHgffUDAlk8qfOuVGkqRzgVymGe07xd0P1R6sKz19lZ2O,True,4,2026-10-02 19:10:55,2026-10-02 19:10:55,SYSTEM_ETL,SYSTEM_ETL
613490e0-568c-4095-bd90-ba205b1d7ae6,399,sharon.costa@nexuserp.com,$2a$10$8.UnVuG9HHgffUDAlk8qfOuVGkqRzgVymGe07xd0P1R6sKz19lZ2O,True,4,2026-10-02 19:10:55,2026-10-02 19:10:55,SYSTEM_ETL,SYSTEM_ETL
2aad8088-14eb-4494-8b31-57545f64f3ad,401,mateo.davis@nexuserp.com,$2a$10$8.UnVuG9HHgffUDAlk8qfOuVGkqRzgVymGe07xd0P1R6sKz19lZ2O,False,4,2026-10-02 19:10:55,2026-10-02 19:10:55,SYSTEM_ETL,SYSTEM_ETL
31d6c455-8d89-40bd-8bf3-7ba01f84f6de,403,ivan.singh@nexuserp.com,$2a$10$8.UnVuG9HHgffUDAlk8qfOuVGkqRzgVymGe07xd0P1R6sKz19lZ2O,True,4,2026-10-02 19:10:55,2026-10-02 19:10:55,SYSTEM_ETL,SYSTEM_ETL
273f8f54-cdc7-4194-be20-557a654c99b0,404,elena.santos@nexuserp.com,$2a$10$8.UnVuG9HHgffUDAlk8qfOuVGkqRzgVymGe07xd0P1R6sKz19lZ2O,True,4,2026-10-02 19:10:55,2026-10-02 19:10:55,SYSTEM_ETL,SYSTEM_ETL
52300370-b4ca-4ca7-90a7-9d6394794f7d,405,matthew.obrien@nexuserp.com,$2a$10$8.UnVuG9HHgffUDAlk8qfOuVGkqRzgVymGe07xd0P1R6sKz19lZ2O,False,4,2026-10-02 19:10:55,2026-10-02 19:10:55,SYSTEM_ETL,SYSTEM_ETL
b5654fd2-7d89-47e8-bfcd-387df0e2550c,406,andrew.wang@nexuserp.com,$2a$10$8.UnVuG9HHgffUDAlk8qfOuVGkqRzgVymGe07xd0P1R6sKz19lZ2O,True,4,2026-10-02 19:10:55,2026-10-02 19:10:55,SYSTEM_ETL,SYSTEM_ETL
8bd087ea-b628-48b1-a1d6-9e944be8327c,407,omar.park@nexuserp.com,$2a$10$8.UnVuG9HHgffUDAlk8qfOuVGkqRzgVymGe07xd0P1R6sKz19lZ2O,True,4,2026-10-02 19:10:55,2026-10-02 19:10:55,SYSTEM_ETL,SYSTEM_ETL
c70f55de-1b94-4044-a1d1-f4ed98c6f792,408,mehdi.dubois@nexuserp.com,$2a$10$8.UnVuG9HHgffUDAlk8qfOuVGkqRzgVymGe07xd0P1R6sKz19lZ2O,True,4,2026-10-02 19:10:55,2026-10-02 19:10:55,SYSTEM_ETL,SYSTEM_ETL
8097613f-f63e-4440-8ab9-7bec89a67d25,410,karim.park@nexuserp.com,$2a$10$8.UnVuG9HHgffUDAlk8qfOuVGkqRzgVymGe07xd0P1R6sKz19lZ2O,True,3,2026-10-02 19:10:55,2026-10-02 19:10:55,SYSTEM_ETL,SYSTEM_ETL
2dcf7071-474b-4b0e-8e87-56cb952b1c5c,411,camille.hernandez@nexuserp.com,$2a$10$8.UnVuG9HHgffUDAlk8qfOuVGkqRzgVymGe07xd0P1R6sKz19lZ2O,True,4,2026-10-02 19:10:55,2026-10-02 19:10:55,SYSTEM_ETL,SYSTEM_ETL
66092be9-9575-4f24-ad03-a226cc11fae3,412,ivan.campbell@nexuserp.com,$2a$10$8.UnVuG9HHgffUDAlk8qfOuVGkqRzgVymGe07xd0P1R6sKz19lZ2O,True,4,2026-10-02 19:10:55,2026-10-02 19:10:55,SYSTEM_ETL,SYSTEM_ETL
3ee128e4-fab3-45bf-a8a4-cb6d4ed53558,416,andrew.rivera@nexuserp.com,$2a$10$8.UnVuG9HHgffUDAlk8qfOuVGkqRzgVymGe07xd0P1R6sKz19lZ2O,True,4,2026-10-02 19:10:55,2026-10-02 19:10:55,SYSTEM_ETL,SYSTEM_ETL
e2890e3a-4680-40c3-89ca-5aacc3f693e9,417,victor.ivanov@nexuserp.com,$2a$10$8.UnVuG9HHgffUDAlk8qfOuVGkqRzgVymGe07xd0P1R6sKz19lZ2O,True,4,2026-10-02 19:10:55,2026-10-02 19:10:55,SYSTEM_ETL,SYSTEM_ETL
9be32481-f105-420d-baca-ae5cd4534bf3,419,aiko.adams@nexuserp.com,$2a$10$8.UnVuG9HHgffUDAlk8qfOuVGkqRzgVymGe07xd0P1R6sKz19lZ2O,True,4,2026-10-02 19:10:55,2026-10-02 19:10:55,SYSTEM_ETL,SYSTEM_ETL
d0390af6-26cb-44c0-8ce0-b20cc2a86e2f,420,adam.wright@nexuserp.com,$2a$10$8.UnVuG9HHgffUDAlk8qfOuVGkqRzgVymGe07xd0P1R6sKz19lZ2O,True,4,2026-10-02 19:10:55,2026-10-02 19:10:55,SYSTEM_ETL,SYSTEM_ETL
04d9c1fa-0a44-45bb-ae7d-17da90e93d41,421,sara.dubois@nexuserp.com,$2a$10$8.UnVuG9HHgffUDAlk8qfOuVGkqRzgVymGe07xd0P1R6sKz19lZ2O,True,3,2026-10-02 19:10:55,2026-10-02 19:10:55,SYSTEM_ETL,SYSTEM_ETL
ce9bbdd1-6016-42d0-b01e-bf828b2f9417,422,anthony.white@nexuserp.com,$2a$10$8.UnVuG9HHgffUDAlk8qfOuVGkqRzgVymGe07xd0P1R6sKz19lZ2O,True,4,2026-10-02 19:10:55,2026-10-02 19:10:55,SYSTEM_ETL,SYSTEM_ETL
d3f281ba-abc7-4f73-8212-34a67883556e,423,michael.lopez@nexuserp.com,$2a$10$8.UnVuG9HHgffUDAlk8qfOuVGkqRzgVymGe07xd0P1R6sKz19lZ2O,True,4,2026-10-02 19:10:55,2026-10-02 19:10:55,SYSTEM_ETL,SYSTEM_ETL
8ba9246a-cd57-47f2-a9cc-b52e857fa2a2,424,timothy.nelson@nexuserp.com,$2a$10$8.UnVuG9HHgffUDAlk8qfOuVGkqRzgVymGe07xd0P1R6sKz19lZ2O,True,2,2026-10-02 19:10:55,2026-10-02 19:10:55,SYSTEM_ETL,SYSTEM_ETL
16619f07-48fa-4818-99b2-653b8c7f3219,425,thomas.nguyen@nexuserp.com,$2a$10$8.UnVuG9HHgffUDAlk8qfOuVGkqRzgVymGe07xd0P1R6sKz19lZ2O,True,4,2026-10-02 19:10:55,2026-10-02 19:10:55,SYSTEM_ETL,SYSTEM_ETL
98cf368f-3912-4b6e-b639-743af2df3e05,426,karim.martin@nexuserp.com,$2a$10$8.UnVuG9HHgffUDAlk8qfOuVGkqRzgVymGe07xd0P1R6sKz19lZ2O,True,4,2026-10-02 19:10:55,2026-10-02 19:10:55,SYSTEM_ETL,SYSTEM_ETL
f5e9ed4a-dd30-4007-818e-4732aea29d75,428,amanda.king@nexuserp.com,$2a$10$8.UnVuG9HHgffUDAlk8qfOuVGkqRzgVymGe07xd0P1R6sKz19lZ2O,True,3,2026-10-02 19:10:55,2026-10-02 19:10:55,SYSTEM_ETL,SYSTEM_ETL
ea4dd98d-76dd-48f8-a9dc-ff315621e2e9,429,eric.king2@nexuserp.com,$2a$10$8.UnVuG9HHgffUDAlk8qfOuVGkqRzgVymGe07xd0P1R6sKz19lZ2O,True,3,2026-10-02 19:10:55,2026-10-02 19:10:55,SYSTEM_ETL,SYSTEM_ETL
efb1bb2a-4bfd-4d2d-978e-6327ddd661a2,430,camille.walker@nexuserp.com,$2a$10$8.UnVuG9HHgffUDAlk8qfOuVGkqRzgVymGe07xd0P1R6sKz19lZ2O,True,4,2026-10-02 19:10:55,2026-10-02 19:10:55,SYSTEM_ETL,SYSTEM_ETL
af7b85b7-7f32-4958-8ccb-200d24c16764,431,cynthia.wright@nexuserp.com,$2a$10$8.UnVuG9HHgffUDAlk8qfOuVGkqRzgVymGe07xd0P1R6sKz19lZ2O,True,4,2026-10-02 19:10:55,2026-10-02 19:10:55,SYSTEM_ETL,SYSTEM_ETL
4beb2981-36f0-4121-a8a4-51beec9a5d41,433,charles.fontaine@nexuserp.com,$2a$10$8.UnVuG9HHgffUDAlk8qfOuVGkqRzgVymGe07xd0P1R6sKz19lZ2O,False,4,2026-10-02 19:10:55,2026-10-02 19:10:55,SYSTEM_ETL,SYSTEM_ETL
ed83bf9d-efe7-4dd4-81cc-b55950be689d,434,nancy.clark@nexuserp.com,$2a$10$8.UnVuG9HHgffUDAlk8qfOuVGkqRzgVymGe07xd0P1R6sKz19lZ2O,True,4,2026-10-02 19:10:55,2026-10-02 19:10:55,SYSTEM_ETL,SYSTEM_ETL
e97aa60a-49f4-40c9-a1d7-e8e23fcf0056,436,julia.jensen@nexuserp.com,$2a$10$8.UnVuG9HHgffUDAlk8qfOuVGkqRzgVymGe07xd0P1R6sKz19lZ2O,True,4,2026-10-02 19:10:55,2026-10-02 19:10:55,SYSTEM_ETL,SYSTEM_ETL
0745648c-e2eb-49f4-8715-273a355e549c,437,luca.costa@nexuserp.com,$2a$10$8.UnVuG9HHgffUDAlk8qfOuVGkqRzgVymGe07xd0P1R6sKz19lZ2O,True,4,2026-10-02 19:10:55,2026-10-02 19:10:55,SYSTEM_ETL,SYSTEM_ETL
a41ecbb5-0107-402e-9046-2fae37a70ff4,438,hiroshi.nelson@nexuserp.com,$2a$10$8.UnVuG9HHgffUDAlk8qfOuVGkqRzgVymGe07xd0P1R6sKz19lZ2O,True,4,2026-10-02 19:10:55,2026-10-02 19:10:55,SYSTEM_ETL,SYSTEM_ETL
2eb0c2c9-1889-46b8-aa38-5056faa477ad,439,manon.walker@nexuserp.com,$2a$10$8.UnVuG9HHgffUDAlk8qfOuVGkqRzgVymGe07xd0P1R6sKz19lZ2O,True,4,2026-10-02 19:10:55,2026-10-02 19:10:55,SYSTEM_ETL,SYSTEM_ETL
17c4adbe-3a78-4dac-a6b5-fa1f4dcffa82,440,jacob.campbell@nexuserp.com,$2a$10$8.UnVuG9HHgffUDAlk8qfOuVGkqRzgVymGe07xd0P1R6sKz19lZ2O,False,4,2026-10-02 19:10:55,2026-10-02 19:10:55,SYSTEM_ETL,SYSTEM_ETL
6bbe7c6f-2d47-4972-a4b7-2386e0dc5b17,441,alice.singh@nexuserp.com,$2a$10$8.UnVuG9HHgffUDAlk8qfOuVGkqRzgVymGe07xd0P1R6sKz19lZ2O,True,4,2026-10-02 19:10:55,2026-10-02 19:10:55,SYSTEM_ETL,SYSTEM_ETL
723488f6-f6ac-4332-b35f-de530f5cbdce,442,nicole.moreau@nexuserp.com,$2a$10$8.UnVuG9HHgffUDAlk8qfOuVGkqRzgVymGe07xd0P1R6sKz19lZ2O,True,4,2026-10-02 19:10:55,2026-10-02 19:10:55,SYSTEM_ETL,SYSTEM_ETL
2635852c-fff8-4c84-9826-dca86332c465,444,daniel.wang@nexuserp.com,$2a$10$8.UnVuG9HHgffUDAlk8qfOuVGkqRzgVymGe07xd0P1R6sKz19lZ2O,True,3,2026-10-02 19:10:55,2026-10-02 19:10:55,SYSTEM_ETL,SYSTEM_ETL
fa6c9cde-bd25-4fb1-90ef-74808c3c71aa,445,sophia.campbell@nexuserp.com,$2a$10$8.UnVuG9HHgffUDAlk8qfOuVGkqRzgVymGe07xd0P1R6sKz19lZ2O,False,4,2026-10-02 19:10:55,2026-10-02 19:10:55,SYSTEM_ETL,SYSTEM_ETL
d8d95f87-860f-40b9-a817-4a8eb77933b6,446,ethan.khalil@nexuserp.com,$2a$10$8.UnVuG9HHgffUDAlk8qfOuVGkqRzgVymGe07xd0P1R6sKz19lZ2O,True,4,2026-10-02 19:10:55,2026-10-02 19:10:55,SYSTEM_ETL,SYSTEM_ETL
d8f7d415-31db-4609-8c4f-ca14dc349992,447,michael.clark@nexuserp.com,$2a$10$8.UnVuG9HHgffUDAlk8qfOuVGkqRzgVymGe07xd0P1R6sKz19lZ2O,True,3,2026-10-02 19:10:55,2026-10-02 19:10:55,SYSTEM_ETL,SYSTEM_ETL
b82080c1-5f70-41eb-ab5b-6bfbd48b4a2b,448,sarah.muller@nexuserp.com,$2a$10$8.UnVuG9HHgffUDAlk8qfOuVGkqRzgVymGe07xd0P1R6sKz19lZ2O,True,4,2026-10-02 19:10:55,2026-10-02 19:10:55,SYSTEM_ETL,SYSTEM_ETL
e4732de2-0056-478a-97bf-c140bdb4997a,449,john.moore@nexuserp.com,$2a$10$8.UnVuG9HHgffUDAlk8qfOuVGkqRzgVymGe07xd0P1R6sKz19lZ2O,True,4,2026-10-02 19:10:55,2026-10-02 19:10:55,SYSTEM_ETL,SYSTEM_ETL
b7a2003c-a19f-442e-87c2-6df2578b18d1,450,ines.rossi@nexuserp.com,$2a$10$8.UnVuG9HHgffUDAlk8qfOuVGkqRzgVymGe07xd0P1R6sKz19lZ2O,True,4,2026-10-02 19:10:55,2026-10-02 19:10:55,SYSTEM_ETL,SYSTEM_ETL
65e04528-6694-481e-b482-d1d146baf8c5,451,emma.ivanov@nexuserp.com,$2a$10$8.UnVuG9HHgffUDAlk8qfOuVGkqRzgVymGe07xd0P1R6sKz19lZ2O,True,4,2026-10-02 19:10:55,2026-10-02 19:10:55,SYSTEM_ETL,SYSTEM_ETL
dec41035-e73e-4139-8c45-5b85316182d3,452,diego.hernandez@nexuserp.com,$2a$10$8.UnVuG9HHgffUDAlk8qfOuVGkqRzgVymGe07xd0P1R6sKz19lZ2O,True,4,2026-10-02 19:10:55,2026-10-02 19:10:55,SYSTEM_ETL,SYSTEM_ETL
36f2807c-c3ee-41fa-a0f2-237c7fe8f04a,453,felix.mansour@nexuserp.com,$2a$10$8.UnVuG9HHgffUDAlk8qfOuVGkqRzgVymGe07xd0P1R6sKz19lZ2O,True,4,2026-10-02 19:10:55,2026-10-02 19:10:55,SYSTEM_ETL,SYSTEM_ETL
6a525100-f009-4a61-86bf-9bb062ec303d,454,mehdi.davis@nexuserp.com,$2a$10$8.UnVuG9HHgffUDAlk8qfOuVGkqRzgVymGe07xd0P1R6sKz19lZ2O,False,4,2026-10-02 19:10:55,2026-10-02 19:10:55,SYSTEM_ETL,SYSTEM_ETL
77114a77-a071-43da-bb11-659eb2d0cd18,455,mehdi.muller@nexuserp.com,$2a$10$8.UnVuG9HHgffUDAlk8qfOuVGkqRzgVymGe07xd0P1R6sKz19lZ2O,True,4,2026-10-02 19:10:55,2026-10-02 19:10:55,SYSTEM_ETL,SYSTEM_ETL
8232d67d-947e-4840-967a-9f20a3a8004d,456,ines.miller@nexuserp.com,$2a$10$8.UnVuG9HHgffUDAlk8qfOuVGkqRzgVymGe07xd0P1R6sKz19lZ2O,True,4,2026-10-02 19:10:55,2026-10-02 19:10:55,SYSTEM_ETL,SYSTEM_ETL
10e5a428-2f80-4169-b9d9-5c7754e85565,458,olivia.oliveira@nexuserp.com,$2a$10$8.UnVuG9HHgffUDAlk8qfOuVGkqRzgVymGe07xd0P1R6sKz19lZ2O,True,4,2026-10-02 19:10:55,2026-10-02 19:10:55,SYSTEM_ETL,SYSTEM_ETL
d85b1f4b-8f11-4864-9089-016918ed14d3,460,lucas.hernandez@nexuserp.com,$2a$10$8.UnVuG9HHgffUDAlk8qfOuVGkqRzgVymGe07xd0P1R6sKz19lZ2O,True,4,2026-10-02 19:10:55,2026-10-02 19:10:55,SYSTEM_ETL,SYSTEM_ETL
4673d371-fb9b-468b-b23d-de0cea792b58,461,felix.larsen@nexuserp.com,$2a$10$8.UnVuG9HHgffUDAlk8qfOuVGkqRzgVymGe07xd0P1R6sKz19lZ2O,True,3,2026-10-02 19:10:55,2026-10-02 19:10:55,SYSTEM_ETL,SYSTEM_ETL
dc473279-1ff7-4d32-bb30-0deea9b0d088,462,sarah.wang@nexuserp.com,$2a$10$8.UnVuG9HHgffUDAlk8qfOuVGkqRzgVymGe07xd0P1R6sKz19lZ2O,True,4,2026-10-02 19:10:55,2026-10-02 19:10:55,SYSTEM_ETL,SYSTEM_ETL
15bfc1ba-7809-40cd-a4ba-11a4b82a6a4a,463,sharon.trabelsi@nexuserp.com,$2a$10$8.UnVuG9HHgffUDAlk8qfOuVGkqRzgVymGe07xd0P1R6sKz19lZ2O,True,4,2026-10-02 19:10:55,2026-10-02 19:10:55,SYSTEM_ETL,SYSTEM_ETL
8cfb7e3e-115d-4da3-8448-d8124edfc364,464,ryan.park@nexuserp.com,$2a$10$8.UnVuG9HHgffUDAlk8qfOuVGkqRzgVymGe07xd0P1R6sKz19lZ2O,True,4,2026-10-02 19:10:55,2026-10-02 19:10:55,SYSTEM_ETL,SYSTEM_ETL
16242f04-5b83-4c53-8d69-db7cdcdfb665,465,oscar.chen@nexuserp.com,$2a$10$8.UnVuG9HHgffUDAlk8qfOuVGkqRzgVymGe07xd0P1R6sKz19lZ2O,True,4,2026-10-02 19:10:55,2026-10-02 19:10:55,SYSTEM_ETL,SYSTEM_ETL
cc80c1de-c978-4503-9041-71ae0ced6640,466,tariq.jensen@nexuserp.com,$2a$10$8.UnVuG9HHgffUDAlk8qfOuVGkqRzgVymGe07xd0P1R6sKz19lZ2O,True,4,2026-10-02 19:10:55,2026-10-02 19:10:55,SYSTEM_ETL,SYSTEM_ETL
ee277914-b768-4cf8-ac8e-3a2cbd0182dd,467,david.thompson@nexuserp.com,$2a$10$8.UnVuG9HHgffUDAlk8qfOuVGkqRzgVymGe07xd0P1R6sKz19lZ2O,True,4,2026-10-02 19:10:55,2026-10-02 19:10:55,SYSTEM_ETL,SYSTEM_ETL
935671e3-0f04-4086-a42c-73794ab8b29e,468,camille.trabelsi@nexuserp.com,$2a$10$8.UnVuG9HHgffUDAlk8qfOuVGkqRzgVymGe07xd0P1R6sKz19lZ2O,True,3,2026-10-02 19:10:55,2026-10-02 19:10:55,SYSTEM_ETL,SYSTEM_ETL
506e455c-1b9e-47f6-a13b-d7d9f6e83959,469,robert.davis@nexuserp.com,$2a$10$8.UnVuG9HHgffUDAlk8qfOuVGkqRzgVymGe07xd0P1R6sKz19lZ2O,True,4,2026-10-02 19:10:55,2026-10-02 19:10:55,SYSTEM_ETL,SYSTEM_ETL
a80812d4-3d47-4649-8abe-51852ab79bd9,470,jonathan.mansour@nexuserp.com,$2a$10$8.UnVuG9HHgffUDAlk8qfOuVGkqRzgVymGe07xd0P1R6sKz19lZ2O,True,4,2026-10-02 19:10:55,2026-10-02 19:10:55,SYSTEM_ETL,SYSTEM_ETL
e7f674f2-98e3-4c72-b299-e4cdeb48ca0b,471,sarah.anderson@nexuserp.com,$2a$10$8.UnVuG9HHgffUDAlk8qfOuVGkqRzgVymGe07xd0P1R6sKz19lZ2O,True,4,2026-10-02 19:10:55,2026-10-02 19:10:55,SYSTEM_ETL,SYSTEM_ETL
1754d465-969d-40e0-b560-823f2ad46481,473,susan.roberts@nexuserp.com,$2a$10$8.UnVuG9HHgffUDAlk8qfOuVGkqRzgVymGe07xd0P1R6sKz19lZ2O,True,3,2026-10-02 19:10:55,2026-10-02 19:10:55,SYSTEM_ETL,SYSTEM_ETL
c9be08bb-2e5f-43b0-bff2-ecf599ace197,474,james.roberts@nexuserp.com,$2a$10$8.UnVuG9HHgffUDAlk8qfOuVGkqRzgVymGe07xd0P1R6sKz19lZ2O,True,4,2026-10-02 19:10:55,2026-10-02 19:10:55,SYSTEM_ETL,SYSTEM_ETL
26197cff-020b-4bbb-bfb0-a3c4d36ccc52,475,anna.adams@nexuserp.com,$2a$10$8.UnVuG9HHgffUDAlk8qfOuVGkqRzgVymGe07xd0P1R6sKz19lZ2O,True,4,2026-10-02 19:10:55,2026-10-02 19:10:55,SYSTEM_ETL,SYSTEM_ETL
ca8e2fd6-373c-430a-b8ed-cdb944520dce,476,luca.rivera@nexuserp.com,$2a$10$8.UnVuG9HHgffUDAlk8qfOuVGkqRzgVymGe07xd0P1R6sKz19lZ2O,True,4,2026-10-02 19:10:55,2026-10-02 19:10:55,SYSTEM_ETL,SYSTEM_ETL
976043c0-49c4-45af-a793-2dc256064671,477,lucas.kim@nexuserp.com,$2a$10$8.UnVuG9HHgffUDAlk8qfOuVGkqRzgVymGe07xd0P1R6sKz19lZ2O,True,4,2026-10-02 19:10:55,2026-10-02 19:10:55,SYSTEM_ETL,SYSTEM_ETL
d1eba59a-7b9b-4140-afa1-7068bf06b7a5,478,hana.chen@nexuserp.com,$2a$10$8.UnVuG9HHgffUDAlk8qfOuVGkqRzgVymGe07xd0P1R6sKz19lZ2O,False,4,2026-10-02 19:10:55,2026-10-02 19:10:55,SYSTEM_ETL,SYSTEM_ETL
837cb18d-e5d5-4c50-8b23-a4640cff926e,479,emma.baker@nexuserp.com,$2a$10$8.UnVuG9HHgffUDAlk8qfOuVGkqRzgVymGe07xd0P1R6sKz19lZ2O,True,4,2026-10-02 19:10:55,2026-10-02 19:10:55,SYSTEM_ETL,SYSTEM_ETL
97f147fb-2bd1-42af-8979-c0a72dbfdf4e,481,matthew.trabelsi@nexuserp.com,$2a$10$8.UnVuG9HHgffUDAlk8qfOuVGkqRzgVymGe07xd0P1R6sKz19lZ2O,True,4,2026-10-02 19:10:55,2026-10-02 19:10:55,SYSTEM_ETL,SYSTEM_ETL
8ada3ac9-e055-40a4-92e2-572bd9126d53,482,richard.oliveira@nexuserp.com,$2a$10$8.UnVuG9HHgffUDAlk8qfOuVGkqRzgVymGe07xd0P1R6sKz19lZ2O,True,4,2026-10-02 19:10:55,2026-10-02 19:10:55,SYSTEM_ETL,SYSTEM_ETL
373ed931-1712-451b-86f9-d5e568664d23,483,priya.martinez@nexuserp.com,$2a$10$8.UnVuG9HHgffUDAlk8qfOuVGkqRzgVymGe07xd0P1R6sKz19lZ2O,True,4,2026-10-02 19:10:55,2026-10-02 19:10:55,SYSTEM_ETL,SYSTEM_ETL
507d6c62-b74f-4145-8306-2ead350983b0,484,adam.martinez@nexuserp.com,$2a$10$8.UnVuG9HHgffUDAlk8qfOuVGkqRzgVymGe07xd0P1R6sKz19lZ2O,True,4,2026-10-02 19:10:55,2026-10-02 19:10:55,SYSTEM_ETL,SYSTEM_ETL
18241c18-de71-4008-9e4e-be719aadbebf,485,camille.davis@nexuserp.com,$2a$10$8.UnVuG9HHgffUDAlk8qfOuVGkqRzgVymGe07xd0P1R6sKz19lZ2O,False,4,2026-10-02 19:10:55,2026-10-02 19:10:55,SYSTEM_ETL,SYSTEM_ETL
8927d7cc-ce61-4959-a059-fe8bf93614c6,486,nicole.moreau2@nexuserp.com,$2a$10$8.UnVuG9HHgffUDAlk8qfOuVGkqRzgVymGe07xd0P1R6sKz19lZ2O,True,4,2026-10-02 19:10:55,2026-10-02 19:10:55,SYSTEM_ETL,SYSTEM_ETL
73de57fe-ffb2-456f-9d59-a9863c633729,487,camille.nguyen@nexuserp.com,$2a$10$8.UnVuG9HHgffUDAlk8qfOuVGkqRzgVymGe07xd0P1R6sKz19lZ2O,True,4,2026-10-02 19:10:55,2026-10-02 19:10:55,SYSTEM_ETL,SYSTEM_ETL
3c553084-77c2-407f-99a0-8b142ea8a037,488,tariq.kim@nexuserp.com,$2a$10$8.UnVuG9HHgffUDAlk8qfOuVGkqRzgVymGe07xd0P1R6sKz19lZ2O,False,4,2026-10-02 19:10:55,2026-10-02 19:10:55,SYSTEM_ETL,SYSTEM_ETL
d148f311-18ab-4f09-98b1-d5527fd7a707,491,daniel.laurent@nexuserp.com,$2a$10$8.UnVuG9HHgffUDAlk8qfOuVGkqRzgVymGe07xd0P1R6sKz19lZ2O,True,4,2026-10-02 19:10:55,2026-10-02 19:10:55,SYSTEM_ETL,SYSTEM_ETL
b165fc2e-1ac7-4b94-b64d-3a6cd93fa6b6,492,lucas.walker@nexuserp.com,$2a$10$8.UnVuG9HHgffUDAlk8qfOuVGkqRzgVymGe07xd0P1R6sKz19lZ2O,False,4,2026-10-02 19:10:55,2026-10-02 19:10:55,SYSTEM_ETL,SYSTEM_ETL
324af011-4840-480f-bae7-210553c44128,493,lucas.silva@nexuserp.com,$2a$10$8.UnVuG9HHgffUDAlk8qfOuVGkqRzgVymGe07xd0P1R6sKz19lZ2O,True,4,2026-10-02 19:10:55,2026-10-02 19:10:55,SYSTEM_ETL,SYSTEM_ETL
ddd10a05-7b69-4fc9-85c0-70d817597e81,494,elena.kim@nexuserp.com,$2a$10$8.UnVuG9HHgffUDAlk8qfOuVGkqRzgVymGe07xd0P1R6sKz19lZ2O,False,4,2026-10-02 19:10:55,2026-10-02 19:10:55,SYSTEM_ETL,SYSTEM_ETL
b01f009a-1aa0-44e8-aa92-17ffe74c5de2,495,mehdi.white@nexuserp.com,$2a$10$8.UnVuG9HHgffUDAlk8qfOuVGkqRzgVymGe07xd0P1R6sKz19lZ2O,True,4,2026-10-02 19:10:55,2026-10-02 19:10:55,SYSTEM_ETL,SYSTEM_ETL
21cc6983-c22b-4275-855b-195d143ed9bc,496,adam.king@nexuserp.com,$2a$10$8.UnVuG9HHgffUDAlk8qfOuVGkqRzgVymGe07xd0P1R6sKz19lZ2O,True,4,2026-10-02 19:10:55,2026-10-02 19:10:55,SYSTEM_ETL,SYSTEM_ETL
05f73f0d-9621-4780-b924-24975bc4934d,497,jonathan.robinson@nexuserp.com,$2a$10$8.UnVuG9HHgffUDAlk8qfOuVGkqRzgVymGe07xd0P1R6sKz19lZ2O,True,4,2026-10-02 19:10:55,2026-10-02 19:10:55,SYSTEM_ETL,SYSTEM_ETL
04ecd482-8625-48a3-b95e-fff7f41035b8,498,paul.wilson@nexuserp.com,$2a$10$8.UnVuG9HHgffUDAlk8qfOuVGkqRzgVymGe07xd0P1R6sKz19lZ2O,True,4,2026-10-02 19:10:55,2026-10-02 19:10:55,SYSTEM_ETL,SYSTEM_ETL
cc4ad52d-f950-4a30-baff-85b0352e982f,499,victor.lopez@nexuserp.com,$2a$10$8.UnVuG9HHgffUDAlk8qfOuVGkqRzgVymGe07xd0P1R6sKz19lZ2O,True,4,2026-10-02 19:10:55,2026-10-02 19:10:55,SYSTEM_ETL,SYSTEM_ETL
343af40b-0058-4888-943d-01e356ed440d,500,elizabeth.oliveira@nexuserp.com,$2a$10$8.UnVuG9HHgffUDAlk8qfOuVGkqRzgVymGe07xd0P1R6sKz19lZ2O,True,4,2026-10-02 19:10:55,2026-10-02 19:10:55,SYSTEM_ETL,SYSTEM_ETL
8f010a94-7065-488e-b140-df37201a931d,501,sophia.flores@nexuserp.com,$2a$10$8.UnVuG9HHgffUDAlk8qfOuVGkqRzgVymGe07xd0P1R6sKz19lZ2O,True,4,2026-10-02 19:10:55,2026-10-02 19:10:55,SYSTEM_ETL,SYSTEM_ETL
f190dfbb-cc02-4e71-8871-7ad3f39ee456,502,lucas.wright@nexuserp.com,$2a$10$8.UnVuG9HHgffUDAlk8qfOuVGkqRzgVymGe07xd0P1R6sKz19lZ2O,False,4,2026-10-02 19:10:55,2026-10-02 19:10:55,SYSTEM_ETL,SYSTEM_ETL
1dd4410f-196d-4253-970f-17ccaa260a9a,505,susan.muller@nexuserp.com,$2a$10$8.UnVuG9HHgffUDAlk8qfOuVGkqRzgVymGe07xd0P1R6sKz19lZ2O,True,3,2026-10-02 19:10:55,2026-10-02 19:10:55,SYSTEM_ETL,SYSTEM_ETL
97f372f5-7c12-4c0a-b197-e6b10b2398de,507,sarah.carter@nexuserp.com,$2a$10$8.UnVuG9HHgffUDAlk8qfOuVGkqRzgVymGe07xd0P1R6sKz19lZ2O,True,4,2026-10-02 19:10:55,2026-10-02 19:10:55,SYSTEM_ETL,SYSTEM_ETL
c129ad64-cd49-42e0-bb06-de08d211c20a,508,felix.oliveira@nexuserp.com,$2a$10$8.UnVuG9HHgffUDAlk8qfOuVGkqRzgVymGe07xd0P1R6sKz19lZ2O,True,4,2026-10-02 19:10:55,2026-10-02 19:10:55,SYSTEM_ETL,SYSTEM_ETL
155d885d-f84f-45d8-a570-abf80c8b24fa,510,kevin.park@nexuserp.com,$2a$10$8.UnVuG9HHgffUDAlk8qfOuVGkqRzgVymGe07xd0P1R6sKz19lZ2O,False,4,2026-10-02 19:10:55,2026-10-02 19:10:55,SYSTEM_ETL,SYSTEM_ETL
dbf48265-123d-4b52-a740-84d9cbec26eb,511,yasmine.nelson@nexuserp.com,$2a$10$8.UnVuG9HHgffUDAlk8qfOuVGkqRzgVymGe07xd0P1R6sKz19lZ2O,True,4,2026-10-02 19:10:55,2026-10-02 19:10:55,SYSTEM_ETL,SYSTEM_ETL
c8d1b05d-38a0-42a5-968a-4d518c4d5582,513,richard.wright@nexuserp.com,$2a$10$8.UnVuG9HHgffUDAlk8qfOuVGkqRzgVymGe07xd0P1R6sKz19lZ2O,True,4,2026-10-02 19:10:55,2026-10-02 19:10:55,SYSTEM_ETL,SYSTEM_ETL
9b002b0a-af45-47ff-8b10-c090554f21f5,514,ahmed.obrien@nexuserp.com,$2a$10$8.UnVuG9HHgffUDAlk8qfOuVGkqRzgVymGe07xd0P1R6sKz19lZ2O,False,4,2026-10-02 19:10:55,2026-10-02 19:10:55,SYSTEM_ETL,SYSTEM_ETL
a8756a2f-78a4-4a5d-8d10-291a6adcba3e,515,mary.schmidt@nexuserp.com,$2a$10$8.UnVuG9HHgffUDAlk8qfOuVGkqRzgVymGe07xd0P1R6sKz19lZ2O,True,4,2026-10-02 19:10:55,2026-10-02 19:10:55,SYSTEM_ETL,SYSTEM_ETL
90e8b365-a2d2-40a5-82cb-7c2afee3e460,516,priya.larsen@nexuserp.com,$2a$10$8.UnVuG9HHgffUDAlk8qfOuVGkqRzgVymGe07xd0P1R6sKz19lZ2O,True,4,2026-10-02 19:10:55,2026-10-02 19:10:55,SYSTEM_ETL,SYSTEM_ETL
5fe6bcdc-dd59-47cf-b0bb-af6f0e52027a,517,cynthia.martinez@nexuserp.com,$2a$10$8.UnVuG9HHgffUDAlk8qfOuVGkqRzgVymGe07xd0P1R6sKz19lZ2O,True,4,2026-10-02 19:10:55,2026-10-02 19:10:55,SYSTEM_ETL,SYSTEM_ETL
0d710c74-730f-4624-b6c1-052ffc442ad5,518,mark.ivanov@nexuserp.com,$2a$10$8.UnVuG9HHgffUDAlk8qfOuVGkqRzgVymGe07xd0P1R6sKz19lZ2O,True,4,2026-10-02 19:10:55,2026-10-02 19:10:55,SYSTEM_ETL,SYSTEM_ETL
b674aa41-0573-4700-99b7-34f8c1c6c44b,520,arjun.khalil@nexuserp.com,$2a$10$8.UnVuG9HHgffUDAlk8qfOuVGkqRzgVymGe07xd0P1R6sKz19lZ2O,True,3,2026-10-02 19:10:55,2026-10-02 19:10:55,SYSTEM_ETL,SYSTEM_ETL
762854e9-1a0c-4394-bab5-8a0cf56474cd,521,susan.martinez@nexuserp.com,$2a$10$8.UnVuG9HHgffUDAlk8qfOuVGkqRzgVymGe07xd0P1R6sKz19lZ2O,True,4,2026-10-02 19:10:55,2026-10-02 19:10:55,SYSTEM_ETL,SYSTEM_ETL
553fc87b-5078-4898-ba3e-7536ba3212aa,522,jacob.trabelsi2@nexuserp.com,$2a$10$8.UnVuG9HHgffUDAlk8qfOuVGkqRzgVymGe07xd0P1R6sKz19lZ2O,True,3,2026-10-02 19:10:55,2026-10-02 19:10:55,SYSTEM_ETL,SYSTEM_ETL
ffe3eb19-6260-4917-9210-cf17a2757bf1,523,patricia.fontaine@nexuserp.com,$2a$10$8.UnVuG9HHgffUDAlk8qfOuVGkqRzgVymGe07xd0P1R6sKz19lZ2O,True,4,2026-10-02 19:10:55,2026-10-02 19:10:55,SYSTEM_ETL,SYSTEM_ETL
be340796-bf9e-4678-a297-c26485cbe0ac,524,sophia.smith@nexuserp.com,$2a$10$8.UnVuG9HHgffUDAlk8qfOuVGkqRzgVymGe07xd0P1R6sKz19lZ2O,True,4,2026-10-02 19:10:55,2026-10-02 19:10:55,SYSTEM_ETL,SYSTEM_ETL
dc8b9d15-348e-4946-9958-59a9ac0aab44,525,david.green@nexuserp.com,$2a$10$8.UnVuG9HHgffUDAlk8qfOuVGkqRzgVymGe07xd0P1R6sKz19lZ2O,True,4,2026-10-02 19:10:55,2026-10-02 19:10:55,SYSTEM_ETL,SYSTEM_ETL
f238770a-c5cb-422f-b413-b5cb63db1b38,526,camille.shah@nexuserp.com,$2a$10$8.UnVuG9HHgffUDAlk8qfOuVGkqRzgVymGe07xd0P1R6sKz19lZ2O,True,4,2026-10-02 19:10:55,2026-10-02 19:10:55,SYSTEM_ETL,SYSTEM_ETL
fc50437a-c62a-4c3a-8b51-89ec47299263,527,cynthia.clark@nexuserp.com,$2a$10$8.UnVuG9HHgffUDAlk8qfOuVGkqRzgVymGe07xd0P1R6sKz19lZ2O,True,4,2026-10-02 19:10:55,2026-10-02 19:10:55,SYSTEM_ETL,SYSTEM_ETL
eb37f380-30f4-4487-a78e-278bd9f69568,529,alice.green@nexuserp.com,$2a$10$8.UnVuG9HHgffUDAlk8qfOuVGkqRzgVymGe07xd0P1R6sKz19lZ2O,True,4,2026-10-02 19:10:55,2026-10-02 19:10:55,SYSTEM_ETL,SYSTEM_ETL
b0597c33-962a-407d-a131-05b2e79e3a2d,530,paul.flores@nexuserp.com,$2a$10$8.UnVuG9HHgffUDAlk8qfOuVGkqRzgVymGe07xd0P1R6sKz19lZ2O,True,4,2026-10-02 19:10:55,2026-10-02 19:10:55,SYSTEM_ETL,SYSTEM_ETL
eb4587bd-675f-4cc0-959a-7fcd3e93d6ab,531,james.lewis@nexuserp.com,$2a$10$8.UnVuG9HHgffUDAlk8qfOuVGkqRzgVymGe07xd0P1R6sKz19lZ2O,True,3,2026-10-02 19:10:55,2026-10-02 19:10:55,SYSTEM_ETL,SYSTEM_ETL
16a62d45-893f-4cc9-8907-6be2977cdacb,532,emma.costa@nexuserp.com,$2a$10$8.UnVuG9HHgffUDAlk8qfOuVGkqRzgVymGe07xd0P1R6sKz19lZ2O,True,4,2026-10-02 19:10:55,2026-10-02 19:10:55,SYSTEM_ETL,SYSTEM_ETL
36786231-d08c-4986-8713-748f5764ca61,533,camille.park@nexuserp.com,$2a$10$8.UnVuG9HHgffUDAlk8qfOuVGkqRzgVymGe07xd0P1R6sKz19lZ2O,True,4,2026-10-02 19:10:55,2026-10-02 19:10:55,SYSTEM_ETL,SYSTEM_ETL
09d432bd-301e-4dcc-a039-7496ed163a88,534,samuel.rodriguez@nexuserp.com,$2a$10$8.UnVuG9HHgffUDAlk8qfOuVGkqRzgVymGe07xd0P1R6sKz19lZ2O,True,4,2026-10-02 19:10:55,2026-10-02 19:10:55,SYSTEM_ETL,SYSTEM_ETL
2656e885-4ab3-42cc-b0f9-776921c08beb,536,brian.murphy@nexuserp.com,$2a$10$8.UnVuG9HHgffUDAlk8qfOuVGkqRzgVymGe07xd0P1R6sKz19lZ2O,True,4,2026-10-02 19:10:55,2026-10-02 19:10:55,SYSTEM_ETL,SYSTEM_ETL
c4d99f8c-e86c-499d-a0d0-1d679dc06c0e,538,robert.kowalski@nexuserp.com,$2a$10$8.UnVuG9HHgffUDAlk8qfOuVGkqRzgVymGe07xd0P1R6sKz19lZ2O,False,4,2026-10-02 19:10:55,2026-10-02 19:10:55,SYSTEM_ETL,SYSTEM_ETL
2f4a7f1e-1a4d-4782-adb7-f6afdb8cf2b9,543,mateo.harris@nexuserp.com,$2a$10$8.UnVuG9HHgffUDAlk8qfOuVGkqRzgVymGe07xd0P1R6sKz19lZ2O,True,4,2026-10-02 19:10:55,2026-10-02 19:10:55,SYSTEM_ETL,SYSTEM_ETL
9cc68b58-be1d-4664-8c53-8c76f43a96ce,544,ethan.shah@nexuserp.com,$2a$10$8.UnVuG9HHgffUDAlk8qfOuVGkqRzgVymGe07xd0P1R6sKz19lZ2O,True,4,2026-10-02 19:10:55,2026-10-02 19:10:55,SYSTEM_ETL,SYSTEM_ETL
82a060b6-21d8-45b3-9fb9-658f43485eff,546,jennifer.rodriguez@nexuserp.com,$2a$10$8.UnVuG9HHgffUDAlk8qfOuVGkqRzgVymGe07xd0P1R6sKz19lZ2O,True,3,2026-10-02 19:10:55,2026-10-02 19:10:55,SYSTEM_ETL,SYSTEM_ETL
fe4b94e5-a6ff-43bd-afa2-9eb00f54f75c,547,lina.murphy@nexuserp.com,$2a$10$8.UnVuG9HHgffUDAlk8qfOuVGkqRzgVymGe07xd0P1R6sKz19lZ2O,True,4,2026-10-02 19:10:55,2026-10-02 19:10:55,SYSTEM_ETL,SYSTEM_ETL
5d46efa2-6726-4626-9682-5d47a904417b,548,patricia.laurent@nexuserp.com,$2a$10$8.UnVuG9HHgffUDAlk8qfOuVGkqRzgVymGe07xd0P1R6sKz19lZ2O,True,4,2026-10-02 19:10:55,2026-10-02 19:10:55,SYSTEM_ETL,SYSTEM_ETL
64757233-5d57-4d8f-90f2-39f2eb5788cd,549,susan.moreau@nexuserp.com,$2a$10$8.UnVuG9HHgffUDAlk8qfOuVGkqRzgVymGe07xd0P1R6sKz19lZ2O,True,3,2026-10-02 19:10:55,2026-10-02 19:10:55,SYSTEM_ETL,SYSTEM_ETL
94f37bee-7067-48ae-8dcf-5b3b8ea85653,550,salma.davis@nexuserp.com,$2a$10$8.UnVuG9HHgffUDAlk8qfOuVGkqRzgVymGe07xd0P1R6sKz19lZ2O,True,4,2026-10-02 19:10:55,2026-10-02 19:10:55,SYSTEM_ETL,SYSTEM_ETL
7c7b7031-814b-4609-9eda-de04d199f028,551,sara.silva@nexuserp.com,$2a$10$8.UnVuG9HHgffUDAlk8qfOuVGkqRzgVymGe07xd0P1R6sKz19lZ2O,True,4,2026-10-02 19:10:55,2026-10-02 19:10:55,SYSTEM_ETL,SYSTEM_ETL
2a674f52-fc6b-44da-87c2-a9639fac522f,554,mei.williams@nexuserp.com,$2a$10$8.UnVuG9HHgffUDAlk8qfOuVGkqRzgVymGe07xd0P1R6sKz19lZ2O,False,4,2026-10-02 19:10:55,2026-10-02 19:10:55,SYSTEM_ETL,SYSTEM_ETL
a8f0cb8f-59a0-4f96-bae8-f0bf2e03ba41,555,sandra.lee@nexuserp.com,$2a$10$8.UnVuG9HHgffUDAlk8qfOuVGkqRzgVymGe07xd0P1R6sKz19lZ2O,False,4,2026-10-02 19:10:55,2026-10-02 19:10:55,SYSTEM_ETL,SYSTEM_ETL
fc6297bb-1024-46c1-8c97-c61b88780ad0,556,ryan.lopez@nexuserp.com,$2a$10$8.UnVuG9HHgffUDAlk8qfOuVGkqRzgVymGe07xd0P1R6sKz19lZ2O,True,4,2026-10-02 19:10:55,2026-10-02 19:10:55,SYSTEM_ETL,SYSTEM_ETL
35b83701-0759-4a18-bf06-a3e2c2326308,558,priya.park@nexuserp.com,$2a$10$8.UnVuG9HHgffUDAlk8qfOuVGkqRzgVymGe07xd0P1R6sKz19lZ2O,True,3,2026-10-02 19:10:55,2026-10-02 19:10:55,SYSTEM_ETL,SYSTEM_ETL
d7eccda2-cb35-410f-bc84-67785056e60c,560,elena.taylor@nexuserp.com,$2a$10$8.UnVuG9HHgffUDAlk8qfOuVGkqRzgVymGe07xd0P1R6sKz19lZ2O,True,4,2026-10-02 19:10:55,2026-10-02 19:10:55,SYSTEM_ETL,SYSTEM_ETL
4b488107-80e0-41d0-a469-337b5139f522,562,james.santos@nexuserp.com,$2a$10$8.UnVuG9HHgffUDAlk8qfOuVGkqRzgVymGe07xd0P1R6sKz19lZ2O,True,4,2026-10-02 19:10:55,2026-10-02 19:10:55,SYSTEM_ETL,SYSTEM_ETL
807a033e-8df5-4b3f-a52b-a7f0d449a987,564,steven.moreau@nexuserp.com,$2a$10$8.UnVuG9HHgffUDAlk8qfOuVGkqRzgVymGe07xd0P1R6sKz19lZ2O,True,3,2026-10-02 19:10:55,2026-10-02 19:10:55,SYSTEM_ETL,SYSTEM_ETL
d3357012-82d4-4730-b010-db2f78155caf,565,fatima.williams@nexuserp.com,$2a$10$8.UnVuG9HHgffUDAlk8qfOuVGkqRzgVymGe07xd0P1R6sKz19lZ2O,False,4,2026-10-02 19:10:55,2026-10-02 19:10:55,SYSTEM_ETL,SYSTEM_ETL
74e9f384-9fba-4b31-a464-260ecb41bba3,566,james.smith@nexuserp.com,$2a$10$8.UnVuG9HHgffUDAlk8qfOuVGkqRzgVymGe07xd0P1R6sKz19lZ2O,False,4,2026-10-02 19:10:55,2026-10-02 19:10:55,SYSTEM_ETL,SYSTEM_ETL
b72ee231-b094-4f0a-a3c8-3f4e374a8b7a,567,jessica.jones@nexuserp.com,$2a$10$8.UnVuG9HHgffUDAlk8qfOuVGkqRzgVymGe07xd0P1R6sKz19lZ2O,True,4,2026-10-02 19:10:55,2026-10-02 19:10:55,SYSTEM_ETL,SYSTEM_ETL
96dd7ce2-1e5e-42aa-9cf9-439cca71329b,568,rayan.haddad@nexuserp.com,$2a$10$8.UnVuG9HHgffUDAlk8qfOuVGkqRzgVymGe07xd0P1R6sKz19lZ2O,True,3,2026-10-02 19:10:55,2026-10-02 19:10:55,SYSTEM_ETL,SYSTEM_ETL
8a8850f1-cc4f-4b31-b8bd-8e5f98cd9c33,569,oscar.wang@nexuserp.com,$2a$10$8.UnVuG9HHgffUDAlk8qfOuVGkqRzgVymGe07xd0P1R6sKz19lZ2O,True,3,2026-10-02 19:10:55,2026-10-02 19:10:55,SYSTEM_ETL,SYSTEM_ETL
32a5ae1b-f30a-43a0-8f56-ab17a3c3ff92,571,alice.lee@nexuserp.com,$2a$10$8.UnVuG9HHgffUDAlk8qfOuVGkqRzgVymGe07xd0P1R6sKz19lZ2O,True,4,2026-10-02 19:10:55,2026-10-02 19:10:55,SYSTEM_ETL,SYSTEM_ETL
c451c157-b900-4ce9-93a1-f8986cbbb75b,573,emily.singh@nexuserp.com,$2a$10$8.UnVuG9HHgffUDAlk8qfOuVGkqRzgVymGe07xd0P1R6sKz19lZ2O,True,4,2026-10-02 19:10:55,2026-10-02 19:10:55,SYSTEM_ETL,SYSTEM_ETL
321cdd56-0f9d-47e4-b73e-1a2d8ab48a98,574,sandra.jones@nexuserp.com,$2a$10$8.UnVuG9HHgffUDAlk8qfOuVGkqRzgVymGe07xd0P1R6sKz19lZ2O,True,4,2026-10-02 19:10:55,2026-10-02 19:10:55,SYSTEM_ETL,SYSTEM_ETL
93d6e811-230a-4692-bb95-e95a215d7bc0,575,luca.wang@nexuserp.com,$2a$10$8.UnVuG9HHgffUDAlk8qfOuVGkqRzgVymGe07xd0P1R6sKz19lZ2O,True,3,2026-10-02 19:10:55,2026-10-02 19:10:55,SYSTEM_ETL,SYSTEM_ETL
1340a20d-85f3-415e-82c3-1de7b7444d05,577,victor.oliveira@nexuserp.com,$2a$10$8.UnVuG9HHgffUDAlk8qfOuVGkqRzgVymGe07xd0P1R6sKz19lZ2O,True,4,2026-10-02 19:10:55,2026-10-02 19:10:55,SYSTEM_ETL,SYSTEM_ETL
03629224-c223-406f-9971-dbbf52147cd0,578,susan.kim@nexuserp.com,$2a$10$8.UnVuG9HHgffUDAlk8qfOuVGkqRzgVymGe07xd0P1R6sKz19lZ2O,True,4,2026-10-02 19:10:55,2026-10-02 19:10:55,SYSTEM_ETL,SYSTEM_ETL
373f6fcc-a349-48a1-83cb-5b976495cbf8,579,hiroshi.rossi@nexuserp.com,$2a$10$8.UnVuG9HHgffUDAlk8qfOuVGkqRzgVymGe07xd0P1R6sKz19lZ2O,True,4,2026-10-02 19:10:55,2026-10-02 19:10:55,SYSTEM_ETL,SYSTEM_ETL
fe31ae67-9faa-4679-9c5f-5c95d762fcfc,580,elena.singh@nexuserp.com,$2a$10$8.UnVuG9HHgffUDAlk8qfOuVGkqRzgVymGe07xd0P1R6sKz19lZ2O,True,4,2026-10-02 19:10:55,2026-10-02 19:10:55,SYSTEM_ETL,SYSTEM_ETL
a1a63c51-04f3-4530-b39e-71b72a377bf2,581,ryan.brown@nexuserp.com,$2a$10$8.UnVuG9HHgffUDAlk8qfOuVGkqRzgVymGe07xd0P1R6sKz19lZ2O,True,4,2026-10-02 19:10:55,2026-10-02 19:10:55,SYSTEM_ETL,SYSTEM_ETL
612c133b-a0ce-4683-b7e7-3b488db4790f,582,ryan.moore@nexuserp.com,$2a$10$8.UnVuG9HHgffUDAlk8qfOuVGkqRzgVymGe07xd0P1R6sKz19lZ2O,False,3,2026-10-02 19:10:55,2026-10-02 19:10:55,SYSTEM_ETL,SYSTEM_ETL
c2b1a22c-c31b-4c82-98c4-25ba0a1a343d,584,william.martinez@nexuserp.com,$2a$10$8.UnVuG9HHgffUDAlk8qfOuVGkqRzgVymGe07xd0P1R6sKz19lZ2O,False,4,2026-10-02 19:10:55,2026-10-02 19:10:55,SYSTEM_ETL,SYSTEM_ETL
26cad470-ee0c-4cfe-8d3c-d4ebd08f26fd,585,mateo.hall@nexuserp.com,$2a$10$8.UnVuG9HHgffUDAlk8qfOuVGkqRzgVymGe07xd0P1R6sKz19lZ2O,True,4,2026-10-02 19:10:55,2026-10-02 19:10:55,SYSTEM_ETL,SYSTEM_ETL
bee51c4e-85fa-45ac-ad03-56ef08a1a9d8,586,jonathan.tanaka@nexuserp.com,$2a$10$8.UnVuG9HHgffUDAlk8qfOuVGkqRzgVymGe07xd0P1R6sKz19lZ2O,True,4,2026-10-02 19:10:55,2026-10-02 19:10:55,SYSTEM_ETL,SYSTEM_ETL
11c90225-1cf8-4b28-8daf-1de0c7904c11,587,samuel.khalil@nexuserp.com,$2a$10$8.UnVuG9HHgffUDAlk8qfOuVGkqRzgVymGe07xd0P1R6sKz19lZ2O,False,4,2026-10-02 19:10:55,2026-10-02 19:10:55,SYSTEM_ETL,SYSTEM_ETL
eaa96227-02c7-483b-b6c3-ef5277948979,590,elizabeth.ivanov@nexuserp.com,$2a$10$8.UnVuG9HHgffUDAlk8qfOuVGkqRzgVymGe07xd0P1R6sKz19lZ2O,False,2,2026-10-02 19:10:55,2026-10-02 19:10:55,SYSTEM_ETL,SYSTEM_ETL
a51687d1-b026-4a5b-8eb2-d4f4990adae7,591,ryan.wilson@nexuserp.com,$2a$10$8.UnVuG9HHgffUDAlk8qfOuVGkqRzgVymGe07xd0P1R6sKz19lZ2O,True,4,2026-10-02 19:10:55,2026-10-02 19:10:55,SYSTEM_ETL,SYSTEM_ETL
17324e95-d986-4e9c-a323-96e8f38ddfd9,592,rayan.muller@nexuserp.com,$2a$10$8.UnVuG9HHgffUDAlk8qfOuVGkqRzgVymGe07xd0P1R6sKz19lZ2O,True,4,2026-10-02 19:10:55,2026-10-02 19:10:55,SYSTEM_ETL,SYSTEM_ETL
fd2eb013-14b8-4a60-be51-7b0091a1655d,593,robert.taylor2@nexuserp.com,$2a$10$8.UnVuG9HHgffUDAlk8qfOuVGkqRzgVymGe07xd0P1R6sKz19lZ2O,False,4,2026-10-02 19:10:55,2026-10-02 19:10:55,SYSTEM_ETL,SYSTEM_ETL
a158a0fd-a069-4720-8eeb-7acd1cf10826,595,mary.white@nexuserp.com,$2a$10$8.UnVuG9HHgffUDAlk8qfOuVGkqRzgVymGe07xd0P1R6sKz19lZ2O,True,4,2026-10-02 19:10:55,2026-10-02 19:10:55,SYSTEM_ETL,SYSTEM_ETL
0dcbdcad-f4f0-4563-ab1a-77baef3e1b60,597,elizabeth.russo@nexuserp.com,$2a$10$8.UnVuG9HHgffUDAlk8qfOuVGkqRzgVymGe07xd0P1R6sKz19lZ2O,True,3,2026-10-02 19:10:55,2026-10-02 19:10:55,SYSTEM_ETL,SYSTEM_ETL
90a1ebaf-a5f7-4846-871d-5225ba6dfb89,599,jonathan.obrien2@nexuserp.com,$2a$10$8.UnVuG9HHgffUDAlk8qfOuVGkqRzgVymGe07xd0P1R6sKz19lZ2O,True,4,2026-10-02 19:10:55,2026-10-02 19:10:55,SYSTEM_ETL,SYSTEM_ETL
9a5da84c-bf4c-40b8-b914-898c37519fac,600,noah.haddad@nexuserp.com,$2a$10$8.UnVuG9HHgffUDAlk8qfOuVGkqRzgVymGe07xd0P1R6sKz19lZ2O,True,4,2026-10-02 19:10:55,2026-10-02 19:10:55,SYSTEM_ETL,SYSTEM_ETL
a9e3cf17-f0ad-4ba4-aa2e-34d1548f8de7,601,emma.jones@nexuserp.com,$2a$10$8.UnVuG9HHgffUDAlk8qfOuVGkqRzgVymGe07xd0P1R6sKz19lZ2O,True,4,2026-10-02 19:10:55,2026-10-02 19:10:55,SYSTEM_ETL,SYSTEM_ETL
60385e21-4e78-4aa6-b24a-8211d190e8cc,602,linda.mansour@nexuserp.com,$2a$10$8.UnVuG9HHgffUDAlk8qfOuVGkqRzgVymGe07xd0P1R6sKz19lZ2O,True,4,2026-10-02 19:10:55,2026-10-02 19:10:55,SYSTEM_ETL,SYSTEM_ETL
04e9aede-64f5-4476-9306-1dbfbb99069e,604,james.brown@nexuserp.com,$2a$10$8.UnVuG9HHgffUDAlk8qfOuVGkqRzgVymGe07xd0P1R6sKz19lZ2O,True,4,2026-10-02 19:10:55,2026-10-02 19:10:55,SYSTEM_ETL,SYSTEM_ETL
e17121bf-94fc-4bc2-8c1f-c99f97081c3d,605,daniel.kowalski@nexuserp.com,$2a$10$8.UnVuG9HHgffUDAlk8qfOuVGkqRzgVymGe07xd0P1R6sKz19lZ2O,True,4,2026-10-02 19:10:55,2026-10-02 19:10:55,SYSTEM_ETL,SYSTEM_ETL
29296165-0d1f-4be1-87e6-2785e127c326,606,ryan.russo@nexuserp.com,$2a$10$8.UnVuG9HHgffUDAlk8qfOuVGkqRzgVymGe07xd0P1R6sKz19lZ2O,True,4,2026-10-02 19:10:55,2026-10-02 19:10:55,SYSTEM_ETL,SYSTEM_ETL
16b3eee9-3672-4017-8976-1967ca62bfb0,608,sharon.anderson@nexuserp.com,$2a$10$8.UnVuG9HHgffUDAlk8qfOuVGkqRzgVymGe07xd0P1R6sKz19lZ2O,False,4,2026-10-02 19:10:55,2026-10-02 19:10:55,SYSTEM_ETL,SYSTEM_ETL
c11e9048-32e2-4386-b52d-30f8f3ee4a25,611,kevin.davis@nexuserp.com,$2a$10$8.UnVuG9HHgffUDAlk8qfOuVGkqRzgVymGe07xd0P1R6sKz19lZ2O,True,4,2026-10-02 19:10:55,2026-10-02 19:10:55,SYSTEM_ETL,SYSTEM_ETL
68c06bda-8556-4a10-ac23-c3e5755f8638,612,manon.thomas@nexuserp.com,$2a$10$8.UnVuG9HHgffUDAlk8qfOuVGkqRzgVymGe07xd0P1R6sKz19lZ2O,True,3,2026-10-02 19:10:55,2026-10-02 19:10:55,SYSTEM_ETL,SYSTEM_ETL
c042af84-c521-40f5-90d3-475d971fc1af,613,kevin.obrien@nexuserp.com,$2a$10$8.UnVuG9HHgffUDAlk8qfOuVGkqRzgVymGe07xd0P1R6sKz19lZ2O,True,3,2026-10-02 19:10:55,2026-10-02 19:10:55,SYSTEM_ETL,SYSTEM_ETL
ae4b6727-3306-42aa-98da-1f88ee27443f,614,youssef.green@nexuserp.com,$2a$10$8.UnVuG9HHgffUDAlk8qfOuVGkqRzgVymGe07xd0P1R6sKz19lZ2O,False,4,2026-10-02 19:10:55,2026-10-02 19:10:55,SYSTEM_ETL,SYSTEM_ETL
625ed0a5-ff5c-48ef-8db8-b82bc1cf73ef,615,samuel.park@nexuserp.com,$2a$10$8.UnVuG9HHgffUDAlk8qfOuVGkqRzgVymGe07xd0P1R6sKz19lZ2O,True,4,2026-10-02 19:10:55,2026-10-02 19:10:55,SYSTEM_ETL,SYSTEM_ETL
a714030b-54d7-445c-8a42-e9b74c8fa32c,616,sandra.khalil@nexuserp.com,$2a$10$8.UnVuG9HHgffUDAlk8qfOuVGkqRzgVymGe07xd0P1R6sKz19lZ2O,True,4,2026-10-02 19:10:55,2026-10-02 19:10:55,SYSTEM_ETL,SYSTEM_ETL
0e3e97bb-80b0-47b6-866f-68b165df1bb8,618,arjun.roberts@nexuserp.com,$2a$10$8.UnVuG9HHgffUDAlk8qfOuVGkqRzgVymGe07xd0P1R6sKz19lZ2O,True,4,2026-10-02 19:10:55,2026-10-02 19:10:55,SYSTEM_ETL,SYSTEM_ETL
e9c57082-893b-42f1-9f34-362bb01d02ea,620,amy.lopez@nexuserp.com,$2a$10$8.UnVuG9HHgffUDAlk8qfOuVGkqRzgVymGe07xd0P1R6sKz19lZ2O,True,4,2026-10-02 19:10:55,2026-10-02 19:10:55,SYSTEM_ETL,SYSTEM_ETL
e54f86b6-4f22-4b4a-a91b-b07cd582f93b,621,anthony.jensen@nexuserp.com,$2a$10$8.UnVuG9HHgffUDAlk8qfOuVGkqRzgVymGe07xd0P1R6sKz19lZ2O,True,4,2026-10-02 19:10:55,2026-10-02 19:10:55,SYSTEM_ETL,SYSTEM_ETL
65a45df5-a876-40d4-b9b8-666f0c8be791,622,samuel.lewis@nexuserp.com,$2a$10$8.UnVuG9HHgffUDAlk8qfOuVGkqRzgVymGe07xd0P1R6sKz19lZ2O,False,4,2026-10-02 19:10:55,2026-10-02 19:10:55,SYSTEM_ETL,SYSTEM_ETL
5f0d57cb-bc62-481b-a9c4-1cfb1b171bd5,623,sharon.benali@nexuserp.com,$2a$10$8.UnVuG9HHgffUDAlk8qfOuVGkqRzgVymGe07xd0P1R6sKz19lZ2O,True,4,2026-10-02 19:10:55,2026-10-02 19:10:55,SYSTEM_ETL,SYSTEM_ETL
80739582-382f-4c5b-bf7a-ba046b9e9cf7,624,olivia.rossi@nexuserp.com,$2a$10$8.UnVuG9HHgffUDAlk8qfOuVGkqRzgVymGe07xd0P1R6sKz19lZ2O,True,4,2026-10-02 19:10:55,2026-10-02 19:10:55,SYSTEM_ETL,SYSTEM_ETL
d2f0ea0f-449e-4e3f-94a2-7be34c926ee8,625,sandra.dubois@nexuserp.com,$2a$10$8.UnVuG9HHgffUDAlk8qfOuVGkqRzgVymGe07xd0P1R6sKz19lZ2O,True,3,2026-10-02 19:10:55,2026-10-02 19:10:55,SYSTEM_ETL,SYSTEM_ETL
8bd9695c-1f3c-41e4-89db-7148562ee69a,626,ryan.jensen@nexuserp.com,$2a$10$8.UnVuG9HHgffUDAlk8qfOuVGkqRzgVymGe07xd0P1R6sKz19lZ2O,True,4,2026-10-02 19:10:55,2026-10-02 19:10:55,SYSTEM_ETL,SYSTEM_ETL
d94a06a1-cae4-4563-9853-50715d3a6011,630,joseph.lopez@nexuserp.com,$2a$10$8.UnVuG9HHgffUDAlk8qfOuVGkqRzgVymGe07xd0P1R6sKz19lZ2O,True,4,2026-10-02 19:10:55,2026-10-02 19:10:55,SYSTEM_ETL,SYSTEM_ETL
9cb09aa1-360a-4d62-b24a-4e87e713c162,631,jacob.hall@nexuserp.com,$2a$10$8.UnVuG9HHgffUDAlk8qfOuVGkqRzgVymGe07xd0P1R6sKz19lZ2O,False,4,2026-10-02 19:10:55,2026-10-02 19:10:55,SYSTEM_ETL,SYSTEM_ETL
4517769d-d3c7-4680-bc45-83bad10e4bb7,632,mateo.torres@nexuserp.com,$2a$10$8.UnVuG9HHgffUDAlk8qfOuVGkqRzgVymGe07xd0P1R6sKz19lZ2O,True,4,2026-10-02 19:10:55,2026-10-02 19:10:55,SYSTEM_ETL,SYSTEM_ETL
0d426f09-2309-4170-9783-e5f6ffe77d1e,634,fatima.adams@nexuserp.com,$2a$10$8.UnVuG9HHgffUDAlk8qfOuVGkqRzgVymGe07xd0P1R6sKz19lZ2O,True,4,2026-10-02 19:10:55,2026-10-02 19:10:55,SYSTEM_ETL,SYSTEM_ETL
b0ecee64-6a57-4e3c-9d0f-af35696c0b98,635,susan.martinez2@nexuserp.com,$2a$10$8.UnVuG9HHgffUDAlk8qfOuVGkqRzgVymGe07xd0P1R6sKz19lZ2O,True,4,2026-10-02 19:10:55,2026-10-02 19:10:55,SYSTEM_ETL,SYSTEM_ETL
2b64faa4-b917-4557-996f-df7730dc33b3,638,victor.hernandez@nexuserp.com,$2a$10$8.UnVuG9HHgffUDAlk8qfOuVGkqRzgVymGe07xd0P1R6sKz19lZ2O,True,3,2026-10-02 19:10:55,2026-10-02 19:10:55,SYSTEM_ETL,SYSTEM_ETL
a1bfcdcc-57d6-4a57-932f-bfbd78cec701,639,felix.harris@nexuserp.com,$2a$10$8.UnVuG9HHgffUDAlk8qfOuVGkqRzgVymGe07xd0P1R6sKz19lZ2O,True,4,2026-10-02 19:10:55,2026-10-02 19:10:55,SYSTEM_ETL,SYSTEM_ETL
0a9ddfe8-c680-453a-a219-9de1ef3ba9f5,641,david.lewis2@nexuserp.com,$2a$10$8.UnVuG9HHgffUDAlk8qfOuVGkqRzgVymGe07xd0P1R6sKz19lZ2O,True,4,2026-10-02 19:10:55,2026-10-02 19:10:55,SYSTEM_ETL,SYSTEM_ETL
ec6fb6af-7a3a-4bc3-a679-a3f4b57fdfe1,643,karim.hill@nexuserp.com,$2a$10$8.UnVuG9HHgffUDAlk8qfOuVGkqRzgVymGe07xd0P1R6sKz19lZ2O,True,4,2026-10-02 19:10:55,2026-10-02 19:10:55,SYSTEM_ETL,SYSTEM_ETL
2bc0056b-eed8-4dc9-9138-4e9ce2310f07,644,adam.haddad@nexuserp.com,$2a$10$8.UnVuG9HHgffUDAlk8qfOuVGkqRzgVymGe07xd0P1R6sKz19lZ2O,True,2,2026-10-02 19:10:55,2026-10-02 19:10:55,SYSTEM_ETL,SYSTEM_ETL
92de6895-6658-4a52-96d0-c7f0d41453db,645,george.khalil@nexuserp.com,$2a$10$8.UnVuG9HHgffUDAlk8qfOuVGkqRzgVymGe07xd0P1R6sKz19lZ2O,True,4,2026-10-02 19:10:55,2026-10-02 19:10:55,SYSTEM_ETL,SYSTEM_ETL
446c475e-f917-4bef-b67e-b153f3db0c68,647,alice.torres@nexuserp.com,$2a$10$8.UnVuG9HHgffUDAlk8qfOuVGkqRzgVymGe07xd0P1R6sKz19lZ2O,False,4,2026-10-02 19:10:55,2026-10-02 19:10:55,SYSTEM_ETL,SYSTEM_ETL
e9291510-ae45-4001-a5d7-01679a10d697,648,joseph.torres@nexuserp.com,$2a$10$8.UnVuG9HHgffUDAlk8qfOuVGkqRzgVymGe07xd0P1R6sKz19lZ2O,False,4,2026-10-02 19:10:55,2026-10-02 19:10:55,SYSTEM_ETL,SYSTEM_ETL
7b78055e-7971-4e1b-9ac6-a9f91689dceb,649,hiroshi.jackson@nexuserp.com,$2a$10$8.UnVuG9HHgffUDAlk8qfOuVGkqRzgVymGe07xd0P1R6sKz19lZ2O,True,4,2026-10-02 19:10:55,2026-10-02 19:10:55,SYSTEM_ETL,SYSTEM_ETL
541259c4-54a4-4ce7-b2a8-b7463cd1fdd1,650,felix.trabelsi@nexuserp.com,$2a$10$8.UnVuG9HHgffUDAlk8qfOuVGkqRzgVymGe07xd0P1R6sKz19lZ2O,False,4,2026-10-02 19:10:55,2026-10-02 19:10:55,SYSTEM_ETL,SYSTEM_ETL
8b55d168-af8d-489c-9dd5-95584f4fc288,652,karim.robinson@nexuserp.com,$2a$10$8.UnVuG9HHgffUDAlk8qfOuVGkqRzgVymGe07xd0P1R6sKz19lZ2O,True,4,2026-10-02 19:10:55,2026-10-02 19:10:55,SYSTEM_ETL,SYSTEM_ETL
113e33ee-2541-41d0-99e6-b55a2ddb1d09,653,tariq.williams@nexuserp.com,$2a$10$8.UnVuG9HHgffUDAlk8qfOuVGkqRzgVymGe07xd0P1R6sKz19lZ2O,True,4,2026-10-02 19:10:55,2026-10-02 19:10:55,SYSTEM_ETL,SYSTEM_ETL
72ad151c-86c7-47ee-976f-e0edd951155e,655,emily.nguyen@nexuserp.com,$2a$10$8.UnVuG9HHgffUDAlk8qfOuVGkqRzgVymGe07xd0P1R6sKz19lZ2O,True,4,2026-10-02 19:10:55,2026-10-02 19:10:55,SYSTEM_ETL,SYSTEM_ETL
a68263e1-06fc-4aab-a0ea-033930ba352b,656,jacob.adams@nexuserp.com,$2a$10$8.UnVuG9HHgffUDAlk8qfOuVGkqRzgVymGe07xd0P1R6sKz19lZ2O,True,4,2026-10-02 19:10:55,2026-10-02 19:10:55,SYSTEM_ETL,SYSTEM_ETL
067484f8-f4b8-4c70-9db2-afa9c154aea3,657,jessica.martin@nexuserp.com,$2a$10$8.UnVuG9HHgffUDAlk8qfOuVGkqRzgVymGe07xd0P1R6sKz19lZ2O,True,4,2026-10-02 19:10:55,2026-10-02 19:10:55,SYSTEM_ETL,SYSTEM_ETL
5070d1c0-fc50-4dd5-860f-597b12086617,659,elizabeth.roberts@nexuserp.com,$2a$10$8.UnVuG9HHgffUDAlk8qfOuVGkqRzgVymGe07xd0P1R6sKz19lZ2O,True,4,2026-10-02 19:10:55,2026-10-02 19:10:55,SYSTEM_ETL,SYSTEM_ETL
52dfeab6-e2e1-4829-8ede-7a93380f5882,661,joshua.roberts@nexuserp.com,$2a$10$8.UnVuG9HHgffUDAlk8qfOuVGkqRzgVymGe07xd0P1R6sKz19lZ2O,True,3,2026-10-02 19:10:55,2026-10-02 19:10:55,SYSTEM_ETL,SYSTEM_ETL
b9ea6acf-8f3b-44b3-9b19-5d081598b0e3,662,ines.russo@nexuserp.com,$2a$10$8.UnVuG9HHgffUDAlk8qfOuVGkqRzgVymGe07xd0P1R6sKz19lZ2O,True,4,2026-10-02 19:10:55,2026-10-02 19:10:55,SYSTEM_ETL,SYSTEM_ETL
25484f30-c6c4-4a1c-b45d-b5b76f97b78a,663,samuel.dubois@nexuserp.com,$2a$10$8.UnVuG9HHgffUDAlk8qfOuVGkqRzgVymGe07xd0P1R6sKz19lZ2O,True,4,2026-10-02 19:10:55,2026-10-02 19:10:55,SYSTEM_ETL,SYSTEM_ETL
b6af36c2-62b3-4a34-97dd-0e21e3183234,664,ines.moreau@nexuserp.com,$2a$10$8.UnVuG9HHgffUDAlk8qfOuVGkqRzgVymGe07xd0P1R6sKz19lZ2O,True,3,2026-10-02 19:10:55,2026-10-02 19:10:55,SYSTEM_ETL,SYSTEM_ETL
160ee686-22e7-45ea-a9af-45e98ed6a7b8,665,yasmine.robinson@nexuserp.com,$2a$10$8.UnVuG9HHgffUDAlk8qfOuVGkqRzgVymGe07xd0P1R6sKz19lZ2O,True,2,2026-10-02 19:10:55,2026-10-02 19:10:55,SYSTEM_ETL,SYSTEM_ETL
b95feb22-9efe-48bd-aaa3-07fa8c9eac20,666,sandra.park@nexuserp.com,$2a$10$8.UnVuG9HHgffUDAlk8qfOuVGkqRzgVymGe07xd0P1R6sKz19lZ2O,True,4,2026-10-02 19:10:55,2026-10-02 19:10:55,SYSTEM_ETL,SYSTEM_ETL
166c8299-6522-4b0c-883b-01028907ffb2,667,joshua.mitchell@nexuserp.com,$2a$10$8.UnVuG9HHgffUDAlk8qfOuVGkqRzgVymGe07xd0P1R6sKz19lZ2O,False,4,2026-10-02 19:10:55,2026-10-02 19:10:55,SYSTEM_ETL,SYSTEM_ETL
d2e4c767-8ccb-475f-bed8-ea0a041f0d49,669,charles.hill@nexuserp.com,$2a$10$8.UnVuG9HHgffUDAlk8qfOuVGkqRzgVymGe07xd0P1R6sKz19lZ2O,True,4,2026-10-02 19:10:55,2026-10-02 19:10:55,SYSTEM_ETL,SYSTEM_ETL
e52297a6-a130-4b4a-a05d-3d59c684b307,671,jonathan.khalil@nexuserp.com,$2a$10$8.UnVuG9HHgffUDAlk8qfOuVGkqRzgVymGe07xd0P1R6sKz19lZ2O,True,3,2026-10-02 19:10:55,2026-10-02 19:10:55,SYSTEM_ETL,SYSTEM_ETL
cbe22a43-6505-4cea-9b51-c8fab221d16c,675,jonathan.allen@nexuserp.com,$2a$10$8.UnVuG9HHgffUDAlk8qfOuVGkqRzgVymGe07xd0P1R6sKz19lZ2O,True,4,2026-10-02 19:10:55,2026-10-02 19:10:55,SYSTEM_ETL,SYSTEM_ETL
c5021843-6822-4d5d-95c0-e99b4a27b019,677,victor.rivera@nexuserp.com,$2a$10$8.UnVuG9HHgffUDAlk8qfOuVGkqRzgVymGe07xd0P1R6sKz19lZ2O,True,4,2026-10-02 19:10:55,2026-10-02 19:10:55,SYSTEM_ETL,SYSTEM_ETL
eb0893ad-7d9f-4d23-8e3f-b09ae2eccd67,679,elena.muller@nexuserp.com,$2a$10$8.UnVuG9HHgffUDAlk8qfOuVGkqRzgVymGe07xd0P1R6sKz19lZ2O,True,4,2026-10-02 19:10:55,2026-10-02 19:10:55,SYSTEM_ETL,SYSTEM_ETL
81b13ca6-f437-4450-9298-dae0289ef5be,680,sophia.kowalski@nexuserp.com,$2a$10$8.UnVuG9HHgffUDAlk8qfOuVGkqRzgVymGe07xd0P1R6sKz19lZ2O,True,4,2026-10-02 19:10:55,2026-10-02 19:10:55,SYSTEM_ETL,SYSTEM_ETL
ef6141bf-3074-45eb-b53c-a3772601a7d6,682,susan.costa@nexuserp.com,$2a$10$8.UnVuG9HHgffUDAlk8qfOuVGkqRzgVymGe07xd0P1R6sKz19lZ2O,True,4,2026-10-02 19:10:55,2026-10-02 19:10:55,SYSTEM_ETL,SYSTEM_ETL
b316d64a-a405-4dd4-95d8-625a92ab7683,683,hiroshi.hall@nexuserp.com,$2a$10$8.UnVuG9HHgffUDAlk8qfOuVGkqRzgVymGe07xd0P1R6sKz19lZ2O,True,4,2026-10-02 19:10:55,2026-10-02 19:10:55,SYSTEM_ETL,SYSTEM_ETL
00f7186e-3ef2-4c6a-b618-e0095269f8a2,684,camille.rivera@nexuserp.com,$2a$10$8.UnVuG9HHgffUDAlk8qfOuVGkqRzgVymGe07xd0P1R6sKz19lZ2O,False,4,2026-10-02 19:10:55,2026-10-02 19:10:55,SYSTEM_ETL,SYSTEM_ETL
7bfd38ec-6d54-47ab-846b-a3c8848e599f,686,ashley.chen@nexuserp.com,$2a$10$8.UnVuG9HHgffUDAlk8qfOuVGkqRzgVymGe07xd0P1R6sKz19lZ2O,True,4,2026-10-02 19:10:55,2026-10-02 19:10:55,SYSTEM_ETL,SYSTEM_ETL
d96a76ed-d246-4cf8-966e-850cc782ec9e,689,anthony.robinson@nexuserp.com,$2a$10$8.UnVuG9HHgffUDAlk8qfOuVGkqRzgVymGe07xd0P1R6sKz19lZ2O,True,4,2026-10-02 19:10:55,2026-10-02 19:10:55,SYSTEM_ETL,SYSTEM_ETL
25155d8f-9fad-4de6-b643-9336bf6416c8,690,emma.shah@nexuserp.com,$2a$10$8.UnVuG9HHgffUDAlk8qfOuVGkqRzgVymGe07xd0P1R6sKz19lZ2O,True,4,2026-10-02 19:10:55,2026-10-02 19:10:55,SYSTEM_ETL,SYSTEM_ETL
594ca491-726a-4ed5-96b7-26f73fd50977,691,brian.baker@nexuserp.com,$2a$10$8.UnVuG9HHgffUDAlk8qfOuVGkqRzgVymGe07xd0P1R6sKz19lZ2O,True,4,2026-10-02 19:10:55,2026-10-02 19:10:55,SYSTEM_ETL,SYSTEM_ETL
b29e0670-918d-4100-99b9-ea56f5823fe5,692,robert.martinez@nexuserp.com,$2a$10$8.UnVuG9HHgffUDAlk8qfOuVGkqRzgVymGe07xd0P1R6sKz19lZ2O,True,4,2026-10-02 19:10:55,2026-10-02 19:10:55,SYSTEM_ETL,SYSTEM_ETL
6cfa8086-bb65-4b55-ab07-39490b2c3cc6,698,robert.garcia@nexuserp.com,$2a$10$8.UnVuG9HHgffUDAlk8qfOuVGkqRzgVymGe07xd0P1R6sKz19lZ2O,True,2,2026-10-02 19:10:55,2026-10-02 19:10:55,SYSTEM_ETL,SYSTEM_ETL
b8a39dcd-d053-4143-b349-46dfbe989a11,699,arjun.singh@nexuserp.com,$2a$10$8.UnVuG9HHgffUDAlk8qfOuVGkqRzgVymGe07xd0P1R6sKz19lZ2O,True,4,2026-10-02 19:10:55,2026-10-02 19:10:55,SYSTEM_ETL,SYSTEM_ETL
f44dd7a0-66de-438d-972d-8923e6d618ce,700,ivan.jones2@nexuserp.com,$2a$10$8.UnVuG9HHgffUDAlk8qfOuVGkqRzgVymGe07xd0P1R6sKz19lZ2O,True,4,2026-10-02 19:10:55,2026-10-02 19:10:55,SYSTEM_ETL,SYSTEM_ETL
89e5f5a7-e67c-454a-9122-cd9824262895,701,michael.harris@nexuserp.com,$2a$10$8.UnVuG9HHgffUDAlk8qfOuVGkqRzgVymGe07xd0P1R6sKz19lZ2O,False,4,2026-10-02 19:10:55,2026-10-02 19:10:55,SYSTEM_ETL,SYSTEM_ETL
46d4e73c-2a56-44e1-87b1-f80bc08737e8,702,omar.walker@nexuserp.com,$2a$10$8.UnVuG9HHgffUDAlk8qfOuVGkqRzgVymGe07xd0P1R6sKz19lZ2O,False,4,2026-10-02 19:10:55,2026-10-02 19:10:55,SYSTEM_ETL,SYSTEM_ETL
0b715fea-9710-4023-84d1-0881965c308b,704,nicholas.anderson@nexuserp.com,$2a$10$8.UnVuG9HHgffUDAlk8qfOuVGkqRzgVymGe07xd0P1R6sKz19lZ2O,True,4,2026-10-02 19:10:55,2026-10-02 19:10:55,SYSTEM_ETL,SYSTEM_ETL
dc769515-3ea7-4352-85d6-6b6183cd07e8,705,lucas.robinson@nexuserp.com,$2a$10$8.UnVuG9HHgffUDAlk8qfOuVGkqRzgVymGe07xd0P1R6sKz19lZ2O,True,4,2026-10-02 19:10:55,2026-10-02 19:10:55,SYSTEM_ETL,SYSTEM_ETL
5d21e17e-420b-4bf4-af90-d84687c0c2b5,707,michael.tanaka@nexuserp.com,$2a$10$8.UnVuG9HHgffUDAlk8qfOuVGkqRzgVymGe07xd0P1R6sKz19lZ2O,True,4,2026-10-02 19:10:55,2026-10-02 19:10:55,SYSTEM_ETL,SYSTEM_ETL
059f0df5-cc8f-4e62-8d92-1a9510f5aaeb,709,fatima.johnson@nexuserp.com,$2a$10$8.UnVuG9HHgffUDAlk8qfOuVGkqRzgVymGe07xd0P1R6sKz19lZ2O,True,4,2026-10-02 19:10:55,2026-10-02 19:10:55,SYSTEM_ETL,SYSTEM_ETL
930ecb50-42be-43d0-89e5-297877852e39,710,timothy.shah@nexuserp.com,$2a$10$8.UnVuG9HHgffUDAlk8qfOuVGkqRzgVymGe07xd0P1R6sKz19lZ2O,True,4,2026-10-02 19:10:55,2026-10-02 19:10:55,SYSTEM_ETL,SYSTEM_ETL
f92831d2-73be-43e6-ba9d-4ba0ca4e33d8,712,hugo.ivanov@nexuserp.com,$2a$10$8.UnVuG9HHgffUDAlk8qfOuVGkqRzgVymGe07xd0P1R6sKz19lZ2O,True,4,2026-10-02 19:10:55,2026-10-02 19:10:55,SYSTEM_ETL,SYSTEM_ETL
e4cd17d0-72a6-4093-9259-81477faf8d8c,714,sharon.king2@nexuserp.com,$2a$10$8.UnVuG9HHgffUDAlk8qfOuVGkqRzgVymGe07xd0P1R6sKz19lZ2O,True,4,2026-10-02 19:10:55,2026-10-02 19:10:55,SYSTEM_ETL,SYSTEM_ETL
b31fbbb7-ca54-43ad-b879-febde1979e69,715,hugo.wilson2@nexuserp.com,$2a$10$8.UnVuG9HHgffUDAlk8qfOuVGkqRzgVymGe07xd0P1R6sKz19lZ2O,True,4,2026-10-02 19:10:55,2026-10-02 19:10:55,SYSTEM_ETL,SYSTEM_ETL
2fed9963-0a5a-486f-9c76-9417bb08853a,716,matthew.haddad@nexuserp.com,$2a$10$8.UnVuG9HHgffUDAlk8qfOuVGkqRzgVymGe07xd0P1R6sKz19lZ2O,True,4,2026-10-02 19:10:55,2026-10-02 19:10:55,SYSTEM_ETL,SYSTEM_ETL
993574cd-dd75-4cf6-a213-9ecae8898e2a,717,lina.martinez@nexuserp.com,$2a$10$8.UnVuG9HHgffUDAlk8qfOuVGkqRzgVymGe07xd0P1R6sKz19lZ2O,True,4,2026-10-02 19:10:55,2026-10-02 19:10:55,SYSTEM_ETL,SYSTEM_ETL
47218758-1a04-40ed-88be-052f2cdc9300,720,emma.king@nexuserp.com,$2a$10$8.UnVuG9HHgffUDAlk8qfOuVGkqRzgVymGe07xd0P1R6sKz19lZ2O,False,4,2026-10-02 19:10:55,2026-10-02 19:10:55,SYSTEM_ETL,SYSTEM_ETL
90f57607-6e4e-45e0-a9d4-a1b3c1dc18fb,721,emma.larsen@nexuserp.com,$2a$10$8.UnVuG9HHgffUDAlk8qfOuVGkqRzgVymGe07xd0P1R6sKz19lZ2O,True,4,2026-10-02 19:10:55,2026-10-02 19:10:55,SYSTEM_ETL,SYSTEM_ETL
f4177e82-7e98-4fd8-aa23-83223dbad942,722,michael.murphy@nexuserp.com,$2a$10$8.UnVuG9HHgffUDAlk8qfOuVGkqRzgVymGe07xd0P1R6sKz19lZ2O,True,4,2026-10-02 19:10:55,2026-10-02 19:10:55,SYSTEM_ETL,SYSTEM_ETL
f82a820f-52b5-4119-937c-cf5ad62d4bd2,723,ryan.kim@nexuserp.com,$2a$10$8.UnVuG9HHgffUDAlk8qfOuVGkqRzgVymGe07xd0P1R6sKz19lZ2O,False,4,2026-10-02 19:10:55,2026-10-02 19:10:55,SYSTEM_ETL,SYSTEM_ETL
196ff4bb-929a-4b24-9dbd-bbd09f0600c7,724,cynthia.lewis@nexuserp.com,$2a$10$8.UnVuG9HHgffUDAlk8qfOuVGkqRzgVymGe07xd0P1R6sKz19lZ2O,True,4,2026-10-02 19:10:55,2026-10-02 19:10:55,SYSTEM_ETL,SYSTEM_ETL
181e3588-d8d2-45ea-948e-bf84df5b48a3,725,manon.rossi@nexuserp.com,$2a$10$8.UnVuG9HHgffUDAlk8qfOuVGkqRzgVymGe07xd0P1R6sKz19lZ2O,True,4,2026-10-02 19:10:55,2026-10-02 19:10:55,SYSTEM_ETL,SYSTEM_ETL
9246463a-ad7f-488f-8b14-e5cbdf2dbc3a,727,jessica.russo@nexuserp.com,$2a$10$8.UnVuG9HHgffUDAlk8qfOuVGkqRzgVymGe07xd0P1R6sKz19lZ2O,True,3,2026-10-02 19:10:55,2026-10-02 19:10:55,SYSTEM_ETL,SYSTEM_ETL
0ea07634-9289-470a-895a-a51b34293060,728,noah.scott@nexuserp.com,$2a$10$8.UnVuG9HHgffUDAlk8qfOuVGkqRzgVymGe07xd0P1R6sKz19lZ2O,True,4,2026-10-02 19:10:55,2026-10-02 19:10:55,SYSTEM_ETL,SYSTEM_ETL
11dd78bb-4a55-49c4-9943-410307c56bdd,729,tariq.dubois@nexuserp.com,$2a$10$8.UnVuG9HHgffUDAlk8qfOuVGkqRzgVymGe07xd0P1R6sKz19lZ2O,True,4,2026-10-02 19:10:55,2026-10-02 19:10:55,SYSTEM_ETL,SYSTEM_ETL
8f977b7e-1c68-435f-99e4-fcb04bf454f7,730,andrew.smith@nexuserp.com,$2a$10$8.UnVuG9HHgffUDAlk8qfOuVGkqRzgVymGe07xd0P1R6sKz19lZ2O,True,3,2026-10-02 19:10:55,2026-10-02 19:10:55,SYSTEM_ETL,SYSTEM_ETL
8d4c7c45-4d3c-4b15-8bdc-cebcf9e79cbb,731,luca.moore@nexuserp.com,$2a$10$8.UnVuG9HHgffUDAlk8qfOuVGkqRzgVymGe07xd0P1R6sKz19lZ2O,True,2,2026-10-02 19:10:55,2026-10-02 19:10:55,SYSTEM_ETL,SYSTEM_ETL
e7f01185-9fd8-46f3-9c1e-834c4262a6b7,732,noah.campbell@nexuserp.com,$2a$10$8.UnVuG9HHgffUDAlk8qfOuVGkqRzgVymGe07xd0P1R6sKz19lZ2O,True,4,2026-10-02 19:10:55,2026-10-02 19:10:55,SYSTEM_ETL,SYSTEM_ETL
ec373f62-dae0-4170-9da9-70e91252b632,733,jacob.anderson@nexuserp.com,$2a$10$8.UnVuG9HHgffUDAlk8qfOuVGkqRzgVymGe07xd0P1R6sKz19lZ2O,True,4,2026-10-02 19:10:55,2026-10-02 19:10:55,SYSTEM_ETL,SYSTEM_ETL
2f21a7e0-4f82-4fe7-a38a-3681e5a70758,734,hugo.anderson@nexuserp.com,$2a$10$8.UnVuG9HHgffUDAlk8qfOuVGkqRzgVymGe07xd0P1R6sKz19lZ2O,True,2,2026-10-02 19:10:55,2026-10-02 19:10:55,SYSTEM_ETL,SYSTEM_ETL
17e65762-d516-401e-94a8-15c684455ffc,738,george.shah@nexuserp.com,$2a$10$8.UnVuG9HHgffUDAlk8qfOuVGkqRzgVymGe07xd0P1R6sKz19lZ2O,True,4,2026-10-02 19:10:55,2026-10-02 19:10:55,SYSTEM_ETL,SYSTEM_ETL
7d8be2c5-eb6f-4e29-a093-e5c98c5f0cd5,741,hana.murphy@nexuserp.com,$2a$10$8.UnVuG9HHgffUDAlk8qfOuVGkqRzgVymGe07xd0P1R6sKz19lZ2O,False,4,2026-10-02 19:10:55,2026-10-02 19:10:55,SYSTEM_ETL,SYSTEM_ETL
a43f2216-4735-483a-a3bf-b54223ab20a7,742,clara.carter@nexuserp.com,$2a$10$8.UnVuG9HHgffUDAlk8qfOuVGkqRzgVymGe07xd0P1R6sKz19lZ2O,True,3,2026-10-02 19:10:55,2026-10-02 19:10:55,SYSTEM_ETL,SYSTEM_ETL
b54ad10d-8182-45a9-9659-ecc194efcdf8,743,lisa.singh@nexuserp.com,$2a$10$8.UnVuG9HHgffUDAlk8qfOuVGkqRzgVymGe07xd0P1R6sKz19lZ2O,True,4,2026-10-02 19:10:55,2026-10-02 19:10:55,SYSTEM_ETL,SYSTEM_ETL
a25815f1-bec5-4c51-b70e-6a7740445f92,744,rayan.murphy@nexuserp.com,$2a$10$8.UnVuG9HHgffUDAlk8qfOuVGkqRzgVymGe07xd0P1R6sKz19lZ2O,True,4,2026-10-02 19:10:55,2026-10-02 19:10:55,SYSTEM_ETL,SYSTEM_ETL
2e8d9288-cf41-4937-8ff9-2992514b1ef8,746,amira.lopez@nexuserp.com,$2a$10$8.UnVuG9HHgffUDAlk8qfOuVGkqRzgVymGe07xd0P1R6sKz19lZ2O,True,4,2026-10-02 19:10:55,2026-10-02 19:10:55,SYSTEM_ETL,SYSTEM_ETL
f6fcdbbd-9510-4ca8-87b8-cf24bff6ebfd,747,eric.flores@nexuserp.com,$2a$10$8.UnVuG9HHgffUDAlk8qfOuVGkqRzgVymGe07xd0P1R6sKz19lZ2O,True,4,2026-10-02 19:10:55,2026-10-02 19:10:55,SYSTEM_ETL,SYSTEM_ETL
151ed202-14c9-4bcd-8314-9516cf37b7f0,749,hiroshi.scott@nexuserp.com,$2a$10$8.UnVuG9HHgffUDAlk8qfOuVGkqRzgVymGe07xd0P1R6sKz19lZ2O,True,4,2026-10-02 19:10:55,2026-10-02 19:10:55,SYSTEM_ETL,SYSTEM_ETL
de417907-3513-4309-95f5-b399e2fcce65,752,andrew.miller@nexuserp.com,$2a$10$8.UnVuG9HHgffUDAlk8qfOuVGkqRzgVymGe07xd0P1R6sKz19lZ2O,False,4,2026-10-02 19:10:55,2026-10-02 19:10:55,SYSTEM_ETL,SYSTEM_ETL
313f6d56-9789-4547-a8e4-cad3633ed405,754,ivan.sato@nexuserp.com,$2a$10$8.UnVuG9HHgffUDAlk8qfOuVGkqRzgVymGe07xd0P1R6sKz19lZ2O,True,4,2026-10-02 19:10:55,2026-10-02 19:10:55,SYSTEM_ETL,SYSTEM_ETL
56ce6490-02b2-4e18-bd04-b97680baa286,757,jennifer.hill@nexuserp.com,$2a$10$8.UnVuG9HHgffUDAlk8qfOuVGkqRzgVymGe07xd0P1R6sKz19lZ2O,True,4,2026-10-02 19:10:55,2026-10-02 19:10:55,SYSTEM_ETL,SYSTEM_ETL
fbebf0d9-d88c-4665-b91f-22ced4e5c3ae,758,jacob.adams2@nexuserp.com,$2a$10$8.UnVuG9HHgffUDAlk8qfOuVGkqRzgVymGe07xd0P1R6sKz19lZ2O,True,4,2026-10-02 19:10:55,2026-10-02 19:10:55,SYSTEM_ETL,SYSTEM_ETL
102da44a-fc48-4041-9c5d-b1967ab35eec,760,fatima.wilson@nexuserp.com,$2a$10$8.UnVuG9HHgffUDAlk8qfOuVGkqRzgVymGe07xd0P1R6sKz19lZ2O,True,2,2026-10-02 19:10:55,2026-10-02 19:10:55,SYSTEM_ETL,SYSTEM_ETL
720d8657-62f4-4c95-ab90-312fd132d5d6,762,paul.thomas@nexuserp.com,$2a$10$8.UnVuG9HHgffUDAlk8qfOuVGkqRzgVymGe07xd0P1R6sKz19lZ2O,True,4,2026-10-02 19:10:55,2026-10-02 19:10:55,SYSTEM_ETL,SYSTEM_ETL
5891878e-6ff7-48aa-9c50-56ee40f82316,763,sandra.santos@nexuserp.com,$2a$10$8.UnVuG9HHgffUDAlk8qfOuVGkqRzgVymGe07xd0P1R6sKz19lZ2O,True,4,2026-10-02 19:10:55,2026-10-02 19:10:55,SYSTEM_ETL,SYSTEM_ETL
30fb03b3-d676-4f62-9510-b5cbfd7e6ace,764,clara.brown@nexuserp.com,$2a$10$8.UnVuG9HHgffUDAlk8qfOuVGkqRzgVymGe07xd0P1R6sKz19lZ2O,True,4,2026-10-02 19:10:55,2026-10-02 19:10:55,SYSTEM_ETL,SYSTEM_ETL
853d2fd6-2043-47f3-bdcc-7cd6136be2f0,766,mehdi.martin@nexuserp.com,$2a$10$8.UnVuG9HHgffUDAlk8qfOuVGkqRzgVymGe07xd0P1R6sKz19lZ2O,True,4,2026-10-02 19:10:55,2026-10-02 19:10:55,SYSTEM_ETL,SYSTEM_ETL
2f21e4f9-6a93-4164-b993-04f9057d2d21,769,charles.clark@nexuserp.com,$2a$10$8.UnVuG9HHgffUDAlk8qfOuVGkqRzgVymGe07xd0P1R6sKz19lZ2O,True,4,2026-10-02 19:10:55,2026-10-02 19:10:55,SYSTEM_ETL,SYSTEM_ETL
bf486d7b-1142-4b00-87c1-4ad72d5a854f,771,karen.baker@nexuserp.com,$2a$10$8.UnVuG9HHgffUDAlk8qfOuVGkqRzgVymGe07xd0P1R6sKz19lZ2O,True,4,2026-10-02 19:10:55,2026-10-02 19:10:55,SYSTEM_ETL,SYSTEM_ETL
3cdd5eb0-d739-4a13-8aac-779285c14abc,772,oscar.benali@nexuserp.com,$2a$10$8.UnVuG9HHgffUDAlk8qfOuVGkqRzgVymGe07xd0P1R6sKz19lZ2O,True,4,2026-10-02 19:10:55,2026-10-02 19:10:55,SYSTEM_ETL,SYSTEM_ETL
10a880f8-0d2a-4fe5-90ea-3a9785c57b07,773,lucas.baker@nexuserp.com,$2a$10$8.UnVuG9HHgffUDAlk8qfOuVGkqRzgVymGe07xd0P1R6sKz19lZ2O,True,4,2026-10-02 19:10:55,2026-10-02 19:10:55,SYSTEM_ETL,SYSTEM_ETL
5ef3d890-3185-48ab-bcca-4c403dc80d70,775,mary.miller@nexuserp.com,$2a$10$8.UnVuG9HHgffUDAlk8qfOuVGkqRzgVymGe07xd0P1R6sKz19lZ2O,True,4,2026-10-02 19:10:55,2026-10-02 19:10:55,SYSTEM_ETL,SYSTEM_ETL
39839742-a011-4fd9-8b4e-ebea83f81504,776,mark.lee@nexuserp.com,$2a$10$8.UnVuG9HHgffUDAlk8qfOuVGkqRzgVymGe07xd0P1R6sKz19lZ2O,True,3,2026-10-02 19:10:55,2026-10-02 19:10:55,SYSTEM_ETL,SYSTEM_ETL
36c88239-4b51-4801-aa4b-386c02fc3593,780,hiroshi.singh@nexuserp.com,$2a$10$8.UnVuG9HHgffUDAlk8qfOuVGkqRzgVymGe07xd0P1R6sKz19lZ2O,False,4,2026-10-02 19:10:55,2026-10-02 19:10:55,SYSTEM_ETL,SYSTEM_ETL
20936177-ab21-4669-b1d4-a5ee45600375,781,priya.dubois@nexuserp.com,$2a$10$8.UnVuG9HHgffUDAlk8qfOuVGkqRzgVymGe07xd0P1R6sKz19lZ2O,True,4,2026-10-02 19:10:55,2026-10-02 19:10:55,SYSTEM_ETL,SYSTEM_ETL
1d20bce1-397b-4318-9820-7ca87931e3a9,783,samuel.dubois2@nexuserp.com,$2a$10$8.UnVuG9HHgffUDAlk8qfOuVGkqRzgVymGe07xd0P1R6sKz19lZ2O,True,4,2026-10-02 19:10:55,2026-10-02 19:10:55,SYSTEM_ETL,SYSTEM_ETL
e6f6121a-7939-4881-9e48-db3914042a26,784,george.laurent@nexuserp.com,$2a$10$8.UnVuG9HHgffUDAlk8qfOuVGkqRzgVymGe07xd0P1R6sKz19lZ2O,True,4,2026-10-02 19:10:55,2026-10-02 19:10:55,SYSTEM_ETL,SYSTEM_ETL
f137377f-0ebf-4cea-b478-868d4a3ca878,785,julia.kim@nexuserp.com,$2a$10$8.UnVuG9HHgffUDAlk8qfOuVGkqRzgVymGe07xd0P1R6sKz19lZ2O,False,4,2026-10-02 19:10:55,2026-10-02 19:10:55,SYSTEM_ETL,SYSTEM_ETL
067dd03b-5734-48d0-a10e-90ab1240f55d,786,karim.jones@nexuserp.com,$2a$10$8.UnVuG9HHgffUDAlk8qfOuVGkqRzgVymGe07xd0P1R6sKz19lZ2O,True,4,2026-10-02 19:10:55,2026-10-02 19:10:55,SYSTEM_ETL,SYSTEM_ETL
6588ea27-65f2-4716-94d4-b520236cc220,787,lucas.king@nexuserp.com,$2a$10$8.UnVuG9HHgffUDAlk8qfOuVGkqRzgVymGe07xd0P1R6sKz19lZ2O,False,3,2026-10-02 19:10:55,2026-10-02 19:10:55,SYSTEM_ETL,SYSTEM_ETL
cd4a4b73-31e8-4117-892b-c8473cf58a4d,789,noah.mitchell@nexuserp.com,$2a$10$8.UnVuG9HHgffUDAlk8qfOuVGkqRzgVymGe07xd0P1R6sKz19lZ2O,True,4,2026-10-02 19:10:55,2026-10-02 19:10:55,SYSTEM_ETL,SYSTEM_ETL
58ba33a5-70d9-46ca-96ff-15444de8ab2d,791,wei.young@nexuserp.com,$2a$10$8.UnVuG9HHgffUDAlk8qfOuVGkqRzgVymGe07xd0P1R6sKz19lZ2O,True,4,2026-10-02 19:10:55,2026-10-02 19:10:55,SYSTEM_ETL,SYSTEM_ETL
f100be15-ff6e-4dac-b964-e2892918d41e,792,hana.singh@nexuserp.com,$2a$10$8.UnVuG9HHgffUDAlk8qfOuVGkqRzgVymGe07xd0P1R6sKz19lZ2O,True,4,2026-10-02 19:10:55,2026-10-02 19:10:55,SYSTEM_ETL,SYSTEM_ETL
fd0edd4c-a714-4234-9e1a-9f66db318e01,793,amanda.nelson@nexuserp.com,$2a$10$8.UnVuG9HHgffUDAlk8qfOuVGkqRzgVymGe07xd0P1R6sKz19lZ2O,True,4,2026-10-02 19:10:55,2026-10-02 19:10:55,SYSTEM_ETL,SYSTEM_ETL
ec127225-39e9-44be-ae33-eade265a3b86,796,jonathan.kim@nexuserp.com,$2a$10$8.UnVuG9HHgffUDAlk8qfOuVGkqRzgVymGe07xd0P1R6sKz19lZ2O,False,4,2026-10-02 19:10:55,2026-10-02 19:10:55,SYSTEM_ETL,SYSTEM_ETL
697396a5-3389-4760-8b35-2dfa165e0790,797,sara.ivanov@nexuserp.com,$2a$10$8.UnVuG9HHgffUDAlk8qfOuVGkqRzgVymGe07xd0P1R6sKz19lZ2O,True,4,2026-10-02 19:10:55,2026-10-02 19:10:55,SYSTEM_ETL,SYSTEM_ETL
d25de30e-31ca-49c4-ad41-5215264205a1,799,laura.hall@nexuserp.com,$2a$10$8.UnVuG9HHgffUDAlk8qfOuVGkqRzgVymGe07xd0P1R6sKz19lZ2O,True,4,2026-10-02 19:10:55,2026-10-02 19:10:55,SYSTEM_ETL,SYSTEM_ETL
89d1397b-b601-409c-a9eb-c6cdc1455302,800,timothy.santos@nexuserp.com,$2a$10$8.UnVuG9HHgffUDAlk8qfOuVGkqRzgVymGe07xd0P1R6sKz19lZ2O,True,4,2026-10-02 19:10:55,2026-10-02 19:10:55,SYSTEM_ETL,SYSTEM_ETL
a03f427b-1695-4392-8ec8-5a13154bf3b2,802,michelle.benali@nexuserp.com,$2a$10$8.UnVuG9HHgffUDAlk8qfOuVGkqRzgVymGe07xd0P1R6sKz19lZ2O,True,4,2026-10-02 19:10:55,2026-10-02 19:10:55,SYSTEM_ETL,SYSTEM_ETL
1bdb2926-6a5f-4c99-95e7-69171e1de371,803,susan.ivanov@nexuserp.com,$2a$10$8.UnVuG9HHgffUDAlk8qfOuVGkqRzgVymGe07xd0P1R6sKz19lZ2O,True,4,2026-10-02 19:10:55,2026-10-02 19:10:55,SYSTEM_ETL,SYSTEM_ETL
739c06d3-6aaf-4d79-944c-f1f6bd1391b8,804,rebecca.young@nexuserp.com,$2a$10$8.UnVuG9HHgffUDAlk8qfOuVGkqRzgVymGe07xd0P1R6sKz19lZ2O,True,4,2026-10-02 19:10:55,2026-10-02 19:10:55,SYSTEM_ETL,SYSTEM_ETL
72b18cf6-ea2e-48fe-b348-c655daa3f6c9,805,ines.baker@nexuserp.com,$2a$10$8.UnVuG9HHgffUDAlk8qfOuVGkqRzgVymGe07xd0P1R6sKz19lZ2O,True,4,2026-10-02 19:10:55,2026-10-02 19:10:55,SYSTEM_ETL,SYSTEM_ETL
670f9a4f-eb3f-40ab-984f-d7bc8de3263e,806,hiroshi.campbell@nexuserp.com,$2a$10$8.UnVuG9HHgffUDAlk8qfOuVGkqRzgVymGe07xd0P1R6sKz19lZ2O,True,4,2026-10-02 19:10:55,2026-10-02 19:10:55,SYSTEM_ETL,SYSTEM_ETL
40d55229-3398-46fa-8212-d81b1d5a9006,807,emma.rodriguez@nexuserp.com,$2a$10$8.UnVuG9HHgffUDAlk8qfOuVGkqRzgVymGe07xd0P1R6sKz19lZ2O,True,4,2026-10-02 19:10:55,2026-10-02 19:10:55,SYSTEM_ETL,SYSTEM_ETL
c13a9c28-571b-4461-9245-e81030b29e94,808,patricia.scott@nexuserp.com,$2a$10$8.UnVuG9HHgffUDAlk8qfOuVGkqRzgVymGe07xd0P1R6sKz19lZ2O,True,4,2026-10-02 19:10:55,2026-10-02 19:10:55,SYSTEM_ETL,SYSTEM_ETL
d3556929-5600-43db-90dd-03571aedf34c,809,oscar.costa@nexuserp.com,$2a$10$8.UnVuG9HHgffUDAlk8qfOuVGkqRzgVymGe07xd0P1R6sKz19lZ2O,True,3,2026-10-02 19:10:55,2026-10-02 19:10:55,SYSTEM_ETL,SYSTEM_ETL
d2873bba-7bd0-49fe-b766-c0ffd91bef78,811,mehdi.khalil@nexuserp.com,$2a$10$8.UnVuG9HHgffUDAlk8qfOuVGkqRzgVymGe07xd0P1R6sKz19lZ2O,False,4,2026-10-02 19:10:55,2026-10-02 19:10:55,SYSTEM_ETL,SYSTEM_ETL
4f2adb83-dcd5-4148-8491-59b3759cc789,812,brian.thomas@nexuserp.com,$2a$10$8.UnVuG9HHgffUDAlk8qfOuVGkqRzgVymGe07xd0P1R6sKz19lZ2O,True,4,2026-10-02 19:10:55,2026-10-02 19:10:55,SYSTEM_ETL,SYSTEM_ETL
d2f6e6dd-b7aa-4498-92ff-cc520a0f25ef,813,mary.young@nexuserp.com,$2a$10$8.UnVuG9HHgffUDAlk8qfOuVGkqRzgVymGe07xd0P1R6sKz19lZ2O,True,4,2026-10-02 19:10:55,2026-10-02 19:10:55,SYSTEM_ETL,SYSTEM_ETL
cc4bf05b-60a9-487a-b3c8-67ac4a04c591,815,paul.taylor@nexuserp.com,$2a$10$8.UnVuG9HHgffUDAlk8qfOuVGkqRzgVymGe07xd0P1R6sKz19lZ2O,True,3,2026-10-02 19:10:55,2026-10-02 19:10:55,SYSTEM_ETL,SYSTEM_ETL
77bb70d3-f9fe-4700-96d5-94fc0da5a11c,816,sandra.johnson@nexuserp.com,$2a$10$8.UnVuG9HHgffUDAlk8qfOuVGkqRzgVymGe07xd0P1R6sKz19lZ2O,False,4,2026-10-02 19:10:55,2026-10-02 19:10:55,SYSTEM_ETL,SYSTEM_ETL
2291ba06-771c-4b9c-94ac-13a326aedc81,817,karim.oliveira@nexuserp.com,$2a$10$8.UnVuG9HHgffUDAlk8qfOuVGkqRzgVymGe07xd0P1R6sKz19lZ2O,True,3,2026-10-02 19:10:55,2026-10-02 19:10:55,SYSTEM_ETL,SYSTEM_ETL
04dfe040-1f26-454f-928b-3715de373337,819,sara.flores@nexuserp.com,$2a$10$8.UnVuG9HHgffUDAlk8qfOuVGkqRzgVymGe07xd0P1R6sKz19lZ2O,False,4,2026-10-02 19:10:55,2026-10-02 19:10:55,SYSTEM_ETL,SYSTEM_ETL
27f4da28-e785-4e0a-bc2a-3d1a946c1dd6,820,cynthia.lewis2@nexuserp.com,$2a$10$8.UnVuG9HHgffUDAlk8qfOuVGkqRzgVymGe07xd0P1R6sKz19lZ2O,True,3,2026-10-02 19:10:55,2026-10-02 19:10:55,SYSTEM_ETL,SYSTEM_ETL
3d209bb5-a021-40b5-8642-e5bb37df0081,823,jessica.trabelsi@nexuserp.com,$2a$10$8.UnVuG9HHgffUDAlk8qfOuVGkqRzgVymGe07xd0P1R6sKz19lZ2O,True,4,2026-10-02 19:10:55,2026-10-02 19:10:55,SYSTEM_ETL,SYSTEM_ETL
b670ed84-097b-4814-8ab9-f18bc72138ab,824,omar.smith@nexuserp.com,$2a$10$8.UnVuG9HHgffUDAlk8qfOuVGkqRzgVymGe07xd0P1R6sKz19lZ2O,True,4,2026-10-02 19:10:55,2026-10-02 19:10:55,SYSTEM_ETL,SYSTEM_ETL
a5c64d8a-0a43-44ea-8877-98e7e44388d6,825,george.harris@nexuserp.com,$2a$10$8.UnVuG9HHgffUDAlk8qfOuVGkqRzgVymGe07xd0P1R6sKz19lZ2O,False,3,2026-10-02 19:10:55,2026-10-02 19:10:55,SYSTEM_ETL,SYSTEM_ETL
16d70ba1-cf89-44e4-b2de-6f539f37b413,826,sarah.russo@nexuserp.com,$2a$10$8.UnVuG9HHgffUDAlk8qfOuVGkqRzgVymGe07xd0P1R6sKz19lZ2O,True,4,2026-10-02 19:10:55,2026-10-02 19:10:55,SYSTEM_ETL,SYSTEM_ETL
06f689e0-ba4a-4847-8f4a-939f1ca1ade9,827,olivia.khalil@nexuserp.com,$2a$10$8.UnVuG9HHgffUDAlk8qfOuVGkqRzgVymGe07xd0P1R6sKz19lZ2O,True,4,2026-10-02 19:10:55,2026-10-02 19:10:55,SYSTEM_ETL,SYSTEM_ETL
9ee37f10-4033-4df2-9a5b-81761aa79b58,828,hugo.obrien@nexuserp.com,$2a$10$8.UnVuG9HHgffUDAlk8qfOuVGkqRzgVymGe07xd0P1R6sKz19lZ2O,False,4,2026-10-02 19:10:55,2026-10-02 19:10:55,SYSTEM_ETL,SYSTEM_ETL
7d41b546-3e15-4d80-97a3-90e4b15883c9,829,rayan.mansour@nexuserp.com,$2a$10$8.UnVuG9HHgffUDAlk8qfOuVGkqRzgVymGe07xd0P1R6sKz19lZ2O,True,4,2026-10-02 19:10:55,2026-10-02 19:10:55,SYSTEM_ETL,SYSTEM_ETL
22d28781-505f-408e-9902-6b6b49b993db,830,mei.nelson@nexuserp.com,$2a$10$8.UnVuG9HHgffUDAlk8qfOuVGkqRzgVymGe07xd0P1R6sKz19lZ2O,True,4,2026-10-02 19:10:55,2026-10-02 19:10:55,SYSTEM_ETL,SYSTEM_ETL
eb058e67-dc7d-4673-8e81-70812ae937ea,832,oscar.sato@nexuserp.com,$2a$10$8.UnVuG9HHgffUDAlk8qfOuVGkqRzgVymGe07xd0P1R6sKz19lZ2O,True,4,2026-10-02 19:10:55,2026-10-02 19:10:55,SYSTEM_ETL,SYSTEM_ETL
abe7ce87-1a2e-4c21-80ef-4267908529b8,833,amira.santos@nexuserp.com,$2a$10$8.UnVuG9HHgffUDAlk8qfOuVGkqRzgVymGe07xd0P1R6sKz19lZ2O,True,4,2026-10-02 19:10:55,2026-10-02 19:10:55,SYSTEM_ETL,SYSTEM_ETL
f602182c-25f5-451c-86fb-9ed77ece3ed5,834,emma.schmidt@nexuserp.com,$2a$10$8.UnVuG9HHgffUDAlk8qfOuVGkqRzgVymGe07xd0P1R6sKz19lZ2O,True,4,2026-10-02 19:10:55,2026-10-02 19:10:55,SYSTEM_ETL,SYSTEM_ETL
0a9749ba-0a68-497b-beaa-0e2944bdc541,836,steven.nielsen@nexuserp.com,$2a$10$8.UnVuG9HHgffUDAlk8qfOuVGkqRzgVymGe07xd0P1R6sKz19lZ2O,True,4,2026-10-02 19:10:55,2026-10-02 19:10:55,SYSTEM_ETL,SYSTEM_ETL
e805c10b-42f9-4970-94ee-4003e1544d6f,837,mehdi.park2@nexuserp.com,$2a$10$8.UnVuG9HHgffUDAlk8qfOuVGkqRzgVymGe07xd0P1R6sKz19lZ2O,True,4,2026-10-02 19:10:55,2026-10-02 19:10:55,SYSTEM_ETL,SYSTEM_ETL
f7cceed1-9155-441e-8117-5a876fc3bff0,838,anna.novak@nexuserp.com,$2a$10$8.UnVuG9HHgffUDAlk8qfOuVGkqRzgVymGe07xd0P1R6sKz19lZ2O,True,4,2026-10-02 19:10:55,2026-10-02 19:10:55,SYSTEM_ETL,SYSTEM_ETL
929b009d-19c6-4910-9d21-7ad6ad35ece8,840,linda.martinez@nexuserp.com,$2a$10$8.UnVuG9HHgffUDAlk8qfOuVGkqRzgVymGe07xd0P1R6sKz19lZ2O,False,4,2026-10-02 19:10:55,2026-10-02 19:10:55,SYSTEM_ETL,SYSTEM_ETL
826691a9-3ddc-4249-9f85-da0122867f77,842,eric.muller@nexuserp.com,$2a$10$8.UnVuG9HHgffUDAlk8qfOuVGkqRzgVymGe07xd0P1R6sKz19lZ2O,False,4,2026-10-02 19:10:55,2026-10-02 19:10:55,SYSTEM_ETL,SYSTEM_ETL
c9bbc0c0-3a46-453f-8505-a5ed88b378ed,843,rayan.flores@nexuserp.com,$2a$10$8.UnVuG9HHgffUDAlk8qfOuVGkqRzgVymGe07xd0P1R6sKz19lZ2O,True,3,2026-10-02 19:10:55,2026-10-02 19:10:55,SYSTEM_ETL,SYSTEM_ETL
a7958357-ea5c-4324-a7c8-9f52aa612821,844,ahmed.carter@nexuserp.com,$2a$10$8.UnVuG9HHgffUDAlk8qfOuVGkqRzgVymGe07xd0P1R6sKz19lZ2O,True,3,2026-10-02 19:10:55,2026-10-02 19:10:55,SYSTEM_ETL,SYSTEM_ETL
d5ba8117-cf39-4983-9d52-532b8ec77403,845,victor.moreau@nexuserp.com,$2a$10$8.UnVuG9HHgffUDAlk8qfOuVGkqRzgVymGe07xd0P1R6sKz19lZ2O,True,4,2026-10-02 19:10:55,2026-10-02 19:10:55,SYSTEM_ETL,SYSTEM_ETL
a19435ae-e3e8-4d01-9928-6ed351808891,846,sharon.nielsen@nexuserp.com,$2a$10$8.UnVuG9HHgffUDAlk8qfOuVGkqRzgVymGe07xd0P1R6sKz19lZ2O,True,4,2026-10-02 19:10:55,2026-10-02 19:10:55,SYSTEM_ETL,SYSTEM_ETL
2abf0314-308d-4ffa-8b9e-d8adc72606c6,847,william.obrien@nexuserp.com,$2a$10$8.UnVuG9HHgffUDAlk8qfOuVGkqRzgVymGe07xd0P1R6sKz19lZ2O,True,4,2026-10-02 19:10:55,2026-10-02 19:10:55,SYSTEM_ETL,SYSTEM_ETL
89978e70-8874-4848-9a65-9408a029cd4b,848,jessica.clark@nexuserp.com,$2a$10$8.UnVuG9HHgffUDAlk8qfOuVGkqRzgVymGe07xd0P1R6sKz19lZ2O,False,4,2026-10-02 19:10:55,2026-10-02 19:10:55,SYSTEM_ETL,SYSTEM_ETL
904bedbe-cdcc-4224-85ed-7225a3f2045d,850,ivan.muller@nexuserp.com,$2a$10$8.UnVuG9HHgffUDAlk8qfOuVGkqRzgVymGe07xd0P1R6sKz19lZ2O,True,4,2026-10-02 19:10:55,2026-10-02 19:10:55,SYSTEM_ETL,SYSTEM_ETL
fb37ac22-7437-445a-ac40-8d71521a3a91,851,alice.tanaka@nexuserp.com,$2a$10$8.UnVuG9HHgffUDAlk8qfOuVGkqRzgVymGe07xd0P1R6sKz19lZ2O,True,3,2026-10-02 19:10:55,2026-10-02 19:10:55,SYSTEM_ETL,SYSTEM_ETL
8c521d08-01ec-447d-a403-c3ca1c79f3ed,852,mehdi.young@nexuserp.com,$2a$10$8.UnVuG9HHgffUDAlk8qfOuVGkqRzgVymGe07xd0P1R6sKz19lZ2O,True,4,2026-10-02 19:10:55,2026-10-02 19:10:55,SYSTEM_ETL,SYSTEM_ETL
21e403c0-18bc-4e7e-a535-d018e0c814a8,854,james.martinez@nexuserp.com,$2a$10$8.UnVuG9HHgffUDAlk8qfOuVGkqRzgVymGe07xd0P1R6sKz19lZ2O,True,4,2026-10-02 19:10:55,2026-10-02 19:10:55,SYSTEM_ETL,SYSTEM_ETL
82dcae25-bb3b-46dd-b5d7-907f2ef3c0d1,855,steven.brown2@nexuserp.com,$2a$10$8.UnVuG9HHgffUDAlk8qfOuVGkqRzgVymGe07xd0P1R6sKz19lZ2O,True,4,2026-10-02 19:10:55,2026-10-02 19:10:55,SYSTEM_ETL,SYSTEM_ETL
98ec6fc7-d605-450d-805e-a76e09aa3ed2,856,emma.park@nexuserp.com,$2a$10$8.UnVuG9HHgffUDAlk8qfOuVGkqRzgVymGe07xd0P1R6sKz19lZ2O,True,4,2026-10-02 19:10:55,2026-10-02 19:10:55,SYSTEM_ETL,SYSTEM_ETL
6fe6416d-6200-4c04-aa90-2b0a37fc857e,857,victor.baker@nexuserp.com,$2a$10$8.UnVuG9HHgffUDAlk8qfOuVGkqRzgVymGe07xd0P1R6sKz19lZ2O,True,4,2026-10-02 19:10:55,2026-10-02 19:10:55,SYSTEM_ETL,SYSTEM_ETL
bf0d066b-f8c7-430e-b978-cf54bdfdcd3f,859,arjun.obrien@nexuserp.com,$2a$10$8.UnVuG9HHgffUDAlk8qfOuVGkqRzgVymGe07xd0P1R6sKz19lZ2O,True,4,2026-10-02 19:10:55,2026-10-02 19:10:55,SYSTEM_ETL,SYSTEM_ETL
fa07b949-148a-4e9b-a632-a3eee8afdf4f,861,hiroshi.adams@nexuserp.com,$2a$10$8.UnVuG9HHgffUDAlk8qfOuVGkqRzgVymGe07xd0P1R6sKz19lZ2O,True,4,2026-10-02 19:10:55,2026-10-02 19:10:55,SYSTEM_ETL,SYSTEM_ETL
ecbfeb81-3ddc-4134-8730-fc11a4cf7f31,862,amanda.obrien@nexuserp.com,$2a$10$8.UnVuG9HHgffUDAlk8qfOuVGkqRzgVymGe07xd0P1R6sKz19lZ2O,True,4,2026-10-02 19:10:55,2026-10-02 19:10:55,SYSTEM_ETL,SYSTEM_ETL
49dfe0e3-f09a-4900-9d08-e1e32f80ffa4,864,anthony.torres@nexuserp.com,$2a$10$8.UnVuG9HHgffUDAlk8qfOuVGkqRzgVymGe07xd0P1R6sKz19lZ2O,True,4,2026-10-02 19:10:55,2026-10-02 19:10:55,SYSTEM_ETL,SYSTEM_ETL
10b7622a-f8b0-491b-8764-5c91794174cf,865,linda.chen@nexuserp.com,$2a$10$8.UnVuG9HHgffUDAlk8qfOuVGkqRzgVymGe07xd0P1R6sKz19lZ2O,True,4,2026-10-02 19:10:55,2026-10-02 19:10:55,SYSTEM_ETL,SYSTEM_ETL
0aba73ca-d00f-4af3-ad74-cd28773c2aca,867,amira.miller@nexuserp.com,$2a$10$8.UnVuG9HHgffUDAlk8qfOuVGkqRzgVymGe07xd0P1R6sKz19lZ2O,True,4,2026-10-02 19:10:55,2026-10-02 19:10:55,SYSTEM_ETL,SYSTEM_ETL
77dc40c2-f1a4-4b71-9772-b2cf80923e8a,868,matthew.carter@nexuserp.com,$2a$10$8.UnVuG9HHgffUDAlk8qfOuVGkqRzgVymGe07xd0P1R6sKz19lZ2O,True,4,2026-10-02 19:10:55,2026-10-02 19:10:55,SYSTEM_ETL,SYSTEM_ETL
b2464599-742f-480b-a35c-9404aa5f7c88,869,samuel.wang@nexuserp.com,$2a$10$8.UnVuG9HHgffUDAlk8qfOuVGkqRzgVymGe07xd0P1R6sKz19lZ2O,True,4,2026-10-02 19:10:55,2026-10-02 19:10:55,SYSTEM_ETL,SYSTEM_ETL
49f9e6de-8129-48e1-8204-574351944a14,872,mark.costa@nexuserp.com,$2a$10$8.UnVuG9HHgffUDAlk8qfOuVGkqRzgVymGe07xd0P1R6sKz19lZ2O,True,4,2026-10-02 19:10:55,2026-10-02 19:10:55,SYSTEM_ETL,SYSTEM_ETL
eabfd08f-11a4-43da-a57c-eac85a580f71,874,ryan.patel@nexuserp.com,$2a$10$8.UnVuG9HHgffUDAlk8qfOuVGkqRzgVymGe07xd0P1R6sKz19lZ2O,True,4,2026-10-02 19:10:55,2026-10-02 19:10:55,SYSTEM_ETL,SYSTEM_ETL
9ab7fe07-76b4-4d69-918f-5ac88e8cb035,875,matthew.williams2@nexuserp.com,$2a$10$8.UnVuG9HHgffUDAlk8qfOuVGkqRzgVymGe07xd0P1R6sKz19lZ2O,True,4,2026-10-02 19:10:55,2026-10-02 19:10:55,SYSTEM_ETL,SYSTEM_ETL
66577a94-746b-448b-82cd-1d4827703aae,878,robert.king@nexuserp.com,$2a$10$8.UnVuG9HHgffUDAlk8qfOuVGkqRzgVymGe07xd0P1R6sKz19lZ2O,True,4,2026-10-02 19:10:55,2026-10-02 19:10:55,SYSTEM_ETL,SYSTEM_ETL
31c6429a-0e31-4079-a109-a00270b1a126,879,felix.brown@nexuserp.com,$2a$10$8.UnVuG9HHgffUDAlk8qfOuVGkqRzgVymGe07xd0P1R6sKz19lZ2O,True,4,2026-10-02 19:10:55,2026-10-02 19:10:55,SYSTEM_ETL,SYSTEM_ETL
ae95e8b7-2720-4508-933d-ea0622db65d4,880,laura.rodriguez@nexuserp.com,$2a$10$8.UnVuG9HHgffUDAlk8qfOuVGkqRzgVymGe07xd0P1R6sKz19lZ2O,True,4,2026-10-02 19:10:55,2026-10-02 19:10:55,SYSTEM_ETL,SYSTEM_ETL
570b80c2-1eaf-49a8-82aa-e97a482ee88d,881,hana.fontaine@nexuserp.com,$2a$10$8.UnVuG9HHgffUDAlk8qfOuVGkqRzgVymGe07xd0P1R6sKz19lZ2O,False,4,2026-10-02 19:10:55,2026-10-02 19:10:55,SYSTEM_ETL,SYSTEM_ETL
203c8fe1-fa5d-40fc-8ae6-4acd999a566a,882,ethan.schmidt2@nexuserp.com,$2a$10$8.UnVuG9HHgffUDAlk8qfOuVGkqRzgVymGe07xd0P1R6sKz19lZ2O,True,4,2026-10-02 19:10:55,2026-10-02 19:10:55,SYSTEM_ETL,SYSTEM_ETL
25ede8c9-79a2-4e94-8395-18f3cc09ae78,885,ahmed.kim@nexuserp.com,$2a$10$8.UnVuG9HHgffUDAlk8qfOuVGkqRzgVymGe07xd0P1R6sKz19lZ2O,True,4,2026-10-02 19:10:55,2026-10-02 19:10:55,SYSTEM_ETL,SYSTEM_ETL
d5b8691e-d039-4a39-892b-7c91f2509910,887,mary.novak@nexuserp.com,$2a$10$8.UnVuG9HHgffUDAlk8qfOuVGkqRzgVymGe07xd0P1R6sKz19lZ2O,True,4,2026-10-02 19:10:55,2026-10-02 19:10:55,SYSTEM_ETL,SYSTEM_ETL
5697a490-d3c6-42ec-b8f2-af66c3074ddd,888,lucas.tanaka2@nexuserp.com,$2a$10$8.UnVuG9HHgffUDAlk8qfOuVGkqRzgVymGe07xd0P1R6sKz19lZ2O,True,4,2026-10-02 19:10:55,2026-10-02 19:10:55,SYSTEM_ETL,SYSTEM_ETL
0bc4704f-2b39-4f12-b579-9615dc257701,889,brian.wang@nexuserp.com,$2a$10$8.UnVuG9HHgffUDAlk8qfOuVGkqRzgVymGe07xd0P1R6sKz19lZ2O,True,4,2026-10-02 19:10:55,2026-10-02 19:10:55,SYSTEM_ETL,SYSTEM_ETL
d6b1d9df-f31c-4914-9f0b-353abe4a089c,893,brian.brown@nexuserp.com,$2a$10$8.UnVuG9HHgffUDAlk8qfOuVGkqRzgVymGe07xd0P1R6sKz19lZ2O,True,4,2026-10-02 19:10:55,2026-10-02 19:10:55,SYSTEM_ETL,SYSTEM_ETL
3f37c072-753e-438b-a162-51a70208b0d3,894,fatima.martin@nexuserp.com,$2a$10$8.UnVuG9HHgffUDAlk8qfOuVGkqRzgVymGe07xd0P1R6sKz19lZ2O,True,4,2026-10-02 19:10:55,2026-10-02 19:10:55,SYSTEM_ETL,SYSTEM_ETL
e3bffa26-8a65-47ab-829e-39edeba40296,895,william.mansour@nexuserp.com,$2a$10$8.UnVuG9HHgffUDAlk8qfOuVGkqRzgVymGe07xd0P1R6sKz19lZ2O,True,4,2026-10-02 19:10:55,2026-10-02 19:10:55,SYSTEM_ETL,SYSTEM_ETL
252a9718-fa61-4b87-a866-132e291fb4c3,896,nancy.ivanov@nexuserp.com,$2a$10$8.UnVuG9HHgffUDAlk8qfOuVGkqRzgVymGe07xd0P1R6sKz19lZ2O,False,4,2026-10-02 19:10:55,2026-10-02 19:10:55,SYSTEM_ETL,SYSTEM_ETL
02b22f25-54b2-4152-aee2-195eca6d48cc,897,ryan.smith@nexuserp.com,$2a$10$8.UnVuG9HHgffUDAlk8qfOuVGkqRzgVymGe07xd0P1R6sKz19lZ2O,True,4,2026-10-02 19:10:55,2026-10-02 19:10:55,SYSTEM_ETL,SYSTEM_ETL
81c6dd64-9c6e-41e7-8f4b-6219b10386d0,899,felix.rivera@nexuserp.com,$2a$10$8.UnVuG9HHgffUDAlk8qfOuVGkqRzgVymGe07xd0P1R6sKz19lZ2O,True,4,2026-10-02 19:10:55,2026-10-02 19:10:55,SYSTEM_ETL,SYSTEM_ETL
de71f27c-6760-421e-a009-634e421ce7e4,900,ashley.fontaine@nexuserp.com,$2a$10$8.UnVuG9HHgffUDAlk8qfOuVGkqRzgVymGe07xd0P1R6sKz19lZ2O,True,4,2026-10-02 19:10:55,2026-10-02 19:10:55,SYSTEM_ETL,SYSTEM_ETL
4920835e-91f4-451c-b79d-134fee137061,901,olivia.williams@nexuserp.com,$2a$10$8.UnVuG9HHgffUDAlk8qfOuVGkqRzgVymGe07xd0P1R6sKz19lZ2O,True,3,2026-10-02 19:10:55,2026-10-02 19:10:55,SYSTEM_ETL,SYSTEM_ETL
c0c47902-66eb-4f09-8ac6-4d0dbadc6ce5,902,lea.torres@nexuserp.com,$2a$10$8.UnVuG9HHgffUDAlk8qfOuVGkqRzgVymGe07xd0P1R6sKz19lZ2O,True,4,2026-10-02 19:10:55,2026-10-02 19:10:55,SYSTEM_ETL,SYSTEM_ETL
54a0c4be-5546-4aae-b56a-089997e6196b,903,sara.silva2@nexuserp.com,$2a$10$8.UnVuG9HHgffUDAlk8qfOuVGkqRzgVymGe07xd0P1R6sKz19lZ2O,True,4,2026-10-02 19:10:55,2026-10-02 19:10:55,SYSTEM_ETL,SYSTEM_ETL
896fca6f-8ee6-407a-b992-74b769338644,904,karim.laurent@nexuserp.com,$2a$10$8.UnVuG9HHgffUDAlk8qfOuVGkqRzgVymGe07xd0P1R6sKz19lZ2O,True,4,2026-10-02 19:10:55,2026-10-02 19:10:55,SYSTEM_ETL,SYSTEM_ETL
b718d195-9cc4-4055-aaf8-c827fd9ecd57,905,anthony.lee@nexuserp.com,$2a$10$8.UnVuG9HHgffUDAlk8qfOuVGkqRzgVymGe07xd0P1R6sKz19lZ2O,True,3,2026-10-02 19:10:55,2026-10-02 19:10:55,SYSTEM_ETL,SYSTEM_ETL
cc2cfde6-b6a6-414c-9e54-64d57ce652fb,909,sharon.ivanov@nexuserp.com,$2a$10$8.UnVuG9HHgffUDAlk8qfOuVGkqRzgVymGe07xd0P1R6sKz19lZ2O,True,2,2026-10-02 19:10:55,2026-10-02 19:10:55,SYSTEM_ETL,SYSTEM_ETL
8366c12a-6b90-4f29-8892-dc7219de39b3,910,jonathan.young@nexuserp.com,$2a$10$8.UnVuG9HHgffUDAlk8qfOuVGkqRzgVymGe07xd0P1R6sKz19lZ2O,True,4,2026-10-02 19:10:55,2026-10-02 19:10:55,SYSTEM_ETL,SYSTEM_ETL
fd019e63-c1c6-4943-aa59-9d933c554994,911,ethan.ivanov@nexuserp.com,$2a$10$8.UnVuG9HHgffUDAlk8qfOuVGkqRzgVymGe07xd0P1R6sKz19lZ2O,False,4,2026-10-02 19:10:55,2026-10-02 19:10:55,SYSTEM_ETL,SYSTEM_ETL
4873bd14-ec48-4a61-bd6c-1c415b9e70fe,912,fatima.clark@nexuserp.com,$2a$10$8.UnVuG9HHgffUDAlk8qfOuVGkqRzgVymGe07xd0P1R6sKz19lZ2O,True,4,2026-10-02 19:10:55,2026-10-02 19:10:55,SYSTEM_ETL,SYSTEM_ETL
361730e7-1fb8-415a-965e-3627bab99ae5,913,hugo.trabelsi@nexuserp.com,$2a$10$8.UnVuG9HHgffUDAlk8qfOuVGkqRzgVymGe07xd0P1R6sKz19lZ2O,True,4,2026-10-02 19:10:55,2026-10-02 19:10:55,SYSTEM_ETL,SYSTEM_ETL
366247a5-5319-4716-8bfa-09afbdaf0e32,916,ryan.scott@nexuserp.com,$2a$10$8.UnVuG9HHgffUDAlk8qfOuVGkqRzgVymGe07xd0P1R6sKz19lZ2O,True,4,2026-10-02 19:10:55,2026-10-02 19:10:55,SYSTEM_ETL,SYSTEM_ETL
4c48c712-eec7-4a1b-a910-8cc7a9f62b4e,918,william.white@nexuserp.com,$2a$10$8.UnVuG9HHgffUDAlk8qfOuVGkqRzgVymGe07xd0P1R6sKz19lZ2O,False,4,2026-10-02 19:10:55,2026-10-02 19:10:55,SYSTEM_ETL,SYSTEM_ETL
842c0560-fe51-4594-8212-5c1827d10c32,920,sophia.kowalski2@nexuserp.com,$2a$10$8.UnVuG9HHgffUDAlk8qfOuVGkqRzgVymGe07xd0P1R6sKz19lZ2O,True,4,2026-10-02 19:10:55,2026-10-02 19:10:55,SYSTEM_ETL,SYSTEM_ETL
ee0bf2d4-0395-4065-8418-6007cc4c3b8d,922,mei.taylor@nexuserp.com,$2a$10$8.UnVuG9HHgffUDAlk8qfOuVGkqRzgVymGe07xd0P1R6sKz19lZ2O,False,4,2026-10-02 19:10:55,2026-10-02 19:10:55,SYSTEM_ETL,SYSTEM_ETL
d712601f-3e3c-4304-8773-5a6b8ff3c609,923,lina.miller@nexuserp.com,$2a$10$8.UnVuG9HHgffUDAlk8qfOuVGkqRzgVymGe07xd0P1R6sKz19lZ2O,False,4,2026-10-02 19:10:55,2026-10-02 19:10:55,SYSTEM_ETL,SYSTEM_ETL
d4cb7934-f513-463a-a6ad-c1def5f5cf1a,924,luca.young@nexuserp.com,$2a$10$8.UnVuG9HHgffUDAlk8qfOuVGkqRzgVymGe07xd0P1R6sKz19lZ2O,True,4,2026-10-02 19:10:55,2026-10-02 19:10:55,SYSTEM_ETL,SYSTEM_ETL
bc3062a0-1b1f-4253-9e02-4c97f6edfadf,925,amy.schmidt@nexuserp.com,$2a$10$8.UnVuG9HHgffUDAlk8qfOuVGkqRzgVymGe07xd0P1R6sKz19lZ2O,True,4,2026-10-02 19:10:55,2026-10-02 19:10:55,SYSTEM_ETL,SYSTEM_ETL
1a8cbc30-2806-4402-a1e0-fe515fa40b0d,926,cynthia.wang2@nexuserp.com,$2a$10$8.UnVuG9HHgffUDAlk8qfOuVGkqRzgVymGe07xd0P1R6sKz19lZ2O,False,4,2026-10-02 19:10:55,2026-10-02 19:10:55,SYSTEM_ETL,SYSTEM_ETL
c485666c-0ce3-41b1-bf07-565b876e6b7a,927,olivia.murphy@nexuserp.com,$2a$10$8.UnVuG9HHgffUDAlk8qfOuVGkqRzgVymGe07xd0P1R6sKz19lZ2O,False,4,2026-10-02 19:10:55,2026-10-02 19:10:55,SYSTEM_ETL,SYSTEM_ETL
a5cb64b3-cec4-4c63-8eae-8b8b05cf5c9f,930,salma.clark@nexuserp.com,$2a$10$8.UnVuG9HHgffUDAlk8qfOuVGkqRzgVymGe07xd0P1R6sKz19lZ2O,True,4,2026-10-02 19:10:55,2026-10-02 19:10:55,SYSTEM_ETL,SYSTEM_ETL
995e2b4a-c70e-4297-a0f8-e1e1eccf694e,932,ethan.torres@nexuserp.com,$2a$10$8.UnVuG9HHgffUDAlk8qfOuVGkqRzgVymGe07xd0P1R6sKz19lZ2O,False,4,2026-10-02 19:10:55,2026-10-02 19:10:55,SYSTEM_ETL,SYSTEM_ETL
03cbeaff-4d3f-4646-83d4-709269a61d36,933,olivia.hernandez@nexuserp.com,$2a$10$8.UnVuG9HHgffUDAlk8qfOuVGkqRzgVymGe07xd0P1R6sKz19lZ2O,True,4,2026-10-02 19:10:55,2026-10-02 19:10:55,SYSTEM_ETL,SYSTEM_ETL
c50baa70-3a72-4388-853d-97ba8d56891f,934,william.roberts@nexuserp.com,$2a$10$8.UnVuG9HHgffUDAlk8qfOuVGkqRzgVymGe07xd0P1R6sKz19lZ2O,True,4,2026-10-02 19:10:55,2026-10-02 19:10:55,SYSTEM_ETL,SYSTEM_ETL
bfdf4441-ede8-4c7f-b344-a67dc1244907,936,karen.murphy@nexuserp.com,$2a$10$8.UnVuG9HHgffUDAlk8qfOuVGkqRzgVymGe07xd0P1R6sKz19lZ2O,True,4,2026-10-02 19:10:55,2026-10-02 19:10:55,SYSTEM_ETL,SYSTEM_ETL
a4d1d27c-7c6f-4410-948d-b818999936a3,939,hiroshi.russo@nexuserp.com,$2a$10$8.UnVuG9HHgffUDAlk8qfOuVGkqRzgVymGe07xd0P1R6sKz19lZ2O,True,4,2026-10-02 19:10:55,2026-10-02 19:10:55,SYSTEM_ETL,SYSTEM_ETL
8104dbf8-4ffd-41b0-b398-dd9c6ae608df,940,camille.trabelsi2@nexuserp.com,$2a$10$8.UnVuG9HHgffUDAlk8qfOuVGkqRzgVymGe07xd0P1R6sKz19lZ2O,True,4,2026-10-02 19:10:55,2026-10-02 19:10:55,SYSTEM_ETL,SYSTEM_ETL
cab40cab-17a3-404f-8323-804b5d33dc60,941,michael.scott@nexuserp.com,$2a$10$8.UnVuG9HHgffUDAlk8qfOuVGkqRzgVymGe07xd0P1R6sKz19lZ2O,True,4,2026-10-02 19:10:55,2026-10-02 19:10:55,SYSTEM_ETL,SYSTEM_ETL
bcb644de-afe6-4b85-a0e3-a4963570d3d9,942,nicole.costa@nexuserp.com,$2a$10$8.UnVuG9HHgffUDAlk8qfOuVGkqRzgVymGe07xd0P1R6sKz19lZ2O,True,4,2026-10-02 19:10:55,2026-10-02 19:10:55,SYSTEM_ETL,SYSTEM_ETL
c66cdf2c-8260-47ae-8bf7-177e7f2ceac4,944,lisa.baker@nexuserp.com,$2a$10$8.UnVuG9HHgffUDAlk8qfOuVGkqRzgVymGe07xd0P1R6sKz19lZ2O,True,4,2026-10-02 19:10:55,2026-10-02 19:10:55,SYSTEM_ETL,SYSTEM_ETL
b8424e2d-f3c4-40a8-b512-7df8432cef1f,945,joshua.hernandez@nexuserp.com,$2a$10$8.UnVuG9HHgffUDAlk8qfOuVGkqRzgVymGe07xd0P1R6sKz19lZ2O,True,4,2026-10-02 19:10:55,2026-10-02 19:10:55,SYSTEM_ETL,SYSTEM_ETL
0adcbdbd-ab96-4f1c-9b02-374da1f3bd67,947,barbara.king2@nexuserp.com,$2a$10$8.UnVuG9HHgffUDAlk8qfOuVGkqRzgVymGe07xd0P1R6sKz19lZ2O,True,4,2026-10-02 19:10:55,2026-10-02 19:10:55,SYSTEM_ETL,SYSTEM_ETL
706a55dc-d5f8-41e7-a9c9-bd706046ed61,949,david.garcia@nexuserp.com,$2a$10$8.UnVuG9HHgffUDAlk8qfOuVGkqRzgVymGe07xd0P1R6sKz19lZ2O,True,4,2026-10-02 19:10:55,2026-10-02 19:10:55,SYSTEM_ETL,SYSTEM_ETL
33660f2c-108c-4b5f-b3df-5ac481fc9fe0,950,melissa.moore@nexuserp.com,$2a$10$8.UnVuG9HHgffUDAlk8qfOuVGkqRzgVymGe07xd0P1R6sKz19lZ2O,True,3,2026-10-02 19:10:55,2026-10-02 19:10:55,SYSTEM_ETL,SYSTEM_ETL
f518726b-c572-472c-8875-ae17bcf6dd48,951,sophia.johnson@nexuserp.com,$2a$10$8.UnVuG9HHgffUDAlk8qfOuVGkqRzgVymGe07xd0P1R6sKz19lZ2O,True,4,2026-10-02 19:10:55,2026-10-02 19:10:55,SYSTEM_ETL,SYSTEM_ETL
c3ad0d1a-d5d5-47cb-88dd-61a968fd7ca7,952,paul.green@nexuserp.com,$2a$10$8.UnVuG9HHgffUDAlk8qfOuVGkqRzgVymGe07xd0P1R6sKz19lZ2O,False,4,2026-10-02 19:10:55,2026-10-02 19:10:55,SYSTEM_ETL,SYSTEM_ETL
128abd55-5610-4b23-b77c-582486d439f8,954,victor.khalil@nexuserp.com,$2a$10$8.UnVuG9HHgffUDAlk8qfOuVGkqRzgVymGe07xd0P1R6sKz19lZ2O,True,4,2026-10-02 19:10:55,2026-10-02 19:10:55,SYSTEM_ETL,SYSTEM_ETL
eb2893a2-4456-4a03-825f-1f2412ea0c52,956,wei.young2@nexuserp.com,$2a$10$8.UnVuG9HHgffUDAlk8qfOuVGkqRzgVymGe07xd0P1R6sKz19lZ2O,True,4,2026-10-02 19:10:55,2026-10-02 19:10:55,SYSTEM_ETL,SYSTEM_ETL
6e36faf6-3d88-4d5a-8c57-ec2943a3d3a2,957,ryan.nguyen@nexuserp.com,$2a$10$8.UnVuG9HHgffUDAlk8qfOuVGkqRzgVymGe07xd0P1R6sKz19lZ2O,True,4,2026-10-02 19:10:55,2026-10-02 19:10:55,SYSTEM_ETL,SYSTEM_ETL
740cbfa2-e013-4ebe-be7a-ddb45cd22a18,958,wei.larsen@nexuserp.com,$2a$10$8.UnVuG9HHgffUDAlk8qfOuVGkqRzgVymGe07xd0P1R6sKz19lZ2O,True,4,2026-10-02 19:10:55,2026-10-02 19:10:55,SYSTEM_ETL,SYSTEM_ETL
8bf7ca5e-c559-45e8-82b5-fb381e6365f5,959,victor.sato@nexuserp.com,$2a$10$8.UnVuG9HHgffUDAlk8qfOuVGkqRzgVymGe07xd0P1R6sKz19lZ2O,False,4,2026-10-02 19:10:55,2026-10-02 19:10:55,SYSTEM_ETL,SYSTEM_ETL
369ebb3b-740a-4e4d-a80d-bb38776b0ba3,960,eric.mitchell@nexuserp.com,$2a$10$8.UnVuG9HHgffUDAlk8qfOuVGkqRzgVymGe07xd0P1R6sKz19lZ2O,False,4,2026-10-02 19:10:55,2026-10-02 19:10:55,SYSTEM_ETL,SYSTEM_ETL
4d31bf70-63a0-4962-896a-b60a5303d879,961,zoe.harris@nexuserp.com,$2a$10$8.UnVuG9HHgffUDAlk8qfOuVGkqRzgVymGe07xd0P1R6sKz19lZ2O,True,4,2026-10-02 19:10:55,2026-10-02 19:10:55,SYSTEM_ETL,SYSTEM_ETL
e110d0db-2661-45f3-a976-522f735b68dd,964,joshua.silva@nexuserp.com,$2a$10$8.UnVuG9HHgffUDAlk8qfOuVGkqRzgVymGe07xd0P1R6sKz19lZ2O,True,4,2026-10-02 19:10:55,2026-10-02 19:10:55,SYSTEM_ETL,SYSTEM_ETL
d03516df-6ece-43d5-acc6-07ea62831b3d,966,rebecca.martin@nexuserp.com,$2a$10$8.UnVuG9HHgffUDAlk8qfOuVGkqRzgVymGe07xd0P1R6sKz19lZ2O,True,4,2026-10-02 19:10:55,2026-10-02 19:10:55,SYSTEM_ETL,SYSTEM_ETL
effb817a-a617-46a8-b35a-0eaa8b5e4b93,967,omar.walker2@nexuserp.com,$2a$10$8.UnVuG9HHgffUDAlk8qfOuVGkqRzgVymGe07xd0P1R6sKz19lZ2O,False,4,2026-10-02 19:10:55,2026-10-02 19:10:55,SYSTEM_ETL,SYSTEM_ETL
cbdbf0c7-ae13-4200-ae8b-a5dd33938ec4,969,lucia.santos@nexuserp.com,$2a$10$8.UnVuG9HHgffUDAlk8qfOuVGkqRzgVymGe07xd0P1R6sKz19lZ2O,True,4,2026-10-02 19:10:55,2026-10-02 19:10:55,SYSTEM_ETL,SYSTEM_ETL
95151f8c-364c-4b7e-9de4-b3ccf95921d5,970,paul.campbell@nexuserp.com,$2a$10$8.UnVuG9HHgffUDAlk8qfOuVGkqRzgVymGe07xd0P1R6sKz19lZ2O,False,4,2026-10-02 19:10:55,2026-10-02 19:10:55,SYSTEM_ETL,SYSTEM_ETL
2789200f-a316-499e-9bbb-272480acc36b,972,oscar.tanaka@nexuserp.com,$2a$10$8.UnVuG9HHgffUDAlk8qfOuVGkqRzgVymGe07xd0P1R6sKz19lZ2O,True,4,2026-10-02 19:10:55,2026-10-02 19:10:55,SYSTEM_ETL,SYSTEM_ETL
a3c38dc6-5e8c-4b5e-b757-ea39b703d204,974,lisa.trabelsi@nexuserp.com,$2a$10$8.UnVuG9HHgffUDAlk8qfOuVGkqRzgVymGe07xd0P1R6sKz19lZ2O,True,4,2026-10-02 19:10:55,2026-10-02 19:10:55,SYSTEM_ETL,SYSTEM_ETL
9a499643-c9a7-43d7-a7d6-057927d9d346,975,yasmine.moreau@nexuserp.com,$2a$10$8.UnVuG9HHgffUDAlk8qfOuVGkqRzgVymGe07xd0P1R6sKz19lZ2O,True,4,2026-10-02 19:10:55,2026-10-02 19:10:55,SYSTEM_ETL,SYSTEM_ETL
7b5f39e5-61d7-4405-92c5-a9cfc58c5536,976,john.clark@nexuserp.com,$2a$10$8.UnVuG9HHgffUDAlk8qfOuVGkqRzgVymGe07xd0P1R6sKz19lZ2O,True,3,2026-10-02 19:10:55,2026-10-02 19:10:55,SYSTEM_ETL,SYSTEM_ETL
ae35eb29-7ef4-4359-979f-a0e0a54b0379,977,hiroshi.lee@nexuserp.com,$2a$10$8.UnVuG9HHgffUDAlk8qfOuVGkqRzgVymGe07xd0P1R6sKz19lZ2O,False,4,2026-10-02 19:10:55,2026-10-02 19:10:55,SYSTEM_ETL,SYSTEM_ETL
fe7ba361-c22a-465e-ab44-d52ed3c035cb,981,steven.robinson@nexuserp.com,$2a$10$8.UnVuG9HHgffUDAlk8qfOuVGkqRzgVymGe07xd0P1R6sKz19lZ2O,True,3,2026-10-02 19:10:55,2026-10-02 19:10:55,SYSTEM_ETL,SYSTEM_ETL
69727dcf-4910-4ebd-9ae2-32f78d0436ed,982,thomas.wilson@nexuserp.com,$2a$10$8.UnVuG9HHgffUDAlk8qfOuVGkqRzgVymGe07xd0P1R6sKz19lZ2O,True,4,2026-10-02 19:10:55,2026-10-02 19:10:55,SYSTEM_ETL,SYSTEM_ETL
9dcf9ba7-0b99-4ea5-b33d-cec9bf3b5f97,983,melissa.novak@nexuserp.com,$2a$10$8.UnVuG9HHgffUDAlk8qfOuVGkqRzgVymGe07xd0P1R6sKz19lZ2O,True,4,2026-10-02 19:10:55,2026-10-02 19:10:55,SYSTEM_ETL,SYSTEM_ETL
6cba03f4-bf86-44ac-bbec-13ffcfd399cf,984,james.harris@nexuserp.com,$2a$10$8.UnVuG9HHgffUDAlk8qfOuVGkqRzgVymGe07xd0P1R6sKz19lZ2O,True,4,2026-10-02 19:10:55,2026-10-02 19:10:55,SYSTEM_ETL,SYSTEM_ETL
35812a90-fbb2-4c93-bb16-2ed7f1cdfe88,985,michael.carter@nexuserp.com,$2a$10$8.UnVuG9HHgffUDAlk8qfOuVGkqRzgVymGe07xd0P1R6sKz19lZ2O,True,4,2026-10-02 19:10:55,2026-10-02 19:10:55,SYSTEM_ETL,SYSTEM_ETL
054bae77-7875-412c-9061-e97d49d05d62,986,sandra.chen@nexuserp.com,$2a$10$8.UnVuG9HHgffUDAlk8qfOuVGkqRzgVymGe07xd0P1R6sKz19lZ2O,False,4,2026-10-02 19:10:55,2026-10-02 19:10:55,SYSTEM_ETL,SYSTEM_ETL
99a8168a-049f-4869-953f-16fbb21c1cde,987,youssef.park@nexuserp.com,$2a$10$8.UnVuG9HHgffUDAlk8qfOuVGkqRzgVymGe07xd0P1R6sKz19lZ2O,True,4,2026-10-02 19:10:55,2026-10-02 19:10:55,SYSTEM_ETL,SYSTEM_ETL
34d280a1-2d5b-4759-8d9d-9e367d699c59,990,mehdi.flores@nexuserp.com,$2a$10$8.UnVuG9HHgffUDAlk8qfOuVGkqRzgVymGe07xd0P1R6sKz19lZ2O,True,4,2026-10-02 19:10:55,2026-10-02 19:10:55,SYSTEM_ETL,SYSTEM_ETL
6e44d13b-d804-455a-9547-588a1f954cfe,991,arjun.nelson@nexuserp.com,$2a$10$8.UnVuG9HHgffUDAlk8qfOuVGkqRzgVymGe07xd0P1R6sKz19lZ2O,False,4,2026-10-02 19:10:55,2026-10-02 19:10:55,SYSTEM_ETL,SYSTEM_ETL
bb6c4cc4-5a12-445e-a3c7-d9bbb71c0bb8,992,felix.murphy@nexuserp.com,$2a$10$8.UnVuG9HHgffUDAlk8qfOuVGkqRzgVymGe07xd0P1R6sKz19lZ2O,True,3,2026-10-02 19:10:55,2026-10-02 19:10:55,SYSTEM_ETL,SYSTEM_ETL
df9ce93f-4fdc-468b-8fda-d62e1df8a2e1,994,ines.laurent@nexuserp.com,$2a$10$8.UnVuG9HHgffUDAlk8qfOuVGkqRzgVymGe07xd0P1R6sKz19lZ2O,False,4,2026-10-02 19:10:55,2026-10-02 19:10:55,SYSTEM_ETL,SYSTEM_ETL
2f38aaf3-df6d-4de1-b922-fa38728f132c,995,sandra.patel@nexuserp.com,$2a$10$8.UnVuG9HHgffUDAlk8qfOuVGkqRzgVymGe07xd0P1R6sKz19lZ2O,True,4,2026-10-02 19:10:55,2026-10-02 19:10:55,SYSTEM_ETL,SYSTEM_ETL
7346d2da-8441-4c5f-9dd5-ca06ec4e980f,996,lina.santos@nexuserp.com,$2a$10$8.UnVuG9HHgffUDAlk8qfOuVGkqRzgVymGe07xd0P1R6sKz19lZ2O,True,4,2026-10-02 19:10:55,2026-10-02 19:10:55,SYSTEM_ETL,SYSTEM_ETL
54b33795-c516-47e3-aa73-ccc219a41148,997,mark.chen@nexuserp.com,$2a$10$8.UnVuG9HHgffUDAlk8qfOuVGkqRzgVymGe07xd0P1R6sKz19lZ2O,True,3,2026-10-02 19:10:55,2026-10-02 19:10:55,SYSTEM_ETL,SYSTEM_ETL
d275e350-0c24-47b8-ad5f-dab58bce7f4e,998,anna.thomas@nexuserp.com,$2a$10$8.UnVuG9HHgffUDAlk8qfOuVGkqRzgVymGe07xd0P1R6sKz19lZ2O,True,4,2026-10-02 19:10:55,2026-10-02 19:10:55,SYSTEM_ETL,SYSTEM_ETL
e6d6970b-8537-4f5a-b37e-78cb3536eff1,999,thomas.carter@nexuserp.com,$2a$10$8.UnVuG9HHgffUDAlk8qfOuVGkqRzgVymGe07xd0P1R6sKz19lZ2O,True,3,2026-10-02 19:10:55,2026-10-02 19:10:55,SYSTEM_ETL,SYSTEM_ETL
f4f43373-4538-4c27-93af-6be061bcb739,1001,michelle.rodriguez2@nexuserp.com,$2a$10$8.UnVuG9HHgffUDAlk8qfOuVGkqRzgVymGe07xd0P1R6sKz19lZ2O,True,4,2026-10-02 19:10:55,2026-10-02 19:10:55,SYSTEM_ETL,SYSTEM_ETL
059d3d6f-42d6-4a1e-9201-fcfae893780c,1002,timothy.moreau2@nexuserp.com,$2a$10$8.UnVuG9HHgffUDAlk8qfOuVGkqRzgVymGe07xd0P1R6sKz19lZ2O,True,4,2026-10-02 19:10:55,2026-10-02 19:10:55,SYSTEM_ETL,SYSTEM_ETL
4c6f2390-08c9-4128-82e2-de94df8bd4d7,1003,michelle.larsen@nexuserp.com,$2a$10$8.UnVuG9HHgffUDAlk8qfOuVGkqRzgVymGe07xd0P1R6sKz19lZ2O,True,4,2026-10-02 19:10:55,2026-10-02 19:10:55,SYSTEM_ETL,SYSTEM_ETL
f368836f-abd8-4ba3-8105-ed7517483f35,1004,manon.rivera@nexuserp.com,$2a$10$8.UnVuG9HHgffUDAlk8qfOuVGkqRzgVymGe07xd0P1R6sKz19lZ2O,False,4,2026-10-02 19:10:55,2026-10-02 19:10:55,SYSTEM_ETL,SYSTEM_ETL
7a1e0a63-b193-4807-8097-f6c8a8904b41,1005,tariq.hill2@nexuserp.com,$2a$10$8.UnVuG9HHgffUDAlk8qfOuVGkqRzgVymGe07xd0P1R6sKz19lZ2O,True,4,2026-10-02 19:10:55,2026-10-02 19:10:55,SYSTEM_ETL,SYSTEM_ETL
16374dd4-ad2b-42b6-af47-ee1eb16edad2,1006,richard.williams@nexuserp.com,$2a$10$8.UnVuG9HHgffUDAlk8qfOuVGkqRzgVymGe07xd0P1R6sKz19lZ2O,True,4,2026-10-02 19:10:55,2026-10-02 19:10:55,SYSTEM_ETL,SYSTEM_ETL
e14e224e-1924-466e-b15b-2d29f9495242,1007,tariq.larsen@nexuserp.com,$2a$10$8.UnVuG9HHgffUDAlk8qfOuVGkqRzgVymGe07xd0P1R6sKz19lZ2O,True,4,2026-10-02 19:10:55,2026-10-02 19:10:55,SYSTEM_ETL,SYSTEM_ETL
78f4a4d1-13c5-458d-a35a-e7f42fc5ec87,1009,camille.rodriguez@nexuserp.com,$2a$10$8.UnVuG9HHgffUDAlk8qfOuVGkqRzgVymGe07xd0P1R6sKz19lZ2O,True,4,2026-10-02 19:10:55,2026-10-02 19:10:55,SYSTEM_ETL,SYSTEM_ETL
9b9def3d-60f7-4399-a6a1-2be3b88a712b,1010,steven.brown3@nexuserp.com,$2a$10$8.UnVuG9HHgffUDAlk8qfOuVGkqRzgVymGe07xd0P1R6sKz19lZ2O,False,4,2026-10-02 19:10:55,2026-10-02 19:10:55,SYSTEM_ETL,SYSTEM_ETL
5478aa96-1cd4-4173-b66c-3ba51280fc4a,1011,jennifer.lee@nexuserp.com,$2a$10$8.UnVuG9HHgffUDAlk8qfOuVGkqRzgVymGe07xd0P1R6sKz19lZ2O,True,4,2026-10-02 19:10:55,2026-10-02 19:10:55,SYSTEM_ETL,SYSTEM_ETL
53b61a3a-e2fc-4cb3-baa2-cb23999b3e26,1012,omar.garcia@nexuserp.com,$2a$10$8.UnVuG9HHgffUDAlk8qfOuVGkqRzgVymGe07xd0P1R6sKz19lZ2O,True,4,2026-10-02 19:10:55,2026-10-02 19:10:55,SYSTEM_ETL,SYSTEM_ETL
3bf47245-5487-4138-8fc8-5cc0bafdad30,1013,zoe.green@nexuserp.com,$2a$10$8.UnVuG9HHgffUDAlk8qfOuVGkqRzgVymGe07xd0P1R6sKz19lZ2O,True,4,2026-10-02 19:10:55,2026-10-02 19:10:55,SYSTEM_ETL,SYSTEM_ETL
fbc0b7e4-96f5-483b-b920-35c5ec6b215d,1014,ashley.rivera@nexuserp.com,$2a$10$8.UnVuG9HHgffUDAlk8qfOuVGkqRzgVymGe07xd0P1R6sKz19lZ2O,True,4,2026-10-02 19:10:55,2026-10-02 19:10:55,SYSTEM_ETL,SYSTEM_ETL
b2c298d6-c651-44ff-868c-256995f8e255,1015,julia.robinson@nexuserp.com,$2a$10$8.UnVuG9HHgffUDAlk8qfOuVGkqRzgVymGe07xd0P1R6sKz19lZ2O,True,3,2026-10-02 19:10:55,2026-10-02 19:10:55,SYSTEM_ETL,SYSTEM_ETL
616b44e3-0fc4-4468-91ec-49304bd05511,1016,jennifer.jones@nexuserp.com,$2a$10$8.UnVuG9HHgffUDAlk8qfOuVGkqRzgVymGe07xd0P1R6sKz19lZ2O,False,4,2026-10-02 19:10:55,2026-10-02 19:10:55,SYSTEM_ETL,SYSTEM_ETL
faa2c27a-c7f6-4b84-8097-f841766a1e91,1017,priya.rodriguez@nexuserp.com,$2a$10$8.UnVuG9HHgffUDAlk8qfOuVGkqRzgVymGe07xd0P1R6sKz19lZ2O,False,4,2026-10-02 19:10:55,2026-10-02 19:10:55,SYSTEM_ETL,SYSTEM_ETL
2fac0b30-e3d9-4268-b63b-c05d56631fcd,1018,mehdi.wright@nexuserp.com,$2a$10$8.UnVuG9HHgffUDAlk8qfOuVGkqRzgVymGe07xd0P1R6sKz19lZ2O,True,4,2026-10-02 19:10:55,2026-10-02 19:10:55,SYSTEM_ETL,SYSTEM_ETL
46774608-14ce-48dc-bf43-b8f9400d2bb7,1019,ethan.jones@nexuserp.com,$2a$10$8.UnVuG9HHgffUDAlk8qfOuVGkqRzgVymGe07xd0P1R6sKz19lZ2O,True,4,2026-10-02 19:10:55,2026-10-02 19:10:55,SYSTEM_ETL,SYSTEM_ETL
579060b2-9c73-4a48-b5f3-7d4e4880f06d,1022,wei.rossi@nexuserp.com,$2a$10$8.UnVuG9HHgffUDAlk8qfOuVGkqRzgVymGe07xd0P1R6sKz19lZ2O,True,4,2026-10-02 19:10:55,2026-10-02 19:10:55,SYSTEM_ETL,SYSTEM_ETL
28445eef-aee8-487c-b642-00ba06d7bdba,1024,ryan.moore2@nexuserp.com,$2a$10$8.UnVuG9HHgffUDAlk8qfOuVGkqRzgVymGe07xd0P1R6sKz19lZ2O,True,4,2026-10-02 19:10:55,2026-10-02 19:10:55,SYSTEM_ETL,SYSTEM_ETL
1bceeaf0-7416-4ff0-a570-ac4e32822ddf,1025,alice.lewis@nexuserp.com,$2a$10$8.UnVuG9HHgffUDAlk8qfOuVGkqRzgVymGe07xd0P1R6sKz19lZ2O,True,4,2026-10-02 19:10:55,2026-10-02 19:10:55,SYSTEM_ETL,SYSTEM_ETL
864e55af-1e0b-4e44-b1e8-f42c54b62877,1026,nicole.scott@nexuserp.com,$2a$10$8.UnVuG9HHgffUDAlk8qfOuVGkqRzgVymGe07xd0P1R6sKz19lZ2O,True,4,2026-10-02 19:10:55,2026-10-02 19:10:55,SYSTEM_ETL,SYSTEM_ETL
bffc5011-5265-4191-ac00-f6211d92f5c2,1027,nancy.nguyen@nexuserp.com,$2a$10$8.UnVuG9HHgffUDAlk8qfOuVGkqRzgVymGe07xd0P1R6sKz19lZ2O,True,4,2026-10-02 19:10:55,2026-10-02 19:10:55,SYSTEM_ETL,SYSTEM_ETL
2ca4651b-ad0d-4cea-b855-f5915a76e234,1028,joseph.smith@nexuserp.com,$2a$10$8.UnVuG9HHgffUDAlk8qfOuVGkqRzgVymGe07xd0P1R6sKz19lZ2O,True,4,2026-10-02 19:10:55,2026-10-02 19:10:55,SYSTEM_ETL,SYSTEM_ETL
098b71a6-95a4-4d56-b11c-c4377b212fd7,1029,steven.rodriguez@nexuserp.com,$2a$10$8.UnVuG9HHgffUDAlk8qfOuVGkqRzgVymGe07xd0P1R6sKz19lZ2O,True,3,2026-10-02 19:10:55,2026-10-02 19:10:55,SYSTEM_ETL,SYSTEM_ETL
f53275a2-6ab8-4682-9a60-e710f5a310be,1030,george.novak@nexuserp.com,$2a$10$8.UnVuG9HHgffUDAlk8qfOuVGkqRzgVymGe07xd0P1R6sKz19lZ2O,True,4,2026-10-02 19:10:55,2026-10-02 19:10:55,SYSTEM_ETL,SYSTEM_ETL
11a56923-d182-4bee-9085-2fd07c679a90,1032,sarah.smith@nexuserp.com,$2a$10$8.UnVuG9HHgffUDAlk8qfOuVGkqRzgVymGe07xd0P1R6sKz19lZ2O,True,4,2026-10-02 19:10:55,2026-10-02 19:10:55,SYSTEM_ETL,SYSTEM_ETL
9d443693-6fba-44b8-928c-6e7f3250a4da,1033,barbara.hall@nexuserp.com,$2a$10$8.UnVuG9HHgffUDAlk8qfOuVGkqRzgVymGe07xd0P1R6sKz19lZ2O,False,4,2026-10-02 19:10:55,2026-10-02 19:10:55,SYSTEM_ETL,SYSTEM_ETL
a75c3675-df05-4ac6-9b54-8a113eb916fa,1034,mark.baker@nexuserp.com,$2a$10$8.UnVuG9HHgffUDAlk8qfOuVGkqRzgVymGe07xd0P1R6sKz19lZ2O,True,4,2026-10-02 19:10:55,2026-10-02 19:10:55,SYSTEM_ETL,SYSTEM_ETL
85ef23d4-27cc-4a94-96fd-1e50f78e02ab,1035,patricia.walker@nexuserp.com,$2a$10$8.UnVuG9HHgffUDAlk8qfOuVGkqRzgVymGe07xd0P1R6sKz19lZ2O,True,3,2026-10-02 19:10:55,2026-10-02 19:10:55,SYSTEM_ETL,SYSTEM_ETL
6f2a3b19-0026-4f5e-900b-ae6a5685d5b9,1036,george.hill@nexuserp.com,$2a$10$8.UnVuG9HHgffUDAlk8qfOuVGkqRzgVymGe07xd0P1R6sKz19lZ2O,True,4,2026-10-02 19:10:55,2026-10-02 19:10:55,SYSTEM_ETL,SYSTEM_ETL
60c68c54-fe67-4e32-b50d-30d8eaf3d7d0,1037,samuel.park2@nexuserp.com,$2a$10$8.UnVuG9HHgffUDAlk8qfOuVGkqRzgVymGe07xd0P1R6sKz19lZ2O,False,4,2026-10-02 19:10:55,2026-10-02 19:10:55,SYSTEM_ETL,SYSTEM_ETL
6f1a1fd7-82e0-4279-acdf-dff89e789719,1038,anna.singh@nexuserp.com,$2a$10$8.UnVuG9HHgffUDAlk8qfOuVGkqRzgVymGe07xd0P1R6sKz19lZ2O,False,3,2026-10-02 19:10:55,2026-10-02 19:10:55,SYSTEM_ETL,SYSTEM_ETL
901b2e53-05df-48ba-8ed0-8e02ac63d7dd,1039,olivia.thompson@nexuserp.com,$2a$10$8.UnVuG9HHgffUDAlk8qfOuVGkqRzgVymGe07xd0P1R6sKz19lZ2O,True,4,2026-10-02 19:10:55,2026-10-02 19:10:55,SYSTEM_ETL,SYSTEM_ETL
fb5c4fcf-e5bd-41ba-9c7f-e19441254f72,1040,nancy.robinson@nexuserp.com,$2a$10$8.UnVuG9HHgffUDAlk8qfOuVGkqRzgVymGe07xd0P1R6sKz19lZ2O,True,4,2026-10-02 19:10:55,2026-10-02 19:10:55,SYSTEM_ETL,SYSTEM_ETL
36d870e7-c422-4db4-8c9c-9b9ea5e898c5,1042,ines.lee@nexuserp.com,$2a$10$8.UnVuG9HHgffUDAlk8qfOuVGkqRzgVymGe07xd0P1R6sKz19lZ2O,False,4,2026-10-02 19:10:55,2026-10-02 19:10:55,SYSTEM_ETL,SYSTEM_ETL
357299d9-1926-46c2-828d-39dffac1d946,1043,fatima.nelson@nexuserp.com,$2a$10$8.UnVuG9HHgffUDAlk8qfOuVGkqRzgVymGe07xd0P1R6sKz19lZ2O,True,4,2026-10-02 19:10:55,2026-10-02 19:10:55,SYSTEM_ETL,SYSTEM_ETL
37c8b246-c572-4a61-9cd1-63e593cb8e1a,1044,mei.fontaine@nexuserp.com,$2a$10$8.UnVuG9HHgffUDAlk8qfOuVGkqRzgVymGe07xd0P1R6sKz19lZ2O,True,4,2026-10-02 19:10:55,2026-10-02 19:10:55,SYSTEM_ETL,SYSTEM_ETL
e451e2db-4c1a-4907-a5f6-cace39f0b0ee,1045,amanda.martin2@nexuserp.com,$2a$10$8.UnVuG9HHgffUDAlk8qfOuVGkqRzgVymGe07xd0P1R6sKz19lZ2O,True,3,2026-10-02 19:10:55,2026-10-02 19:10:55,SYSTEM_ETL,SYSTEM_ETL
1aa8ba31-cee8-47c9-89b4-8f1fa94b0603,1046,lea.walker@nexuserp.com,$2a$10$8.UnVuG9HHgffUDAlk8qfOuVGkqRzgVymGe07xd0P1R6sKz19lZ2O,True,4,2026-10-02 19:10:55,2026-10-02 19:10:55,SYSTEM_ETL,SYSTEM_ETL
b596dc1e-a809-46ae-8a0c-3bce202d37ab,1047,anthony.oliveira@nexuserp.com,$2a$10$8.UnVuG9HHgffUDAlk8qfOuVGkqRzgVymGe07xd0P1R6sKz19lZ2O,True,4,2026-10-02 19:10:55,2026-10-02 19:10:55,SYSTEM_ETL,SYSTEM_ETL
284e3c48-79c1-486e-ada2-5085247d0741,1048,nicholas.brown2@nexuserp.com,$2a$10$8.UnVuG9HHgffUDAlk8qfOuVGkqRzgVymGe07xd0P1R6sKz19lZ2O,True,3,2026-10-02 19:10:55,2026-10-02 19:10:55,SYSTEM_ETL,SYSTEM_ETL
67a15696-6373-4a51-a771-c15b3fe61f1a,1049,nicholas.green@nexuserp.com,$2a$10$8.UnVuG9HHgffUDAlk8qfOuVGkqRzgVymGe07xd0P1R6sKz19lZ2O,True,4,2026-10-02 19:10:55,2026-10-02 19:10:55,SYSTEM_ETL,SYSTEM_ETL
c4e98418-2b3a-4df9-8e09-765e6f16ad7d,1050,mei.russo@nexuserp.com,$2a$10$8.UnVuG9HHgffUDAlk8qfOuVGkqRzgVymGe07xd0P1R6sKz19lZ2O,True,4,2026-10-02 19:10:55,2026-10-02 19:10:55,SYSTEM_ETL,SYSTEM_ETL
ab5c4161-4120-47d7-83ca-bc284fd6e4bd,1052,charles.wilson@nexuserp.com,$2a$10$8.UnVuG9HHgffUDAlk8qfOuVGkqRzgVymGe07xd0P1R6sKz19lZ2O,False,4,2026-10-02 19:10:55,2026-10-02 19:10:55,SYSTEM_ETL,SYSTEM_ETL
5888bb8f-14de-4225-8e96-f0b686d8790c,1053,karim.brown@nexuserp.com,$2a$10$8.UnVuG9HHgffUDAlk8qfOuVGkqRzgVymGe07xd0P1R6sKz19lZ2O,False,4,2026-10-02 19:10:55,2026-10-02 19:10:55,SYSTEM_ETL,SYSTEM_ETL
7669e7ee-7cda-42c8-a39b-787942928266,1055,michelle.lopez@nexuserp.com,$2a$10$8.UnVuG9HHgffUDAlk8qfOuVGkqRzgVymGe07xd0P1R6sKz19lZ2O,True,4,2026-10-02 19:10:55,2026-10-02 19:10:55,SYSTEM_ETL,SYSTEM_ETL
970d3d48-b0fd-44d2-801f-e2d60b419027,1056,john.costa@nexuserp.com,$2a$10$8.UnVuG9HHgffUDAlk8qfOuVGkqRzgVymGe07xd0P1R6sKz19lZ2O,True,4,2026-10-02 19:10:55,2026-10-02 19:10:55,SYSTEM_ETL,SYSTEM_ETL
20b96596-f336-405b-8586-2b529d97a05b,1060,david.smith@nexuserp.com,$2a$10$8.UnVuG9HHgffUDAlk8qfOuVGkqRzgVymGe07xd0P1R6sKz19lZ2O,True,4,2026-10-02 19:10:55,2026-10-02 19:10:55,SYSTEM_ETL,SYSTEM_ETL
a4076140-6710-4df6-9c5d-a3628b94c4be,1061,tariq.taylor@nexuserp.com,$2a$10$8.UnVuG9HHgffUDAlk8qfOuVGkqRzgVymGe07xd0P1R6sKz19lZ2O,True,3,2026-10-02 19:10:55,2026-10-02 19:10:55,SYSTEM_ETL,SYSTEM_ETL
5df93b0b-1686-434e-87a6-17faa9f4d267,1062,elena.williams@nexuserp.com,$2a$10$8.UnVuG9HHgffUDAlk8qfOuVGkqRzgVymGe07xd0P1R6sKz19lZ2O,True,4,2026-10-02 19:10:55,2026-10-02 19:10:55,SYSTEM_ETL,SYSTEM_ETL
09737d78-d437-46b2-afcc-d2df25a6e69b,1066,joseph.rodriguez@nexuserp.com,$2a$10$8.UnVuG9HHgffUDAlk8qfOuVGkqRzgVymGe07xd0P1R6sKz19lZ2O,True,4,2026-10-02 19:10:55,2026-10-02 19:10:55,SYSTEM_ETL,SYSTEM_ETL
64b7f8e1-df2b-4878-a73a-9925bafa6a31,1068,nour.mansour@nexuserp.com,$2a$10$8.UnVuG9HHgffUDAlk8qfOuVGkqRzgVymGe07xd0P1R6sKz19lZ2O,True,4,2026-10-02 19:10:55,2026-10-02 19:10:55,SYSTEM_ETL,SYSTEM_ETL
31fd811d-4415-46ea-a464-27ab3babe6f2,1069,jacob.lee@nexuserp.com,$2a$10$8.UnVuG9HHgffUDAlk8qfOuVGkqRzgVymGe07xd0P1R6sKz19lZ2O,True,3,2026-10-02 19:10:55,2026-10-02 19:10:55,SYSTEM_ETL,SYSTEM_ETL
d410eff6-288d-4dea-8988-8e063e3d799d,1070,elizabeth.roberts2@nexuserp.com,$2a$10$8.UnVuG9HHgffUDAlk8qfOuVGkqRzgVymGe07xd0P1R6sKz19lZ2O,True,4,2026-10-02 19:10:55,2026-10-02 19:10:55,SYSTEM_ETL,SYSTEM_ETL
bd06e14d-3e71-406b-a39e-39b0c24795b9,1071,nancy.trabelsi@nexuserp.com,$2a$10$8.UnVuG9HHgffUDAlk8qfOuVGkqRzgVymGe07xd0P1R6sKz19lZ2O,True,4,2026-10-02 19:10:55,2026-10-02 19:10:55,SYSTEM_ETL,SYSTEM_ETL
5ec4eb01-cbdd-4f62-9a1f-521e998f7165,1073,sara.singh@nexuserp.com,$2a$10$8.UnVuG9HHgffUDAlk8qfOuVGkqRzgVymGe07xd0P1R6sKz19lZ2O,True,4,2026-10-02 19:10:55,2026-10-02 19:10:55,SYSTEM_ETL,SYSTEM_ETL
1098f79d-32da-40fe-9334-d4adf52d4af3,1074,nicholas.smith@nexuserp.com,$2a$10$8.UnVuG9HHgffUDAlk8qfOuVGkqRzgVymGe07xd0P1R6sKz19lZ2O,True,3,2026-10-02 19:10:55,2026-10-02 19:10:55,SYSTEM_ETL,SYSTEM_ETL
408f1786-9f30-4ac8-a14b-8b14f7753daa,1076,steven.ivanov@nexuserp.com,$2a$10$8.UnVuG9HHgffUDAlk8qfOuVGkqRzgVymGe07xd0P1R6sKz19lZ2O,True,4,2026-10-02 19:10:55,2026-10-02 19:10:55,SYSTEM_ETL,SYSTEM_ETL
a6686f12-5801-4f9a-b53a-59a3f46ee3ca,1077,olivia.mansour@nexuserp.com,$2a$10$8.UnVuG9HHgffUDAlk8qfOuVGkqRzgVymGe07xd0P1R6sKz19lZ2O,False,4,2026-10-02 19:10:55,2026-10-02 19:10:55,SYSTEM_ETL,SYSTEM_ETL
6140b676-78f9-4057-b454-34765fcbade0,1079,amy.anderson@nexuserp.com,$2a$10$8.UnVuG9HHgffUDAlk8qfOuVGkqRzgVymGe07xd0P1R6sKz19lZ2O,False,4,2026-10-02 19:10:55,2026-10-02 19:10:55,SYSTEM_ETL,SYSTEM_ETL
1ac9bedc-6c7d-44e9-a435-d3419e276954,1080,lucia.kim@nexuserp.com,$2a$10$8.UnVuG9HHgffUDAlk8qfOuVGkqRzgVymGe07xd0P1R6sKz19lZ2O,True,4,2026-10-02 19:10:55,2026-10-02 19:10:55,SYSTEM_ETL,SYSTEM_ETL
ef8e80fd-d027-4766-b4ea-2e1eb0f89c0d,1081,oscar.ivanov2@nexuserp.com,$2a$10$8.UnVuG9HHgffUDAlk8qfOuVGkqRzgVymGe07xd0P1R6sKz19lZ2O,False,4,2026-10-02 19:10:55,2026-10-02 19:10:55,SYSTEM_ETL,SYSTEM_ETL
7d96d324-f6ab-427d-89a0-d9e783b949a6,1082,steven.thompson@nexuserp.com,$2a$10$8.UnVuG9HHgffUDAlk8qfOuVGkqRzgVymGe07xd0P1R6sKz19lZ2O,False,4,2026-10-02 19:10:55,2026-10-02 19:10:55,SYSTEM_ETL,SYSTEM_ETL
31b97f8a-0e09-49b8-99a6-2c6aa8201803,1083,anthony.costa@nexuserp.com,$2a$10$8.UnVuG9HHgffUDAlk8qfOuVGkqRzgVymGe07xd0P1R6sKz19lZ2O,True,4,2026-10-02 19:10:55,2026-10-02 19:10:55,SYSTEM_ETL,SYSTEM_ETL
562b4edb-617f-44da-bd5f-ce90563efd6b,1084,samuel.green2@nexuserp.com,$2a$10$8.UnVuG9HHgffUDAlk8qfOuVGkqRzgVymGe07xd0P1R6sKz19lZ2O,True,4,2026-10-02 19:10:55,2026-10-02 19:10:55,SYSTEM_ETL,SYSTEM_ETL
fbd591f2-1109-42eb-bacd-337df0777685,1085,alice.haddad@nexuserp.com,$2a$10$8.UnVuG9HHgffUDAlk8qfOuVGkqRzgVymGe07xd0P1R6sKz19lZ2O,True,4,2026-10-02 19:10:55,2026-10-02 19:10:55,SYSTEM_ETL,SYSTEM_ETL
f027198c-55ce-4ac0-a28e-20ca0891c750,1088,fatima.obrien@nexuserp.com,$2a$10$8.UnVuG9HHgffUDAlk8qfOuVGkqRzgVymGe07xd0P1R6sKz19lZ2O,True,4,2026-10-02 19:10:55,2026-10-02 19:10:55,SYSTEM_ETL,SYSTEM_ETL
33fc678d-6c95-4446-b5a0-59d4161b60ed,1092,michael.allen@nexuserp.com,$2a$10$8.UnVuG9HHgffUDAlk8qfOuVGkqRzgVymGe07xd0P1R6sKz19lZ2O,True,4,2026-10-02 19:10:55,2026-10-02 19:10:55,SYSTEM_ETL,SYSTEM_ETL
a11c3c0e-4ad6-425e-b47a-031cb65070d7,1094,lucas.patel@nexuserp.com,$2a$10$8.UnVuG9HHgffUDAlk8qfOuVGkqRzgVymGe07xd0P1R6sKz19lZ2O,True,4,2026-10-02 19:10:55,2026-10-02 19:10:55,SYSTEM_ETL,SYSTEM_ETL
9b30e0a3-4989-40db-a294-3eae06c21c6c,1096,joseph.robinson@nexuserp.com,$2a$10$8.UnVuG9HHgffUDAlk8qfOuVGkqRzgVymGe07xd0P1R6sKz19lZ2O,True,4,2026-10-02 19:10:55,2026-10-02 19:10:55,SYSTEM_ETL,SYSTEM_ETL
5e415f9b-c0f5-4648-b0a7-7c064b4964e3,1097,sophia.chen@nexuserp.com,$2a$10$8.UnVuG9HHgffUDAlk8qfOuVGkqRzgVymGe07xd0P1R6sKz19lZ2O,True,4,2026-10-02 19:10:55,2026-10-02 19:10:55,SYSTEM_ETL,SYSTEM_ETL
ace826eb-acf4-4f4c-ae19-cb4e63634972,1098,william.haddad@nexuserp.com,$2a$10$8.UnVuG9HHgffUDAlk8qfOuVGkqRzgVymGe07xd0P1R6sKz19lZ2O,False,2,2026-10-02 19:10:55,2026-10-02 19:10:55,SYSTEM_ETL,SYSTEM_ETL
f3a82308-338e-4a5d-b5d9-6e59d8555977,1099,steven.jackson@nexuserp.com,$2a$10$8.UnVuG9HHgffUDAlk8qfOuVGkqRzgVymGe07xd0P1R6sKz19lZ2O,True,4,2026-10-02 19:10:55,2026-10-02 19:10:55,SYSTEM_ETL,SYSTEM_ETL
cf2e00eb-33d7-4afe-adf4-05a23da50e8f,1100,eric.nguyen@nexuserp.com,$2a$10$8.UnVuG9HHgffUDAlk8qfOuVGkqRzgVymGe07xd0P1R6sKz19lZ2O,False,4,2026-10-02 19:10:55,2026-10-02 19:10:55,SYSTEM_ETL,SYSTEM_ETL
7940ff41-f75c-4b1e-96c1-9d2b11462390,1101,salma.robinson@nexuserp.com,$2a$10$8.UnVuG9HHgffUDAlk8qfOuVGkqRzgVymGe07xd0P1R6sKz19lZ2O,False,4,2026-10-02 19:10:55,2026-10-02 19:10:55,SYSTEM_ETL,SYSTEM_ETL
c78833f5-0ae9-4dba-b82a-c0e3eb10d3fb,1102,ivan.miller@nexuserp.com,$2a$10$8.UnVuG9HHgffUDAlk8qfOuVGkqRzgVymGe07xd0P1R6sKz19lZ2O,True,4,2026-10-02 19:10:55,2026-10-02 19:10:55,SYSTEM_ETL,SYSTEM_ETL
1e0c3ac5-cada-4b86-bf80-10d69498749d,1103,arjun.williams@nexuserp.com,$2a$10$8.UnVuG9HHgffUDAlk8qfOuVGkqRzgVymGe07xd0P1R6sKz19lZ2O,True,4,2026-10-02 19:10:55,2026-10-02 19:10:55,SYSTEM_ETL,SYSTEM_ETL
b4066974-d596-4baa-bd9a-416d84c73e63,1105,camille.young@nexuserp.com,$2a$10$8.UnVuG9HHgffUDAlk8qfOuVGkqRzgVymGe07xd0P1R6sKz19lZ2O,True,4,2026-10-02 19:10:55,2026-10-02 19:10:55,SYSTEM_ETL,SYSTEM_ETL
895855f2-3acb-4e4b-9d61-0e8758341fee,1106,brian.johnson@nexuserp.com,$2a$10$8.UnVuG9HHgffUDAlk8qfOuVGkqRzgVymGe07xd0P1R6sKz19lZ2O,False,4,2026-10-02 19:10:55,2026-10-02 19:10:55,SYSTEM_ETL,SYSTEM_ETL
b7eda769-b628-4d3c-9c58-538aa0ef2428,1107,hugo.anderson2@nexuserp.com,$2a$10$8.UnVuG9HHgffUDAlk8qfOuVGkqRzgVymGe07xd0P1R6sKz19lZ2O,False,4,2026-10-02 19:10:55,2026-10-02 19:10:55,SYSTEM_ETL,SYSTEM_ETL
931d54a6-522e-4214-bafe-33331fd543de,1108,ahmed.muller@nexuserp.com,$2a$10$8.UnVuG9HHgffUDAlk8qfOuVGkqRzgVymGe07xd0P1R6sKz19lZ2O,False,4,2026-10-02 19:10:55,2026-10-02 19:10:55,SYSTEM_ETL,SYSTEM_ETL
2f925817-d7e8-43d9-a1b2-68a53c56584e,1109,hiroshi.russo2@nexuserp.com,$2a$10$8.UnVuG9HHgffUDAlk8qfOuVGkqRzgVymGe07xd0P1R6sKz19lZ2O,True,3,2026-10-02 19:10:55,2026-10-02 19:10:55,SYSTEM_ETL,SYSTEM_ETL
16e50adc-d526-4bb4-a987-ae135af9147f,1111,paul.tanaka@nexuserp.com,$2a$10$8.UnVuG9HHgffUDAlk8qfOuVGkqRzgVymGe07xd0P1R6sKz19lZ2O,False,4,2026-10-02 19:10:55,2026-10-02 19:10:55,SYSTEM_ETL,SYSTEM_ETL
ae75ba5d-e607-40ee-bb31-4e2c94acb307,1113,ivan.robinson@nexuserp.com,$2a$10$8.UnVuG9HHgffUDAlk8qfOuVGkqRzgVymGe07xd0P1R6sKz19lZ2O,False,4,2026-10-02 19:10:55,2026-10-02 19:10:55,SYSTEM_ETL,SYSTEM_ETL
14f39acf-e2fe-4711-8583-1a5c00d6d3cd,1114,susan.silva@nexuserp.com,$2a$10$8.UnVuG9HHgffUDAlk8qfOuVGkqRzgVymGe07xd0P1R6sKz19lZ2O,True,4,2026-10-02 19:10:55,2026-10-02 19:10:55,SYSTEM_ETL,SYSTEM_ETL
52bca5f2-a666-46d0-be73-29a5e963d456,1115,joseph.trabelsi@nexuserp.com,$2a$10$8.UnVuG9HHgffUDAlk8qfOuVGkqRzgVymGe07xd0P1R6sKz19lZ2O,True,4,2026-10-02 19:10:55,2026-10-02 19:10:55,SYSTEM_ETL,SYSTEM_ETL
6a4616f1-1290-49cf-ac54-a050b779d95f,1116,matthew.hernandez@nexuserp.com,$2a$10$8.UnVuG9HHgffUDAlk8qfOuVGkqRzgVymGe07xd0P1R6sKz19lZ2O,True,3,2026-10-02 19:10:55,2026-10-02 19:10:55,SYSTEM_ETL,SYSTEM_ETL
640b5a4c-645b-4204-8765-d3706cc4ec13,1117,manon.lopez@nexuserp.com,$2a$10$8.UnVuG9HHgffUDAlk8qfOuVGkqRzgVymGe07xd0P1R6sKz19lZ2O,True,4,2026-10-02 19:10:55,2026-10-02 19:10:55,SYSTEM_ETL,SYSTEM_ETL
fc13e5db-5842-4eb4-bbec-4d0761c5abe0,1118,luca.rossi@nexuserp.com,$2a$10$8.UnVuG9HHgffUDAlk8qfOuVGkqRzgVymGe07xd0P1R6sKz19lZ2O,True,4,2026-10-02 19:10:55,2026-10-02 19:10:55,SYSTEM_ETL,SYSTEM_ETL
28cb3427-5eba-48db-b0e2-f06f821e5819,1119,michael.anderson@nexuserp.com,$2a$10$8.UnVuG9HHgffUDAlk8qfOuVGkqRzgVymGe07xd0P1R6sKz19lZ2O,True,4,2026-10-02 19:10:55,2026-10-02 19:10:55,SYSTEM_ETL,SYSTEM_ETL
8822dc9a-5437-4288-b568-d7dd060228bd,1120,julia.hall@nexuserp.com,$2a$10$8.UnVuG9HHgffUDAlk8qfOuVGkqRzgVymGe07xd0P1R6sKz19lZ2O,True,4,2026-10-02 19:10:55,2026-10-02 19:10:55,SYSTEM_ETL,SYSTEM_ETL
3a137721-cd39-42c5-aff0-d1b8974c421b,1121,susan.murphy@nexuserp.com,$2a$10$8.UnVuG9HHgffUDAlk8qfOuVGkqRzgVymGe07xd0P1R6sKz19lZ2O,True,4,2026-10-02 19:10:55,2026-10-02 19:10:55,SYSTEM_ETL,SYSTEM_ETL
04ccdc5e-ba2f-49c8-b162-4346772a8f51,1124,mark.smith@nexuserp.com,$2a$10$8.UnVuG9HHgffUDAlk8qfOuVGkqRzgVymGe07xd0P1R6sKz19lZ2O,True,3,2026-10-02 19:10:55,2026-10-02 19:10:55,SYSTEM_ETL,SYSTEM_ETL
c0766eb9-9e25-4574-a8f6-07e4933f2675,1125,tariq.johnson2@nexuserp.com,$2a$10$8.UnVuG9HHgffUDAlk8qfOuVGkqRzgVymGe07xd0P1R6sKz19lZ2O,True,4,2026-10-02 19:10:55,2026-10-02 19:10:55,SYSTEM_ETL,SYSTEM_ETL
c8b5d5a0-41f9-4be3-97b4-7f6d96614b81,1126,sophia.murphy@nexuserp.com,$2a$10$8.UnVuG9HHgffUDAlk8qfOuVGkqRzgVymGe07xd0P1R6sKz19lZ2O,True,4,2026-10-02 19:10:55,2026-10-02 19:10:55,SYSTEM_ETL,SYSTEM_ETL
65f237e1-df01-4ad3-8f4b-a53f90fb51bd,1127,omar.benali@nexuserp.com,$2a$10$8.UnVuG9HHgffUDAlk8qfOuVGkqRzgVymGe07xd0P1R6sKz19lZ2O,False,4,2026-10-02 19:10:55,2026-10-02 19:10:55,SYSTEM_ETL,SYSTEM_ETL
c9d81c5c-e7ef-4695-8400-c9920ad38a01,1128,brian.hernandez@nexuserp.com,$2a$10$8.UnVuG9HHgffUDAlk8qfOuVGkqRzgVymGe07xd0P1R6sKz19lZ2O,True,3,2026-10-02 19:10:55,2026-10-02 19:10:55,SYSTEM_ETL,SYSTEM_ETL
5c3e02ee-dacc-42b0-b9cb-2f76133d28cb,1131,chloe.silva@nexuserp.com,$2a$10$8.UnVuG9HHgffUDAlk8qfOuVGkqRzgVymGe07xd0P1R6sKz19lZ2O,True,4,2026-10-02 19:10:55,2026-10-02 19:10:55,SYSTEM_ETL,SYSTEM_ETL
643e3216-46a9-4d6f-8978-a53017b05261,1132,david.kowalski@nexuserp.com,$2a$10$8.UnVuG9HHgffUDAlk8qfOuVGkqRzgVymGe07xd0P1R6sKz19lZ2O,True,4,2026-10-02 19:10:55,2026-10-02 19:10:55,SYSTEM_ETL,SYSTEM_ETL
1ba75c99-518c-440b-b6a4-86e94fcb1e68,1133,george.campbell@nexuserp.com,$2a$10$8.UnVuG9HHgffUDAlk8qfOuVGkqRzgVymGe07xd0P1R6sKz19lZ2O,True,4,2026-10-02 19:10:55,2026-10-02 19:10:55,SYSTEM_ETL,SYSTEM_ETL
215dea15-edf5-4fbd-98c2-541a38ce5a51,1135,thomas.mansour@nexuserp.com,$2a$10$8.UnVuG9HHgffUDAlk8qfOuVGkqRzgVymGe07xd0P1R6sKz19lZ2O,True,4,2026-10-02 19:10:55,2026-10-02 19:10:55,SYSTEM_ETL,SYSTEM_ETL
e7260a13-d383-46c5-9d71-361074a6b542,1136,charles.white@nexuserp.com,$2a$10$8.UnVuG9HHgffUDAlk8qfOuVGkqRzgVymGe07xd0P1R6sKz19lZ2O,True,4,2026-10-02 19:10:55,2026-10-02 19:10:55,SYSTEM_ETL,SYSTEM_ETL
494bb47f-52cc-45b7-9061-a0f6ac69cda6,1137,lucas.jones@nexuserp.com,$2a$10$8.UnVuG9HHgffUDAlk8qfOuVGkqRzgVymGe07xd0P1R6sKz19lZ2O,True,4,2026-10-02 19:10:55,2026-10-02 19:10:55,SYSTEM_ETL,SYSTEM_ETL
4156a0ec-24b8-4d68-b30c-365631df19a0,1138,ryan.trabelsi@nexuserp.com,$2a$10$8.UnVuG9HHgffUDAlk8qfOuVGkqRzgVymGe07xd0P1R6sKz19lZ2O,True,4,2026-10-02 19:10:55,2026-10-02 19:10:55,SYSTEM_ETL,SYSTEM_ETL
d1b4d2a9-fa59-460f-a0b8-cf49bf931efa,1140,richard.clark@nexuserp.com,$2a$10$8.UnVuG9HHgffUDAlk8qfOuVGkqRzgVymGe07xd0P1R6sKz19lZ2O,True,4,2026-10-02 19:10:55,2026-10-02 19:10:55,SYSTEM_ETL,SYSTEM_ETL
209733e4-3eef-4d73-a855-d49f35227d65,1143,melissa.laurent@nexuserp.com,$2a$10$8.UnVuG9HHgffUDAlk8qfOuVGkqRzgVymGe07xd0P1R6sKz19lZ2O,True,4,2026-10-02 19:10:55,2026-10-02 19:10:55,SYSTEM_ETL,SYSTEM_ETL
433c0762-b013-4d84-9f9e-efd38669c8a7,1148,victor.shah@nexuserp.com,$2a$10$8.UnVuG9HHgffUDAlk8qfOuVGkqRzgVymGe07xd0P1R6sKz19lZ2O,True,4,2026-10-02 19:10:55,2026-10-02 19:10:55,SYSTEM_ETL,SYSTEM_ETL
201e5604-2365-463b-a63a-f6b17b3dd0de,1150,charles.johnson@nexuserp.com,$2a$10$8.UnVuG9HHgffUDAlk8qfOuVGkqRzgVymGe07xd0P1R6sKz19lZ2O,True,4,2026-10-02 19:10:55,2026-10-02 19:10:55,SYSTEM_ETL,SYSTEM_ETL
04a0ec5f-d3e8-41af-a39f-66332e981e29,1152,robert.trabelsi@nexuserp.com,$2a$10$8.UnVuG9HHgffUDAlk8qfOuVGkqRzgVymGe07xd0P1R6sKz19lZ2O,True,4,2026-10-02 19:10:55,2026-10-02 19:10:55,SYSTEM_ETL,SYSTEM_ETL
2ab3c074-0ec3-44bd-9dc4-05a304cf79ba,1154,joseph.martin@nexuserp.com,$2a$10$8.UnVuG9HHgffUDAlk8qfOuVGkqRzgVymGe07xd0P1R6sKz19lZ2O,True,4,2026-10-02 19:10:55,2026-10-02 19:10:55,SYSTEM_ETL,SYSTEM_ETL
bd3ba392-8d91-4a55-afcb-cd726392c286,1156,hiroshi.novak@nexuserp.com,$2a$10$8.UnVuG9HHgffUDAlk8qfOuVGkqRzgVymGe07xd0P1R6sKz19lZ2O,False,4,2026-10-02 19:10:55,2026-10-02 19:10:55,SYSTEM_ETL,SYSTEM_ETL
f03eb301-f679-4626-8fc7-6e84d736210b,1157,aiko.thompson@nexuserp.com,$2a$10$8.UnVuG9HHgffUDAlk8qfOuVGkqRzgVymGe07xd0P1R6sKz19lZ2O,False,4,2026-10-02 19:10:55,2026-10-02 19:10:55,SYSTEM_ETL,SYSTEM_ETL
a19cda1a-0746-4abb-8835-ae2c6d3010c9,1158,karim.haddad@nexuserp.com,$2a$10$8.UnVuG9HHgffUDAlk8qfOuVGkqRzgVymGe07xd0P1R6sKz19lZ2O,True,4,2026-10-02 19:10:55,2026-10-02 19:10:55,SYSTEM_ETL,SYSTEM_ETL
1eaa3964-f281-45c9-aec0-b100a019cdd1,1160,charles.carter@nexuserp.com,$2a$10$8.UnVuG9HHgffUDAlk8qfOuVGkqRzgVymGe07xd0P1R6sKz19lZ2O,False,4,2026-10-02 19:10:55,2026-10-02 19:10:55,SYSTEM_ETL,SYSTEM_ETL
6dfadfe0-5dd4-4960-af7e-e6788a8a0479,1161,olivia.scott@nexuserp.com,$2a$10$8.UnVuG9HHgffUDAlk8qfOuVGkqRzgVymGe07xd0P1R6sKz19lZ2O,True,4,2026-10-02 19:10:55,2026-10-02 19:10:55,SYSTEM_ETL,SYSTEM_ETL
226d12d1-7fe5-41c2-a881-6fd654f2c2c1,1162,noah.fontaine@nexuserp.com,$2a$10$8.UnVuG9HHgffUDAlk8qfOuVGkqRzgVymGe07xd0P1R6sKz19lZ2O,True,4,2026-10-02 19:10:55,2026-10-02 19:10:55,SYSTEM_ETL,SYSTEM_ETL
da84b16e-454f-475c-82ca-f1d5cb5e8bb3,1163,olivia.muller@nexuserp.com,$2a$10$8.UnVuG9HHgffUDAlk8qfOuVGkqRzgVymGe07xd0P1R6sKz19lZ2O,True,4,2026-10-02 19:10:55,2026-10-02 19:10:55,SYSTEM_ETL,SYSTEM_ETL
b80cb8c8-e6b9-4c25-994e-34aa04f7796f,1164,ethan.roberts@nexuserp.com,$2a$10$8.UnVuG9HHgffUDAlk8qfOuVGkqRzgVymGe07xd0P1R6sKz19lZ2O,True,4,2026-10-02 19:10:55,2026-10-02 19:10:55,SYSTEM_ETL,SYSTEM_ETL
8ce46f3a-09f6-4a1e-8466-01309673184b,1165,ashley.sato@nexuserp.com,$2a$10$8.UnVuG9HHgffUDAlk8qfOuVGkqRzgVymGe07xd0P1R6sKz19lZ2O,False,4,2026-10-02 19:10:55,2026-10-02 19:10:55,SYSTEM_ETL,SYSTEM_ETL
f86e935f-583a-43a8-9073-fd4a4f5f4e35,1166,nour.obrien@nexuserp.com,$2a$10$8.UnVuG9HHgffUDAlk8qfOuVGkqRzgVymGe07xd0P1R6sKz19lZ2O,True,3,2026-10-02 19:10:55,2026-10-02 19:10:55,SYSTEM_ETL,SYSTEM_ETL
5a3485cb-4932-4b2a-81bb-e9f36493795c,1167,joseph.nguyen@nexuserp.com,$2a$10$8.UnVuG9HHgffUDAlk8qfOuVGkqRzgVymGe07xd0P1R6sKz19lZ2O,False,4,2026-10-02 19:10:55,2026-10-02 19:10:55,SYSTEM_ETL,SYSTEM_ETL
3ce32a1f-c782-46e9-9096-52ae82c539fa,1171,tariq.rivera2@nexuserp.com,$2a$10$8.UnVuG9HHgffUDAlk8qfOuVGkqRzgVymGe07xd0P1R6sKz19lZ2O,True,4,2026-10-02 19:10:55,2026-10-02 19:10:55,SYSTEM_ETL,SYSTEM_ETL
6148fe30-c0ef-419b-bf0a-5a886fd08724,1172,felix.smith@nexuserp.com,$2a$10$8.UnVuG9HHgffUDAlk8qfOuVGkqRzgVymGe07xd0P1R6sKz19lZ2O,True,4,2026-10-02 19:10:55,2026-10-02 19:10:55,SYSTEM_ETL,SYSTEM_ETL
a1ac85ac-7500-401d-b5a4-03ca80c8a7ef,1173,john.chen@nexuserp.com,$2a$10$8.UnVuG9HHgffUDAlk8qfOuVGkqRzgVymGe07xd0P1R6sKz19lZ2O,True,4,2026-10-02 19:10:55,2026-10-02 19:10:55,SYSTEM_ETL,SYSTEM_ETL
722ce24e-c034-4282-a8e6-0672b0152d85,1175,melissa.rivera@nexuserp.com,$2a$10$8.UnVuG9HHgffUDAlk8qfOuVGkqRzgVymGe07xd0P1R6sKz19lZ2O,False,4,2026-10-02 19:10:55,2026-10-02 19:10:55,SYSTEM_ETL,SYSTEM_ETL
d1a41855-b47e-4acf-8199-1d918072e1ad,1177,timothy.torres@nexuserp.com,$2a$10$8.UnVuG9HHgffUDAlk8qfOuVGkqRzgVymGe07xd0P1R6sKz19lZ2O,True,4,2026-10-02 19:10:55,2026-10-02 19:10:55,SYSTEM_ETL,SYSTEM_ETL
6f612c3f-8c9a-42bb-b71e-7160e0cbcdc1,1179,tariq.davis@nexuserp.com,$2a$10$8.UnVuG9HHgffUDAlk8qfOuVGkqRzgVymGe07xd0P1R6sKz19lZ2O,True,4,2026-10-02 19:10:55,2026-10-02 19:10:55,SYSTEM_ETL,SYSTEM_ETL
1371ad39-df7f-4058-aee4-41682113b178,1180,manon.silva@nexuserp.com,$2a$10$8.UnVuG9HHgffUDAlk8qfOuVGkqRzgVymGe07xd0P1R6sKz19lZ2O,True,4,2026-10-02 19:10:55,2026-10-02 19:10:55,SYSTEM_ETL,SYSTEM_ETL
9361c4b0-acd7-4e9a-a562-6553d0253b00,1182,ahmed.scott@nexuserp.com,$2a$10$8.UnVuG9HHgffUDAlk8qfOuVGkqRzgVymGe07xd0P1R6sKz19lZ2O,True,4,2026-10-02 19:10:55,2026-10-02 19:10:55,SYSTEM_ETL,SYSTEM_ETL
e2b025c3-3b1f-4951-aa8d-cdbadefbf841,1184,thomas.fontaine@nexuserp.com,$2a$10$8.UnVuG9HHgffUDAlk8qfOuVGkqRzgVymGe07xd0P1R6sKz19lZ2O,True,4,2026-10-02 19:10:55,2026-10-02 19:10:55,SYSTEM_ETL,SYSTEM_ETL
e7c19fe8-3aa0-4f18-9338-bdfc5b66ba45,1185,jacob.lopez@nexuserp.com,$2a$10$8.UnVuG9HHgffUDAlk8qfOuVGkqRzgVymGe07xd0P1R6sKz19lZ2O,True,4,2026-10-02 19:10:55,2026-10-02 19:10:55,SYSTEM_ETL,SYSTEM_ETL
bf81e0f1-1efc-4928-a4cb-3989be5c8d7a,1188,melissa.larsen@nexuserp.com,$2a$10$8.UnVuG9HHgffUDAlk8qfOuVGkqRzgVymGe07xd0P1R6sKz19lZ2O,False,4,2026-10-02 19:10:55,2026-10-02 19:10:55,SYSTEM_ETL,SYSTEM_ETL
7ac81378-4c66-4e3a-a283-d1a6e8434070,1190,ashley.thomas@nexuserp.com,$2a$10$8.UnVuG9HHgffUDAlk8qfOuVGkqRzgVymGe07xd0P1R6sKz19lZ2O,True,4,2026-10-02 19:10:55,2026-10-02 19:10:55,SYSTEM_ETL,SYSTEM_ETL
29eaa1e1-3c99-4c17-b9b4-2564eb2f70ac,1191,sara.taylor@nexuserp.com,$2a$10$8.UnVuG9HHgffUDAlk8qfOuVGkqRzgVymGe07xd0P1R6sKz19lZ2O,True,3,2026-10-02 19:10:55,2026-10-02 19:10:55,SYSTEM_ETL,SYSTEM_ETL
05b3d282-8042-4092-8f77-8a5c14893e42,1192,fatima.ivanov@nexuserp.com,$2a$10$8.UnVuG9HHgffUDAlk8qfOuVGkqRzgVymGe07xd0P1R6sKz19lZ2O,True,4,2026-10-02 19:10:55,2026-10-02 19:10:55,SYSTEM_ETL,SYSTEM_ETL
0089c28c-dd09-4e1a-b724-7917d818248d,1193,oscar.costa2@nexuserp.com,$2a$10$8.UnVuG9HHgffUDAlk8qfOuVGkqRzgVymGe07xd0P1R6sKz19lZ2O,True,4,2026-10-02 19:10:55,2026-10-02 19:10:55,SYSTEM_ETL,SYSTEM_ETL
274a408d-1b4f-4ce3-a009-c84454e3a326,1195,sandra.moore@nexuserp.com,$2a$10$8.UnVuG9HHgffUDAlk8qfOuVGkqRzgVymGe07xd0P1R6sKz19lZ2O,True,4,2026-10-02 19:10:55,2026-10-02 19:10:55,SYSTEM_ETL,SYSTEM_ETL
8fb1e66f-98a8-450e-b591-d42c8c4f2233,1196,melissa.adams@nexuserp.com,$2a$10$8.UnVuG9HHgffUDAlk8qfOuVGkqRzgVymGe07xd0P1R6sKz19lZ2O,True,4,2026-10-02 19:10:55,2026-10-02 19:10:55,SYSTEM_ETL,SYSTEM_ETL
3948d88c-d6f0-4bf0-8d6a-3d48322bd812,1198,arjun.muller@nexuserp.com,$2a$10$8.UnVuG9HHgffUDAlk8qfOuVGkqRzgVymGe07xd0P1R6sKz19lZ2O,True,4,2026-10-02 19:10:55,2026-10-02 19:10:55,SYSTEM_ETL,SYSTEM_ETL
66a717b2-be21-4a16-8a70-b0565e91b3d6,1200,ahmed.kowalski@nexuserp.com,$2a$10$8.UnVuG9HHgffUDAlk8qfOuVGkqRzgVymGe07xd0P1R6sKz19lZ2O,False,4,2026-10-02 19:10:55,2026-10-02 19:10:55,SYSTEM_ETL,SYSTEM_ETL
4e42b044-cdb8-4846-a95a-798b522dc202,1201,amira.wright@nexuserp.com,$2a$10$8.UnVuG9HHgffUDAlk8qfOuVGkqRzgVymGe07xd0P1R6sKz19lZ2O,True,3,2026-10-02 19:10:55,2026-10-02 19:10:55,SYSTEM_ETL,SYSTEM_ETL
3ee842fa-ad64-44f6-8d1e-86a39fe3479f,1202,sharon.rivera@nexuserp.com,$2a$10$8.UnVuG9HHgffUDAlk8qfOuVGkqRzgVymGe07xd0P1R6sKz19lZ2O,True,4,2026-10-02 19:10:55,2026-10-02 19:10:55,SYSTEM_ETL,SYSTEM_ETL
cb1694e1-683a-4393-9831-d8ba8227f8fe,1203,david.tanaka@nexuserp.com,$2a$10$8.UnVuG9HHgffUDAlk8qfOuVGkqRzgVymGe07xd0P1R6sKz19lZ2O,False,4,2026-10-02 19:10:55,2026-10-02 19:10:55,SYSTEM_ETL,SYSTEM_ETL
1673bfff-f4a4-46c8-bf94-277d3aff0ac7,1204,amira.muller@nexuserp.com,$2a$10$8.UnVuG9HHgffUDAlk8qfOuVGkqRzgVymGe07xd0P1R6sKz19lZ2O,True,3,2026-10-02 19:10:55,2026-10-02 19:10:55,SYSTEM_ETL,SYSTEM_ETL
6d3c0ffe-f003-4ba3-b888-71a5db3d3944,1206,jonathan.park@nexuserp.com,$2a$10$8.UnVuG9HHgffUDAlk8qfOuVGkqRzgVymGe07xd0P1R6sKz19lZ2O,True,4,2026-10-02 19:10:55,2026-10-02 19:10:55,SYSTEM_ETL,SYSTEM_ETL
88cf7653-9e4d-4646-8eef-f32426635218,1207,felix.roberts@nexuserp.com,$2a$10$8.UnVuG9HHgffUDAlk8qfOuVGkqRzgVymGe07xd0P1R6sKz19lZ2O,True,4,2026-10-02 19:10:55,2026-10-02 19:10:55,SYSTEM_ETL,SYSTEM_ETL
e69ab118-81d2-424c-9703-772e4c3317f8,1210,ryan.rodriguez@nexuserp.com,$2a$10$8.UnVuG9HHgffUDAlk8qfOuVGkqRzgVymGe07xd0P1R6sKz19lZ2O,False,4,2026-10-02 19:10:55,2026-10-02 19:10:55,SYSTEM_ETL,SYSTEM_ETL
0cc9de4f-6aad-4e9d-ad5e-e4aad2a6b4ad,1211,ethan.santos@nexuserp.com,$2a$10$8.UnVuG9HHgffUDAlk8qfOuVGkqRzgVymGe07xd0P1R6sKz19lZ2O,True,4,2026-10-02 19:10:55,2026-10-02 19:10:55,SYSTEM_ETL,SYSTEM_ETL
cfc63a97-c932-4d5a-a0b7-b11bd41a37c6,1212,mateo.novak@nexuserp.com,$2a$10$8.UnVuG9HHgffUDAlk8qfOuVGkqRzgVymGe07xd0P1R6sKz19lZ2O,True,4,2026-10-02 19:10:55,2026-10-02 19:10:55,SYSTEM_ETL,SYSTEM_ETL
d5519fda-99dc-4067-8919-985c0f308501,1215,mei.chen@nexuserp.com,$2a$10$8.UnVuG9HHgffUDAlk8qfOuVGkqRzgVymGe07xd0P1R6sKz19lZ2O,True,3,2026-10-02 19:10:55,2026-10-02 19:10:55,SYSTEM_ETL,SYSTEM_ETL
f2376f15-fb31-4bb7-8665-bf3ae4cffd65,1216,eric.davis@nexuserp.com,$2a$10$8.UnVuG9HHgffUDAlk8qfOuVGkqRzgVymGe07xd0P1R6sKz19lZ2O,True,4,2026-10-02 19:10:55,2026-10-02 19:10:55,SYSTEM_ETL,SYSTEM_ETL
6ded4848-4c5f-4710-b333-2d455bb7d7de,1217,james.moore@nexuserp.com,$2a$10$8.UnVuG9HHgffUDAlk8qfOuVGkqRzgVymGe07xd0P1R6sKz19lZ2O,True,3,2026-10-02 19:10:55,2026-10-02 19:10:55,SYSTEM_ETL,SYSTEM_ETL
331f1937-7453-4f2f-98c5-31f4ccf36107,1218,timothy.tanaka@nexuserp.com,$2a$10$8.UnVuG9HHgffUDAlk8qfOuVGkqRzgVymGe07xd0P1R6sKz19lZ2O,True,4,2026-10-02 19:10:55,2026-10-02 19:10:55,SYSTEM_ETL,SYSTEM_ETL
90623964-5c11-4418-858d-49953b52176c,1219,amy.johnson@nexuserp.com,$2a$10$8.UnVuG9HHgffUDAlk8qfOuVGkqRzgVymGe07xd0P1R6sKz19lZ2O,False,4,2026-10-02 19:10:55,2026-10-02 19:10:55,SYSTEM_ETL,SYSTEM_ETL
00426dd2-6336-449e-ad8d-f0e5d7c7ef71,1220,lisa.obrien@nexuserp.com,$2a$10$8.UnVuG9HHgffUDAlk8qfOuVGkqRzgVymGe07xd0P1R6sKz19lZ2O,True,4,2026-10-02 19:10:55,2026-10-02 19:10:55,SYSTEM_ETL,SYSTEM_ETL
a5b88729-684b-4241-9a3c-95bc8e4dca6d,1221,oscar.wright@nexuserp.com,$2a$10$8.UnVuG9HHgffUDAlk8qfOuVGkqRzgVymGe07xd0P1R6sKz19lZ2O,True,4,2026-10-02 19:10:55,2026-10-02 19:10:55,SYSTEM_ETL,SYSTEM_ETL
0b037d31-627d-4f04-ad66-4ee9f12f831b,1224,rayan.schmidt@nexuserp.com,$2a$10$8.UnVuG9HHgffUDAlk8qfOuVGkqRzgVymGe07xd0P1R6sKz19lZ2O,True,4,2026-10-02 19:10:55,2026-10-02 19:10:55,SYSTEM_ETL,SYSTEM_ETL
2b25b2c4-a3c6-4258-8968-08e29a0ffea2,1225,tariq.silva@nexuserp.com,$2a$10$8.UnVuG9HHgffUDAlk8qfOuVGkqRzgVymGe07xd0P1R6sKz19lZ2O,True,4,2026-10-02 19:10:55,2026-10-02 19:10:55,SYSTEM_ETL,SYSTEM_ETL
4a662196-4ddb-42ef-950d-44a29b4a756c,1226,mehdi.scott@nexuserp.com,$2a$10$8.UnVuG9HHgffUDAlk8qfOuVGkqRzgVymGe07xd0P1R6sKz19lZ2O,True,4,2026-10-02 19:10:55,2026-10-02 19:10:55,SYSTEM_ETL,SYSTEM_ETL
b786ee55-336a-443f-b443-6a1fea3de022,1228,mehdi.robinson@nexuserp.com,$2a$10$8.UnVuG9HHgffUDAlk8qfOuVGkqRzgVymGe07xd0P1R6sKz19lZ2O,True,4,2026-10-02 19:10:55,2026-10-02 19:10:55,SYSTEM_ETL,SYSTEM_ETL
725ba984-c66b-47e6-bc5f-70afe2d2dc45,1231,joshua.haddad@nexuserp.com,$2a$10$8.UnVuG9HHgffUDAlk8qfOuVGkqRzgVymGe07xd0P1R6sKz19lZ2O,True,2,2026-10-02 19:10:55,2026-10-02 19:10:55,SYSTEM_ETL,SYSTEM_ETL
d6711bee-247e-4836-983d-c1f7194f3944,1233,omar.benali2@nexuserp.com,$2a$10$8.UnVuG9HHgffUDAlk8qfOuVGkqRzgVymGe07xd0P1R6sKz19lZ2O,True,4,2026-10-02 19:10:55,2026-10-02 19:10:55,SYSTEM_ETL,SYSTEM_ETL
9774f9dc-5985-46c9-a1d8-76129496c586,1234,rebecca.torres@nexuserp.com,$2a$10$8.UnVuG9HHgffUDAlk8qfOuVGkqRzgVymGe07xd0P1R6sKz19lZ2O,True,4,2026-10-02 19:10:55,2026-10-02 19:10:55,SYSTEM_ETL,SYSTEM_ETL
bd1d183e-4e81-41d0-ac50-e91546356e39,1235,mary.haddad@nexuserp.com,$2a$10$8.UnVuG9HHgffUDAlk8qfOuVGkqRzgVymGe07xd0P1R6sKz19lZ2O,True,4,2026-10-02 19:10:55,2026-10-02 19:10:55,SYSTEM_ETL,SYSTEM_ETL
78e2e6ea-426e-42f8-a806-7b557ea25e79,1237,chloe.oliveira2@nexuserp.com,$2a$10$8.UnVuG9HHgffUDAlk8qfOuVGkqRzgVymGe07xd0P1R6sKz19lZ2O,True,4,2026-10-02 19:10:55,2026-10-02 19:10:55,SYSTEM_ETL,SYSTEM_ETL
8bdcc923-ec1e-4a95-a940-300daea571c5,1238,eric.adams@nexuserp.com,$2a$10$8.UnVuG9HHgffUDAlk8qfOuVGkqRzgVymGe07xd0P1R6sKz19lZ2O,True,4,2026-10-02 19:10:55,2026-10-02 19:10:55,SYSTEM_ETL,SYSTEM_ETL
46dfb8f4-7e0e-430f-8888-23fa3a7a3707,1239,linda.taylor@nexuserp.com,$2a$10$8.UnVuG9HHgffUDAlk8qfOuVGkqRzgVymGe07xd0P1R6sKz19lZ2O,True,4,2026-10-02 19:10:55,2026-10-02 19:10:55,SYSTEM_ETL,SYSTEM_ETL
b802adc4-2d31-4613-98f8-a36899a92723,1240,andrew.wright@nexuserp.com,$2a$10$8.UnVuG9HHgffUDAlk8qfOuVGkqRzgVymGe07xd0P1R6sKz19lZ2O,True,4,2026-10-02 19:10:55,2026-10-02 19:10:55,SYSTEM_ETL,SYSTEM_ETL
ffc4e77e-4d23-4cfd-bdff-a4e89c500630,1241,kevin.scott@nexuserp.com,$2a$10$8.UnVuG9HHgffUDAlk8qfOuVGkqRzgVymGe07xd0P1R6sKz19lZ2O,True,4,2026-10-02 19:10:55,2026-10-02 19:10:55,SYSTEM_ETL,SYSTEM_ETL
94342c1e-b5d6-44d9-b4e3-797580c54397,1242,manon.hernandez@nexuserp.com,$2a$10$8.UnVuG9HHgffUDAlk8qfOuVGkqRzgVymGe07xd0P1R6sKz19lZ2O,True,3,2026-10-02 19:10:55,2026-10-02 19:10:55,SYSTEM_ETL,SYSTEM_ETL
ae8ad08c-4e03-4624-bbe7-66cb38a2bb01,1243,amanda.anderson2@nexuserp.com,$2a$10$8.UnVuG9HHgffUDAlk8qfOuVGkqRzgVymGe07xd0P1R6sKz19lZ2O,True,4,2026-10-02 19:10:55,2026-10-02 19:10:55,SYSTEM_ETL,SYSTEM_ETL
b386f506-f74b-4b35-8df1-ffb24f79e955,1244,paul.fontaine@nexuserp.com,$2a$10$8.UnVuG9HHgffUDAlk8qfOuVGkqRzgVymGe07xd0P1R6sKz19lZ2O,True,4,2026-10-02 19:10:55,2026-10-02 19:10:55,SYSTEM_ETL,SYSTEM_ETL
784b8074-dfc8-4f0f-8ee1-3343ced3bc89,1245,jennifer.young@nexuserp.com,$2a$10$8.UnVuG9HHgffUDAlk8qfOuVGkqRzgVymGe07xd0P1R6sKz19lZ2O,True,4,2026-10-02 19:10:55,2026-10-02 19:10:55,SYSTEM_ETL,SYSTEM_ETL
5506af92-7608-4466-b2e9-c7080bb4319c,1246,patricia.larsen@nexuserp.com,$2a$10$8.UnVuG9HHgffUDAlk8qfOuVGkqRzgVymGe07xd0P1R6sKz19lZ2O,True,4,2026-10-02 19:10:55,2026-10-02 19:10:55,SYSTEM_ETL,SYSTEM_ETL
b7b81d49-3238-4f20-a017-bec6ae78c8a1,1248,camille.lee@nexuserp.com,$2a$10$8.UnVuG9HHgffUDAlk8qfOuVGkqRzgVymGe07xd0P1R6sKz19lZ2O,False,4,2026-10-02 19:10:55,2026-10-02 19:10:55,SYSTEM_ETL,SYSTEM_ETL
8aa34ff6-f2a1-45c8-9306-e67a75daf5a1,1249,karen.davis@nexuserp.com,$2a$10$8.UnVuG9HHgffUDAlk8qfOuVGkqRzgVymGe07xd0P1R6sKz19lZ2O,True,4,2026-10-02 19:10:55,2026-10-02 19:10:55,SYSTEM_ETL,SYSTEM_ETL
66243c60-5656-4850-a410-311b8089746f,1250,jacob.sato@nexuserp.com,$2a$10$8.UnVuG9HHgffUDAlk8qfOuVGkqRzgVymGe07xd0P1R6sKz19lZ2O,True,3,2026-10-02 19:10:55,2026-10-02 19:10:55,SYSTEM_ETL,SYSTEM_ETL
769b1cd0-ea8e-4a08-ac09-76955f453255,1251,youssef.kowalski@nexuserp.com,$2a$10$8.UnVuG9HHgffUDAlk8qfOuVGkqRzgVymGe07xd0P1R6sKz19lZ2O,True,4,2026-10-02 19:10:55,2026-10-02 19:10:55,SYSTEM_ETL,SYSTEM_ETL
39d49c40-23dc-4926-8dfa-057bd5da8165,1252,melissa.harris@nexuserp.com,$2a$10$8.UnVuG9HHgffUDAlk8qfOuVGkqRzgVymGe07xd0P1R6sKz19lZ2O,True,4,2026-10-02 19:10:55,2026-10-02 19:10:55,SYSTEM_ETL,SYSTEM_ETL
61fe64b6-fa18-4cf0-bdf1-5242ecdf1bc5,1254,anna.moore@nexuserp.com,$2a$10$8.UnVuG9HHgffUDAlk8qfOuVGkqRzgVymGe07xd0P1R6sKz19lZ2O,True,4,2026-10-02 19:10:55,2026-10-02 19:10:55,SYSTEM_ETL,SYSTEM_ETL
6e23aa82-9c3f-4e69-85e5-5263b8fd9035,1255,victor.thomas@nexuserp.com,$2a$10$8.UnVuG9HHgffUDAlk8qfOuVGkqRzgVymGe07xd0P1R6sKz19lZ2O,True,3,2026-10-02 19:10:55,2026-10-02 19:10:55,SYSTEM_ETL,SYSTEM_ETL
ea59adf9-418a-4b6e-a02a-ef61462e6f59,1256,jacob.rivera@nexuserp.com,$2a$10$8.UnVuG9HHgffUDAlk8qfOuVGkqRzgVymGe07xd0P1R6sKz19lZ2O,True,3,2026-10-02 19:10:55,2026-10-02 19:10:55,SYSTEM_ETL,SYSTEM_ETL
4c7c57fa-a105-4a8a-8e53-2ecd5a1fcca2,1257,robert.adams@nexuserp.com,$2a$10$8.UnVuG9HHgffUDAlk8qfOuVGkqRzgVymGe07xd0P1R6sKz19lZ2O,True,4,2026-10-02 19:10:55,2026-10-02 19:10:55,SYSTEM_ETL,SYSTEM_ETL
2aaa7446-47a2-43d0-8631-b3a8254d2d03,1258,ryan.thompson@nexuserp.com,$2a$10$8.UnVuG9HHgffUDAlk8qfOuVGkqRzgVymGe07xd0P1R6sKz19lZ2O,True,4,2026-10-02 19:10:55,2026-10-02 19:10:55,SYSTEM_ETL,SYSTEM_ETL
895ae341-ef26-43fe-b08f-2d086c29813b,1259,richard.brown@nexuserp.com,$2a$10$8.UnVuG9HHgffUDAlk8qfOuVGkqRzgVymGe07xd0P1R6sKz19lZ2O,True,4,2026-10-02 19:10:55,2026-10-02 19:10:55,SYSTEM_ETL,SYSTEM_ETL
6ca68cf9-fd1e-498a-8da8-a9bb5f0b06c7,1260,james.nelson@nexuserp.com,$2a$10$8.UnVuG9HHgffUDAlk8qfOuVGkqRzgVymGe07xd0P1R6sKz19lZ2O,True,4,2026-10-02 19:10:55,2026-10-02 19:10:55,SYSTEM_ETL,SYSTEM_ETL
1dd8b3d7-55aa-47ea-a29a-a0ca9e7ace9e,1263,david.larsen@nexuserp.com,$2a$10$8.UnVuG9HHgffUDAlk8qfOuVGkqRzgVymGe07xd0P1R6sKz19lZ2O,True,3,2026-10-02 19:10:55,2026-10-02 19:10:55,SYSTEM_ETL,SYSTEM_ETL
1172f3f1-18c8-4aeb-b542-81f9a4ea3aa5,1264,sandra.moreau2@nexuserp.com,$2a$10$8.UnVuG9HHgffUDAlk8qfOuVGkqRzgVymGe07xd0P1R6sKz19lZ2O,True,3,2026-10-02 19:10:55,2026-10-02 19:10:55,SYSTEM_ETL,SYSTEM_ETL
4dd45214-fa40-4efb-b3a9-79744c3c66c8,1265,lina.baker@nexuserp.com,$2a$10$8.UnVuG9HHgffUDAlk8qfOuVGkqRzgVymGe07xd0P1R6sKz19lZ2O,True,4,2026-10-02 19:10:55,2026-10-02 19:10:55,SYSTEM_ETL,SYSTEM_ETL
e801bb4c-3924-495a-ad22-d16f35eeb1b5,1267,wei.rodriguez@nexuserp.com,$2a$10$8.UnVuG9HHgffUDAlk8qfOuVGkqRzgVymGe07xd0P1R6sKz19lZ2O,True,3,2026-10-02 19:10:55,2026-10-02 19:10:55,SYSTEM_ETL,SYSTEM_ETL
5bc54b74-8fa2-4bc1-ab8b-857dfca9767b,1268,matthew.thompson@nexuserp.com,$2a$10$8.UnVuG9HHgffUDAlk8qfOuVGkqRzgVymGe07xd0P1R6sKz19lZ2O,True,4,2026-10-02 19:10:55,2026-10-02 19:10:55,SYSTEM_ETL,SYSTEM_ETL
8d570dda-f28a-4417-91c8-e5ad4cc4b0f7,1269,susan.clark@nexuserp.com,$2a$10$8.UnVuG9HHgffUDAlk8qfOuVGkqRzgVymGe07xd0P1R6sKz19lZ2O,True,4,2026-10-02 19:10:55,2026-10-02 19:10:55,SYSTEM_ETL,SYSTEM_ETL
9faddbfd-4e2c-45ef-b11d-0dedd92afe4b,1270,paul.kim@nexuserp.com,$2a$10$8.UnVuG9HHgffUDAlk8qfOuVGkqRzgVymGe07xd0P1R6sKz19lZ2O,True,4,2026-10-02 19:10:55,2026-10-02 19:10:55,SYSTEM_ETL,SYSTEM_ETL
4efe714a-3240-450c-a884-ff1e850b03c1,1273,paul.kowalski@nexuserp.com,$2a$10$8.UnVuG9HHgffUDAlk8qfOuVGkqRzgVymGe07xd0P1R6sKz19lZ2O,False,4,2026-10-02 19:10:55,2026-10-02 19:10:55,SYSTEM_ETL,SYSTEM_ETL
83121e55-ea5f-4b90-b4c2-65fe5c09e1ed,1275,ethan.santos2@nexuserp.com,$2a$10$8.UnVuG9HHgffUDAlk8qfOuVGkqRzgVymGe07xd0P1R6sKz19lZ2O,True,4,2026-10-02 19:10:55,2026-10-02 19:10:55,SYSTEM_ETL,SYSTEM_ETL
93d64615-f86d-4d44-a794-5150c872fb1d,1277,barbara.obrien@nexuserp.com,$2a$10$8.UnVuG9HHgffUDAlk8qfOuVGkqRzgVymGe07xd0P1R6sKz19lZ2O,False,3,2026-10-02 19:10:55,2026-10-02 19:10:55,SYSTEM_ETL,SYSTEM_ETL
3581414c-10b3-4d26-b719-b36233c7eb6d,1278,karim.obrien@nexuserp.com,$2a$10$8.UnVuG9HHgffUDAlk8qfOuVGkqRzgVymGe07xd0P1R6sKz19lZ2O,True,4,2026-10-02 19:10:55,2026-10-02 19:10:55,SYSTEM_ETL,SYSTEM_ETL
588b2031-9bf3-4b40-8e8d-9472b0b6e0e5,1279,melissa.larsen2@nexuserp.com,$2a$10$8.UnVuG9HHgffUDAlk8qfOuVGkqRzgVymGe07xd0P1R6sKz19lZ2O,False,4,2026-10-02 19:10:55,2026-10-02 19:10:55,SYSTEM_ETL,SYSTEM_ETL
da4e8805-7412-4c0d-9f46-c39cbe53bcd5,1280,ines.garcia@nexuserp.com,$2a$10$8.UnVuG9HHgffUDAlk8qfOuVGkqRzgVymGe07xd0P1R6sKz19lZ2O,True,3,2026-10-02 19:10:55,2026-10-02 19:10:55,SYSTEM_ETL,SYSTEM_ETL
f8f193dd-c89a-4f64-b458-b9e572fbc7fa,1281,sharon.lopez@nexuserp.com,$2a$10$8.UnVuG9HHgffUDAlk8qfOuVGkqRzgVymGe07xd0P1R6sKz19lZ2O,True,4,2026-10-02 19:10:55,2026-10-02 19:10:55,SYSTEM_ETL,SYSTEM_ETL
6152cad1-8b41-4b8c-b5c9-1094a8e07824,1282,felix.lewis@nexuserp.com,$2a$10$8.UnVuG9HHgffUDAlk8qfOuVGkqRzgVymGe07xd0P1R6sKz19lZ2O,True,3,2026-10-02 19:10:55,2026-10-02 19:10:55,SYSTEM_ETL,SYSTEM_ETL
831069f1-7a6d-44ee-b983-7048659baddf,1283,matthew.carter2@nexuserp.com,$2a$10$8.UnVuG9HHgffUDAlk8qfOuVGkqRzgVymGe07xd0P1R6sKz19lZ2O,True,4,2026-10-02 19:10:55,2026-10-02 19:10:55,SYSTEM_ETL,SYSTEM_ETL
5ccb9a3c-d291-47be-a016-fc28d42ab5a7,1285,cynthia.davis@nexuserp.com,$2a$10$8.UnVuG9HHgffUDAlk8qfOuVGkqRzgVymGe07xd0P1R6sKz19lZ2O,True,4,2026-10-02 19:10:55,2026-10-02 19:10:55,SYSTEM_ETL,SYSTEM_ETL
20c639af-f1bb-482c-b829-705183c62378,1286,rayan.singh@nexuserp.com,$2a$10$8.UnVuG9HHgffUDAlk8qfOuVGkqRzgVymGe07xd0P1R6sKz19lZ2O,True,4,2026-10-02 19:10:55,2026-10-02 19:10:55,SYSTEM_ETL,SYSTEM_ETL
5665ec6b-c3df-4a50-803b-0d4525565399,1288,noah.mansour@nexuserp.com,$2a$10$8.UnVuG9HHgffUDAlk8qfOuVGkqRzgVymGe07xd0P1R6sKz19lZ2O,True,3,2026-10-02 19:10:55,2026-10-02 19:10:55,SYSTEM_ETL,SYSTEM_ETL
29830ddd-4d34-4770-87bc-7e236e117ea9,1289,george.mitchell@nexuserp.com,$2a$10$8.UnVuG9HHgffUDAlk8qfOuVGkqRzgVymGe07xd0P1R6sKz19lZ2O,True,2,2026-10-02 19:10:55,2026-10-02 19:10:55,SYSTEM_ETL,SYSTEM_ETL
5458a25f-7b82-41fc-929a-63bbfd0afb1a,1291,jonathan.anderson@nexuserp.com,$2a$10$8.UnVuG9HHgffUDAlk8qfOuVGkqRzgVymGe07xd0P1R6sKz19lZ2O,True,4,2026-10-02 19:10:55,2026-10-02 19:10:55,SYSTEM_ETL,SYSTEM_ETL
ae86bf60-d5e1-4a75-ac44-943d2f291843,1292,elizabeth.thompson@nexuserp.com,$2a$10$8.UnVuG9HHgffUDAlk8qfOuVGkqRzgVymGe07xd0P1R6sKz19lZ2O,True,4,2026-10-02 19:10:55,2026-10-02 19:10:55,SYSTEM_ETL,SYSTEM_ETL
1e7607f6-93ee-4bb7-b2fc-fd93aff8e90a,1293,amy.wilson@nexuserp.com,$2a$10$8.UnVuG9HHgffUDAlk8qfOuVGkqRzgVymGe07xd0P1R6sKz19lZ2O,True,4,2026-10-02 19:10:55,2026-10-02 19:10:55,SYSTEM_ETL,SYSTEM_ETL
43a4888d-a524-4c55-9563-4acc68ca389e,1294,barbara.ivanov@nexuserp.com,$2a$10$8.UnVuG9HHgffUDAlk8qfOuVGkqRzgVymGe07xd0P1R6sKz19lZ2O,True,4,2026-10-02 19:10:55,2026-10-02 19:10:55,SYSTEM_ETL,SYSTEM_ETL
1a14bec3-cdc2-4bcc-b483-e304b011f236,1295,laura.benali@nexuserp.com,$2a$10$8.UnVuG9HHgffUDAlk8qfOuVGkqRzgVymGe07xd0P1R6sKz19lZ2O,False,4,2026-10-02 19:10:55,2026-10-02 19:10:55,SYSTEM_ETL,SYSTEM_ETL
314e4408-541a-4777-8cf4-9bb3479a36e3,1296,jonathan.muller@nexuserp.com,$2a$10$8.UnVuG9HHgffUDAlk8qfOuVGkqRzgVymGe07xd0P1R6sKz19lZ2O,True,4,2026-10-02 19:10:55,2026-10-02 19:10:55,SYSTEM_ETL,SYSTEM_ETL
b3e1e303-d778-491c-93ec-15368bb503a0,1297,camille.clark@nexuserp.com,$2a$10$8.UnVuG9HHgffUDAlk8qfOuVGkqRzgVymGe07xd0P1R6sKz19lZ2O,True,4,2026-10-02 19:10:55,2026-10-02 19:10:55,SYSTEM_ETL,SYSTEM_ETL
922028be-8b62-4be9-a6e2-98a53d56ba6f,1298,priya.king@nexuserp.com,$2a$10$8.UnVuG9HHgffUDAlk8qfOuVGkqRzgVymGe07xd0P1R6sKz19lZ2O,True,4,2026-10-02 19:10:55,2026-10-02 19:10:55,SYSTEM_ETL,SYSTEM_ETL
025ef0dd-8a3c-47ba-b227-1eef48c6a0c4,1299,aiko.torres@nexuserp.com,$2a$10$8.UnVuG9HHgffUDAlk8qfOuVGkqRzgVymGe07xd0P1R6sKz19lZ2O,False,4,2026-10-02 19:10:55,2026-10-02 19:10:55,SYSTEM_ETL,SYSTEM_ETL
bd6b845e-7d8e-4a6e-9a0f-0cc8764a1f10,1301,william.sato@nexuserp.com,$2a$10$8.UnVuG9HHgffUDAlk8qfOuVGkqRzgVymGe07xd0P1R6sKz19lZ2O,True,4,2026-10-02 19:10:55,2026-10-02 19:10:55,SYSTEM_ETL,SYSTEM_ETL
050a6bd4-2213-4b79-881a-ddf8f270b297,1303,patricia.kim2@nexuserp.com,$2a$10$8.UnVuG9HHgffUDAlk8qfOuVGkqRzgVymGe07xd0P1R6sKz19lZ2O,True,4,2026-10-02 19:10:55,2026-10-02 19:10:55,SYSTEM_ETL,SYSTEM_ETL
b000be81-49c3-4589-9baa-2773c3e26496,1304,robert.moore@nexuserp.com,$2a$10$8.UnVuG9HHgffUDAlk8qfOuVGkqRzgVymGe07xd0P1R6sKz19lZ2O,True,4,2026-10-02 19:10:55,2026-10-02 19:10:55,SYSTEM_ETL,SYSTEM_ETL
1e754bba-352f-4b8b-a2db-4d5e5a9771c1,1306,yasmine.jensen@nexuserp.com,$2a$10$8.UnVuG9HHgffUDAlk8qfOuVGkqRzgVymGe07xd0P1R6sKz19lZ2O,True,3,2026-10-02 19:10:55,2026-10-02 19:10:55,SYSTEM_ETL,SYSTEM_ETL
77db23f6-0dde-4b6e-a44c-16db37bb08bb,1307,sharon.martinez@nexuserp.com,$2a$10$8.UnVuG9HHgffUDAlk8qfOuVGkqRzgVymGe07xd0P1R6sKz19lZ2O,True,3,2026-10-02 19:10:55,2026-10-02 19:10:55,SYSTEM_ETL,SYSTEM_ETL
805bff4b-5d87-4141-bb9a-a863f6b486f9,1308,matthew.silva@nexuserp.com,$2a$10$8.UnVuG9HHgffUDAlk8qfOuVGkqRzgVymGe07xd0P1R6sKz19lZ2O,True,4,2026-10-02 19:10:55,2026-10-02 19:10:55,SYSTEM_ETL,SYSTEM_ETL
d5be3c88-b40c-4213-965b-02f2fa015e9e,1309,lucas.rodriguez@nexuserp.com,$2a$10$8.UnVuG9HHgffUDAlk8qfOuVGkqRzgVymGe07xd0P1R6sKz19lZ2O,False,4,2026-10-02 19:10:55,2026-10-02 19:10:55,SYSTEM_ETL,SYSTEM_ETL
36984b17-c93f-4b0f-b2b8-3aa37f296c2c,1310,brian.white@nexuserp.com,$2a$10$8.UnVuG9HHgffUDAlk8qfOuVGkqRzgVymGe07xd0P1R6sKz19lZ2O,False,4,2026-10-02 19:10:55,2026-10-02 19:10:55,SYSTEM_ETL,SYSTEM_ETL
e80cbdde-a8b4-41e8-872c-9942337dd41c,1311,sarah.singh@nexuserp.com,$2a$10$8.UnVuG9HHgffUDAlk8qfOuVGkqRzgVymGe07xd0P1R6sKz19lZ2O,True,4,2026-10-02 19:10:55,2026-10-02 19:10:55,SYSTEM_ETL,SYSTEM_ETL
89e6b836-543c-4aa2-8b49-ce10c32a47ee,1312,yasmine.thomas@nexuserp.com,$2a$10$8.UnVuG9HHgffUDAlk8qfOuVGkqRzgVymGe07xd0P1R6sKz19lZ2O,True,4,2026-10-02 19:10:55,2026-10-02 19:10:55,SYSTEM_ETL,SYSTEM_ETL
4ab5fb01-226b-4b4e-bdd7-24a2b379a461,1314,amira.nguyen@nexuserp.com,$2a$10$8.UnVuG9HHgffUDAlk8qfOuVGkqRzgVymGe07xd0P1R6sKz19lZ2O,True,4,2026-10-02 19:10:55,2026-10-02 19:10:55,SYSTEM_ETL,SYSTEM_ETL
14d54c21-02bc-4e62-a44a-7c309cbd80ce,1315,linda.flores@nexuserp.com,$2a$10$8.UnVuG9HHgffUDAlk8qfOuVGkqRzgVymGe07xd0P1R6sKz19lZ2O,True,4,2026-10-02 19:10:55,2026-10-02 19:10:55,SYSTEM_ETL,SYSTEM_ETL
fd299c14-30d9-491d-9a53-b2308d102530,1317,karen.lee@nexuserp.com,$2a$10$8.UnVuG9HHgffUDAlk8qfOuVGkqRzgVymGe07xd0P1R6sKz19lZ2O,True,3,2026-10-02 19:10:55,2026-10-02 19:10:55,SYSTEM_ETL,SYSTEM_ETL
26bfb126-9a78-40b6-bac9-dfce0770efce,1318,arjun.russo@nexuserp.com,$2a$10$8.UnVuG9HHgffUDAlk8qfOuVGkqRzgVymGe07xd0P1R6sKz19lZ2O,False,4,2026-10-02 19:10:55,2026-10-02 19:10:55,SYSTEM_ETL,SYSTEM_ETL
dd3f5479-06d1-4fa9-baa6-26ba15bb256e,1319,richard.ivanov@nexuserp.com,$2a$10$8.UnVuG9HHgffUDAlk8qfOuVGkqRzgVymGe07xd0P1R6sKz19lZ2O,False,4,2026-10-02 19:10:55,2026-10-02 19:10:55,SYSTEM_ETL,SYSTEM_ETL
78c5ce75-4ba1-444e-83aa-392b6bb8f085,1321,chloe.novak@nexuserp.com,$2a$10$8.UnVuG9HHgffUDAlk8qfOuVGkqRzgVymGe07xd0P1R6sKz19lZ2O,True,3,2026-10-02 19:10:55,2026-10-02 19:10:55,SYSTEM_ETL,SYSTEM_ETL
1e0cd648-acc7-4acb-b399-c74bcad79e10,1322,noah.young@nexuserp.com,$2a$10$8.UnVuG9HHgffUDAlk8qfOuVGkqRzgVymGe07xd0P1R6sKz19lZ2O,True,4,2026-10-02 19:10:55,2026-10-02 19:10:55,SYSTEM_ETL,SYSTEM_ETL
1b9b4b97-ed2a-486a-8a96-757f9e74add3,1324,olivia.campbell@nexuserp.com,$2a$10$8.UnVuG9HHgffUDAlk8qfOuVGkqRzgVymGe07xd0P1R6sKz19lZ2O,True,4,2026-10-02 19:10:55,2026-10-02 19:10:55,SYSTEM_ETL,SYSTEM_ETL
b62eaf4b-d59e-4cb0-935b-3b212416b8bb,1329,hugo.lee@nexuserp.com,$2a$10$8.UnVuG9HHgffUDAlk8qfOuVGkqRzgVymGe07xd0P1R6sKz19lZ2O,True,4,2026-10-02 19:10:55,2026-10-02 19:10:55,SYSTEM_ETL,SYSTEM_ETL
f692d24f-3207-491f-aef0-89fc62a4156f,1331,amanda.lee@nexuserp.com,$2a$10$8.UnVuG9HHgffUDAlk8qfOuVGkqRzgVymGe07xd0P1R6sKz19lZ2O,False,4,2026-10-02 19:10:55,2026-10-02 19:10:55,SYSTEM_ETL,SYSTEM_ETL
51d8ae74-6d2a-4bc6-8a26-370e03552b0c,1333,steven.wilson@nexuserp.com,$2a$10$8.UnVuG9HHgffUDAlk8qfOuVGkqRzgVymGe07xd0P1R6sKz19lZ2O,False,4,2026-10-02 19:10:55,2026-10-02 19:10:55,SYSTEM_ETL,SYSTEM_ETL
d06f6889-0435-4da1-9cdb-5178975888c5,1334,john.jensen@nexuserp.com,$2a$10$8.UnVuG9HHgffUDAlk8qfOuVGkqRzgVymGe07xd0P1R6sKz19lZ2O,True,3,2026-10-02 19:10:55,2026-10-02 19:10:55,SYSTEM_ETL,SYSTEM_ETL
5e9d2516-472c-4cd9-9a3d-6e8d190693de,1336,linda.silva@nexuserp.com,$2a$10$8.UnVuG9HHgffUDAlk8qfOuVGkqRzgVymGe07xd0P1R6sKz19lZ2O,True,3,2026-10-02 19:10:55,2026-10-02 19:10:55,SYSTEM_ETL,SYSTEM_ETL
f1249b99-0795-49d2-a648-f33b4ac998df,1338,james.park@nexuserp.com,$2a$10$8.UnVuG9HHgffUDAlk8qfOuVGkqRzgVymGe07xd0P1R6sKz19lZ2O,True,1,2026-10-02 19:10:55,2026-10-02 19:10:55,SYSTEM_ETL,SYSTEM_ETL
a8146bd1-820a-4986-829c-a4c060e3ec91,1340,andrew.rivera2@nexuserp.com,$2a$10$8.UnVuG9HHgffUDAlk8qfOuVGkqRzgVymGe07xd0P1R6sKz19lZ2O,True,4,2026-10-02 19:10:55,2026-10-02 19:10:55,SYSTEM_ETL,SYSTEM_ETL
5b2aec4b-df81-413d-9c0c-d6f64423c1a0,1344,steven.baker@nexuserp.com,$2a$10$8.UnVuG9HHgffUDAlk8qfOuVGkqRzgVymGe07xd0P1R6sKz19lZ2O,True,4,2026-10-02 19:10:55,2026-10-02 19:10:55,SYSTEM_ETL,SYSTEM_ETL
1885f795-a836-4109-90e4-5045ca500d87,1346,ryan.campbell@nexuserp.com,$2a$10$8.UnVuG9HHgffUDAlk8qfOuVGkqRzgVymGe07xd0P1R6sKz19lZ2O,True,4,2026-10-02 19:10:55,2026-10-02 19:10:55,SYSTEM_ETL,SYSTEM_ETL
3293cb4c-4927-4bcf-ad31-ea299dda9769,1349,rebecca.campbell@nexuserp.com,$2a$10$8.UnVuG9HHgffUDAlk8qfOuVGkqRzgVymGe07xd0P1R6sKz19lZ2O,True,4,2026-10-02 19:10:55,2026-10-02 19:10:55,SYSTEM_ETL,SYSTEM_ETL
e11f3c99-9dee-4132-8d99-1f5f96808be9,1350,ivan.hill@nexuserp.com,$2a$10$8.UnVuG9HHgffUDAlk8qfOuVGkqRzgVymGe07xd0P1R6sKz19lZ2O,True,4,2026-10-02 19:10:55,2026-10-02 19:10:55,SYSTEM_ETL,SYSTEM_ETL
073f87e3-95a2-4b62-9af5-cc7bb579f3ff,1352,kevin.hernandez@nexuserp.com,$2a$10$8.UnVuG9HHgffUDAlk8qfOuVGkqRzgVymGe07xd0P1R6sKz19lZ2O,True,2,2026-10-02 19:10:55,2026-10-02 19:10:55,SYSTEM_ETL,SYSTEM_ETL
0f601671-6dde-4bb5-8efe-6bd7eb92a8b2,1355,melissa.hernandez@nexuserp.com,$2a$10$8.UnVuG9HHgffUDAlk8qfOuVGkqRzgVymGe07xd0P1R6sKz19lZ2O,True,4,2026-10-02 19:10:55,2026-10-02 19:10:55,SYSTEM_ETL,SYSTEM_ETL
132efa99-f83f-4ae6-bbbf-2a0cd23ffcff,1356,karen.larsen@nexuserp.com,$2a$10$8.UnVuG9HHgffUDAlk8qfOuVGkqRzgVymGe07xd0P1R6sKz19lZ2O,True,4,2026-10-02 19:10:55,2026-10-02 19:10:55,SYSTEM_ETL,SYSTEM_ETL
b2c7640a-7bba-4f7d-8a4f-4ad523696bda,1358,david.nelson@nexuserp.com,$2a$10$8.UnVuG9HHgffUDAlk8qfOuVGkqRzgVymGe07xd0P1R6sKz19lZ2O,True,4,2026-10-02 19:10:55,2026-10-02 19:10:55,SYSTEM_ETL,SYSTEM_ETL
e0877570-eb06-437a-a180-7041ad472545,1360,aiko.larsen@nexuserp.com,$2a$10$8.UnVuG9HHgffUDAlk8qfOuVGkqRzgVymGe07xd0P1R6sKz19lZ2O,False,4,2026-10-02 19:10:55,2026-10-02 19:10:55,SYSTEM_ETL,SYSTEM_ETL
8d6ba591-56c6-4746-b0a5-019d3958862b,1361,joseph.anderson@nexuserp.com,$2a$10$8.UnVuG9HHgffUDAlk8qfOuVGkqRzgVymGe07xd0P1R6sKz19lZ2O,True,4,2026-10-02 19:10:55,2026-10-02 19:10:55,SYSTEM_ETL,SYSTEM_ETL
398c9cad-b185-4c5b-9fc0-1ec3cbd10cf7,1362,laura.carter@nexuserp.com,$2a$10$8.UnVuG9HHgffUDAlk8qfOuVGkqRzgVymGe07xd0P1R6sKz19lZ2O,True,4,2026-10-02 19:10:55,2026-10-02 19:10:55,SYSTEM_ETL,SYSTEM_ETL
6d6d4934-ff95-4b5a-bd9a-3fcd199fd68a,1363,felix.moore@nexuserp.com,$2a$10$8.UnVuG9HHgffUDAlk8qfOuVGkqRzgVymGe07xd0P1R6sKz19lZ2O,True,4,2026-10-02 19:10:55,2026-10-02 19:10:55,SYSTEM_ETL,SYSTEM_ETL
af8357d4-42b7-4c35-8b01-b65eabeaff23,1364,sarah.thompson@nexuserp.com,$2a$10$8.UnVuG9HHgffUDAlk8qfOuVGkqRzgVymGe07xd0P1R6sKz19lZ2O,True,4,2026-10-02 19:10:55,2026-10-02 19:10:55,SYSTEM_ETL,SYSTEM_ETL
55aa69a6-1044-4fbe-974f-74087cc773af,1367,mei.williams2@nexuserp.com,$2a$10$8.UnVuG9HHgffUDAlk8qfOuVGkqRzgVymGe07xd0P1R6sKz19lZ2O,True,4,2026-10-02 19:10:55,2026-10-02 19:10:55,SYSTEM_ETL,SYSTEM_ETL
7a119b9f-9d49-4e4e-b469-9a8624b3aa38,1368,rebecca.martinez@nexuserp.com,$2a$10$8.UnVuG9HHgffUDAlk8qfOuVGkqRzgVymGe07xd0P1R6sKz19lZ2O,True,4,2026-10-02 19:10:55,2026-10-02 19:10:55,SYSTEM_ETL,SYSTEM_ETL
99359c86-35ed-4897-887b-a69c8d24d456,1369,jessica.costa@nexuserp.com,$2a$10$8.UnVuG9HHgffUDAlk8qfOuVGkqRzgVymGe07xd0P1R6sKz19lZ2O,True,4,2026-10-02 19:10:55,2026-10-02 19:10:55,SYSTEM_ETL,SYSTEM_ETL
5dde54fc-499e-4506-aff6-67b965663b16,1371,james.robinson@nexuserp.com,$2a$10$8.UnVuG9HHgffUDAlk8qfOuVGkqRzgVymGe07xd0P1R6sKz19lZ2O,True,4,2026-10-02 19:10:55,2026-10-02 19:10:55,SYSTEM_ETL,SYSTEM_ETL
c85e56be-63a8-466e-8490-9833b847f793,1372,diego.haddad@nexuserp.com,$2a$10$8.UnVuG9HHgffUDAlk8qfOuVGkqRzgVymGe07xd0P1R6sKz19lZ2O,False,4,2026-10-02 19:10:55,2026-10-02 19:10:55,SYSTEM_ETL,SYSTEM_ETL
f4053b19-e45d-4b1d-840f-0181799f41fc,1373,michael.adams2@nexuserp.com,$2a$10$8.UnVuG9HHgffUDAlk8qfOuVGkqRzgVymGe07xd0P1R6sKz19lZ2O,True,4,2026-10-02 19:10:55,2026-10-02 19:10:55,SYSTEM_ETL,SYSTEM_ETL
6a805bd8-6541-40ed-97c4-aabd5d2c136f,1374,alice.torres2@nexuserp.com,$2a$10$8.UnVuG9HHgffUDAlk8qfOuVGkqRzgVymGe07xd0P1R6sKz19lZ2O,True,4,2026-10-02 19:10:55,2026-10-02 19:10:55,SYSTEM_ETL,SYSTEM_ETL
b6b1a0cd-7338-45e6-9115-afde46de29bd,1375,olivia.campbell2@nexuserp.com,$2a$10$8.UnVuG9HHgffUDAlk8qfOuVGkqRzgVymGe07xd0P1R6sKz19lZ2O,True,4,2026-10-02 19:10:55,2026-10-02 19:10:55,SYSTEM_ETL,SYSTEM_ETL
c01a1e8a-2c40-41bf-9860-01073f691839,1377,luca.thomas@nexuserp.com,$2a$10$8.UnVuG9HHgffUDAlk8qfOuVGkqRzgVymGe07xd0P1R6sKz19lZ2O,True,4,2026-10-02 19:10:55,2026-10-02 19:10:55,SYSTEM_ETL,SYSTEM_ETL
b8d16c51-679b-42e5-b864-162c1b5db917,1379,aiko.murphy@nexuserp.com,$2a$10$8.UnVuG9HHgffUDAlk8qfOuVGkqRzgVymGe07xd0P1R6sKz19lZ2O,False,4,2026-10-02 19:10:55,2026-10-02 19:10:55,SYSTEM_ETL,SYSTEM_ETL
45ed836a-162f-4e06-a25c-b4c169b6de9b,1380,jessica.patel@nexuserp.com,$2a$10$8.UnVuG9HHgffUDAlk8qfOuVGkqRzgVymGe07xd0P1R6sKz19lZ2O,False,4,2026-10-02 19:10:55,2026-10-02 19:10:55,SYSTEM_ETL,SYSTEM_ETL
a786c2a2-43f0-4a53-9323-5e154bb649db,1382,rayan.tanaka@nexuserp.com,$2a$10$8.UnVuG9HHgffUDAlk8qfOuVGkqRzgVymGe07xd0P1R6sKz19lZ2O,True,4,2026-10-02 19:10:55,2026-10-02 19:10:55,SYSTEM_ETL,SYSTEM_ETL
a3d51451-2218-443b-b0f6-52b1be98e230,1383,laura.adams2@nexuserp.com,$2a$10$8.UnVuG9HHgffUDAlk8qfOuVGkqRzgVymGe07xd0P1R6sKz19lZ2O,True,4,2026-10-02 19:10:55,2026-10-02 19:10:55,SYSTEM_ETL,SYSTEM_ETL
a4d0a72f-9c3d-4084-8db7-8ec3b3928fab,1387,ivan.wilson@nexuserp.com,$2a$10$8.UnVuG9HHgffUDAlk8qfOuVGkqRzgVymGe07xd0P1R6sKz19lZ2O,True,4,2026-10-02 19:10:55,2026-10-02 19:10:55,SYSTEM_ETL,SYSTEM_ETL
a911011b-d47b-4f45-b3fc-3e201cc6cff1,1389,ivan.costa@nexuserp.com,$2a$10$8.UnVuG9HHgffUDAlk8qfOuVGkqRzgVymGe07xd0P1R6sKz19lZ2O,False,4,2026-10-02 19:10:55,2026-10-02 19:10:55,SYSTEM_ETL,SYSTEM_ETL
cd4f19e3-c13f-45e5-b930-656cfa8cfebf,1390,mateo.young@nexuserp.com,$2a$10$8.UnVuG9HHgffUDAlk8qfOuVGkqRzgVymGe07xd0P1R6sKz19lZ2O,True,4,2026-10-02 19:10:55,2026-10-02 19:10:55,SYSTEM_ETL,SYSTEM_ETL
2a5a647f-d364-44ac-80ad-85a6f8b94d11,1391,samuel.jones@nexuserp.com,$2a$10$8.UnVuG9HHgffUDAlk8qfOuVGkqRzgVymGe07xd0P1R6sKz19lZ2O,True,4,2026-10-02 19:10:55,2026-10-02 19:10:55,SYSTEM_ETL,SYSTEM_ETL
240b7cba-5b46-4746-bd1b-28c5c883963e,1392,hana.young@nexuserp.com,$2a$10$8.UnVuG9HHgffUDAlk8qfOuVGkqRzgVymGe07xd0P1R6sKz19lZ2O,True,4,2026-10-02 19:10:55,2026-10-02 19:10:55,SYSTEM_ETL,SYSTEM_ETL
8240a2c5-d2fe-4f8c-8d9d-886a749027df,1394,robert.chen@nexuserp.com,$2a$10$8.UnVuG9HHgffUDAlk8qfOuVGkqRzgVymGe07xd0P1R6sKz19lZ2O,True,4,2026-10-02 19:10:55,2026-10-02 19:10:55,SYSTEM_ETL,SYSTEM_ETL
113c4f37-b175-4540-a98d-fdd93b04daba,1395,ahmed.mansour@nexuserp.com,$2a$10$8.UnVuG9HHgffUDAlk8qfOuVGkqRzgVymGe07xd0P1R6sKz19lZ2O,True,4,2026-10-02 19:10:55,2026-10-02 19:10:55,SYSTEM_ETL,SYSTEM_ETL
6ca09f22-0b36-4557-b5e9-34a9c77bbec7,1396,robert.sato@nexuserp.com,$2a$10$8.UnVuG9HHgffUDAlk8qfOuVGkqRzgVymGe07xd0P1R6sKz19lZ2O,True,4,2026-10-02 19:10:55,2026-10-02 19:10:55,SYSTEM_ETL,SYSTEM_ETL
b8629135-417c-4803-9113-c8eab7fad03f,1397,mehdi.chen@nexuserp.com,$2a$10$8.UnVuG9HHgffUDAlk8qfOuVGkqRzgVymGe07xd0P1R6sKz19lZ2O,True,4,2026-10-02 19:10:55,2026-10-02 19:10:55,SYSTEM_ETL,SYSTEM_ETL
4955c82b-d542-4ee1-a794-839ddb4db326,1399,ivan.moore@nexuserp.com,$2a$10$8.UnVuG9HHgffUDAlk8qfOuVGkqRzgVymGe07xd0P1R6sKz19lZ2O,True,4,2026-10-02 19:10:55,2026-10-02 19:10:55,SYSTEM_ETL,SYSTEM_ETL
eb67a368-c952-4bc7-b2da-73f57ae67123,1401,lisa.costa@nexuserp.com,$2a$10$8.UnVuG9HHgffUDAlk8qfOuVGkqRzgVymGe07xd0P1R6sKz19lZ2O,True,4,2026-10-02 19:10:55,2026-10-02 19:10:55,SYSTEM_ETL,SYSTEM_ETL
f736bf0f-05c1-4b0d-8572-60b876c7c689,1402,olivia.flores@nexuserp.com,$2a$10$8.UnVuG9HHgffUDAlk8qfOuVGkqRzgVymGe07xd0P1R6sKz19lZ2O,True,4,2026-10-02 19:10:55,2026-10-02 19:10:55,SYSTEM_ETL,SYSTEM_ETL
adc7fdcc-3151-444b-9e61-3acf08f979c8,1403,emily.dubois@nexuserp.com,$2a$10$8.UnVuG9HHgffUDAlk8qfOuVGkqRzgVymGe07xd0P1R6sKz19lZ2O,True,4,2026-10-02 19:10:55,2026-10-02 19:10:55,SYSTEM_ETL,SYSTEM_ETL
63f36b36-06c0-4a6b-a2b5-d59a431b8a23,1405,lea.smith@nexuserp.com,$2a$10$8.UnVuG9HHgffUDAlk8qfOuVGkqRzgVymGe07xd0P1R6sKz19lZ2O,False,4,2026-10-02 19:10:55,2026-10-02 19:10:55,SYSTEM_ETL,SYSTEM_ETL
e089a1d1-c111-4f6b-95c0-bea1ac3505e0,1407,samuel.murphy@nexuserp.com,$2a$10$8.UnVuG9HHgffUDAlk8qfOuVGkqRzgVymGe07xd0P1R6sKz19lZ2O,True,4,2026-10-02 19:10:55,2026-10-02 19:10:55,SYSTEM_ETL,SYSTEM_ETL
e789d046-8864-4d61-a763-0a472b6e57d4,1408,emily.harris@nexuserp.com,$2a$10$8.UnVuG9HHgffUDAlk8qfOuVGkqRzgVymGe07xd0P1R6sKz19lZ2O,True,2,2026-10-02 19:10:55,2026-10-02 19:10:55,SYSTEM_ETL,SYSTEM_ETL
971b35da-bd22-4736-b6fa-6f4586ac4bc2,1409,mei.jones@nexuserp.com,$2a$10$8.UnVuG9HHgffUDAlk8qfOuVGkqRzgVymGe07xd0P1R6sKz19lZ2O,True,4,2026-10-02 19:10:55,2026-10-02 19:10:55,SYSTEM_ETL,SYSTEM_ETL
d714c901-1024-4e03-a98b-dcb0049d073d,1411,rebecca.green@nexuserp.com,$2a$10$8.UnVuG9HHgffUDAlk8qfOuVGkqRzgVymGe07xd0P1R6sKz19lZ2O,True,4,2026-10-02 19:10:55,2026-10-02 19:10:55,SYSTEM_ETL,SYSTEM_ETL
ff91693f-8afe-435f-b8c6-e49a137bc423,1412,adam.hernandez@nexuserp.com,$2a$10$8.UnVuG9HHgffUDAlk8qfOuVGkqRzgVymGe07xd0P1R6sKz19lZ2O,True,4,2026-10-02 19:10:55,2026-10-02 19:10:55,SYSTEM_ETL,SYSTEM_ETL
03bf5346-90b3-4fc5-91d3-57386ffcc825,1415,timothy.wilson@nexuserp.com,$2a$10$8.UnVuG9HHgffUDAlk8qfOuVGkqRzgVymGe07xd0P1R6sKz19lZ2O,True,4,2026-10-02 19:10:55,2026-10-02 19:10:55,SYSTEM_ETL,SYSTEM_ETL
f226ea62-357f-470c-94b2-50f3594c27da,1417,adam.khalil@nexuserp.com,$2a$10$8.UnVuG9HHgffUDAlk8qfOuVGkqRzgVymGe07xd0P1R6sKz19lZ2O,True,4,2026-10-02 19:10:55,2026-10-02 19:10:55,SYSTEM_ETL,SYSTEM_ETL
c01b18a3-0105-4b85-bcb0-151092b71bfa,1419,nicholas.scott@nexuserp.com,$2a$10$8.UnVuG9HHgffUDAlk8qfOuVGkqRzgVymGe07xd0P1R6sKz19lZ2O,True,2,2026-10-02 19:10:55,2026-10-02 19:10:55,SYSTEM_ETL,SYSTEM_ETL
0b04630f-2626-4636-b569-4bb65b4053f6,1420,joseph.costa@nexuserp.com,$2a$10$8.UnVuG9HHgffUDAlk8qfOuVGkqRzgVymGe07xd0P1R6sKz19lZ2O,False,4,2026-10-02 19:10:55,2026-10-02 19:10:55,SYSTEM_ETL,SYSTEM_ETL
5aae4619-8f4c-4054-b2fa-2192461eb9c5,1421,amira.robinson@nexuserp.com,$2a$10$8.UnVuG9HHgffUDAlk8qfOuVGkqRzgVymGe07xd0P1R6sKz19lZ2O,False,4,2026-10-02 19:10:55,2026-10-02 19:10:55,SYSTEM_ETL,SYSTEM_ETL
5932dfe4-3f6a-4caa-8961-786ea16acded,1422,sharon.muller@nexuserp.com,$2a$10$8.UnVuG9HHgffUDAlk8qfOuVGkqRzgVymGe07xd0P1R6sKz19lZ2O,True,3,2026-10-02 19:10:55,2026-10-02 19:10:55,SYSTEM_ETL,SYSTEM_ETL
f7665cec-d37a-4e5d-973e-ac9e9350338c,1423,nour.green@nexuserp.com,$2a$10$8.UnVuG9HHgffUDAlk8qfOuVGkqRzgVymGe07xd0P1R6sKz19lZ2O,True,3,2026-10-02 19:10:55,2026-10-02 19:10:55,SYSTEM_ETL,SYSTEM_ETL
b5c0cd18-9c94-4949-9fe6-6b2fc28762f0,1424,paul.moreau@nexuserp.com,$2a$10$8.UnVuG9HHgffUDAlk8qfOuVGkqRzgVymGe07xd0P1R6sKz19lZ2O,True,3,2026-10-02 19:10:55,2026-10-02 19:10:55,SYSTEM_ETL,SYSTEM_ETL
b49ff765-6c73-4d0e-8854-411fe6a013a1,1425,amira.trabelsi@nexuserp.com,$2a$10$8.UnVuG9HHgffUDAlk8qfOuVGkqRzgVymGe07xd0P1R6sKz19lZ2O,True,4,2026-10-02 19:10:55,2026-10-02 19:10:55,SYSTEM_ETL,SYSTEM_ETL
61232201-1bb4-4fe4-99f1-19ff2b69d5f3,1427,linda.adams@nexuserp.com,$2a$10$8.UnVuG9HHgffUDAlk8qfOuVGkqRzgVymGe07xd0P1R6sKz19lZ2O,False,4,2026-10-02 19:10:55,2026-10-02 19:10:55,SYSTEM_ETL,SYSTEM_ETL
e6bbdec0-2115-42dd-85ab-962cecaed18b,1428,yasmine.larsen@nexuserp.com,$2a$10$8.UnVuG9HHgffUDAlk8qfOuVGkqRzgVymGe07xd0P1R6sKz19lZ2O,True,4,2026-10-02 19:10:55,2026-10-02 19:10:55,SYSTEM_ETL,SYSTEM_ETL
bb05984c-a804-4a0e-a7c6-02ba60f36113,1430,olivia.young@nexuserp.com,$2a$10$8.UnVuG9HHgffUDAlk8qfOuVGkqRzgVymGe07xd0P1R6sKz19lZ2O,True,3,2026-10-02 19:10:55,2026-10-02 19:10:55,SYSTEM_ETL,SYSTEM_ETL
dd98d26d-ec0f-41bd-a8a6-ee24262822a2,1431,samuel.thomas@nexuserp.com,$2a$10$8.UnVuG9HHgffUDAlk8qfOuVGkqRzgVymGe07xd0P1R6sKz19lZ2O,True,4,2026-10-02 19:10:55,2026-10-02 19:10:55,SYSTEM_ETL,SYSTEM_ETL
c835aa1b-0d1e-43e9-83a4-e994c964acae,1433,elizabeth.fontaine@nexuserp.com,$2a$10$8.UnVuG9HHgffUDAlk8qfOuVGkqRzgVymGe07xd0P1R6sKz19lZ2O,False,4,2026-10-02 19:10:55,2026-10-02 19:10:55,SYSTEM_ETL,SYSTEM_ETL
7cc2626c-571a-4ed6-8ba1-0b980e6b64c3,1434,oscar.singh@nexuserp.com,$2a$10$8.UnVuG9HHgffUDAlk8qfOuVGkqRzgVymGe07xd0P1R6sKz19lZ2O,True,4,2026-10-02 19:10:55,2026-10-02 19:10:55,SYSTEM_ETL,SYSTEM_ETL
61d899e8-509a-4bc1-a50e-5eaca5ceea22,1435,youssef.brown@nexuserp.com,$2a$10$8.UnVuG9HHgffUDAlk8qfOuVGkqRzgVymGe07xd0P1R6sKz19lZ2O,True,4,2026-10-02 19:10:55,2026-10-02 19:10:55,SYSTEM_ETL,SYSTEM_ETL
b58727b1-82d9-4aed-b37b-2df57e6fb71e,1436,zoe.flores@nexuserp.com,$2a$10$8.UnVuG9HHgffUDAlk8qfOuVGkqRzgVymGe07xd0P1R6sKz19lZ2O,True,4,2026-10-02 19:10:55,2026-10-02 19:10:55,SYSTEM_ETL,SYSTEM_ETL
09b87d1f-f2fa-42e5-8476-957e3ac35632,1438,steven.silva@nexuserp.com,$2a$10$8.UnVuG9HHgffUDAlk8qfOuVGkqRzgVymGe07xd0P1R6sKz19lZ2O,True,4,2026-10-02 19:10:55,2026-10-02 19:10:55,SYSTEM_ETL,SYSTEM_ETL
7a368c85-8974-4eeb-a74a-6bf61cba4bfd,1439,noah.tanaka@nexuserp.com,$2a$10$8.UnVuG9HHgffUDAlk8qfOuVGkqRzgVymGe07xd0P1R6sKz19lZ2O,False,4,2026-10-02 19:10:55,2026-10-02 19:10:55,SYSTEM_ETL,SYSTEM_ETL
6047bb50-c30e-4502-8d8c-c5bc2b28e32a,1440,mark.murphy@nexuserp.com,$2a$10$8.UnVuG9HHgffUDAlk8qfOuVGkqRzgVymGe07xd0P1R6sKz19lZ2O,True,4,2026-10-02 19:10:55,2026-10-02 19:10:55,SYSTEM_ETL,SYSTEM_ETL
532dfdfc-c526-46a4-9ebe-194f19244090,1441,amy.campbell@nexuserp.com,$2a$10$8.UnVuG9HHgffUDAlk8qfOuVGkqRzgVymGe07xd0P1R6sKz19lZ2O,True,4,2026-10-02 19:10:55,2026-10-02 19:10:55,SYSTEM_ETL,SYSTEM_ETL
164d2174-8fe5-4b61-bba0-d06e19df7de2,1443,lea.moreau@nexuserp.com,$2a$10$8.UnVuG9HHgffUDAlk8qfOuVGkqRzgVymGe07xd0P1R6sKz19lZ2O,True,3,2026-10-02 19:10:55,2026-10-02 19:10:55,SYSTEM_ETL,SYSTEM_ETL
dbb1a022-a925-437a-bf96-bc43f4198b2c,1445,sarah.lewis@nexuserp.com,$2a$10$8.UnVuG9HHgffUDAlk8qfOuVGkqRzgVymGe07xd0P1R6sKz19lZ2O,True,4,2026-10-02 19:10:55,2026-10-02 19:10:55,SYSTEM_ETL,SYSTEM_ETL
f90becae-8549-463d-91cd-9f94665059b7,1446,kevin.jensen@nexuserp.com,$2a$10$8.UnVuG9HHgffUDAlk8qfOuVGkqRzgVymGe07xd0P1R6sKz19lZ2O,True,4,2026-10-02 19:10:55,2026-10-02 19:10:55,SYSTEM_ETL,SYSTEM_ETL
9b2ac62a-5732-44a5-8bc8-d280fd95e319,1447,nour.king@nexuserp.com,$2a$10$8.UnVuG9HHgffUDAlk8qfOuVGkqRzgVymGe07xd0P1R6sKz19lZ2O,True,4,2026-10-02 19:10:55,2026-10-02 19:10:55,SYSTEM_ETL,SYSTEM_ETL
943eb6da-468e-419d-b982-30efc70f9979,1448,lucas.tanaka3@nexuserp.com,$2a$10$8.UnVuG9HHgffUDAlk8qfOuVGkqRzgVymGe07xd0P1R6sKz19lZ2O,True,4,2026-10-02 19:10:55,2026-10-02 19:10:55,SYSTEM_ETL,SYSTEM_ETL
5e1b9f9f-3b22-40b6-ba21-86943bdd1828,1449,brian.torres@nexuserp.com,$2a$10$8.UnVuG9HHgffUDAlk8qfOuVGkqRzgVymGe07xd0P1R6sKz19lZ2O,True,4,2026-10-02 19:10:55,2026-10-02 19:10:55,SYSTEM_ETL,SYSTEM_ETL
67008c33-15bd-4d98-873b-7aecc6e7a67e,1453,wei.carter@nexuserp.com,$2a$10$8.UnVuG9HHgffUDAlk8qfOuVGkqRzgVymGe07xd0P1R6sKz19lZ2O,True,4,2026-10-02 19:10:55,2026-10-02 19:10:55,SYSTEM_ETL,SYSTEM_ETL
8d46fb53-4421-4a8f-b7b3-44f1efcf0272,1457,joseph.schmidt@nexuserp.com,$2a$10$8.UnVuG9HHgffUDAlk8qfOuVGkqRzgVymGe07xd0P1R6sKz19lZ2O,False,4,2026-10-02 19:10:55,2026-10-02 19:10:55,SYSTEM_ETL,SYSTEM_ETL
33c5f594-1c9c-4528-831a-c0e17e7b4375,1458,ines.hall@nexuserp.com,$2a$10$8.UnVuG9HHgffUDAlk8qfOuVGkqRzgVymGe07xd0P1R6sKz19lZ2O,False,4,2026-10-02 19:10:55,2026-10-02 19:10:55,SYSTEM_ETL,SYSTEM_ETL
7deb1e34-68ee-4f58-9b53-5d48a866b170,1459,camille.santos@nexuserp.com,$2a$10$8.UnVuG9HHgffUDAlk8qfOuVGkqRzgVymGe07xd0P1R6sKz19lZ2O,False,4,2026-10-02 19:10:55,2026-10-02 19:10:55,SYSTEM_ETL,SYSTEM_ETL
756cc332-9210-493d-8983-baeee0785a6e,1460,andrew.nguyen@nexuserp.com,$2a$10$8.UnVuG9HHgffUDAlk8qfOuVGkqRzgVymGe07xd0P1R6sKz19lZ2O,True,4,2026-10-02 19:10:55,2026-10-02 19:10:55,SYSTEM_ETL,SYSTEM_ETL
620db44d-9da1-480a-9313-13603bb80f3d,1461,karen.dubois@nexuserp.com,$2a$10$8.UnVuG9HHgffUDAlk8qfOuVGkqRzgVymGe07xd0P1R6sKz19lZ2O,True,4,2026-10-02 19:10:55,2026-10-02 19:10:55,SYSTEM_ETL,SYSTEM_ETL
89714d5f-8e74-4404-a6ad-aaf184491836,1464,george.young@nexuserp.com,$2a$10$8.UnVuG9HHgffUDAlk8qfOuVGkqRzgVymGe07xd0P1R6sKz19lZ2O,False,4,2026-10-02 19:10:55,2026-10-02 19:10:55,SYSTEM_ETL,SYSTEM_ETL
b2e6df50-0c39-4969-be9a-af2025b1f0ce,1465,mateo.torres2@nexuserp.com,$2a$10$8.UnVuG9HHgffUDAlk8qfOuVGkqRzgVymGe07xd0P1R6sKz19lZ2O,True,4,2026-10-02 19:10:55,2026-10-02 19:10:55,SYSTEM_ETL,SYSTEM_ETL
f255718d-1354-47af-94fc-f0b4f2c647f5,1466,jacob.flores@nexuserp.com,$2a$10$8.UnVuG9HHgffUDAlk8qfOuVGkqRzgVymGe07xd0P1R6sKz19lZ2O,True,4,2026-10-02 19:10:55,2026-10-02 19:10:55,SYSTEM_ETL,SYSTEM_ETL
bc24b66e-5572-4fa0-bfa0-d2964d17dbb5,1467,sandra.hernandez@nexuserp.com,$2a$10$8.UnVuG9HHgffUDAlk8qfOuVGkqRzgVymGe07xd0P1R6sKz19lZ2O,False,4,2026-10-02 19:10:55,2026-10-02 19:10:55,SYSTEM_ETL,SYSTEM_ETL
5f76ac9e-0b37-447f-bf43-cfc41632afb8,1468,ivan.davis@nexuserp.com,$2a$10$8.UnVuG9HHgffUDAlk8qfOuVGkqRzgVymGe07xd0P1R6sKz19lZ2O,True,3,2026-10-02 19:10:55,2026-10-02 19:10:55,SYSTEM_ETL,SYSTEM_ETL
47592546-02d6-45f3-903d-fd7d0eb7bf45,1469,andrew.laurent@nexuserp.com,$2a$10$8.UnVuG9HHgffUDAlk8qfOuVGkqRzgVymGe07xd0P1R6sKz19lZ2O,True,4,2026-10-02 19:10:55,2026-10-02 19:10:55,SYSTEM_ETL,SYSTEM_ETL
c2acbc00-24c3-4d9a-80eb-5dd98e21aec3,1471,richard.moreau@nexuserp.com,$2a$10$8.UnVuG9HHgffUDAlk8qfOuVGkqRzgVymGe07xd0P1R6sKz19lZ2O,True,4,2026-10-02 19:10:55,2026-10-02 19:10:55,SYSTEM_ETL,SYSTEM_ETL
0a160382-e76a-4b63-ae61-614b680cfdb2,1472,lucas.laurent@nexuserp.com,$2a$10$8.UnVuG9HHgffUDAlk8qfOuVGkqRzgVymGe07xd0P1R6sKz19lZ2O,True,3,2026-10-02 19:10:55,2026-10-02 19:10:55,SYSTEM_ETL,SYSTEM_ETL
031000ff-72ea-4b32-a22e-6ee22f58b0ca,1473,paul.johnson@nexuserp.com,$2a$10$8.UnVuG9HHgffUDAlk8qfOuVGkqRzgVymGe07xd0P1R6sKz19lZ2O,True,4,2026-10-02 19:10:55,2026-10-02 19:10:55,SYSTEM_ETL,SYSTEM_ETL
35a62a33-8a8b-41a0-986c-800b4c92b8cd,1474,wei.walker@nexuserp.com,$2a$10$8.UnVuG9HHgffUDAlk8qfOuVGkqRzgVymGe07xd0P1R6sKz19lZ2O,True,4,2026-10-02 19:10:55,2026-10-02 19:10:55,SYSTEM_ETL,SYSTEM_ETL
f377baf2-6746-4217-95b1-4e88f10dd408,1475,rayan.taylor@nexuserp.com,$2a$10$8.UnVuG9HHgffUDAlk8qfOuVGkqRzgVymGe07xd0P1R6sKz19lZ2O,True,4,2026-10-02 19:10:55,2026-10-02 19:10:55,SYSTEM_ETL,SYSTEM_ETL
49b5bfe0-4601-473c-9b3a-f66f718f127d,1477,thomas.park@nexuserp.com,$2a$10$8.UnVuG9HHgffUDAlk8qfOuVGkqRzgVymGe07xd0P1R6sKz19lZ2O,True,4,2026-10-02 19:10:55,2026-10-02 19:10:55,SYSTEM_ETL,SYSTEM_ETL
00888f31-5e53-438c-ab85-f3f3640f5ab2,1478,tariq.ivanov@nexuserp.com,$2a$10$8.UnVuG9HHgffUDAlk8qfOuVGkqRzgVymGe07xd0P1R6sKz19lZ2O,True,4,2026-10-02 19:10:55,2026-10-02 19:10:55,SYSTEM_ETL,SYSTEM_ETL
ed204d4b-478e-4dec-b3b3-718128459218,1479,noah.lee@nexuserp.com,$2a$10$8.UnVuG9HHgffUDAlk8qfOuVGkqRzgVymGe07xd0P1R6sKz19lZ2O,True,4,2026-10-02 19:10:55,2026-10-02 19:10:55,SYSTEM_ETL,SYSTEM_ETL
45db885a-52d6-4ed6-9fb3-68420636265a,1480,fatima.laurent@nexuserp.com,$2a$10$8.UnVuG9HHgffUDAlk8qfOuVGkqRzgVymGe07xd0P1R6sKz19lZ2O,True,4,2026-10-02 19:10:55,2026-10-02 19:10:55,SYSTEM_ETL,SYSTEM_ETL
4ddf2945-39ca-407c-b017-d4de83266377,1481,sarah.hernandez@nexuserp.com,$2a$10$8.UnVuG9HHgffUDAlk8qfOuVGkqRzgVymGe07xd0P1R6sKz19lZ2O,True,4,2026-10-02 19:10:55,2026-10-02 19:10:55,SYSTEM_ETL,SYSTEM_ETL
20c92b4e-0365-479d-9170-9c56241b6804,1482,arjun.harris@nexuserp.com,$2a$10$8.UnVuG9HHgffUDAlk8qfOuVGkqRzgVymGe07xd0P1R6sKz19lZ2O,True,4,2026-10-02 19:10:55,2026-10-02 19:10:55,SYSTEM_ETL,SYSTEM_ETL
fa140638-7e1d-4dec-9366-31266666f0c8,1483,ethan.lopez@nexuserp.com,$2a$10$8.UnVuG9HHgffUDAlk8qfOuVGkqRzgVymGe07xd0P1R6sKz19lZ2O,True,4,2026-10-02 19:10:55,2026-10-02 19:10:55,SYSTEM_ETL,SYSTEM_ETL
b5595097-0636-4e80-8926-b72088d019f6,1484,steven.harris@nexuserp.com,$2a$10$8.UnVuG9HHgffUDAlk8qfOuVGkqRzgVymGe07xd0P1R6sKz19lZ2O,True,4,2026-10-02 19:10:55,2026-10-02 19:10:55,SYSTEM_ETL,SYSTEM_ETL
f866ed8e-f62e-4c99-ac35-5ab0132e1d0b,1485,steven.laurent@nexuserp.com,$2a$10$8.UnVuG9HHgffUDAlk8qfOuVGkqRzgVymGe07xd0P1R6sKz19lZ2O,True,3,2026-10-02 19:10:55,2026-10-02 19:10:55,SYSTEM_ETL,SYSTEM_ETL
f7d85526-388b-4ec7-8c39-ef666c1c0add,1486,diego.santos@nexuserp.com,$2a$10$8.UnVuG9HHgffUDAlk8qfOuVGkqRzgVymGe07xd0P1R6sKz19lZ2O,False,4,2026-10-02 19:10:55,2026-10-02 19:10:55,SYSTEM_ETL,SYSTEM_ETL
89450ecd-f64a-44b3-9083-146d8a668b54,1487,lea.moore@nexuserp.com,$2a$10$8.UnVuG9HHgffUDAlk8qfOuVGkqRzgVymGe07xd0P1R6sKz19lZ2O,False,4,2026-10-02 19:10:55,2026-10-02 19:10:55,SYSTEM_ETL,SYSTEM_ETL
0a5f2469-f1a0-4112-805e-2ce2b5fd421b,1489,alice.mitchell@nexuserp.com,$2a$10$8.UnVuG9HHgffUDAlk8qfOuVGkqRzgVymGe07xd0P1R6sKz19lZ2O,False,4,2026-10-02 19:10:55,2026-10-02 19:10:55,SYSTEM_ETL,SYSTEM_ETL
ce5109e6-d736-4fae-9879-4a2d6117e2c7,1492,samuel.russo@nexuserp.com,$2a$10$8.UnVuG9HHgffUDAlk8qfOuVGkqRzgVymGe07xd0P1R6sKz19lZ2O,True,4,2026-10-02 19:10:55,2026-10-02 19:10:55,SYSTEM_ETL,SYSTEM_ETL
345684a3-500f-4708-8174-6de27a204d8f,1494,ethan.larsen@nexuserp.com,$2a$10$8.UnVuG9HHgffUDAlk8qfOuVGkqRzgVymGe07xd0P1R6sKz19lZ2O,False,4,2026-10-02 19:10:55,2026-10-02 19:10:55,SYSTEM_ETL,SYSTEM_ETL
cd4de136-a86d-4406-8772-f76fa73ecfb6,1495,ines.haddad@nexuserp.com,$2a$10$8.UnVuG9HHgffUDAlk8qfOuVGkqRzgVymGe07xd0P1R6sKz19lZ2O,True,4,2026-10-02 19:10:55,2026-10-02 19:10:55,SYSTEM_ETL,SYSTEM_ETL
b6962e60-e693-4c59-b7bc-b3b8aaf5f3da,1496,noah.thompson@nexuserp.com,$2a$10$8.UnVuG9HHgffUDAlk8qfOuVGkqRzgVymGe07xd0P1R6sKz19lZ2O,True,4,2026-10-02 19:10:55,2026-10-02 19:10:55,SYSTEM_ETL,SYSTEM_ETL
4feeb6ae-547b-453d-b07e-6c0d75f7741f,1497,paul.khalil2@nexuserp.com,$2a$10$8.UnVuG9HHgffUDAlk8qfOuVGkqRzgVymGe07xd0P1R6sKz19lZ2O,True,4,2026-10-02 19:10:55,2026-10-02 19:10:55,SYSTEM_ETL,SYSTEM_ETL
c8dfadc5-457b-4dad-8e13-1ddaf9cf5a07,1499,michael.robinson@nexuserp.com,$2a$10$8.UnVuG9HHgffUDAlk8qfOuVGkqRzgVymGe07xd0P1R6sKz19lZ2O,True,4,2026-10-02 19:10:55,2026-10-02 19:10:55,SYSTEM_ETL,SYSTEM_ETL
e50fda61-d8cb-4212-9531-b3c56e77e132,1501,hugo.obrien2@nexuserp.com,$2a$10$8.UnVuG9HHgffUDAlk8qfOuVGkqRzgVymGe07xd0P1R6sKz19lZ2O,True,4,2026-10-02 19:10:55,2026-10-02 19:10:55,SYSTEM_ETL,SYSTEM_ETL
d53356b2-e0ec-47cd-849b-a1f241e66954,1502,emma.scott@nexuserp.com,$2a$10$8.UnVuG9HHgffUDAlk8qfOuVGkqRzgVymGe07xd0P1R6sKz19lZ2O,True,4,2026-10-02 19:10:55,2026-10-02 19:10:55,SYSTEM_ETL,SYSTEM_ETL
253dcbbe-4f8a-4267-a998-d351376d0522,1503,amy.fontaine@nexuserp.com,$2a$10$8.UnVuG9HHgffUDAlk8qfOuVGkqRzgVymGe07xd0P1R6sKz19lZ2O,True,4,2026-10-02 19:10:55,2026-10-02 19:10:55,SYSTEM_ETL,SYSTEM_ETL
0c2b8ce5-cd61-40b1-9bac-8d726730606f,1504,samuel.johnson2@nexuserp.com,$2a$10$8.UnVuG9HHgffUDAlk8qfOuVGkqRzgVymGe07xd0P1R6sKz19lZ2O,False,4,2026-10-02 19:10:55,2026-10-02 19:10:55,SYSTEM_ETL,SYSTEM_ETL
4a3a6dbb-ceeb-4e7c-9b75-562931f920c6,1506,jonathan.torres@nexuserp.com,$2a$10$8.UnVuG9HHgffUDAlk8qfOuVGkqRzgVymGe07xd0P1R6sKz19lZ2O,True,4,2026-10-02 19:10:55,2026-10-02 19:10:55,SYSTEM_ETL,SYSTEM_ETL
90edf12a-7545-4897-9453-f9559ff0bf93,1507,hugo.kowalski@nexuserp.com,$2a$10$8.UnVuG9HHgffUDAlk8qfOuVGkqRzgVymGe07xd0P1R6sKz19lZ2O,True,4,2026-10-02 19:10:55,2026-10-02 19:10:55,SYSTEM_ETL,SYSTEM_ETL
b0ac15ed-a879-4fbf-893e-a412e8709d98,1509,alice.haddad2@nexuserp.com,$2a$10$8.UnVuG9HHgffUDAlk8qfOuVGkqRzgVymGe07xd0P1R6sKz19lZ2O,True,4,2026-10-02 19:10:55,2026-10-02 19:10:55,SYSTEM_ETL,SYSTEM_ETL
449eaf47-0596-4a66-ad65-8790532bc288,1513,laura.flores@nexuserp.com,$2a$10$8.UnVuG9HHgffUDAlk8qfOuVGkqRzgVymGe07xd0P1R6sKz19lZ2O,True,4,2026-10-02 19:10:55,2026-10-02 19:10:55,SYSTEM_ETL,SYSTEM_ETL
2b2bd181-b170-495b-b8c9-31476ce33fa5,1514,thomas.oliveira@nexuserp.com,$2a$10$8.UnVuG9HHgffUDAlk8qfOuVGkqRzgVymGe07xd0P1R6sKz19lZ2O,True,4,2026-10-02 19:10:55,2026-10-02 19:10:55,SYSTEM_ETL,SYSTEM_ETL
3d71b4f1-6ba1-4805-8672-82bf81cffd03,1515,hiroshi.ivanov@nexuserp.com,$2a$10$8.UnVuG9HHgffUDAlk8qfOuVGkqRzgVymGe07xd0P1R6sKz19lZ2O,True,4,2026-10-02 19:10:55,2026-10-02 19:10:55,SYSTEM_ETL,SYSTEM_ETL
86a93687-0af2-4789-93d3-89818da80b58,1516,andrew.robinson@nexuserp.com,$2a$10$8.UnVuG9HHgffUDAlk8qfOuVGkqRzgVymGe07xd0P1R6sKz19lZ2O,True,3,2026-10-02 19:10:55,2026-10-02 19:10:55,SYSTEM_ETL,SYSTEM_ETL
9a273041-60a9-4cc5-97a1-6b663ebcbdfe,1520,priya.mitchell@nexuserp.com,$2a$10$8.UnVuG9HHgffUDAlk8qfOuVGkqRzgVymGe07xd0P1R6sKz19lZ2O,True,3,2026-10-02 19:10:55,2026-10-02 19:10:55,SYSTEM_ETL,SYSTEM_ETL
d9a1cfa3-5c0c-40f0-9ae4-b2f28995cf35,1522,hugo.baker@nexuserp.com,$2a$10$8.UnVuG9HHgffUDAlk8qfOuVGkqRzgVymGe07xd0P1R6sKz19lZ2O,False,4,2026-10-02 19:10:55,2026-10-02 19:10:55,SYSTEM_ETL,SYSTEM_ETL
35a0d4f3-c2df-42b1-b4b4-56d2a64fead8,1523,ryan.khalil@nexuserp.com,$2a$10$8.UnVuG9HHgffUDAlk8qfOuVGkqRzgVymGe07xd0P1R6sKz19lZ2O,True,3,2026-10-02 19:10:55,2026-10-02 19:10:55,SYSTEM_ETL,SYSTEM_ETL
f04b92a1-d6e2-4541-b18c-746d7df84c34,1525,elena.walker@nexuserp.com,$2a$10$8.UnVuG9HHgffUDAlk8qfOuVGkqRzgVymGe07xd0P1R6sKz19lZ2O,True,4,2026-10-02 19:10:55,2026-10-02 19:10:55,SYSTEM_ETL,SYSTEM_ETL
819f8fc9-38dc-4927-a179-ecc61c3de0c4,1527,elena.lee@nexuserp.com,$2a$10$8.UnVuG9HHgffUDAlk8qfOuVGkqRzgVymGe07xd0P1R6sKz19lZ2O,True,3,2026-10-02 19:10:55,2026-10-02 19:10:55,SYSTEM_ETL,SYSTEM_ETL
3ddfa6f4-6b95-452e-998d-d34c1d15d119,1529,sharon.costa2@nexuserp.com,$2a$10$8.UnVuG9HHgffUDAlk8qfOuVGkqRzgVymGe07xd0P1R6sKz19lZ2O,True,4,2026-10-02 19:10:55,2026-10-02 19:10:55,SYSTEM_ETL,SYSTEM_ETL
a5d865e4-49e0-4f8a-97ec-92fb2f7e1d78,1533,felix.costa@nexuserp.com,$2a$10$8.UnVuG9HHgffUDAlk8qfOuVGkqRzgVymGe07xd0P1R6sKz19lZ2O,True,4,2026-10-02 19:10:55,2026-10-02 19:10:55,SYSTEM_ETL,SYSTEM_ETL
9f124473-7bc4-4de7-96ca-9b1e4bf98802,1534,paul.singh@nexuserp.com,$2a$10$8.UnVuG9HHgffUDAlk8qfOuVGkqRzgVymGe07xd0P1R6sKz19lZ2O,False,4,2026-10-02 19:10:55,2026-10-02 19:10:55,SYSTEM_ETL,SYSTEM_ETL
3a7d42f2-2794-4b3e-97c1-7515fad9d2b2,1535,tariq.obrien@nexuserp.com,$2a$10$8.UnVuG9HHgffUDAlk8qfOuVGkqRzgVymGe07xd0P1R6sKz19lZ2O,True,4,2026-10-02 19:10:55,2026-10-02 19:10:55,SYSTEM_ETL,SYSTEM_ETL
844dfb14-674b-4efe-837e-5788f32a4135,1537,patricia.tanaka@nexuserp.com,$2a$10$8.UnVuG9HHgffUDAlk8qfOuVGkqRzgVymGe07xd0P1R6sKz19lZ2O,False,4,2026-10-02 19:10:55,2026-10-02 19:10:55,SYSTEM_ETL,SYSTEM_ETL
480f3e67-ac8f-4908-904d-66083dece103,1539,oscar.kim@nexuserp.com,$2a$10$8.UnVuG9HHgffUDAlk8qfOuVGkqRzgVymGe07xd0P1R6sKz19lZ2O,True,3,2026-10-02 19:10:55,2026-10-02 19:10:55,SYSTEM_ETL,SYSTEM_ETL
7bc9b4b3-d4b0-42e6-b696-f25dad19f881,1541,matthew.kim@nexuserp.com,$2a$10$8.UnVuG9HHgffUDAlk8qfOuVGkqRzgVymGe07xd0P1R6sKz19lZ2O,True,4,2026-10-02 19:10:55,2026-10-02 19:10:55,SYSTEM_ETL,SYSTEM_ETL
6512f064-bb80-4d8e-b64b-4615de32a784,1542,william.nelson@nexuserp.com,$2a$10$8.UnVuG9HHgffUDAlk8qfOuVGkqRzgVymGe07xd0P1R6sKz19lZ2O,True,4,2026-10-02 19:10:55,2026-10-02 19:10:55,SYSTEM_ETL,SYSTEM_ETL
e02248f3-754e-4df0-8557-7498221a791d,1543,mehdi.green@nexuserp.com,$2a$10$8.UnVuG9HHgffUDAlk8qfOuVGkqRzgVymGe07xd0P1R6sKz19lZ2O,True,4,2026-10-02 19:10:55,2026-10-02 19:10:55,SYSTEM_ETL,SYSTEM_ETL
f7d8cb89-e516-40bc-bff6-022f76b22ff7,1544,sara.lee@nexuserp.com,$2a$10$8.UnVuG9HHgffUDAlk8qfOuVGkqRzgVymGe07xd0P1R6sKz19lZ2O,True,4,2026-10-02 19:10:55,2026-10-02 19:10:55,SYSTEM_ETL,SYSTEM_ETL
f36cb8a5-50f8-4096-90ce-872cb1d1d951,1545,karim.dubois@nexuserp.com,$2a$10$8.UnVuG9HHgffUDAlk8qfOuVGkqRzgVymGe07xd0P1R6sKz19lZ2O,True,4,2026-10-02 19:10:55,2026-10-02 19:10:55,SYSTEM_ETL,SYSTEM_ETL
28097259-b808-4209-b051-2c66c3967bb0,1546,mehdi.clark2@nexuserp.com,$2a$10$8.UnVuG9HHgffUDAlk8qfOuVGkqRzgVymGe07xd0P1R6sKz19lZ2O,True,4,2026-10-02 19:10:55,2026-10-02 19:10:55,SYSTEM_ETL,SYSTEM_ETL
2110b2be-88ea-4fbc-8fe1-3d568b0e3047,1547,paul.thompson@nexuserp.com,$2a$10$8.UnVuG9HHgffUDAlk8qfOuVGkqRzgVymGe07xd0P1R6sKz19lZ2O,True,4,2026-10-02 19:10:55,2026-10-02 19:10:55,SYSTEM_ETL,SYSTEM_ETL
b6ddb671-28f3-4191-886a-242e0bb398ff,1548,jacob.benali@nexuserp.com,$2a$10$8.UnVuG9HHgffUDAlk8qfOuVGkqRzgVymGe07xd0P1R6sKz19lZ2O,True,4,2026-10-02 19:10:55,2026-10-02 19:10:55,SYSTEM_ETL,SYSTEM_ETL
797f8cae-0c29-4392-ac48-cbe9bddece86,1549,kevin.torres@nexuserp.com,$2a$10$8.UnVuG9HHgffUDAlk8qfOuVGkqRzgVymGe07xd0P1R6sKz19lZ2O,True,4,2026-10-02 19:10:55,2026-10-02 19:10:55,SYSTEM_ETL,SYSTEM_ETL
bc2abc34-afc5-41ca-a825-23001f99e9ec,1550,steven.jackson2@nexuserp.com,$2a$10$8.UnVuG9HHgffUDAlk8qfOuVGkqRzgVymGe07xd0P1R6sKz19lZ2O,True,2,2026-10-02 19:10:55,2026-10-02 19:10:55,SYSTEM_ETL,SYSTEM_ETL
8ee40fee-850f-4f83-9609-0866ae71fd17,1551,ahmed.patel@nexuserp.com,$2a$10$8.UnVuG9HHgffUDAlk8qfOuVGkqRzgVymGe07xd0P1R6sKz19lZ2O,True,4,2026-10-02 19:10:55,2026-10-02 19:10:55,SYSTEM_ETL,SYSTEM_ETL
0b2e65bc-8a38-426e-a40c-10ea6cca6530,1552,steven.ivanov2@nexuserp.com,$2a$10$8.UnVuG9HHgffUDAlk8qfOuVGkqRzgVymGe07xd0P1R6sKz19lZ2O,True,4,2026-10-02 19:10:55,2026-10-02 19:10:55,SYSTEM_ETL,SYSTEM_ETL
03f9eebb-080f-461d-bef0-9cd1f243f0c5,1553,omar.anderson@nexuserp.com,$2a$10$8.UnVuG9HHgffUDAlk8qfOuVGkqRzgVymGe07xd0P1R6sKz19lZ2O,True,4,2026-10-02 19:10:55,2026-10-02 19:10:55,SYSTEM_ETL,SYSTEM_ETL
20694fe1-a060-4c5c-be54-6bcb8f80c5af,1554,laura.smith@nexuserp.com,$2a$10$8.UnVuG9HHgffUDAlk8qfOuVGkqRzgVymGe07xd0P1R6sKz19lZ2O,True,4,2026-10-02 19:10:55,2026-10-02 19:10:55,SYSTEM_ETL,SYSTEM_ETL
9a7777e8-0852-4ff3-9f59-cf752d58217e,1555,patricia.walker2@nexuserp.com,$2a$10$8.UnVuG9HHgffUDAlk8qfOuVGkqRzgVymGe07xd0P1R6sKz19lZ2O,True,4,2026-10-02 19:10:55,2026-10-02 19:10:55,SYSTEM_ETL,SYSTEM_ETL
449a7a59-225d-457e-a49e-319cc28c29b4,1556,ryan.chen@nexuserp.com,$2a$10$8.UnVuG9HHgffUDAlk8qfOuVGkqRzgVymGe07xd0P1R6sKz19lZ2O,True,4,2026-10-02 19:10:55,2026-10-02 19:10:55,SYSTEM_ETL,SYSTEM_ETL
8c2120b4-746e-48b3-8d9d-2268058d0827,1557,susan.singh@nexuserp.com,$2a$10$8.UnVuG9HHgffUDAlk8qfOuVGkqRzgVymGe07xd0P1R6sKz19lZ2O,True,4,2026-10-02 19:10:55,2026-10-02 19:10:55,SYSTEM_ETL,SYSTEM_ETL
b246c049-44b6-42b3-940a-f9ecd7f94fb5,1558,matthew.lopez@nexuserp.com,$2a$10$8.UnVuG9HHgffUDAlk8qfOuVGkqRzgVymGe07xd0P1R6sKz19lZ2O,True,4,2026-10-02 19:10:55,2026-10-02 19:10:55,SYSTEM_ETL,SYSTEM_ETL
b38153d5-50fa-43c9-910c-4bb62598aa04,1560,mateo.kim@nexuserp.com,$2a$10$8.UnVuG9HHgffUDAlk8qfOuVGkqRzgVymGe07xd0P1R6sKz19lZ2O,True,4,2026-10-02 19:10:55,2026-10-02 19:10:55,SYSTEM_ETL,SYSTEM_ETL
05936f17-9304-4115-abd9-644e1ba565b0,1562,karim.martinez@nexuserp.com,$2a$10$8.UnVuG9HHgffUDAlk8qfOuVGkqRzgVymGe07xd0P1R6sKz19lZ2O,False,4,2026-10-02 19:10:55,2026-10-02 19:10:55,SYSTEM_ETL,SYSTEM_ETL
87421140-f6fd-410c-af6d-dab381fe147b,1563,william.scott@nexuserp.com,$2a$10$8.UnVuG9HHgffUDAlk8qfOuVGkqRzgVymGe07xd0P1R6sKz19lZ2O,True,2,2026-10-02 19:10:55,2026-10-02 19:10:55,SYSTEM_ETL,SYSTEM_ETL
4b64fc24-7cd5-418a-9dc4-8da1c1403b7b,1564,ryan.murphy@nexuserp.com,$2a$10$8.UnVuG9HHgffUDAlk8qfOuVGkqRzgVymGe07xd0P1R6sKz19lZ2O,True,4,2026-10-02 19:10:55,2026-10-02 19:10:55,SYSTEM_ETL,SYSTEM_ETL
cfcb2c1b-cef6-44fe-9d58-cd4900981637,1568,steven.taylor@nexuserp.com,$2a$10$8.UnVuG9HHgffUDAlk8qfOuVGkqRzgVymGe07xd0P1R6sKz19lZ2O,True,4,2026-10-02 19:10:55,2026-10-02 19:10:55,SYSTEM_ETL,SYSTEM_ETL
12a8d014-41b7-48da-af3c-f4463af8ebc0,1569,clara.wilson@nexuserp.com,$2a$10$8.UnVuG9HHgffUDAlk8qfOuVGkqRzgVymGe07xd0P1R6sKz19lZ2O,False,4,2026-10-02 19:10:55,2026-10-02 19:10:55,SYSTEM_ETL,SYSTEM_ETL
c77fd369-7280-4460-ab8a-7cedf92a0d2b,1572,patricia.nguyen@nexuserp.com,$2a$10$8.UnVuG9HHgffUDAlk8qfOuVGkqRzgVymGe07xd0P1R6sKz19lZ2O,False,4,2026-10-02 19:10:55,2026-10-02 19:10:55,SYSTEM_ETL,SYSTEM_ETL
cadbd4cb-32a7-4b54-bbcf-cbc3f22b21fb,1573,george.mansour@nexuserp.com,$2a$10$8.UnVuG9HHgffUDAlk8qfOuVGkqRzgVymGe07xd0P1R6sKz19lZ2O,False,4,2026-10-02 19:10:55,2026-10-02 19:10:55,SYSTEM_ETL,SYSTEM_ETL
70136534-d83b-4b5b-8dd7-b1ceac7b3692,1574,arjun.oliveira@nexuserp.com,$2a$10$8.UnVuG9HHgffUDAlk8qfOuVGkqRzgVymGe07xd0P1R6sKz19lZ2O,True,4,2026-10-02 19:10:55,2026-10-02 19:10:55,SYSTEM_ETL,SYSTEM_ETL
4c3a5526-61ff-46a4-9927-59cc11536d54,1576,emily.obrien@nexuserp.com,$2a$10$8.UnVuG9HHgffUDAlk8qfOuVGkqRzgVymGe07xd0P1R6sKz19lZ2O,True,4,2026-10-02 19:10:55,2026-10-02 19:10:55,SYSTEM_ETL,SYSTEM_ETL
56bcf764-1e38-4e8d-ae80-4bbc0790d65a,1577,mehdi.garcia@nexuserp.com,$2a$10$8.UnVuG9HHgffUDAlk8qfOuVGkqRzgVymGe07xd0P1R6sKz19lZ2O,True,4,2026-10-02 19:10:55,2026-10-02 19:10:55,SYSTEM_ETL,SYSTEM_ETL
398fd17f-c6ef-4b8b-905c-1dbdbc750941,1578,tariq.lopez@nexuserp.com,$2a$10$8.UnVuG9HHgffUDAlk8qfOuVGkqRzgVymGe07xd0P1R6sKz19lZ2O,True,1,2026-10-02 19:10:55,2026-10-02 19:10:55,SYSTEM_ETL,SYSTEM_ETL
e0786951-4482-4cfc-be23-4ce7fc7871fc,1580,youssef.chen@nexuserp.com,$2a$10$8.UnVuG9HHgffUDAlk8qfOuVGkqRzgVymGe07xd0P1R6sKz19lZ2O,True,4,2026-10-02 19:10:55,2026-10-02 19:10:55,SYSTEM_ETL,SYSTEM_ETL
8f7e088d-9060-41f7-b929-61c5d8aa04a5,1581,sandra.white@nexuserp.com,$2a$10$8.UnVuG9HHgffUDAlk8qfOuVGkqRzgVymGe07xd0P1R6sKz19lZ2O,True,4,2026-10-02 19:10:55,2026-10-02 19:10:55,SYSTEM_ETL,SYSTEM_ETL
f3717549-2278-4419-bc8d-4c7787997f3a,1582,jacob.kowalski@nexuserp.com,$2a$10$8.UnVuG9HHgffUDAlk8qfOuVGkqRzgVymGe07xd0P1R6sKz19lZ2O,True,4,2026-10-02 19:10:55,2026-10-02 19:10:55,SYSTEM_ETL,SYSTEM_ETL
fb556430-82f8-4bb6-8d6a-7241a4b7f078,1583,nancy.laurent@nexuserp.com,$2a$10$8.UnVuG9HHgffUDAlk8qfOuVGkqRzgVymGe07xd0P1R6sKz19lZ2O,True,4,2026-10-02 19:10:55,2026-10-02 19:10:55,SYSTEM_ETL,SYSTEM_ETL
d762e366-f837-4147-bdbc-e74cf89b4da9,1585,amy.rodriguez@nexuserp.com,$2a$10$8.UnVuG9HHgffUDAlk8qfOuVGkqRzgVymGe07xd0P1R6sKz19lZ2O,True,4,2026-10-02 19:10:55,2026-10-02 19:10:55,SYSTEM_ETL,SYSTEM_ETL
095ef373-74f9-4490-a870-0eb22da1b11f,1586,hugo.shah@nexuserp.com,$2a$10$8.UnVuG9HHgffUDAlk8qfOuVGkqRzgVymGe07xd0P1R6sKz19lZ2O,True,4,2026-10-02 19:10:55,2026-10-02 19:10:55,SYSTEM_ETL,SYSTEM_ETL
d9962339-6ba5-403a-980f-32de6d5c3c6d,1587,chloe.thomas@nexuserp.com,$2a$10$8.UnVuG9HHgffUDAlk8qfOuVGkqRzgVymGe07xd0P1R6sKz19lZ2O,True,4,2026-10-02 19:10:55,2026-10-02 19:10:55,SYSTEM_ETL,SYSTEM_ETL
06a09a72-3810-4cac-bdfa-a59eab41ef8b,1588,joseph.nguyen2@nexuserp.com,$2a$10$8.UnVuG9HHgffUDAlk8qfOuVGkqRzgVymGe07xd0P1R6sKz19lZ2O,True,4,2026-10-02 19:10:55,2026-10-02 19:10:55,SYSTEM_ETL,SYSTEM_ETL
027400dd-1dd4-45c5-b1de-973bf8150816,1590,eric.carter@nexuserp.com,$2a$10$8.UnVuG9HHgffUDAlk8qfOuVGkqRzgVymGe07xd0P1R6sKz19lZ2O,True,4,2026-10-02 19:10:55,2026-10-02 19:10:55,SYSTEM_ETL,SYSTEM_ETL
0e8ebf2e-f36f-4cf4-a520-90bfa3962513,1591,anthony.hall@nexuserp.com,$2a$10$8.UnVuG9HHgffUDAlk8qfOuVGkqRzgVymGe07xd0P1R6sKz19lZ2O,True,3,2026-10-02 19:10:55,2026-10-02 19:10:55,SYSTEM_ETL,SYSTEM_ETL
a4e11d1a-87c3-4794-91be-ab2de0b39810,1592,steven.fontaine@nexuserp.com,$2a$10$8.UnVuG9HHgffUDAlk8qfOuVGkqRzgVymGe07xd0P1R6sKz19lZ2O,True,4,2026-10-02 19:10:55,2026-10-02 19:10:55,SYSTEM_ETL,SYSTEM_ETL
b532b1bf-56e8-419a-a540-66095c1e8e35,1594,adam.moreau@nexuserp.com,$2a$10$8.UnVuG9HHgffUDAlk8qfOuVGkqRzgVymGe07xd0P1R6sKz19lZ2O,True,4,2026-10-02 19:10:55,2026-10-02 19:10:55,SYSTEM_ETL,SYSTEM_ETL
dcc0bbf6-5d18-47ef-9fab-381ae0f2a9fe,1595,james.murphy@nexuserp.com,$2a$10$8.UnVuG9HHgffUDAlk8qfOuVGkqRzgVymGe07xd0P1R6sKz19lZ2O,True,3,2026-10-02 19:10:55,2026-10-02 19:10:55,SYSTEM_ETL,SYSTEM_ETL
99bbfc7f-2d0f-41c8-ab7a-ca7eb070c0d1,1596,john.murphy@nexuserp.com,$2a$10$8.UnVuG9HHgffUDAlk8qfOuVGkqRzgVymGe07xd0P1R6sKz19lZ2O,True,4,2026-10-02 19:10:55,2026-10-02 19:10:55,SYSTEM_ETL,SYSTEM_ETL
f2ea22f8-d54b-45fb-b736-92ae75daf281,1597,john.rivera@nexuserp.com,$2a$10$8.UnVuG9HHgffUDAlk8qfOuVGkqRzgVymGe07xd0P1R6sKz19lZ2O,True,4,2026-10-02 19:10:55,2026-10-02 19:10:55,SYSTEM_ETL,SYSTEM_ETL
f2b470da-bae8-4d3f-9fc6-ca7bcc51a709,1598,barbara.davis@nexuserp.com,$2a$10$8.UnVuG9HHgffUDAlk8qfOuVGkqRzgVymGe07xd0P1R6sKz19lZ2O,True,4,2026-10-02 19:10:55,2026-10-02 19:10:55,SYSTEM_ETL,SYSTEM_ETL
021d467c-fb76-4b87-a76e-f31ac121b3ed,1599,mateo.muller@nexuserp.com,$2a$10$8.UnVuG9HHgffUDAlk8qfOuVGkqRzgVymGe07xd0P1R6sKz19lZ2O,True,4,2026-10-02 19:10:55,2026-10-02 19:10:55,SYSTEM_ETL,SYSTEM_ETL
2b6e9c50-10cf-4b0c-b999-794c745ee7a1,1601,william.obrien2@nexuserp.com,$2a$10$8.UnVuG9HHgffUDAlk8qfOuVGkqRzgVymGe07xd0P1R6sKz19lZ2O,True,4,2026-10-02 19:10:55,2026-10-02 19:10:55,SYSTEM_ETL,SYSTEM_ETL
fe20e6c7-4256-4373-8d72-0d7929eecf29,1602,andrew.robinson2@nexuserp.com,$2a$10$8.UnVuG9HHgffUDAlk8qfOuVGkqRzgVymGe07xd0P1R6sKz19lZ2O,True,3,2026-10-02 19:10:55,2026-10-02 19:10:55,SYSTEM_ETL,SYSTEM_ETL
df0e9d00-873a-45d1-97a0-41a8451cc472,1604,steven.green@nexuserp.com,$2a$10$8.UnVuG9HHgffUDAlk8qfOuVGkqRzgVymGe07xd0P1R6sKz19lZ2O,False,4,2026-10-02 19:10:55,2026-10-02 19:10:55,SYSTEM_ETL,SYSTEM_ETL
4752328e-448a-4530-960e-3f7186c5b22b,1605,sarah.nguyen@nexuserp.com,$2a$10$8.UnVuG9HHgffUDAlk8qfOuVGkqRzgVymGe07xd0P1R6sKz19lZ2O,True,4,2026-10-02 19:10:55,2026-10-02 19:10:55,SYSTEM_ETL,SYSTEM_ETL
8e8e9153-5556-4a98-8e21-c02c223c91f0,1606,daniel.jones@nexuserp.com,$2a$10$8.UnVuG9HHgffUDAlk8qfOuVGkqRzgVymGe07xd0P1R6sKz19lZ2O,True,4,2026-10-02 19:10:55,2026-10-02 19:10:55,SYSTEM_ETL,SYSTEM_ETL
b3a793af-2129-461e-a0b7-37c3dd4c32e6,1607,laura.laurent@nexuserp.com,$2a$10$8.UnVuG9HHgffUDAlk8qfOuVGkqRzgVymGe07xd0P1R6sKz19lZ2O,True,4,2026-10-02 19:10:55,2026-10-02 19:10:55,SYSTEM_ETL,SYSTEM_ETL
558403c3-c222-47eb-bdcb-c4f29e75f63a,1608,manon.allen@nexuserp.com,$2a$10$8.UnVuG9HHgffUDAlk8qfOuVGkqRzgVymGe07xd0P1R6sKz19lZ2O,True,3,2026-10-02 19:10:55,2026-10-02 19:10:55,SYSTEM_ETL,SYSTEM_ETL
433475aa-41ec-49fc-b82f-4976547f30bf,1609,andrew.park@nexuserp.com,$2a$10$8.UnVuG9HHgffUDAlk8qfOuVGkqRzgVymGe07xd0P1R6sKz19lZ2O,True,4,2026-10-02 19:10:55,2026-10-02 19:10:55,SYSTEM_ETL,SYSTEM_ETL
896aa351-aa06-4830-8646-22417b05f8ce,1611,sara.shah@nexuserp.com,$2a$10$8.UnVuG9HHgffUDAlk8qfOuVGkqRzgVymGe07xd0P1R6sKz19lZ2O,True,4,2026-10-02 19:10:55,2026-10-02 19:10:55,SYSTEM_ETL,SYSTEM_ETL
20608f06-6754-48fa-8e92-ebd4bac267a6,1612,diego.patel@nexuserp.com,$2a$10$8.UnVuG9HHgffUDAlk8qfOuVGkqRzgVymGe07xd0P1R6sKz19lZ2O,True,4,2026-10-02 19:10:55,2026-10-02 19:10:55,SYSTEM_ETL,SYSTEM_ETL
6e987861-4b3d-4093-a2d7-7c4b0aeb5674,1613,tariq.nguyen@nexuserp.com,$2a$10$8.UnVuG9HHgffUDAlk8qfOuVGkqRzgVymGe07xd0P1R6sKz19lZ2O,True,4,2026-10-02 19:10:55,2026-10-02 19:10:55,SYSTEM_ETL,SYSTEM_ETL
febd93ad-b7d8-4d38-b4b6-990ea295c4f5,1614,rebecca.robinson@nexuserp.com,$2a$10$8.UnVuG9HHgffUDAlk8qfOuVGkqRzgVymGe07xd0P1R6sKz19lZ2O,True,4,2026-10-02 19:10:55,2026-10-02 19:10:55,SYSTEM_ETL,SYSTEM_ETL
438aff76-61f0-458d-a346-d2a986be45ff,1615,matthew.tanaka@nexuserp.com,$2a$10$8.UnVuG9HHgffUDAlk8qfOuVGkqRzgVymGe07xd0P1R6sKz19lZ2O,True,4,2026-10-02 19:10:55,2026-10-02 19:10:55,SYSTEM_ETL,SYSTEM_ETL
4a853852-f1fb-449f-bcc8-90cfde06d5d9,1617,nour.wang@nexuserp.com,$2a$10$8.UnVuG9HHgffUDAlk8qfOuVGkqRzgVymGe07xd0P1R6sKz19lZ2O,True,4,2026-10-02 19:10:55,2026-10-02 19:10:55,SYSTEM_ETL,SYSTEM_ETL
9dcbeceb-6b58-4a80-8bf5-7de04bf28671,1618,thomas.baker@nexuserp.com,$2a$10$8.UnVuG9HHgffUDAlk8qfOuVGkqRzgVymGe07xd0P1R6sKz19lZ2O,True,4,2026-10-02 19:10:55,2026-10-02 19:10:55,SYSTEM_ETL,SYSTEM_ETL
66e98a44-3adb-4b56-a729-33fb1710a45f,1619,matthew.silva2@nexuserp.com,$2a$10$8.UnVuG9HHgffUDAlk8qfOuVGkqRzgVymGe07xd0P1R6sKz19lZ2O,True,4,2026-10-02 19:10:55,2026-10-02 19:10:55,SYSTEM_ETL,SYSTEM_ETL
e3be15c3-f1a6-4827-b6e9-4cca364ff0da,1621,mark.lopez@nexuserp.com,$2a$10$8.UnVuG9HHgffUDAlk8qfOuVGkqRzgVymGe07xd0P1R6sKz19lZ2O,True,4,2026-10-02 19:10:55,2026-10-02 19:10:55,SYSTEM_ETL,SYSTEM_ETL
042ff191-ba58-4a7a-978b-87ae18408864,1622,chloe.kowalski@nexuserp.com,$2a$10$8.UnVuG9HHgffUDAlk8qfOuVGkqRzgVymGe07xd0P1R6sKz19lZ2O,True,4,2026-10-02 19:10:55,2026-10-02 19:10:55,SYSTEM_ETL,SYSTEM_ETL
ea3a3bbc-4dd2-40d3-84b6-3792c434c00a,1623,diego.davis@nexuserp.com,$2a$10$8.UnVuG9HHgffUDAlk8qfOuVGkqRzgVymGe07xd0P1R6sKz19lZ2O,True,4,2026-10-02 19:10:55,2026-10-02 19:10:55,SYSTEM_ETL,SYSTEM_ETL
bdc53fb8-7cdc-48be-9422-e77ffa2f8c09,1624,amanda.wilson@nexuserp.com,$2a$10$8.UnVuG9HHgffUDAlk8qfOuVGkqRzgVymGe07xd0P1R6sKz19lZ2O,False,4,2026-10-02 19:10:55,2026-10-02 19:10:55,SYSTEM_ETL,SYSTEM_ETL
8536136d-e63f-427e-a898-11b8f330aea6,1625,michelle.campbell@nexuserp.com,$2a$10$8.UnVuG9HHgffUDAlk8qfOuVGkqRzgVymGe07xd0P1R6sKz19lZ2O,True,2,2026-10-02 19:10:55,2026-10-02 19:10:55,SYSTEM_ETL,SYSTEM_ETL
69eb2f1a-9b00-4971-a414-7d3bac00c3ca,1627,steven.garcia@nexuserp.com,$2a$10$8.UnVuG9HHgffUDAlk8qfOuVGkqRzgVymGe07xd0P1R6sKz19lZ2O,True,4,2026-10-02 19:10:55,2026-10-02 19:10:55,SYSTEM_ETL,SYSTEM_ETL
2dc130d0-8e29-4abf-9d89-12a01b65b4c5,1628,emma.jones2@nexuserp.com,$2a$10$8.UnVuG9HHgffUDAlk8qfOuVGkqRzgVymGe07xd0P1R6sKz19lZ2O,True,4,2026-10-02 19:10:55,2026-10-02 19:10:55,SYSTEM_ETL,SYSTEM_ETL
9e68548f-4bdf-40ff-9ce6-ab8b46e0bab2,1630,nancy.smith@nexuserp.com,$2a$10$8.UnVuG9HHgffUDAlk8qfOuVGkqRzgVymGe07xd0P1R6sKz19lZ2O,True,4,2026-10-02 19:10:55,2026-10-02 19:10:55,SYSTEM_ETL,SYSTEM_ETL
68f49ce6-0abe-4ccc-b668-884944237f88,1631,david.hill@nexuserp.com,$2a$10$8.UnVuG9HHgffUDAlk8qfOuVGkqRzgVymGe07xd0P1R6sKz19lZ2O,True,4,2026-10-02 19:10:55,2026-10-02 19:10:55,SYSTEM_ETL,SYSTEM_ETL
d6932fd2-b5b1-4eaf-9d36-027deba70a96,1633,priya.kim@nexuserp.com,$2a$10$8.UnVuG9HHgffUDAlk8qfOuVGkqRzgVymGe07xd0P1R6sKz19lZ2O,True,4,2026-10-02 19:10:55,2026-10-02 19:10:55,SYSTEM_ETL,SYSTEM_ETL
af83725e-b59a-47e0-8f99-dfada4adf46f,1635,elizabeth.williams@nexuserp.com,$2a$10$8.UnVuG9HHgffUDAlk8qfOuVGkqRzgVymGe07xd0P1R6sKz19lZ2O,True,4,2026-10-02 19:10:55,2026-10-02 19:10:55,SYSTEM_ETL,SYSTEM_ETL
a6bbc947-7611-4e3d-a30d-2e04f17ee671,1638,amanda.moreau2@nexuserp.com,$2a$10$8.UnVuG9HHgffUDAlk8qfOuVGkqRzgVymGe07xd0P1R6sKz19lZ2O,True,4,2026-10-02 19:10:55,2026-10-02 19:10:55,SYSTEM_ETL,SYSTEM_ETL
0a5df5a1-695e-4f2f-a20c-b209f9dae8ca,1639,noah.patel@nexuserp.com,$2a$10$8.UnVuG9HHgffUDAlk8qfOuVGkqRzgVymGe07xd0P1R6sKz19lZ2O,False,4,2026-10-02 19:10:55,2026-10-02 19:10:55,SYSTEM_ETL,SYSTEM_ETL
d6aa6bed-b2c9-451b-9498-36392d1b1c0c,1640,melissa.anderson@nexuserp.com,$2a$10$8.UnVuG9HHgffUDAlk8qfOuVGkqRzgVymGe07xd0P1R6sKz19lZ2O,True,4,2026-10-02 19:10:55,2026-10-02 19:10:55,SYSTEM_ETL,SYSTEM_ETL
6f5f83e3-ea74-4815-acee-d94071c950bc,1641,patricia.lopez@nexuserp.com,$2a$10$8.UnVuG9HHgffUDAlk8qfOuVGkqRzgVymGe07xd0P1R6sKz19lZ2O,True,4,2026-10-02 19:10:55,2026-10-02 19:10:55,SYSTEM_ETL,SYSTEM_ETL
0830efd0-486b-47f3-8d49-550af88487ca,1642,michael.ivanov@nexuserp.com,$2a$10$8.UnVuG9HHgffUDAlk8qfOuVGkqRzgVymGe07xd0P1R6sKz19lZ2O,True,2,2026-10-02 19:10:55,2026-10-02 19:10:55,SYSTEM_ETL,SYSTEM_ETL
dab21e91-63a1-4e8d-8ad6-9fb53d4299d2,1644,mark.patel@nexuserp.com,$2a$10$8.UnVuG9HHgffUDAlk8qfOuVGkqRzgVymGe07xd0P1R6sKz19lZ2O,True,3,2026-10-02 19:10:55,2026-10-02 19:10:55,SYSTEM_ETL,SYSTEM_ETL
1f478ad0-6ed1-43df-94ab-cdf0ebe86863,1645,samuel.mitchell@nexuserp.com,$2a$10$8.UnVuG9HHgffUDAlk8qfOuVGkqRzgVymGe07xd0P1R6sKz19lZ2O,False,4,2026-10-02 19:10:55,2026-10-02 19:10:55,SYSTEM_ETL,SYSTEM_ETL
526e0b9f-19dc-4890-be80-85fdd79e22ad,1646,amy.patel@nexuserp.com,$2a$10$8.UnVuG9HHgffUDAlk8qfOuVGkqRzgVymGe07xd0P1R6sKz19lZ2O,True,4,2026-10-02 19:10:55,2026-10-02 19:10:55,SYSTEM_ETL,SYSTEM_ETL
71328b5f-3b3f-4949-8593-29ac3db82512,1647,jennifer.davis@nexuserp.com,$2a$10$8.UnVuG9HHgffUDAlk8qfOuVGkqRzgVymGe07xd0P1R6sKz19lZ2O,True,4,2026-10-02 19:10:55,2026-10-02 19:10:55,SYSTEM_ETL,SYSTEM_ETL
a30128b7-cf82-4702-8873-03234b640ef3,1648,timothy.scott@nexuserp.com,$2a$10$8.UnVuG9HHgffUDAlk8qfOuVGkqRzgVymGe07xd0P1R6sKz19lZ2O,True,4,2026-10-02 19:10:55,2026-10-02 19:10:55,SYSTEM_ETL,SYSTEM_ETL
7e3df334-0700-45e8-aab9-79514dba2aa7,1649,samuel.tanaka@nexuserp.com,$2a$10$8.UnVuG9HHgffUDAlk8qfOuVGkqRzgVymGe07xd0P1R6sKz19lZ2O,False,4,2026-10-02 19:10:55,2026-10-02 19:10:55,SYSTEM_ETL,SYSTEM_ETL
b2c6665d-10e0-402b-90b0-0350d6a3473f,1650,youssef.thompson@nexuserp.com,$2a$10$8.UnVuG9HHgffUDAlk8qfOuVGkqRzgVymGe07xd0P1R6sKz19lZ2O,True,4,2026-10-02 19:10:55,2026-10-02 19:10:55,SYSTEM_ETL,SYSTEM_ETL
c83305f2-bcb8-4f18-81b0-d4fbac2bde00,1651,amanda.sato@nexuserp.com,$2a$10$8.UnVuG9HHgffUDAlk8qfOuVGkqRzgVymGe07xd0P1R6sKz19lZ2O,True,4,2026-10-02 19:10:55,2026-10-02 19:10:55,SYSTEM_ETL,SYSTEM_ETL
ce803fb8-ca44-4f2a-a1f6-560963cb8e5f,1653,daniel.hall@nexuserp.com,$2a$10$8.UnVuG9HHgffUDAlk8qfOuVGkqRzgVymGe07xd0P1R6sKz19lZ2O,True,4,2026-10-02 19:10:55,2026-10-02 19:10:55,SYSTEM_ETL,SYSTEM_ETL
593397a2-7698-44dd-ad4a-67551de87829,1654,jonathan.sato@nexuserp.com,$2a$10$8.UnVuG9HHgffUDAlk8qfOuVGkqRzgVymGe07xd0P1R6sKz19lZ2O,True,4,2026-10-02 19:10:55,2026-10-02 19:10:55,SYSTEM_ETL,SYSTEM_ETL
282955e5-e8da-4b10-ac12-8e874a7c17bf,1655,nour.adams@nexuserp.com,$2a$10$8.UnVuG9HHgffUDAlk8qfOuVGkqRzgVymGe07xd0P1R6sKz19lZ2O,True,3,2026-10-02 19:10:55,2026-10-02 19:10:55,SYSTEM_ETL,SYSTEM_ETL
3331a981-406d-4034-97b0-d56615c9eebe,1656,michelle.king@nexuserp.com,$2a$10$8.UnVuG9HHgffUDAlk8qfOuVGkqRzgVymGe07xd0P1R6sKz19lZ2O,True,3,2026-10-02 19:10:55,2026-10-02 19:10:55,SYSTEM_ETL,SYSTEM_ETL
716e7abd-0b3e-4015-8b46-79b2ba78e5d2,1657,sharon.jackson@nexuserp.com,$2a$10$8.UnVuG9HHgffUDAlk8qfOuVGkqRzgVymGe07xd0P1R6sKz19lZ2O,True,4,2026-10-02 19:10:55,2026-10-02 19:10:55,SYSTEM_ETL,SYSTEM_ETL
c2f9f528-cfe3-4942-b6e0-ad50fae5e049,1658,salma.moore@nexuserp.com,$2a$10$8.UnVuG9HHgffUDAlk8qfOuVGkqRzgVymGe07xd0P1R6sKz19lZ2O,True,4,2026-10-02 19:10:55,2026-10-02 19:10:55,SYSTEM_ETL,SYSTEM_ETL
dbac66d0-9e11-4401-9e45-8edf267b1bb7,1659,ahmed.sato@nexuserp.com,$2a$10$8.UnVuG9HHgffUDAlk8qfOuVGkqRzgVymGe07xd0P1R6sKz19lZ2O,True,4,2026-10-02 19:10:55,2026-10-02 19:10:55,SYSTEM_ETL,SYSTEM_ETL
2e85978b-5b66-4eba-a416-c707d1da3343,1661,alice.martinez@nexuserp.com,$2a$10$8.UnVuG9HHgffUDAlk8qfOuVGkqRzgVymGe07xd0P1R6sKz19lZ2O,True,4,2026-10-02 19:10:55,2026-10-02 19:10:55,SYSTEM_ETL,SYSTEM_ETL
879436e6-4bbf-4290-b17e-14cd636518b6,1662,lea.miller@nexuserp.com,$2a$10$8.UnVuG9HHgffUDAlk8qfOuVGkqRzgVymGe07xd0P1R6sKz19lZ2O,True,4,2026-10-02 19:10:55,2026-10-02 19:10:55,SYSTEM_ETL,SYSTEM_ETL
2cc0abd9-c4a9-47da-bdb6-c80d230ee1b2,1664,andrew.thomas@nexuserp.com,$2a$10$8.UnVuG9HHgffUDAlk8qfOuVGkqRzgVymGe07xd0P1R6sKz19lZ2O,True,4,2026-10-02 19:10:55,2026-10-02 19:10:55,SYSTEM_ETL,SYSTEM_ETL
1338b565-b626-4e57-8b31-fe519df9ca84,1665,sarah.thomas@nexuserp.com,$2a$10$8.UnVuG9HHgffUDAlk8qfOuVGkqRzgVymGe07xd0P1R6sKz19lZ2O,True,3,2026-10-02 19:10:55,2026-10-02 19:10:55,SYSTEM_ETL,SYSTEM_ETL
11157b63-16a6-4f6a-ae43-3ee38603e0f5,1666,robert.patel@nexuserp.com,$2a$10$8.UnVuG9HHgffUDAlk8qfOuVGkqRzgVymGe07xd0P1R6sKz19lZ2O,True,3,2026-10-02 19:10:55,2026-10-02 19:10:55,SYSTEM_ETL,SYSTEM_ETL
f8a8fe77-a6f0-4085-afea-aeaabc1b7bb4,1667,michael.scott2@nexuserp.com,$2a$10$8.UnVuG9HHgffUDAlk8qfOuVGkqRzgVymGe07xd0P1R6sKz19lZ2O,False,4,2026-10-02 19:10:55,2026-10-02 19:10:55,SYSTEM_ETL,SYSTEM_ETL
46bd539d-4d9f-474f-ac55-68fa9f6ca5de,1668,mateo.murphy@nexuserp.com,$2a$10$8.UnVuG9HHgffUDAlk8qfOuVGkqRzgVymGe07xd0P1R6sKz19lZ2O,True,4,2026-10-02 19:10:55,2026-10-02 19:10:55,SYSTEM_ETL,SYSTEM_ETL
674f8796-7e3f-40fc-acce-52d210426592,1669,hiroshi.hernandez@nexuserp.com,$2a$10$8.UnVuG9HHgffUDAlk8qfOuVGkqRzgVymGe07xd0P1R6sKz19lZ2O,True,4,2026-10-02 19:10:55,2026-10-02 19:10:55,SYSTEM_ETL,SYSTEM_ETL
f5a18dfa-174d-40aa-8bf9-26af18c1865b,1670,oscar.moreau@nexuserp.com,$2a$10$8.UnVuG9HHgffUDAlk8qfOuVGkqRzgVymGe07xd0P1R6sKz19lZ2O,True,4,2026-10-02 19:10:55,2026-10-02 19:10:55,SYSTEM_ETL,SYSTEM_ETL
c39c8672-4e19-4e5a-a7b7-547b70caef4a,1671,thomas.flores@nexuserp.com,$2a$10$8.UnVuG9HHgffUDAlk8qfOuVGkqRzgVymGe07xd0P1R6sKz19lZ2O,True,4,2026-10-02 19:10:55,2026-10-02 19:10:55,SYSTEM_ETL,SYSTEM_ETL
d07294bd-46c2-4e66-bae6-3adcb24d359d,1673,fatima.scott@nexuserp.com,$2a$10$8.UnVuG9HHgffUDAlk8qfOuVGkqRzgVymGe07xd0P1R6sKz19lZ2O,True,4,2026-10-02 19:10:55,2026-10-02 19:10:55,SYSTEM_ETL,SYSTEM_ETL
95dda972-65f0-4d61-a9d9-aa1217fdb18d,1674,karen.kowalski@nexuserp.com,$2a$10$8.UnVuG9HHgffUDAlk8qfOuVGkqRzgVymGe07xd0P1R6sKz19lZ2O,True,4,2026-10-02 19:10:55,2026-10-02 19:10:55,SYSTEM_ETL,SYSTEM_ETL
e5401c33-398e-4744-a383-8a1e01e7343a,1675,clara.obrien@nexuserp.com,$2a$10$8.UnVuG9HHgffUDAlk8qfOuVGkqRzgVymGe07xd0P1R6sKz19lZ2O,True,4,2026-10-02 19:10:55,2026-10-02 19:10:55,SYSTEM_ETL,SYSTEM_ETL
8b1fe63e-2723-45f5-8b40-f95fefb8a116,1676,clara.novak@nexuserp.com,$2a$10$8.UnVuG9HHgffUDAlk8qfOuVGkqRzgVymGe07xd0P1R6sKz19lZ2O,True,3,2026-10-02 19:10:55,2026-10-02 19:10:55,SYSTEM_ETL,SYSTEM_ETL
4f665a05-8393-453d-bf0b-2c7bf0d00ca2,1677,ryan.taylor@nexuserp.com,$2a$10$8.UnVuG9HHgffUDAlk8qfOuVGkqRzgVymGe07xd0P1R6sKz19lZ2O,True,3,2026-10-02 19:10:55,2026-10-02 19:10:55,SYSTEM_ETL,SYSTEM_ETL
786b9597-45ef-45fd-9c92-bc758b1f993a,1678,karim.jackson@nexuserp.com,$2a$10$8.UnVuG9HHgffUDAlk8qfOuVGkqRzgVymGe07xd0P1R6sKz19lZ2O,True,4,2026-10-02 19:10:55,2026-10-02 19:10:55,SYSTEM_ETL,SYSTEM_ETL
aa20ffc7-73bf-4834-986c-c4b9a128c41b,1680,jacob.moreau@nexuserp.com,$2a$10$8.UnVuG9HHgffUDAlk8qfOuVGkqRzgVymGe07xd0P1R6sKz19lZ2O,True,4,2026-10-02 19:10:55,2026-10-02 19:10:55,SYSTEM_ETL,SYSTEM_ETL
5391b6f4-d26c-4f2b-abe6-a583070830b6,1681,clara.clark@nexuserp.com,$2a$10$8.UnVuG9HHgffUDAlk8qfOuVGkqRzgVymGe07xd0P1R6sKz19lZ2O,True,4,2026-10-02 19:10:55,2026-10-02 19:10:55,SYSTEM_ETL,SYSTEM_ETL
74d20a25-1979-40e8-ba5c-a8510261fb2f,1682,anthony.muller@nexuserp.com,$2a$10$8.UnVuG9HHgffUDAlk8qfOuVGkqRzgVymGe07xd0P1R6sKz19lZ2O,True,4,2026-10-02 19:10:55,2026-10-02 19:10:55,SYSTEM_ETL,SYSTEM_ETL
9cdb6660-c34d-483d-95ac-139d37ce6769,1683,mary.roberts@nexuserp.com,$2a$10$8.UnVuG9HHgffUDAlk8qfOuVGkqRzgVymGe07xd0P1R6sKz19lZ2O,True,4,2026-10-02 19:10:55,2026-10-02 19:10:55,SYSTEM_ETL,SYSTEM_ETL
5e305540-89ea-404b-a895-6b8ee26ccf2e,1684,noah.carter@nexuserp.com,$2a$10$8.UnVuG9HHgffUDAlk8qfOuVGkqRzgVymGe07xd0P1R6sKz19lZ2O,False,4,2026-10-02 19:10:55,2026-10-02 19:10:55,SYSTEM_ETL,SYSTEM_ETL
c442ed08-67a9-451e-a159-fa0a026ec77d,1687,rebecca.shah@nexuserp.com,$2a$10$8.UnVuG9HHgffUDAlk8qfOuVGkqRzgVymGe07xd0P1R6sKz19lZ2O,True,4,2026-10-02 19:10:55,2026-10-02 19:10:55,SYSTEM_ETL,SYSTEM_ETL
5e7be27a-52bc-4ed3-87c1-6df2700e7c24,1689,kevin.russo@nexuserp.com,$2a$10$8.UnVuG9HHgffUDAlk8qfOuVGkqRzgVymGe07xd0P1R6sKz19lZ2O,True,4,2026-10-02 19:10:55,2026-10-02 19:10:55,SYSTEM_ETL,SYSTEM_ETL
d9c91c6c-d5b1-4511-87bb-98b84dfc3106,1691,anna.williams@nexuserp.com,$2a$10$8.UnVuG9HHgffUDAlk8qfOuVGkqRzgVymGe07xd0P1R6sKz19lZ2O,False,4,2026-10-02 19:10:55,2026-10-02 19:10:55,SYSTEM_ETL,SYSTEM_ETL
dc7564e2-b09a-4df8-a3fe-4f3a8a070c76,1692,jonathan.brown2@nexuserp.com,$2a$10$8.UnVuG9HHgffUDAlk8qfOuVGkqRzgVymGe07xd0P1R6sKz19lZ2O,False,4,2026-10-02 19:10:55,2026-10-02 19:10:55,SYSTEM_ETL,SYSTEM_ETL
14fffd9f-d509-4876-b89b-add82df8fe85,1693,tariq.haddad@nexuserp.com,$2a$10$8.UnVuG9HHgffUDAlk8qfOuVGkqRzgVymGe07xd0P1R6sKz19lZ2O,True,4,2026-10-02 19:10:55,2026-10-02 19:10:55,SYSTEM_ETL,SYSTEM_ETL
81d57eec-321e-437c-9dfe-7595aa3ba918,1694,kevin.nelson@nexuserp.com,$2a$10$8.UnVuG9HHgffUDAlk8qfOuVGkqRzgVymGe07xd0P1R6sKz19lZ2O,True,4,2026-10-02 19:10:55,2026-10-02 19:10:55,SYSTEM_ETL,SYSTEM_ETL
c83bb4d4-f269-403e-a8ac-f3615f16b651,1696,karim.thompson@nexuserp.com,$2a$10$8.UnVuG9HHgffUDAlk8qfOuVGkqRzgVymGe07xd0P1R6sKz19lZ2O,True,4,2026-10-02 19:10:55,2026-10-02 19:10:55,SYSTEM_ETL,SYSTEM_ETL
e05a106f-e184-4bce-be06-93e6964a07ab,1697,steven.nguyen2@nexuserp.com,$2a$10$8.UnVuG9HHgffUDAlk8qfOuVGkqRzgVymGe07xd0P1R6sKz19lZ2O,True,4,2026-10-02 19:10:55,2026-10-02 19:10:55,SYSTEM_ETL,SYSTEM_ETL
6f87fe49-cc78-49b2-b401-910404d1b37d,1698,anthony.sato@nexuserp.com,$2a$10$8.UnVuG9HHgffUDAlk8qfOuVGkqRzgVymGe07xd0P1R6sKz19lZ2O,True,4,2026-10-02 19:10:55,2026-10-02 19:10:55,SYSTEM_ETL,SYSTEM_ETL
2e0221aa-58a9-42b2-b981-f44805143936,1700,william.shah@nexuserp.com,$2a$10$8.UnVuG9HHgffUDAlk8qfOuVGkqRzgVymGe07xd0P1R6sKz19lZ2O,True,4,2026-10-02 19:10:55,2026-10-02 19:10:55,SYSTEM_ETL,SYSTEM_ETL
48d07e7b-9328-4978-9297-65915d9aee6c,1701,melissa.carter@nexuserp.com,$2a$10$8.UnVuG9HHgffUDAlk8qfOuVGkqRzgVymGe07xd0P1R6sKz19lZ2O,True,4,2026-10-02 19:10:55,2026-10-02 19:10:55,SYSTEM_ETL,SYSTEM_ETL
647cd2db-9bf5-4745-bf7c-b3595fc89f81,1702,joseph.wright@nexuserp.com,$2a$10$8.UnVuG9HHgffUDAlk8qfOuVGkqRzgVymGe07xd0P1R6sKz19lZ2O,False,4,2026-10-02 19:10:55,2026-10-02 19:10:55,SYSTEM_ETL,SYSTEM_ETL
ccfef6f9-dfe4-47e6-9767-f075d8d960d7,1703,lea.white@nexuserp.com,$2a$10$8.UnVuG9HHgffUDAlk8qfOuVGkqRzgVymGe07xd0P1R6sKz19lZ2O,True,4,2026-10-02 19:10:55,2026-10-02 19:10:55,SYSTEM_ETL,SYSTEM_ETL
ed989d29-639f-456b-9f29-04f45f0e2d4f,1704,richard.rivera@nexuserp.com,$2a$10$8.UnVuG9HHgffUDAlk8qfOuVGkqRzgVymGe07xd0P1R6sKz19lZ2O,True,4,2026-10-02 19:10:55,2026-10-02 19:10:55,SYSTEM_ETL,SYSTEM_ETL
8837e78c-42df-47a4-91f1-f25858fb5b73,1706,thomas.robinson@nexuserp.com,$2a$10$8.UnVuG9HHgffUDAlk8qfOuVGkqRzgVymGe07xd0P1R6sKz19lZ2O,True,4,2026-10-02 19:10:55,2026-10-02 19:10:55,SYSTEM_ETL,SYSTEM_ETL
d0384cef-a17d-494c-9c8b-0c99a7591cf2,1707,ryan.roberts@nexuserp.com,$2a$10$8.UnVuG9HHgffUDAlk8qfOuVGkqRzgVymGe07xd0P1R6sKz19lZ2O,True,4,2026-10-02 19:10:55,2026-10-02 19:10:55,SYSTEM_ETL,SYSTEM_ETL
213ec051-8c9a-4e15-9c22-945eca0e31b6,1708,mehdi.fontaine@nexuserp.com,$2a$10$8.UnVuG9HHgffUDAlk8qfOuVGkqRzgVymGe07xd0P1R6sKz19lZ2O,True,4,2026-10-02 19:10:55,2026-10-02 19:10:55,SYSTEM_ETL,SYSTEM_ETL
c895f5a8-589a-4c8e-9d40-dfb31dc9fb6e,1709,priya.garcia@nexuserp.com,$2a$10$8.UnVuG9HHgffUDAlk8qfOuVGkqRzgVymGe07xd0P1R6sKz19lZ2O,True,4,2026-10-02 19:10:55,2026-10-02 19:10:55,SYSTEM_ETL,SYSTEM_ETL
bd188df6-09b8-4215-99dd-a3a348188d7b,1710,laura.smith2@nexuserp.com,$2a$10$8.UnVuG9HHgffUDAlk8qfOuVGkqRzgVymGe07xd0P1R6sKz19lZ2O,True,4,2026-10-02 19:10:55,2026-10-02 19:10:55,SYSTEM_ETL,SYSTEM_ETL
b32f4617-6559-44d2-a5f4-7bf955c2f03b,1712,james.moore2@nexuserp.com,$2a$10$8.UnVuG9HHgffUDAlk8qfOuVGkqRzgVymGe07xd0P1R6sKz19lZ2O,True,4,2026-10-02 19:10:55,2026-10-02 19:10:55,SYSTEM_ETL,SYSTEM_ETL
08dcfcda-adef-4126-832e-ce5f87c1623d,1714,youssef.silva@nexuserp.com,$2a$10$8.UnVuG9HHgffUDAlk8qfOuVGkqRzgVymGe07xd0P1R6sKz19lZ2O,False,4,2026-10-02 19:10:55,2026-10-02 19:10:55,SYSTEM_ETL,SYSTEM_ETL
83de93df-c917-429b-85b1-ffa1cb1502d7,1716,ethan.dubois@nexuserp.com,$2a$10$8.UnVuG9HHgffUDAlk8qfOuVGkqRzgVymGe07xd0P1R6sKz19lZ2O,False,4,2026-10-02 19:10:55,2026-10-02 19:10:55,SYSTEM_ETL,SYSTEM_ETL
3a050a22-b6de-4fb1-8004-7100f3dd56ae,1718,ethan.anderson@nexuserp.com,$2a$10$8.UnVuG9HHgffUDAlk8qfOuVGkqRzgVymGe07xd0P1R6sKz19lZ2O,True,4,2026-10-02 19:10:55,2026-10-02 19:10:55,SYSTEM_ETL,SYSTEM_ETL
c56895a0-03d9-41ac-865d-fae280826432,1719,aiko.silva@nexuserp.com,$2a$10$8.UnVuG9HHgffUDAlk8qfOuVGkqRzgVymGe07xd0P1R6sKz19lZ2O,True,3,2026-10-02 19:10:55,2026-10-02 19:10:55,SYSTEM_ETL,SYSTEM_ETL
aa95f8f6-842e-4076-93f5-b2ab2e96cd93,1720,david.adams@nexuserp.com,$2a$10$8.UnVuG9HHgffUDAlk8qfOuVGkqRzgVymGe07xd0P1R6sKz19lZ2O,True,4,2026-10-02 19:10:55,2026-10-02 19:10:55,SYSTEM_ETL,SYSTEM_ETL
4f3e6c4b-9140-498c-a1ad-aa885467a531,1721,ivan.nelson@nexuserp.com,$2a$10$8.UnVuG9HHgffUDAlk8qfOuVGkqRzgVymGe07xd0P1R6sKz19lZ2O,True,4,2026-10-02 19:10:55,2026-10-02 19:10:55,SYSTEM_ETL,SYSTEM_ETL
cd57bae6-d478-410c-b74a-784eaa0757bc,1722,hiroshi.oliveira@nexuserp.com,$2a$10$8.UnVuG9HHgffUDAlk8qfOuVGkqRzgVymGe07xd0P1R6sKz19lZ2O,True,2,2026-10-02 19:10:55,2026-10-02 19:10:55,SYSTEM_ETL,SYSTEM_ETL
1716b2a1-4896-46db-b58c-c346f8277c37,1724,anna.jones@nexuserp.com,$2a$10$8.UnVuG9HHgffUDAlk8qfOuVGkqRzgVymGe07xd0P1R6sKz19lZ2O,True,4,2026-10-02 19:10:55,2026-10-02 19:10:55,SYSTEM_ETL,SYSTEM_ETL
7307a9a8-c873-4844-957a-43bb0abb266e,1725,joshua.jackson@nexuserp.com,$2a$10$8.UnVuG9HHgffUDAlk8qfOuVGkqRzgVymGe07xd0P1R6sKz19lZ2O,True,4,2026-10-02 19:10:55,2026-10-02 19:10:55,SYSTEM_ETL,SYSTEM_ETL
702178d5-c81b-448c-995a-2c60f9b871f8,1727,jacob.benali2@nexuserp.com,$2a$10$8.UnVuG9HHgffUDAlk8qfOuVGkqRzgVymGe07xd0P1R6sKz19lZ2O,True,4,2026-10-02 19:10:55,2026-10-02 19:10:55,SYSTEM_ETL,SYSTEM_ETL
959c6198-f401-493f-8096-c293db942625,1728,jacob.taylor@nexuserp.com,$2a$10$8.UnVuG9HHgffUDAlk8qfOuVGkqRzgVymGe07xd0P1R6sKz19lZ2O,True,4,2026-10-02 19:10:55,2026-10-02 19:10:55,SYSTEM_ETL,SYSTEM_ETL
ecd12140-8b47-4676-9eff-898e67317d99,1729,paul.fontaine2@nexuserp.com,$2a$10$8.UnVuG9HHgffUDAlk8qfOuVGkqRzgVymGe07xd0P1R6sKz19lZ2O,True,4,2026-10-02 19:10:55,2026-10-02 19:10:55,SYSTEM_ETL,SYSTEM_ETL
b56c6f26-c51b-41e4-972e-c9c0c5086692,1731,john.jackson@nexuserp.com,$2a$10$8.UnVuG9HHgffUDAlk8qfOuVGkqRzgVymGe07xd0P1R6sKz19lZ2O,True,4,2026-10-02 19:10:55,2026-10-02 19:10:55,SYSTEM_ETL,SYSTEM_ETL
c27e22e6-d54b-4485-b4cc-5f6b976e8d41,1732,wei.davis2@nexuserp.com,$2a$10$8.UnVuG9HHgffUDAlk8qfOuVGkqRzgVymGe07xd0P1R6sKz19lZ2O,True,4,2026-10-02 19:10:55,2026-10-02 19:10:55,SYSTEM_ETL,SYSTEM_ETL
67eacdd8-1b33-47d9-9404-2513cac3adad,1733,george.moore@nexuserp.com,$2a$10$8.UnVuG9HHgffUDAlk8qfOuVGkqRzgVymGe07xd0P1R6sKz19lZ2O,False,4,2026-10-02 19:10:55,2026-10-02 19:10:55,SYSTEM_ETL,SYSTEM_ETL
60a22c5c-7427-4204-9e20-023c030d60fb,1734,william.nguyen@nexuserp.com,$2a$10$8.UnVuG9HHgffUDAlk8qfOuVGkqRzgVymGe07xd0P1R6sKz19lZ2O,False,4,2026-10-02 19:10:55,2026-10-02 19:10:55,SYSTEM_ETL,SYSTEM_ETL
96af9a2a-9aaa-4eac-953b-c6b8af7b3bad,1735,olivia.thomas@nexuserp.com,$2a$10$8.UnVuG9HHgffUDAlk8qfOuVGkqRzgVymGe07xd0P1R6sKz19lZ2O,True,4,2026-10-02 19:10:55,2026-10-02 19:10:55,SYSTEM_ETL,SYSTEM_ETL
a13ba01d-3162-4c93-b5df-6e7d2fb41821,1736,linda.hernandez@nexuserp.com,$2a$10$8.UnVuG9HHgffUDAlk8qfOuVGkqRzgVymGe07xd0P1R6sKz19lZ2O,True,4,2026-10-02 19:10:55,2026-10-02 19:10:55,SYSTEM_ETL,SYSTEM_ETL
089f60d8-5a39-4dd2-a09c-6cd381b9990e,1737,ahmed.ivanov@nexuserp.com,$2a$10$8.UnVuG9HHgffUDAlk8qfOuVGkqRzgVymGe07xd0P1R6sKz19lZ2O,True,4,2026-10-02 19:10:55,2026-10-02 19:10:55,SYSTEM_ETL,SYSTEM_ETL
064299d8-856e-4fd6-a3e5-14b45bbe6eb5,1739,charles.robinson@nexuserp.com,$2a$10$8.UnVuG9HHgffUDAlk8qfOuVGkqRzgVymGe07xd0P1R6sKz19lZ2O,True,4,2026-10-02 19:10:55,2026-10-02 19:10:55,SYSTEM_ETL,SYSTEM_ETL
449f297c-f853-47c2-8d76-d27399110c53,1740,joshua.allen@nexuserp.com,$2a$10$8.UnVuG9HHgffUDAlk8qfOuVGkqRzgVymGe07xd0P1R6sKz19lZ2O,True,3,2026-10-02 19:10:55,2026-10-02 19:10:55,SYSTEM_ETL,SYSTEM_ETL
372cd513-2763-419e-b82d-f069f8360658,1744,sandra.jones2@nexuserp.com,$2a$10$8.UnVuG9HHgffUDAlk8qfOuVGkqRzgVymGe07xd0P1R6sKz19lZ2O,True,2,2026-10-02 19:10:55,2026-10-02 19:10:55,SYSTEM_ETL,SYSTEM_ETL
c2d49c3a-7ac3-4bba-bc58-a76ce93f404a,1745,olivia.allen@nexuserp.com,$2a$10$8.UnVuG9HHgffUDAlk8qfOuVGkqRzgVymGe07xd0P1R6sKz19lZ2O,True,4,2026-10-02 19:10:55,2026-10-02 19:10:55,SYSTEM_ETL,SYSTEM_ETL
552274c6-1648-4122-8bed-cdf8519a2030,1746,joshua.white@nexuserp.com,$2a$10$8.UnVuG9HHgffUDAlk8qfOuVGkqRzgVymGe07xd0P1R6sKz19lZ2O,True,4,2026-10-02 19:10:55,2026-10-02 19:10:55,SYSTEM_ETL,SYSTEM_ETL
abd18b16-f4e2-4015-8929-0da2f9cdfb82,1747,hana.haddad@nexuserp.com,$2a$10$8.UnVuG9HHgffUDAlk8qfOuVGkqRzgVymGe07xd0P1R6sKz19lZ2O,False,4,2026-10-02 19:10:55,2026-10-02 19:10:55,SYSTEM_ETL,SYSTEM_ETL
b93a60f0-8920-4a5b-90d9-311217b0b85e,1749,george.moore2@nexuserp.com,$2a$10$8.UnVuG9HHgffUDAlk8qfOuVGkqRzgVymGe07xd0P1R6sKz19lZ2O,True,4,2026-10-02 19:10:55,2026-10-02 19:10:55,SYSTEM_ETL,SYSTEM_ETL
d879a5f1-6c82-466b-8f90-ca56c726a99c,1751,elena.silva@nexuserp.com,$2a$10$8.UnVuG9HHgffUDAlk8qfOuVGkqRzgVymGe07xd0P1R6sKz19lZ2O,True,4,2026-10-02 19:10:55,2026-10-02 19:10:55,SYSTEM_ETL,SYSTEM_ETL
e2ccf22b-af1d-4fe2-93d3-6eedead802dc,1752,patricia.oliveira@nexuserp.com,$2a$10$8.UnVuG9HHgffUDAlk8qfOuVGkqRzgVymGe07xd0P1R6sKz19lZ2O,False,4,2026-10-02 19:10:55,2026-10-02 19:10:55,SYSTEM_ETL,SYSTEM_ETL
039cda50-9b9a-4332-b744-a6252944758d,1753,mateo.davis2@nexuserp.com,$2a$10$8.UnVuG9HHgffUDAlk8qfOuVGkqRzgVymGe07xd0P1R6sKz19lZ2O,True,4,2026-10-02 19:10:55,2026-10-02 19:10:55,SYSTEM_ETL,SYSTEM_ETL
ab4c5d78-deab-4025-b04c-816b2962eecb,1754,noah.rodriguez@nexuserp.com,$2a$10$8.UnVuG9HHgffUDAlk8qfOuVGkqRzgVymGe07xd0P1R6sKz19lZ2O,True,4,2026-10-02 19:10:55,2026-10-02 19:10:55,SYSTEM_ETL,SYSTEM_ETL
31d58e6e-87d5-437b-978e-c0c861987513,1755,robert.martinez2@nexuserp.com,$2a$10$8.UnVuG9HHgffUDAlk8qfOuVGkqRzgVymGe07xd0P1R6sKz19lZ2O,True,4,2026-10-02 19:10:55,2026-10-02 19:10:55,SYSTEM_ETL,SYSTEM_ETL
1e043d63-907f-42bb-8e07-885eeaa61dab,1756,amy.mansour@nexuserp.com,$2a$10$8.UnVuG9HHgffUDAlk8qfOuVGkqRzgVymGe07xd0P1R6sKz19lZ2O,True,4,2026-10-02 19:10:55,2026-10-02 19:10:55,SYSTEM_ETL,SYSTEM_ETL
51c825be-08bd-4cbd-b7c2-20611506a9bd,1757,sharon.martinez2@nexuserp.com,$2a$10$8.UnVuG9HHgffUDAlk8qfOuVGkqRzgVymGe07xd0P1R6sKz19lZ2O,True,4,2026-10-02 19:10:55,2026-10-02 19:10:55,SYSTEM_ETL,SYSTEM_ETL
04ea9c8c-5a28-4861-bf21-1dab9b1a293a,1758,karen.ivanov@nexuserp.com,$2a$10$8.UnVuG9HHgffUDAlk8qfOuVGkqRzgVymGe07xd0P1R6sKz19lZ2O,False,4,2026-10-02 19:10:55,2026-10-02 19:10:55,SYSTEM_ETL,SYSTEM_ETL
a67fc036-5197-4542-be16-88628085e615,1760,alice.sato@nexuserp.com,$2a$10$8.UnVuG9HHgffUDAlk8qfOuVGkqRzgVymGe07xd0P1R6sKz19lZ2O,True,4,2026-10-02 19:10:55,2026-10-02 19:10:55,SYSTEM_ETL,SYSTEM_ETL
388e212e-34bc-4790-8a9c-6dcbb2f3dc28,1761,william.patel@nexuserp.com,$2a$10$8.UnVuG9HHgffUDAlk8qfOuVGkqRzgVymGe07xd0P1R6sKz19lZ2O,False,4,2026-10-02 19:10:55,2026-10-02 19:10:55,SYSTEM_ETL,SYSTEM_ETL
2a750136-1fb7-4a4a-b179-99f0ff01f4fd,1762,sara.campbell@nexuserp.com,$2a$10$8.UnVuG9HHgffUDAlk8qfOuVGkqRzgVymGe07xd0P1R6sKz19lZ2O,True,4,2026-10-02 19:10:55,2026-10-02 19:10:55,SYSTEM_ETL,SYSTEM_ETL
c5b72336-b3e9-42c9-80ea-06ad448e4cf2,1763,joseph.murphy@nexuserp.com,$2a$10$8.UnVuG9HHgffUDAlk8qfOuVGkqRzgVymGe07xd0P1R6sKz19lZ2O,True,4,2026-10-02 19:10:55,2026-10-02 19:10:55,SYSTEM_ETL,SYSTEM_ETL
7fd20235-12d1-4905-8dc7-b4f1b87251c1,1764,ryan.brown2@nexuserp.com,$2a$10$8.UnVuG9HHgffUDAlk8qfOuVGkqRzgVymGe07xd0P1R6sKz19lZ2O,True,4,2026-10-02 19:10:55,2026-10-02 19:10:55,SYSTEM_ETL,SYSTEM_ETL
be9f3460-04ce-449d-a0d1-1cdb183be74e,1766,daniel.torres@nexuserp.com,$2a$10$8.UnVuG9HHgffUDAlk8qfOuVGkqRzgVymGe07xd0P1R6sKz19lZ2O,True,4,2026-10-02 19:10:55,2026-10-02 19:10:55,SYSTEM_ETL,SYSTEM_ETL
4b7a3624-aca3-482e-816b-c7cceb24cc67,1767,michael.robinson2@nexuserp.com,$2a$10$8.UnVuG9HHgffUDAlk8qfOuVGkqRzgVymGe07xd0P1R6sKz19lZ2O,False,4,2026-10-02 19:10:55,2026-10-02 19:10:55,SYSTEM_ETL,SYSTEM_ETL
5984b23c-e8c3-448c-9fa7-8ba4b06ea071,1768,jacob.jensen@nexuserp.com,$2a$10$8.UnVuG9HHgffUDAlk8qfOuVGkqRzgVymGe07xd0P1R6sKz19lZ2O,True,4,2026-10-02 19:10:55,2026-10-02 19:10:55,SYSTEM_ETL,SYSTEM_ETL
324f3e6e-925a-4c81-8258-2a6b21f17d83,1770,david.benali@nexuserp.com,$2a$10$8.UnVuG9HHgffUDAlk8qfOuVGkqRzgVymGe07xd0P1R6sKz19lZ2O,True,3,2026-10-02 19:10:55,2026-10-02 19:10:55,SYSTEM_ETL,SYSTEM_ETL
275853ea-8d84-4d7e-867d-f76bc1cbf8b6,1771,diego.wang@nexuserp.com,$2a$10$8.UnVuG9HHgffUDAlk8qfOuVGkqRzgVymGe07xd0P1R6sKz19lZ2O,True,4,2026-10-02 19:10:55,2026-10-02 19:10:55,SYSTEM_ETL,SYSTEM_ETL
a38d24c5-33c7-4ecb-b322-9ea7fb091bc7,1772,tariq.anderson@nexuserp.com,$2a$10$8.UnVuG9HHgffUDAlk8qfOuVGkqRzgVymGe07xd0P1R6sKz19lZ2O,True,4,2026-10-02 19:10:55,2026-10-02 19:10:55,SYSTEM_ETL,SYSTEM_ETL
4b5373c6-e792-4da3-b002-b7d66fd6c182,1774,rayan.obrien@nexuserp.com,$2a$10$8.UnVuG9HHgffUDAlk8qfOuVGkqRzgVymGe07xd0P1R6sKz19lZ2O,True,4,2026-10-02 19:10:55,2026-10-02 19:10:55,SYSTEM_ETL,SYSTEM_ETL
6991769b-1791-4106-a06d-a1df03fd806e,1775,amanda.baker@nexuserp.com,$2a$10$8.UnVuG9HHgffUDAlk8qfOuVGkqRzgVymGe07xd0P1R6sKz19lZ2O,True,4,2026-10-02 19:10:55,2026-10-02 19:10:55,SYSTEM_ETL,SYSTEM_ETL
8adfd206-4e5d-4c61-8321-2be1390d37bb,1778,jonathan.baker@nexuserp.com,$2a$10$8.UnVuG9HHgffUDAlk8qfOuVGkqRzgVymGe07xd0P1R6sKz19lZ2O,True,4,2026-10-02 19:10:55,2026-10-02 19:10:55,SYSTEM_ETL,SYSTEM_ETL
4337cfb7-f54d-4578-91a3-784358f487c2,1779,emily.nielsen@nexuserp.com,$2a$10$8.UnVuG9HHgffUDAlk8qfOuVGkqRzgVymGe07xd0P1R6sKz19lZ2O,True,4,2026-10-02 19:10:55,2026-10-02 19:10:55,SYSTEM_ETL,SYSTEM_ETL
ac191cf3-c4c3-42a2-87a8-c6dab56b417d,1780,felix.wright@nexuserp.com,$2a$10$8.UnVuG9HHgffUDAlk8qfOuVGkqRzgVymGe07xd0P1R6sKz19lZ2O,False,4,2026-10-02 19:10:55,2026-10-02 19:10:55,SYSTEM_ETL,SYSTEM_ETL
59ab8ef4-b4fc-47d1-98ab-ee991546fcb2,1782,elena.scott2@nexuserp.com,$2a$10$8.UnVuG9HHgffUDAlk8qfOuVGkqRzgVymGe07xd0P1R6sKz19lZ2O,True,4,2026-10-02 19:10:55,2026-10-02 19:10:55,SYSTEM_ETL,SYSTEM_ETL
b8523123-dc81-4e74-96c0-efb6766876cc,1783,julia.benali@nexuserp.com,$2a$10$8.UnVuG9HHgffUDAlk8qfOuVGkqRzgVymGe07xd0P1R6sKz19lZ2O,False,4,2026-10-02 19:10:55,2026-10-02 19:10:55,SYSTEM_ETL,SYSTEM_ETL
55b237ce-ed0a-441a-9d1f-8dfb37f423ff,1784,anna.hernandez@nexuserp.com,$2a$10$8.UnVuG9HHgffUDAlk8qfOuVGkqRzgVymGe07xd0P1R6sKz19lZ2O,True,4,2026-10-02 19:10:55,2026-10-02 19:10:55,SYSTEM_ETL,SYSTEM_ETL
bb100e63-20cd-4e2d-95a3-89b89c196caf,1786,amira.robinson2@nexuserp.com,$2a$10$8.UnVuG9HHgffUDAlk8qfOuVGkqRzgVymGe07xd0P1R6sKz19lZ2O,True,3,2026-10-02 19:10:55,2026-10-02 19:10:55,SYSTEM_ETL,SYSTEM_ETL
e8f80592-29e1-4da4-9f28-656d81879a29,1787,daniel.taylor@nexuserp.com,$2a$10$8.UnVuG9HHgffUDAlk8qfOuVGkqRzgVymGe07xd0P1R6sKz19lZ2O,True,4,2026-10-02 19:10:55,2026-10-02 19:10:55,SYSTEM_ETL,SYSTEM_ETL
9ed47181-f71e-49dd-8c03-7616e570b4b8,1789,oscar.rodriguez@nexuserp.com,$2a$10$8.UnVuG9HHgffUDAlk8qfOuVGkqRzgVymGe07xd0P1R6sKz19lZ2O,True,3,2026-10-02 19:10:55,2026-10-02 19:10:55,SYSTEM_ETL,SYSTEM_ETL
4e1eff8d-d39e-4de9-9611-e3cd3c9627d9,1790,adam.novak@nexuserp.com,$2a$10$8.UnVuG9HHgffUDAlk8qfOuVGkqRzgVymGe07xd0P1R6sKz19lZ2O,True,4,2026-10-02 19:10:55,2026-10-02 19:10:55,SYSTEM_ETL,SYSTEM_ETL
aa1971f0-d5cf-4c76-9c3b-ac8700cda552,1792,john.trabelsi@nexuserp.com,$2a$10$8.UnVuG9HHgffUDAlk8qfOuVGkqRzgVymGe07xd0P1R6sKz19lZ2O,False,4,2026-10-02 19:10:55,2026-10-02 19:10:55,SYSTEM_ETL,SYSTEM_ETL
8c5ccfa7-a39a-4cfb-b6be-8308eb9f1835,1794,omar.allen@nexuserp.com,$2a$10$8.UnVuG9HHgffUDAlk8qfOuVGkqRzgVymGe07xd0P1R6sKz19lZ2O,True,2,2026-10-02 19:10:55,2026-10-02 19:10:55,SYSTEM_ETL,SYSTEM_ETL
a7e970b2-a54f-4a36-a3c5-5d6d851391ae,1797,luca.torres@nexuserp.com,$2a$10$8.UnVuG9HHgffUDAlk8qfOuVGkqRzgVymGe07xd0P1R6sKz19lZ2O,False,4,2026-10-02 19:10:55,2026-10-02 19:10:55,SYSTEM_ETL,SYSTEM_ETL
a8f46908-72dc-4184-bbce-f56ab0b117e3,1798,timothy.hill@nexuserp.com,$2a$10$8.UnVuG9HHgffUDAlk8qfOuVGkqRzgVymGe07xd0P1R6sKz19lZ2O,True,4,2026-10-02 19:10:55,2026-10-02 19:10:55,SYSTEM_ETL,SYSTEM_ETL
948590bc-60d5-44fc-9f25-b0fba5214258,1799,rayan.khalil@nexuserp.com,$2a$10$8.UnVuG9HHgffUDAlk8qfOuVGkqRzgVymGe07xd0P1R6sKz19lZ2O,True,4,2026-10-02 19:10:55,2026-10-02 19:10:55,SYSTEM_ETL,SYSTEM_ETL
39fae1df-a114-4c51-86e8-4c62ca862107,1800,kevin.oliveira@nexuserp.com,$2a$10$8.UnVuG9HHgffUDAlk8qfOuVGkqRzgVymGe07xd0P1R6sKz19lZ2O,True,3,2026-10-02 19:10:55,2026-10-02 19:10:55,SYSTEM_ETL,SYSTEM_ETL
13e2ed33-d368-469b-bcbd-d8ca012d5d6c,1801,rayan.oliveira@nexuserp.com,$2a$10$8.UnVuG9HHgffUDAlk8qfOuVGkqRzgVymGe07xd0P1R6sKz19lZ2O,True,4,2026-10-02 19:10:55,2026-10-02 19:10:55,SYSTEM_ETL,SYSTEM_ETL
25d98681-d56a-4411-b958-58961ddb35ce,1802,camille.scott@nexuserp.com,$2a$10$8.UnVuG9HHgffUDAlk8qfOuVGkqRzgVymGe07xd0P1R6sKz19lZ2O,True,4,2026-10-02 19:10:55,2026-10-02 19:10:55,SYSTEM_ETL,SYSTEM_ETL
7857a4de-1bef-4d87-9797-865986302770,1803,ethan.walker@nexuserp.com,$2a$10$8.UnVuG9HHgffUDAlk8qfOuVGkqRzgVymGe07xd0P1R6sKz19lZ2O,True,4,2026-10-02 19:10:55,2026-10-02 19:10:55,SYSTEM_ETL,SYSTEM_ETL
8aa83b1e-90a7-4d7f-9a23-202071b9dbc1,1804,mark.green2@nexuserp.com,$2a$10$8.UnVuG9HHgffUDAlk8qfOuVGkqRzgVymGe07xd0P1R6sKz19lZ2O,True,4,2026-10-02 19:10:55,2026-10-02 19:10:55,SYSTEM_ETL,SYSTEM_ETL
2b0aeacf-25a2-4a34-bf2e-9a21b43d7f73,1805,victor.roberts@nexuserp.com,$2a$10$8.UnVuG9HHgffUDAlk8qfOuVGkqRzgVymGe07xd0P1R6sKz19lZ2O,True,4,2026-10-02 19:10:55,2026-10-02 19:10:55,SYSTEM_ETL,SYSTEM_ETL
344857fc-c2b7-4000-9f1b-0969fe668c56,1807,brian.green@nexuserp.com,$2a$10$8.UnVuG9HHgffUDAlk8qfOuVGkqRzgVymGe07xd0P1R6sKz19lZ2O,False,4,2026-10-02 19:10:55,2026-10-02 19:10:55,SYSTEM_ETL,SYSTEM_ETL
0c967e8e-da86-4437-88da-acab5768f1b3,1809,steven.moreau2@nexuserp.com,$2a$10$8.UnVuG9HHgffUDAlk8qfOuVGkqRzgVymGe07xd0P1R6sKz19lZ2O,False,4,2026-10-02 19:10:55,2026-10-02 19:10:55,SYSTEM_ETL,SYSTEM_ETL
e2313d8b-7031-4c4c-a2a6-5d37517e695d,1812,joshua.carter@nexuserp.com,$2a$10$8.UnVuG9HHgffUDAlk8qfOuVGkqRzgVymGe07xd0P1R6sKz19lZ2O,True,4,2026-10-02 19:10:55,2026-10-02 19:10:55,SYSTEM_ETL,SYSTEM_ETL
859155fe-2b4b-43d0-a111-621b76209dc7,1813,kevin.robinson@nexuserp.com,$2a$10$8.UnVuG9HHgffUDAlk8qfOuVGkqRzgVymGe07xd0P1R6sKz19lZ2O,True,4,2026-10-02 19:10:55,2026-10-02 19:10:55,SYSTEM_ETL,SYSTEM_ETL
6dcdd806-6b8c-4e27-a667-b5a2ad4879b2,1814,victor.young@nexuserp.com,$2a$10$8.UnVuG9HHgffUDAlk8qfOuVGkqRzgVymGe07xd0P1R6sKz19lZ2O,True,4,2026-10-02 19:10:55,2026-10-02 19:10:55,SYSTEM_ETL,SYSTEM_ETL
78ad10ad-71d5-4ebf-bf9b-59894dadaa70,1815,linda.wright@nexuserp.com,$2a$10$8.UnVuG9HHgffUDAlk8qfOuVGkqRzgVymGe07xd0P1R6sKz19lZ2O,True,4,2026-10-02 19:10:55,2026-10-02 19:10:55,SYSTEM_ETL,SYSTEM_ETL
67295672-3aee-4dfd-a4fa-00af5e514b11,1816,olivia.davis@nexuserp.com,$2a$10$8.UnVuG9HHgffUDAlk8qfOuVGkqRzgVymGe07xd0P1R6sKz19lZ2O,True,4,2026-10-02 19:10:55,2026-10-02 19:10:55,SYSTEM_ETL,SYSTEM_ETL
e2e34e3d-fe50-40ec-a23c-537d37413791,1818,michelle.anderson@nexuserp.com,$2a$10$8.UnVuG9HHgffUDAlk8qfOuVGkqRzgVymGe07xd0P1R6sKz19lZ2O,False,4,2026-10-02 19:10:55,2026-10-02 19:10:55,SYSTEM_ETL,SYSTEM_ETL
8298450f-002e-4462-b1e3-a0bc614f523d,1821,emma.schmidt2@nexuserp.com,$2a$10$8.UnVuG9HHgffUDAlk8qfOuVGkqRzgVymGe07xd0P1R6sKz19lZ2O,False,4,2026-10-02 19:10:55,2026-10-02 19:10:55,SYSTEM_ETL,SYSTEM_ETL
f38c7bf9-6313-425d-a7a4-5f5598f405a3,1822,alice.scott@nexuserp.com,$2a$10$8.UnVuG9HHgffUDAlk8qfOuVGkqRzgVymGe07xd0P1R6sKz19lZ2O,True,4,2026-10-02 19:10:55,2026-10-02 19:10:55,SYSTEM_ETL,SYSTEM_ETL
8471fd6a-4a34-4a0f-9aad-a83c4052e9a3,1823,arjun.jackson@nexuserp.com,$2a$10$8.UnVuG9HHgffUDAlk8qfOuVGkqRzgVymGe07xd0P1R6sKz19lZ2O,True,4,2026-10-02 19:10:55,2026-10-02 19:10:55,SYSTEM_ETL,SYSTEM_ETL
495488b9-5af6-4842-b16e-e168b31e247a,1824,adam.roberts@nexuserp.com,$2a$10$8.UnVuG9HHgffUDAlk8qfOuVGkqRzgVymGe07xd0P1R6sKz19lZ2O,True,3,2026-10-02 19:10:55,2026-10-02 19:10:55,SYSTEM_ETL,SYSTEM_ETL
c8a7339b-2f01-45e6-9186-ca6ce101ba1b,1826,noah.sato@nexuserp.com,$2a$10$8.UnVuG9HHgffUDAlk8qfOuVGkqRzgVymGe07xd0P1R6sKz19lZ2O,True,4,2026-10-02 19:10:55,2026-10-02 19:10:55,SYSTEM_ETL,SYSTEM_ETL
7b39a569-7296-4cbd-b53f-7e6a81d79885,1827,olivia.thompson2@nexuserp.com,$2a$10$8.UnVuG9HHgffUDAlk8qfOuVGkqRzgVymGe07xd0P1R6sKz19lZ2O,True,4,2026-10-02 19:10:55,2026-10-02 19:10:55,SYSTEM_ETL,SYSTEM_ETL
ff6d92b1-a1a6-4eeb-a49f-f4381429153c,1829,olivia.shah@nexuserp.com,$2a$10$8.UnVuG9HHgffUDAlk8qfOuVGkqRzgVymGe07xd0P1R6sKz19lZ2O,True,4,2026-10-02 19:10:55,2026-10-02 19:10:55,SYSTEM_ETL,SYSTEM_ETL
50d5b365-11cc-4fd4-90fe-db32dd9d2442,1830,alice.oliveira@nexuserp.com,$2a$10$8.UnVuG9HHgffUDAlk8qfOuVGkqRzgVymGe07xd0P1R6sKz19lZ2O,True,4,2026-10-02 19:10:55,2026-10-02 19:10:55,SYSTEM_ETL,SYSTEM_ETL
517dc183-4858-4049-808c-384a366ade96,1833,karen.trabelsi@nexuserp.com,$2a$10$8.UnVuG9HHgffUDAlk8qfOuVGkqRzgVymGe07xd0P1R6sKz19lZ2O,True,4,2026-10-02 19:10:55,2026-10-02 19:10:55,SYSTEM_ETL,SYSTEM_ETL
be9d4609-1060-4f68-9bd4-6bdd394da8db,1834,barbara.laurent@nexuserp.com,$2a$10$8.UnVuG9HHgffUDAlk8qfOuVGkqRzgVymGe07xd0P1R6sKz19lZ2O,True,4,2026-10-02 19:10:55,2026-10-02 19:10:55,SYSTEM_ETL,SYSTEM_ETL
06c2e8b5-c0e9-4cc3-b255-b2386cc28930,1835,zoe.jones@nexuserp.com,$2a$10$8.UnVuG9HHgffUDAlk8qfOuVGkqRzgVymGe07xd0P1R6sKz19lZ2O,True,4,2026-10-02 19:10:55,2026-10-02 19:10:55,SYSTEM_ETL,SYSTEM_ETL
e6fcd95b-d208-4ca0-8f0e-1c43b747df0e,1836,ahmed.jensen@nexuserp.com,$2a$10$8.UnVuG9HHgffUDAlk8qfOuVGkqRzgVymGe07xd0P1R6sKz19lZ2O,True,4,2026-10-02 19:10:55,2026-10-02 19:10:55,SYSTEM_ETL,SYSTEM_ETL
13789b77-8476-45c1-b355-1aca070ba932,1837,hiroshi.scott2@nexuserp.com,$2a$10$8.UnVuG9HHgffUDAlk8qfOuVGkqRzgVymGe07xd0P1R6sKz19lZ2O,True,3,2026-10-02 19:10:55,2026-10-02 19:10:55,SYSTEM_ETL,SYSTEM_ETL
7d17fc3d-32b1-4a5b-a79e-f467714d5c73,1839,barbara.costa@nexuserp.com,$2a$10$8.UnVuG9HHgffUDAlk8qfOuVGkqRzgVymGe07xd0P1R6sKz19lZ2O,True,4,2026-10-02 19:10:55,2026-10-02 19:10:55,SYSTEM_ETL,SYSTEM_ETL
992a2263-8a11-48be-b803-27602d3a18bb,1842,tariq.benali@nexuserp.com,$2a$10$8.UnVuG9HHgffUDAlk8qfOuVGkqRzgVymGe07xd0P1R6sKz19lZ2O,False,4,2026-10-02 19:10:55,2026-10-02 19:10:55,SYSTEM_ETL,SYSTEM_ETL
e50219b3-b393-4da0-aacf-2b11fb44bbc0,1844,victor.smith@nexuserp.com,$2a$10$8.UnVuG9HHgffUDAlk8qfOuVGkqRzgVymGe07xd0P1R6sKz19lZ2O,False,4,2026-10-02 19:10:55,2026-10-02 19:10:55,SYSTEM_ETL,SYSTEM_ETL
b7997d6a-668a-4ec3-b89a-2e873bb82ef4,1845,yasmine.brown@nexuserp.com,$2a$10$8.UnVuG9HHgffUDAlk8qfOuVGkqRzgVymGe07xd0P1R6sKz19lZ2O,True,4,2026-10-02 19:10:55,2026-10-02 19:10:55,SYSTEM_ETL,SYSTEM_ETL
75ad47f7-fc14-46d9-8718-559c09d68e65,1847,hana.fontaine2@nexuserp.com,$2a$10$8.UnVuG9HHgffUDAlk8qfOuVGkqRzgVymGe07xd0P1R6sKz19lZ2O,True,4,2026-10-02 19:10:55,2026-10-02 19:10:55,SYSTEM_ETL,SYSTEM_ETL
e6e4cc27-1fc8-4ccd-96f8-e55f8e72614d,1849,diego.roberts@nexuserp.com,$2a$10$8.UnVuG9HHgffUDAlk8qfOuVGkqRzgVymGe07xd0P1R6sKz19lZ2O,True,4,2026-10-02 19:10:55,2026-10-02 19:10:55,SYSTEM_ETL,SYSTEM_ETL
43ffcd0d-a657-421b-97b9-4022b60354c8,1850,elizabeth.williams2@nexuserp.com,$2a$10$8.UnVuG9HHgffUDAlk8qfOuVGkqRzgVymGe07xd0P1R6sKz19lZ2O,True,4,2026-10-02 19:10:55,2026-10-02 19:10:55,SYSTEM_ETL,SYSTEM_ETL
18751d62-146c-42f2-a712-56470a0745af,1852,andrew.tanaka@nexuserp.com,$2a$10$8.UnVuG9HHgffUDAlk8qfOuVGkqRzgVymGe07xd0P1R6sKz19lZ2O,True,4,2026-10-02 19:10:55,2026-10-02 19:10:55,SYSTEM_ETL,SYSTEM_ETL
281d5c0e-0e1a-475e-8331-9d83203f97e1,1853,joseph.ivanov@nexuserp.com,$2a$10$8.UnVuG9HHgffUDAlk8qfOuVGkqRzgVymGe07xd0P1R6sKz19lZ2O,True,4,2026-10-02 19:10:55,2026-10-02 19:10:55,SYSTEM_ETL,SYSTEM_ETL
0995c832-a907-48dd-9796-9dfc94b061c6,1854,matthew.baker@nexuserp.com,$2a$10$8.UnVuG9HHgffUDAlk8qfOuVGkqRzgVymGe07xd0P1R6sKz19lZ2O,True,4,2026-10-02 19:10:55,2026-10-02 19:10:55,SYSTEM_ETL,SYSTEM_ETL
8d0b093d-d2b9-4492-803b-bec84aca5350,1856,lisa.adams@nexuserp.com,$2a$10$8.UnVuG9HHgffUDAlk8qfOuVGkqRzgVymGe07xd0P1R6sKz19lZ2O,True,4,2026-10-02 19:10:55,2026-10-02 19:10:55,SYSTEM_ETL,SYSTEM_ETL
61a61134-ba70-44f2-9483-09a3ce98e4ce,1857,ryan.smith2@nexuserp.com,$2a$10$8.UnVuG9HHgffUDAlk8qfOuVGkqRzgVymGe07xd0P1R6sKz19lZ2O,True,4,2026-10-02 19:10:55,2026-10-02 19:10:55,SYSTEM_ETL,SYSTEM_ETL
fcce169b-7936-4a36-b0e6-825e69b47b8a,1858,omar.park2@nexuserp.com,$2a$10$8.UnVuG9HHgffUDAlk8qfOuVGkqRzgVymGe07xd0P1R6sKz19lZ2O,True,4,2026-10-02 19:10:55,2026-10-02 19:10:55,SYSTEM_ETL,SYSTEM_ETL
2280ae28-ec46-4ff3-88f1-a334db53a17b,1859,tariq.walker@nexuserp.com,$2a$10$8.UnVuG9HHgffUDAlk8qfOuVGkqRzgVymGe07xd0P1R6sKz19lZ2O,True,4,2026-10-02 19:10:55,2026-10-02 19:10:55,SYSTEM_ETL,SYSTEM_ETL
85d38be2-16c6-4117-8db8-4fb5d32d13e2,1860,wei.kowalski@nexuserp.com,$2a$10$8.UnVuG9HHgffUDAlk8qfOuVGkqRzgVymGe07xd0P1R6sKz19lZ2O,True,4,2026-10-02 19:10:55,2026-10-02 19:10:55,SYSTEM_ETL,SYSTEM_ETL
726bb8eb-b269-49c4-8c9c-a81dc303495d,1862,oscar.king@nexuserp.com,$2a$10$8.UnVuG9HHgffUDAlk8qfOuVGkqRzgVymGe07xd0P1R6sKz19lZ2O,False,4,2026-10-02 19:10:55,2026-10-02 19:10:55,SYSTEM_ETL,SYSTEM_ETL
cf5d3aa1-a045-4134-97dd-be881596422b,1863,priya.roberts2@nexuserp.com,$2a$10$8.UnVuG9HHgffUDAlk8qfOuVGkqRzgVymGe07xd0P1R6sKz19lZ2O,True,4,2026-10-02 19:10:55,2026-10-02 19:10:55,SYSTEM_ETL,SYSTEM_ETL
a619b2d2-da39-47d6-aa1d-828b7137b33b,1864,jennifer.white@nexuserp.com,$2a$10$8.UnVuG9HHgffUDAlk8qfOuVGkqRzgVymGe07xd0P1R6sKz19lZ2O,True,4,2026-10-02 19:10:55,2026-10-02 19:10:55,SYSTEM_ETL,SYSTEM_ETL
b8676e33-ce53-4254-862e-69a10c465d1a,1865,luca.wilson@nexuserp.com,$2a$10$8.UnVuG9HHgffUDAlk8qfOuVGkqRzgVymGe07xd0P1R6sKz19lZ2O,True,4,2026-10-02 19:10:55,2026-10-02 19:10:55,SYSTEM_ETL,SYSTEM_ETL
93a1010b-b2cd-4034-af32-838f7ee5e296,1866,cynthia.kim@nexuserp.com,$2a$10$8.UnVuG9HHgffUDAlk8qfOuVGkqRzgVymGe07xd0P1R6sKz19lZ2O,True,3,2026-10-02 19:10:55,2026-10-02 19:10:55,SYSTEM_ETL,SYSTEM_ETL
d7fac319-8669-483e-bf5e-443da8196d82,1867,joseph.baker@nexuserp.com,$2a$10$8.UnVuG9HHgffUDAlk8qfOuVGkqRzgVymGe07xd0P1R6sKz19lZ2O,True,3,2026-10-02 19:10:55,2026-10-02 19:10:55,SYSTEM_ETL,SYSTEM_ETL
4abefb7e-947c-45ee-be96-c3922ff8ebc1,1868,daniel.campbell@nexuserp.com,$2a$10$8.UnVuG9HHgffUDAlk8qfOuVGkqRzgVymGe07xd0P1R6sKz19lZ2O,False,4,2026-10-02 19:10:55,2026-10-02 19:10:55,SYSTEM_ETL,SYSTEM_ETL
c5b46435-5dec-4ba1-9102-d792379ff1e3,1869,sandra.nielsen@nexuserp.com,$2a$10$8.UnVuG9HHgffUDAlk8qfOuVGkqRzgVymGe07xd0P1R6sKz19lZ2O,False,4,2026-10-02 19:10:55,2026-10-02 19:10:55,SYSTEM_ETL,SYSTEM_ETL
906d12a3-7dfd-4d58-bda1-7240d4dc8925,1870,linda.nielsen2@nexuserp.com,$2a$10$8.UnVuG9HHgffUDAlk8qfOuVGkqRzgVymGe07xd0P1R6sKz19lZ2O,True,4,2026-10-02 19:10:55,2026-10-02 19:10:55,SYSTEM_ETL,SYSTEM_ETL
70995fc9-1d8e-4a18-9d78-6b89d846e4b4,1871,adam.ivanov2@nexuserp.com,$2a$10$8.UnVuG9HHgffUDAlk8qfOuVGkqRzgVymGe07xd0P1R6sKz19lZ2O,True,4,2026-10-02 19:10:55,2026-10-02 19:10:55,SYSTEM_ETL,SYSTEM_ETL
8d83789d-5524-4bbd-9f0e-4f943c724484,1873,hiroshi.taylor@nexuserp.com,$2a$10$8.UnVuG9HHgffUDAlk8qfOuVGkqRzgVymGe07xd0P1R6sKz19lZ2O,True,4,2026-10-02 19:10:55,2026-10-02 19:10:55,SYSTEM_ETL,SYSTEM_ETL
82311ab8-dd79-4e1a-b127-147b05f751e1,1875,hana.trabelsi@nexuserp.com,$2a$10$8.UnVuG9HHgffUDAlk8qfOuVGkqRzgVymGe07xd0P1R6sKz19lZ2O,True,4,2026-10-02 19:10:55,2026-10-02 19:10:55,SYSTEM_ETL,SYSTEM_ETL
c799be0d-dfc9-4951-8e4b-05a7fdeefb52,1876,victor.kowalski@nexuserp.com,$2a$10$8.UnVuG9HHgffUDAlk8qfOuVGkqRzgVymGe07xd0P1R6sKz19lZ2O,False,4,2026-10-02 19:10:55,2026-10-02 19:10:55,SYSTEM_ETL,SYSTEM_ETL
512e2536-1d80-474a-9767-740a02978ca8,1878,omar.king@nexuserp.com,$2a$10$8.UnVuG9HHgffUDAlk8qfOuVGkqRzgVymGe07xd0P1R6sKz19lZ2O,False,4,2026-10-02 19:10:55,2026-10-02 19:10:55,SYSTEM_ETL,SYSTEM_ETL
02be177c-1ba7-4c10-afab-30e1c90603db,1880,barbara.rodriguez@nexuserp.com,$2a$10$8.UnVuG9HHgffUDAlk8qfOuVGkqRzgVymGe07xd0P1R6sKz19lZ2O,True,4,2026-10-02 19:10:55,2026-10-02 19:10:55,SYSTEM_ETL,SYSTEM_ETL
5a2c9dd5-5eac-4af2-be2d-f33957943114,1881,brian.wang2@nexuserp.com,$2a$10$8.UnVuG9HHgffUDAlk8qfOuVGkqRzgVymGe07xd0P1R6sKz19lZ2O,True,4,2026-10-02 19:10:55,2026-10-02 19:10:55,SYSTEM_ETL,SYSTEM_ETL
023347ea-bfdf-477a-a1c9-141dd65b953f,1882,eric.nelson@nexuserp.com,$2a$10$8.UnVuG9HHgffUDAlk8qfOuVGkqRzgVymGe07xd0P1R6sKz19lZ2O,True,4,2026-10-02 19:10:55,2026-10-02 19:10:55,SYSTEM_ETL,SYSTEM_ETL
84f5b82d-9311-4c00-967d-956617eaabf9,1883,anthony.roberts@nexuserp.com,$2a$10$8.UnVuG9HHgffUDAlk8qfOuVGkqRzgVymGe07xd0P1R6sKz19lZ2O,True,4,2026-10-02 19:10:55,2026-10-02 19:10:55,SYSTEM_ETL,SYSTEM_ETL
7211ff53-68cd-449e-a5fc-0f45d5b2d709,1885,mehdi.obrien@nexuserp.com,$2a$10$8.UnVuG9HHgffUDAlk8qfOuVGkqRzgVymGe07xd0P1R6sKz19lZ2O,True,4,2026-10-02 19:10:55,2026-10-02 19:10:55,SYSTEM_ETL,SYSTEM_ETL
dea8f185-b50e-4a3b-a792-87948d145d06,1886,camille.haddad@nexuserp.com,$2a$10$8.UnVuG9HHgffUDAlk8qfOuVGkqRzgVymGe07xd0P1R6sKz19lZ2O,True,4,2026-10-02 19:10:55,2026-10-02 19:10:55,SYSTEM_ETL,SYSTEM_ETL
59be73f3-1238-4c2b-8f9a-1426e6fcf899,1888,fatima.nguyen@nexuserp.com,$2a$10$8.UnVuG9HHgffUDAlk8qfOuVGkqRzgVymGe07xd0P1R6sKz19lZ2O,True,4,2026-10-02 19:10:55,2026-10-02 19:10:55,SYSTEM_ETL,SYSTEM_ETL
b9b55275-c5c2-44c7-836c-c5d1bdcb963c,1890,tariq.king@nexuserp.com,$2a$10$8.UnVuG9HHgffUDAlk8qfOuVGkqRzgVymGe07xd0P1R6sKz19lZ2O,True,2,2026-10-02 19:10:55,2026-10-02 19:10:55,SYSTEM_ETL,SYSTEM_ETL
8aaca25c-d864-434e-b0e2-e7ae373038fc,1892,richard.nguyen@nexuserp.com,$2a$10$8.UnVuG9HHgffUDAlk8qfOuVGkqRzgVymGe07xd0P1R6sKz19lZ2O,True,3,2026-10-02 19:10:55,2026-10-02 19:10:55,SYSTEM_ETL,SYSTEM_ETL
78f3810e-3d99-4f6f-9358-f40129c4d6d8,1893,susan.martinez3@nexuserp.com,$2a$10$8.UnVuG9HHgffUDAlk8qfOuVGkqRzgVymGe07xd0P1R6sKz19lZ2O,True,4,2026-10-02 19:10:55,2026-10-02 19:10:55,SYSTEM_ETL,SYSTEM_ETL
14e28bcc-d584-4344-85b0-319c21635cc8,1898,lucia.chen@nexuserp.com,$2a$10$8.UnVuG9HHgffUDAlk8qfOuVGkqRzgVymGe07xd0P1R6sKz19lZ2O,True,4,2026-10-02 19:10:55,2026-10-02 19:10:55,SYSTEM_ETL,SYSTEM_ETL
c2b2405f-5025-4f9d-aea8-71418c334b58,1900,nancy.singh@nexuserp.com,$2a$10$8.UnVuG9HHgffUDAlk8qfOuVGkqRzgVymGe07xd0P1R6sKz19lZ2O,True,3,2026-10-02 19:10:55,2026-10-02 19:10:55,SYSTEM_ETL,SYSTEM_ETL
9e690503-93bc-4d63-a709-bcd8eb3acda0,1903,michael.harris2@nexuserp.com,$2a$10$8.UnVuG9HHgffUDAlk8qfOuVGkqRzgVymGe07xd0P1R6sKz19lZ2O,True,4,2026-10-02 19:10:55,2026-10-02 19:10:55,SYSTEM_ETL,SYSTEM_ETL
62bd8114-cc9b-405b-a901-0455d791e326,1905,hugo.lewis@nexuserp.com,$2a$10$8.UnVuG9HHgffUDAlk8qfOuVGkqRzgVymGe07xd0P1R6sKz19lZ2O,False,4,2026-10-02 19:10:55,2026-10-02 19:10:55,SYSTEM_ETL,SYSTEM_ETL
8dc84e99-812f-429d-a24f-a99efe0a52bf,1907,lucas.novak@nexuserp.com,$2a$10$8.UnVuG9HHgffUDAlk8qfOuVGkqRzgVymGe07xd0P1R6sKz19lZ2O,False,4,2026-10-02 19:10:55,2026-10-02 19:10:55,SYSTEM_ETL,SYSTEM_ETL
17226e33-b9c5-4cec-a05f-e43e141674df,1908,michael.johnson@nexuserp.com,$2a$10$8.UnVuG9HHgffUDAlk8qfOuVGkqRzgVymGe07xd0P1R6sKz19lZ2O,True,4,2026-10-02 19:10:55,2026-10-02 19:10:55,SYSTEM_ETL,SYSTEM_ETL
d5dfb52f-3687-4c6a-925d-71aecfd3e9c2,1909,clara.rivera@nexuserp.com,$2a$10$8.UnVuG9HHgffUDAlk8qfOuVGkqRzgVymGe07xd0P1R6sKz19lZ2O,True,4,2026-10-02 19:10:55,2026-10-02 19:10:55,SYSTEM_ETL,SYSTEM_ETL
6c09b8f6-de1f-4c0c-9ec8-891a967f5284,1911,eric.adams2@nexuserp.com,$2a$10$8.UnVuG9HHgffUDAlk8qfOuVGkqRzgVymGe07xd0P1R6sKz19lZ2O,True,3,2026-10-02 19:10:55,2026-10-02 19:10:55,SYSTEM_ETL,SYSTEM_ETL
0ba1a345-6109-4c93-9f1d-7689651c9b7f,1912,cynthia.rossi@nexuserp.com,$2a$10$8.UnVuG9HHgffUDAlk8qfOuVGkqRzgVymGe07xd0P1R6sKz19lZ2O,True,4,2026-10-02 19:10:55,2026-10-02 19:10:55,SYSTEM_ETL,SYSTEM_ETL
16e22a44-7469-43f8-8da0-94a3892b57f7,1915,chloe.anderson@nexuserp.com,$2a$10$8.UnVuG9HHgffUDAlk8qfOuVGkqRzgVymGe07xd0P1R6sKz19lZ2O,True,4,2026-10-02 19:10:55,2026-10-02 19:10:55,SYSTEM_ETL,SYSTEM_ETL
1b346eb8-00cb-4793-a83a-d3f065048efe,1916,salma.laurent@nexuserp.com,$2a$10$8.UnVuG9HHgffUDAlk8qfOuVGkqRzgVymGe07xd0P1R6sKz19lZ2O,True,4,2026-10-02 19:10:55,2026-10-02 19:10:55,SYSTEM_ETL,SYSTEM_ETL
4152039c-b02c-43ab-a80f-d9103526d8b3,1918,william.wright@nexuserp.com,$2a$10$8.UnVuG9HHgffUDAlk8qfOuVGkqRzgVymGe07xd0P1R6sKz19lZ2O,True,4,2026-10-02 19:10:55,2026-10-02 19:10:55,SYSTEM_ETL,SYSTEM_ETL
2a638660-25f8-47aa-93b4-770c907e6c26,1922,adam.mansour@nexuserp.com,$2a$10$8.UnVuG9HHgffUDAlk8qfOuVGkqRzgVymGe07xd0P1R6sKz19lZ2O,True,4,2026-10-02 19:10:55,2026-10-02 19:10:55,SYSTEM_ETL,SYSTEM_ETL
67c112fd-ea9f-40d5-9a76-cb37706249b1,1924,richard.brown2@nexuserp.com,$2a$10$8.UnVuG9HHgffUDAlk8qfOuVGkqRzgVymGe07xd0P1R6sKz19lZ2O,True,4,2026-10-02 19:10:55,2026-10-02 19:10:55,SYSTEM_ETL,SYSTEM_ETL
002ebcdf-ccec-4b1b-a531-5e6f239b2aa2,1927,youssef.green2@nexuserp.com,$2a$10$8.UnVuG9HHgffUDAlk8qfOuVGkqRzgVymGe07xd0P1R6sKz19lZ2O,True,4,2026-10-02 19:10:55,2026-10-02 19:10:55,SYSTEM_ETL,SYSTEM_ETL
0998f808-078c-4d2e-a778-a0530331a803,1928,victor.rivera2@nexuserp.com,$2a$10$8.UnVuG9HHgffUDAlk8qfOuVGkqRzgVymGe07xd0P1R6sKz19lZ2O,False,4,2026-10-02 19:10:55,2026-10-02 19:10:55,SYSTEM_ETL,SYSTEM_ETL
78229367-ac74-406e-8cee-cf7a730288ff,1929,hana.jackson@nexuserp.com,$2a$10$8.UnVuG9HHgffUDAlk8qfOuVGkqRzgVymGe07xd0P1R6sKz19lZ2O,True,4,2026-10-02 19:10:55,2026-10-02 19:10:55,SYSTEM_ETL,SYSTEM_ETL
ee76d7ee-7639-4b6b-9830-fb7b2e45bf0f,1931,ryan.lopez2@nexuserp.com,$2a$10$8.UnVuG9HHgffUDAlk8qfOuVGkqRzgVymGe07xd0P1R6sKz19lZ2O,True,4,2026-10-02 19:10:55,2026-10-02 19:10:55,SYSTEM_ETL,SYSTEM_ETL
5041c5b6-8b33-4507-8644-0489625f6bac,1932,omar.taylor@nexuserp.com,$2a$10$8.UnVuG9HHgffUDAlk8qfOuVGkqRzgVymGe07xd0P1R6sKz19lZ2O,True,4,2026-10-02 19:10:55,2026-10-02 19:10:55,SYSTEM_ETL,SYSTEM_ETL
71db0233-984e-4a10-938a-b7c2aafc927b,1933,nicole.young@nexuserp.com,$2a$10$8.UnVuG9HHgffUDAlk8qfOuVGkqRzgVymGe07xd0P1R6sKz19lZ2O,False,4,2026-10-02 19:10:55,2026-10-02 19:10:55,SYSTEM_ETL,SYSTEM_ETL
c9894260-9547-43ed-9f40-4b8dae5c54fe,1934,charles.davis@nexuserp.com,$2a$10$8.UnVuG9HHgffUDAlk8qfOuVGkqRzgVymGe07xd0P1R6sKz19lZ2O,True,4,2026-10-02 19:10:55,2026-10-02 19:10:55,SYSTEM_ETL,SYSTEM_ETL
1b6b983a-8c8b-4a15-a8d4-db3b501a2b70,1935,emma.jensen@nexuserp.com,$2a$10$8.UnVuG9HHgffUDAlk8qfOuVGkqRzgVymGe07xd0P1R6sKz19lZ2O,True,4,2026-10-02 19:10:55,2026-10-02 19:10:55,SYSTEM_ETL,SYSTEM_ETL
ae6f5e12-38d9-497a-8813-a266c8b3ca2a,1936,charles.torres@nexuserp.com,$2a$10$8.UnVuG9HHgffUDAlk8qfOuVGkqRzgVymGe07xd0P1R6sKz19lZ2O,True,4,2026-10-02 19:10:55,2026-10-02 19:10:55,SYSTEM_ETL,SYSTEM_ETL
9f0d7655-e7c8-478e-b418-9b0233cc5c33,1937,nancy.wang@nexuserp.com,$2a$10$8.UnVuG9HHgffUDAlk8qfOuVGkqRzgVymGe07xd0P1R6sKz19lZ2O,True,4,2026-10-02 19:10:55,2026-10-02 19:10:55,SYSTEM_ETL,SYSTEM_ETL
38ddc25f-63f0-4502-bed7-001d1ee9fddf,1938,sharon.nielsen2@nexuserp.com,$2a$10$8.UnVuG9HHgffUDAlk8qfOuVGkqRzgVymGe07xd0P1R6sKz19lZ2O,True,3,2026-10-02 19:10:55,2026-10-02 19:10:55,SYSTEM_ETL,SYSTEM_ETL
431aec9c-a0af-4da6-a7ce-04ec7e95e348,1939,sandra.miller@nexuserp.com,$2a$10$8.UnVuG9HHgffUDAlk8qfOuVGkqRzgVymGe07xd0P1R6sKz19lZ2O,False,4,2026-10-02 19:10:55,2026-10-02 19:10:55,SYSTEM_ETL,SYSTEM_ETL
a8380d85-0135-488e-893c-d4f655462c2c,1940,youssef.moreau@nexuserp.com,$2a$10$8.UnVuG9HHgffUDAlk8qfOuVGkqRzgVymGe07xd0P1R6sKz19lZ2O,True,4,2026-10-02 19:10:55,2026-10-02 19:10:55,SYSTEM_ETL,SYSTEM_ETL
912381e2-d513-4c04-8fc5-452a505b73d3,1941,oscar.novak@nexuserp.com,$2a$10$8.UnVuG9HHgffUDAlk8qfOuVGkqRzgVymGe07xd0P1R6sKz19lZ2O,True,3,2026-10-02 19:10:55,2026-10-02 19:10:55,SYSTEM_ETL,SYSTEM_ETL
11c03c39-e798-4280-8c8e-c0e7d7f9b433,1943,wei.khalil@nexuserp.com,$2a$10$8.UnVuG9HHgffUDAlk8qfOuVGkqRzgVymGe07xd0P1R6sKz19lZ2O,True,4,2026-10-02 19:10:55,2026-10-02 19:10:55,SYSTEM_ETL,SYSTEM_ETL
a9a69ef6-f325-4236-8f1b-15736462167f,1944,melissa.hill@nexuserp.com,$2a$10$8.UnVuG9HHgffUDAlk8qfOuVGkqRzgVymGe07xd0P1R6sKz19lZ2O,False,4,2026-10-02 19:10:55,2026-10-02 19:10:55,SYSTEM_ETL,SYSTEM_ETL
f1617ad9-43f6-458c-ad26-32f62f215c05,1945,richard.hill@nexuserp.com,$2a$10$8.UnVuG9HHgffUDAlk8qfOuVGkqRzgVymGe07xd0P1R6sKz19lZ2O,True,4,2026-10-02 19:10:55,2026-10-02 19:10:55,SYSTEM_ETL,SYSTEM_ETL
81877c66-3370-46e5-9732-3b3e3593ece4,1947,kevin.williams@nexuserp.com,$2a$10$8.UnVuG9HHgffUDAlk8qfOuVGkqRzgVymGe07xd0P1R6sKz19lZ2O,True,4,2026-10-02 19:10:55,2026-10-02 19:10:55,SYSTEM_ETL,SYSTEM_ETL
678d5da4-ba16-48c8-9300-9658e11a5356,1948,daniel.campbell2@nexuserp.com,$2a$10$8.UnVuG9HHgffUDAlk8qfOuVGkqRzgVymGe07xd0P1R6sKz19lZ2O,True,4,2026-10-02 19:10:55,2026-10-02 19:10:55,SYSTEM_ETL,SYSTEM_ETL
adde6cb5-2011-4b13-a36d-c0e16b1b0460,1949,kevin.murphy@nexuserp.com,$2a$10$8.UnVuG9HHgffUDAlk8qfOuVGkqRzgVymGe07xd0P1R6sKz19lZ2O,True,4,2026-10-02 19:10:55,2026-10-02 19:10:55,SYSTEM_ETL,SYSTEM_ETL
950af1f9-2bb8-4589-b46b-7147cc9b9f29,1950,jacob.larsen@nexuserp.com,$2a$10$8.UnVuG9HHgffUDAlk8qfOuVGkqRzgVymGe07xd0P1R6sKz19lZ2O,True,4,2026-10-02 19:10:55,2026-10-02 19:10:55,SYSTEM_ETL,SYSTEM_ETL
ed383c21-2b3b-42a1-8750-90cb944d0110,1951,luca.brown@nexuserp.com,$2a$10$8.UnVuG9HHgffUDAlk8qfOuVGkqRzgVymGe07xd0P1R6sKz19lZ2O,True,4,2026-10-02 19:10:55,2026-10-02 19:10:55,SYSTEM_ETL,SYSTEM_ETL
ac7db7e6-5cf3-4a77-925a-e79ff01ac1dd,1952,daniel.russo@nexuserp.com,$2a$10$8.UnVuG9HHgffUDAlk8qfOuVGkqRzgVymGe07xd0P1R6sKz19lZ2O,True,4,2026-10-02 19:10:55,2026-10-02 19:10:55,SYSTEM_ETL,SYSTEM_ETL
5820aa40-2138-492a-ad9f-cc3a3ef7f0f7,1954,samuel.lewis2@nexuserp.com,$2a$10$8.UnVuG9HHgffUDAlk8qfOuVGkqRzgVymGe07xd0P1R6sKz19lZ2O,True,4,2026-10-02 19:10:55,2026-10-02 19:10:55,SYSTEM_ETL,SYSTEM_ETL
c0584731-9407-47e2-9001-e08e0616783c,1955,olivia.santos@nexuserp.com,$2a$10$8.UnVuG9HHgffUDAlk8qfOuVGkqRzgVymGe07xd0P1R6sKz19lZ2O,True,4,2026-10-02 19:10:55,2026-10-02 19:10:55,SYSTEM_ETL,SYSTEM_ETL
69b15d9d-15ef-41bb-a1f2-48a3e7313bd6,1956,brian.brown2@nexuserp.com,$2a$10$8.UnVuG9HHgffUDAlk8qfOuVGkqRzgVymGe07xd0P1R6sKz19lZ2O,True,4,2026-10-02 19:10:55,2026-10-02 19:10:55,SYSTEM_ETL,SYSTEM_ETL
ffc1e14a-8d44-4945-8600-5641025d8cbf,1960,paul.oliveira@nexuserp.com,$2a$10$8.UnVuG9HHgffUDAlk8qfOuVGkqRzgVymGe07xd0P1R6sKz19lZ2O,False,4,2026-10-02 19:10:55,2026-10-02 19:10:55,SYSTEM_ETL,SYSTEM_ETL
7f36fda0-f56b-4030-aa40-356c9ea3b62a,1961,ethan.shah2@nexuserp.com,$2a$10$8.UnVuG9HHgffUDAlk8qfOuVGkqRzgVymGe07xd0P1R6sKz19lZ2O,True,4,2026-10-02 19:10:55,2026-10-02 19:10:55,SYSTEM_ETL,SYSTEM_ETL
e00f094f-4d0b-4486-95f9-da61a33ce184,1962,fatima.martinez@nexuserp.com,$2a$10$8.UnVuG9HHgffUDAlk8qfOuVGkqRzgVymGe07xd0P1R6sKz19lZ2O,True,4,2026-10-02 19:10:55,2026-10-02 19:10:55,SYSTEM_ETL,SYSTEM_ETL
da9ae432-6364-4c04-a991-b2782d5f7243,1965,steven.jones@nexuserp.com,$2a$10$8.UnVuG9HHgffUDAlk8qfOuVGkqRzgVymGe07xd0P1R6sKz19lZ2O,True,4,2026-10-02 19:10:55,2026-10-02 19:10:55,SYSTEM_ETL,SYSTEM_ETL
0d061d4b-63ae-4ac1-8a3f-be9096b7073b,1966,james.shah@nexuserp.com,$2a$10$8.UnVuG9HHgffUDAlk8qfOuVGkqRzgVymGe07xd0P1R6sKz19lZ2O,True,4,2026-10-02 19:10:55,2026-10-02 19:10:55,SYSTEM_ETL,SYSTEM_ETL
545dc58d-1138-4c4e-b9c4-d2f3d1a16f71,1967,tariq.wilson2@nexuserp.com,$2a$10$8.UnVuG9HHgffUDAlk8qfOuVGkqRzgVymGe07xd0P1R6sKz19lZ2O,False,4,2026-10-02 19:10:55,2026-10-02 19:10:55,SYSTEM_ETL,SYSTEM_ETL
5874ffdc-ef65-446c-a2f4-072653a728a7,1968,lucas.campbell@nexuserp.com,$2a$10$8.UnVuG9HHgffUDAlk8qfOuVGkqRzgVymGe07xd0P1R6sKz19lZ2O,False,4,2026-10-02 19:10:55,2026-10-02 19:10:55,SYSTEM_ETL,SYSTEM_ETL
5731ef46-cd2f-4309-ba2d-9cea799e48ee,1969,linda.costa@nexuserp.com,$2a$10$8.UnVuG9HHgffUDAlk8qfOuVGkqRzgVymGe07xd0P1R6sKz19lZ2O,True,4,2026-10-02 19:10:55,2026-10-02 19:10:55,SYSTEM_ETL,SYSTEM_ETL
d51cf04d-363a-49da-9ba6-991aafbf8904,1970,arjun.roberts2@nexuserp.com,$2a$10$8.UnVuG9HHgffUDAlk8qfOuVGkqRzgVymGe07xd0P1R6sKz19lZ2O,True,4,2026-10-02 19:10:55,2026-10-02 19:10:55,SYSTEM_ETL,SYSTEM_ETL
326c86be-6e49-4c82-91ac-6ea1e47000b6,1971,hugo.scott@nexuserp.com,$2a$10$8.UnVuG9HHgffUDAlk8qfOuVGkqRzgVymGe07xd0P1R6sKz19lZ2O,True,4,2026-10-02 19:10:55,2026-10-02 19:10:55,SYSTEM_ETL,SYSTEM_ETL
f568d19e-a6ed-4bad-9c85-0b3b183a0289,1972,adam.flores@nexuserp.com,$2a$10$8.UnVuG9HHgffUDAlk8qfOuVGkqRzgVymGe07xd0P1R6sKz19lZ2O,True,4,2026-10-02 19:10:55,2026-10-02 19:10:55,SYSTEM_ETL,SYSTEM_ETL
9ec19eeb-3bcc-49c3-a19a-64040c3980f3,1973,oscar.garcia@nexuserp.com,$2a$10$8.UnVuG9HHgffUDAlk8qfOuVGkqRzgVymGe07xd0P1R6sKz19lZ2O,True,2,2026-10-02 19:10:55,2026-10-02 19:10:55,SYSTEM_ETL,SYSTEM_ETL
58e66b29-7373-46a3-a14d-b47a1cb90b30,1974,sarah.nielsen@nexuserp.com,$2a$10$8.UnVuG9HHgffUDAlk8qfOuVGkqRzgVymGe07xd0P1R6sKz19lZ2O,True,4,2026-10-02 19:10:55,2026-10-02 19:10:55,SYSTEM_ETL,SYSTEM_ETL
f56f27c4-19ba-4aea-acde-2022b0ad335a,1975,steven.lewis2@nexuserp.com,$2a$10$8.UnVuG9HHgffUDAlk8qfOuVGkqRzgVymGe07xd0P1R6sKz19lZ2O,True,4,2026-10-02 19:10:55,2026-10-02 19:10:55,SYSTEM_ETL,SYSTEM_ETL
41e0c554-03aa-49ce-922c-37e121f706b5,1976,adam.taylor@nexuserp.com,$2a$10$8.UnVuG9HHgffUDAlk8qfOuVGkqRzgVymGe07xd0P1R6sKz19lZ2O,True,4,2026-10-02 19:10:55,2026-10-02 19:10:55,SYSTEM_ETL,SYSTEM_ETL
a5c07be7-1ad4-4d19-86fa-a6391be5f0c9,1979,emma.harris@nexuserp.com,$2a$10$8.UnVuG9HHgffUDAlk8qfOuVGkqRzgVymGe07xd0P1R6sKz19lZ2O,True,3,2026-10-02 19:10:55,2026-10-02 19:10:55,SYSTEM_ETL,SYSTEM_ETL
237dcf19-4ebc-4549-b3ce-48eacb037854,1980,karen.nielsen@nexuserp.com,$2a$10$8.UnVuG9HHgffUDAlk8qfOuVGkqRzgVymGe07xd0P1R6sKz19lZ2O,True,4,2026-10-02 19:10:55,2026-10-02 19:10:55,SYSTEM_ETL,SYSTEM_ETL
939d7616-4350-429d-a9e9-375d5f3b8d7c,1981,charles.davis2@nexuserp.com,$2a$10$8.UnVuG9HHgffUDAlk8qfOuVGkqRzgVymGe07xd0P1R6sKz19lZ2O,True,4,2026-10-02 19:10:55,2026-10-02 19:10:55,SYSTEM_ETL,SYSTEM_ETL
8ea8baee-122a-4f54-bc8b-ee0ee41cd8cc,1982,luca.novak@nexuserp.com,$2a$10$8.UnVuG9HHgffUDAlk8qfOuVGkqRzgVymGe07xd0P1R6sKz19lZ2O,True,4,2026-10-02 19:10:55,2026-10-02 19:10:55,SYSTEM_ETL,SYSTEM_ETL
126498ad-2448-41fe-b8e4-98b79a316ad1,1985,susan.russo@nexuserp.com,$2a$10$8.UnVuG9HHgffUDAlk8qfOuVGkqRzgVymGe07xd0P1R6sKz19lZ2O,True,4,2026-10-02 19:10:55,2026-10-02 19:10:55,SYSTEM_ETL,SYSTEM_ETL
213ef37a-f2ec-4bee-a032-a34849cc764f,1986,sophia.shah@nexuserp.com,$2a$10$8.UnVuG9HHgffUDAlk8qfOuVGkqRzgVymGe07xd0P1R6sKz19lZ2O,True,4,2026-10-02 19:10:55,2026-10-02 19:10:55,SYSTEM_ETL,SYSTEM_ETL
1dcb773a-98a9-4326-9803-9ba1589622fc,1987,susan.obrien@nexuserp.com,$2a$10$8.UnVuG9HHgffUDAlk8qfOuVGkqRzgVymGe07xd0P1R6sKz19lZ2O,True,4,2026-10-02 19:10:55,2026-10-02 19:10:55,SYSTEM_ETL,SYSTEM_ETL
c5c5673a-6692-4133-bd11-22ebb606c96d,1989,karim.singh@nexuserp.com,$2a$10$8.UnVuG9HHgffUDAlk8qfOuVGkqRzgVymGe07xd0P1R6sKz19lZ2O,True,4,2026-10-02 19:10:55,2026-10-02 19:10:55,SYSTEM_ETL,SYSTEM_ETL
7c587fc1-691e-4b0f-9d33-c7ae91d23a40,1992,kevin.jensen2@nexuserp.com,$2a$10$8.UnVuG9HHgffUDAlk8qfOuVGkqRzgVymGe07xd0P1R6sKz19lZ2O,True,4,2026-10-02 19:10:55,2026-10-02 19:10:55,SYSTEM_ETL,SYSTEM_ETL
85a7a735-e26e-4d4a-9345-15deaec0092a,1993,mehdi.hernandez@nexuserp.com,$2a$10$8.UnVuG9HHgffUDAlk8qfOuVGkqRzgVymGe07xd0P1R6sKz19lZ2O,True,4,2026-10-02 19:10:55,2026-10-02 19:10:55,SYSTEM_ETL,SYSTEM_ETL
46bd6772-7c8d-41e8-b72a-b2c31aedf63a,1994,tariq.chen@nexuserp.com,$2a$10$8.UnVuG9HHgffUDAlk8qfOuVGkqRzgVymGe07xd0P1R6sKz19lZ2O,True,4,2026-10-02 19:10:55,2026-10-02 19:10:55,SYSTEM_ETL,SYSTEM_ETL
0dc67081-69ef-44ac-9547-29d9210f041d,1995,paul.mitchell@nexuserp.com,$2a$10$8.UnVuG9HHgffUDAlk8qfOuVGkqRzgVymGe07xd0P1R6sKz19lZ2O,True,4,2026-10-02 19:10:55,2026-10-02 19:10:55,SYSTEM_ETL,SYSTEM_ETL
2c86e9b8-ac82-4d32-a6e6-55664ec608d1,1996,brian.mitchell@nexuserp.com,$2a$10$8.UnVuG9HHgffUDAlk8qfOuVGkqRzgVymGe07xd0P1R6sKz19lZ2O,True,4,2026-10-02 19:10:55,2026-10-02 19:10:55,SYSTEM_ETL,SYSTEM_ETL
fb5cb9cf-de25-44ba-9430-e65cfa79e2c3,1997,victor.silva@nexuserp.com,$2a$10$8.UnVuG9HHgffUDAlk8qfOuVGkqRzgVymGe07xd0P1R6sKz19lZ2O,True,4,2026-10-02 19:10:55,2026-10-02 19:10:55,SYSTEM_ETL,SYSTEM_ETL
ecfca5c1-d5a1-4913-9e20-44decccc860b,1998,daniel.nielsen@nexuserp.com,$2a$10$8.UnVuG9HHgffUDAlk8qfOuVGkqRzgVymGe07xd0P1R6sKz19lZ2O,True,4,2026-10-02 19:10:55,2026-10-02 19:10:55,SYSTEM_ETL,SYSTEM_ETL
95910e94-9f11-40ec-84b5-3304b255a002,1999,timothy.russo@nexuserp.com,$2a$10$8.UnVuG9HHgffUDAlk8qfOuVGkqRzgVymGe07xd0P1R6sKz19lZ2O,True,4,2026-10-02 19:10:55,2026-10-02 19:10:55,SYSTEM_ETL,SYSTEM_ETL
151e9d6e-ce94-403d-b2c6-36406692c1f3,2000,manon.nelson@nexuserp.com,$2a$10$8.UnVuG9HHgffUDAlk8qfOuVGkqRzgVymGe07xd0P1R6sKz19lZ2O,True,3,2026-10-02 19:10:55,2026-10-02 19:10:55,SYSTEM_ETL,SYSTEM_ETL
ec60ef38-b661-41bd-bcff-5e4f278cb7fb,2003,ryan.green@nexuserp.com,$2a$10$8.UnVuG9HHgffUDAlk8qfOuVGkqRzgVymGe07xd0P1R6sKz19lZ2O,True,4,2026-10-02 19:10:55,2026-10-02 19:10:55,SYSTEM_ETL,SYSTEM_ETL
067520df-b981-4f62-a5ac-f0b68d26e134,2007,arjun.wright@nexuserp.com,$2a$10$8.UnVuG9HHgffUDAlk8qfOuVGkqRzgVymGe07xd0P1R6sKz19lZ2O,True,4,2026-10-02 19:10:55,2026-10-02 19:10:55,SYSTEM_ETL,SYSTEM_ETL
070bdf2a-ca7e-435f-a4c7-f9158da4c785,2008,mark.allen@nexuserp.com,$2a$10$8.UnVuG9HHgffUDAlk8qfOuVGkqRzgVymGe07xd0P1R6sKz19lZ2O,True,4,2026-10-02 19:10:55,2026-10-02 19:10:55,SYSTEM_ETL,SYSTEM_ETL
c4eaac35-c4a5-4889-bd6a-378ef46978b9,2009,karen.scott@nexuserp.com,$2a$10$8.UnVuG9HHgffUDAlk8qfOuVGkqRzgVymGe07xd0P1R6sKz19lZ2O,True,4,2026-10-02 19:10:55,2026-10-02 19:10:55,SYSTEM_ETL,SYSTEM_ETL
a83a1e67-1d38-4ab5-8e16-7bf15c935c6b,2010,barbara.davis2@nexuserp.com,$2a$10$8.UnVuG9HHgffUDAlk8qfOuVGkqRzgVymGe07xd0P1R6sKz19lZ2O,True,4,2026-10-02 19:10:55,2026-10-02 19:10:55,SYSTEM_ETL,SYSTEM_ETL
24fb8ea6-6542-44ab-891f-0beb2a25d2d9,2012,lucas.miller@nexuserp.com,$2a$10$8.UnVuG9HHgffUDAlk8qfOuVGkqRzgVymGe07xd0P1R6sKz19lZ2O,True,4,2026-10-02 19:10:55,2026-10-02 19:10:55,SYSTEM_ETL,SYSTEM_ETL
143c31a0-0c47-4c64-9da4-d0b672d3800f,2013,omar.park3@nexuserp.com,$2a$10$8.UnVuG9HHgffUDAlk8qfOuVGkqRzgVymGe07xd0P1R6sKz19lZ2O,True,4,2026-10-02 19:10:55,2026-10-02 19:10:55,SYSTEM_ETL,SYSTEM_ETL
fe0ce300-733f-4343-87d3-ebaa1a6355b8,2014,lucas.flores@nexuserp.com,$2a$10$8.UnVuG9HHgffUDAlk8qfOuVGkqRzgVymGe07xd0P1R6sKz19lZ2O,True,4,2026-10-02 19:10:55,2026-10-02 19:10:55,SYSTEM_ETL,SYSTEM_ETL
8b701f6e-9a11-4d00-b719-20fe40b2de08,2015,karen.oliveira2@nexuserp.com,$2a$10$8.UnVuG9HHgffUDAlk8qfOuVGkqRzgVymGe07xd0P1R6sKz19lZ2O,True,3,2026-10-02 19:10:55,2026-10-02 19:10:55,SYSTEM_ETL,SYSTEM_ETL
ad8ecf32-326b-4d84-80c1-8f61faafc10c,2016,aiko.haddad@nexuserp.com,$2a$10$8.UnVuG9HHgffUDAlk8qfOuVGkqRzgVymGe07xd0P1R6sKz19lZ2O,True,4,2026-10-02 19:10:55,2026-10-02 19:10:55,SYSTEM_ETL,SYSTEM_ETL
cfdc6bb0-8e2c-4b38-b9c3-affb8a95b4e6,2017,elizabeth.williams3@nexuserp.com,$2a$10$8.UnVuG9HHgffUDAlk8qfOuVGkqRzgVymGe07xd0P1R6sKz19lZ2O,True,3,2026-10-02 19:10:55,2026-10-02 19:10:55,SYSTEM_ETL,SYSTEM_ETL
2b83b91d-87aa-495f-badd-3480d314e4aa,2018,michelle.wilson@nexuserp.com,$2a$10$8.UnVuG9HHgffUDAlk8qfOuVGkqRzgVymGe07xd0P1R6sKz19lZ2O,True,4,2026-10-02 19:10:55,2026-10-02 19:10:55,SYSTEM_ETL,SYSTEM_ETL
48a48c96-0edb-4412-ac3d-2bbf78e8f767,2019,arjun.moore@nexuserp.com,$2a$10$8.UnVuG9HHgffUDAlk8qfOuVGkqRzgVymGe07xd0P1R6sKz19lZ2O,True,4,2026-10-02 19:10:55,2026-10-02 19:10:55,SYSTEM_ETL,SYSTEM_ETL
6caa715c-3b18-4d46-851c-4827e2e6fc26,2020,steven.obrien@nexuserp.com,$2a$10$8.UnVuG9HHgffUDAlk8qfOuVGkqRzgVymGe07xd0P1R6sKz19lZ2O,True,4,2026-10-02 19:10:55,2026-10-02 19:10:55,SYSTEM_ETL,SYSTEM_ETL
d9f1d2ed-1f76-4a80-b963-551b3c87721d,2021,rayan.jackson@nexuserp.com,$2a$10$8.UnVuG9HHgffUDAlk8qfOuVGkqRzgVymGe07xd0P1R6sKz19lZ2O,True,4,2026-10-02 19:10:55,2026-10-02 19:10:55,SYSTEM_ETL,SYSTEM_ETL
53762614-dece-4db0-8ad8-d56417ef5e56,2022,brian.rivera@nexuserp.com,$2a$10$8.UnVuG9HHgffUDAlk8qfOuVGkqRzgVymGe07xd0P1R6sKz19lZ2O,True,3,2026-10-02 19:10:55,2026-10-02 19:10:55,SYSTEM_ETL,SYSTEM_ETL
5e14df37-3628-40c9-a50f-89f2d723a826,2023,luca.oliveira@nexuserp.com,$2a$10$8.UnVuG9HHgffUDAlk8qfOuVGkqRzgVymGe07xd0P1R6sKz19lZ2O,False,4,2026-10-02 19:10:55,2026-10-02 19:10:55,SYSTEM_ETL,SYSTEM_ETL
99113590-d73d-453f-884e-b3b956c6f368,2024,mei.obrien@nexuserp.com,$2a$10$8.UnVuG9HHgffUDAlk8qfOuVGkqRzgVymGe07xd0P1R6sKz19lZ2O,True,4,2026-10-02 19:10:55,2026-10-02 19:10:55,SYSTEM_ETL,SYSTEM_ETL
a45d63a6-29ae-472a-b7c3-6303f316dc6c,2025,jennifer.martin@nexuserp.com,$2a$10$8.UnVuG9HHgffUDAlk8qfOuVGkqRzgVymGe07xd0P1R6sKz19lZ2O,True,4,2026-10-02 19:10:55,2026-10-02 19:10:55,SYSTEM_ETL,SYSTEM_ETL
9cf3cdb6-c3c6-46f9-8ea6-e1e52900d11b,2026,omar.brown@nexuserp.com,$2a$10$8.UnVuG9HHgffUDAlk8qfOuVGkqRzgVymGe07xd0P1R6sKz19lZ2O,True,4,2026-10-02 19:10:55,2026-10-02 19:10:55,SYSTEM_ETL,SYSTEM_ETL
3a1b75af-169b-4bc7-a888-2b3e70082688,2027,joshua.wilson@nexuserp.com,$2a$10$8.UnVuG9HHgffUDAlk8qfOuVGkqRzgVymGe07xd0P1R6sKz19lZ2O,False,4,2026-10-02 19:10:55,2026-10-02 19:10:55,SYSTEM_ETL,SYSTEM_ETL
5221b1dc-082f-4d5d-a247-a2347bc4f91e,2031,tariq.garcia@nexuserp.com,$2a$10$8.UnVuG9HHgffUDAlk8qfOuVGkqRzgVymGe07xd0P1R6sKz19lZ2O,True,3,2026-10-02 19:10:55,2026-10-02 19:10:55,SYSTEM_ETL,SYSTEM_ETL
00f1120e-a1e3-400e-ab4b-7a5e9af11dd9,2032,joseph.taylor@nexuserp.com,$2a$10$8.UnVuG9HHgffUDAlk8qfOuVGkqRzgVymGe07xd0P1R6sKz19lZ2O,False,4,2026-10-02 19:10:55,2026-10-02 19:10:55,SYSTEM_ETL,SYSTEM_ETL
f980b18c-6881-4ba8-8c66-3139d540f79d,2034,jessica.roberts@nexuserp.com,$2a$10$8.UnVuG9HHgffUDAlk8qfOuVGkqRzgVymGe07xd0P1R6sKz19lZ2O,True,4,2026-10-02 19:10:55,2026-10-02 19:10:55,SYSTEM_ETL,SYSTEM_ETL
52823406-c079-4282-885f-d204e4e2c033,2035,laura.santos@nexuserp.com,$2a$10$8.UnVuG9HHgffUDAlk8qfOuVGkqRzgVymGe07xd0P1R6sKz19lZ2O,True,4,2026-10-02 19:10:55,2026-10-02 19:10:55,SYSTEM_ETL,SYSTEM_ETL
0df9fc3c-ec20-4236-bad5-5eaa9a80f1e7,2036,mark.campbell@nexuserp.com,$2a$10$8.UnVuG9HHgffUDAlk8qfOuVGkqRzgVymGe07xd0P1R6sKz19lZ2O,True,4,2026-10-02 19:10:55,2026-10-02 19:10:55,SYSTEM_ETL,SYSTEM_ETL
b3dc13c4-6fda-4f71-80bc-a4c029415912,2037,luca.khalil@nexuserp.com,$2a$10$8.UnVuG9HHgffUDAlk8qfOuVGkqRzgVymGe07xd0P1R6sKz19lZ2O,True,4,2026-10-02 19:10:55,2026-10-02 19:10:55,SYSTEM_ETL,SYSTEM_ETL
119afc1e-6cb5-499b-ad3f-a9749a9b0223,2038,adam.moore@nexuserp.com,$2a$10$8.UnVuG9HHgffUDAlk8qfOuVGkqRzgVymGe07xd0P1R6sKz19lZ2O,True,4,2026-10-02 19:10:55,2026-10-02 19:10:55,SYSTEM_ETL,SYSTEM_ETL
6cedcfd9-8f7c-4577-a9c3-1ae7b5281dae,2040,emma.wang@nexuserp.com,$2a$10$8.UnVuG9HHgffUDAlk8qfOuVGkqRzgVymGe07xd0P1R6sKz19lZ2O,True,2,2026-10-02 19:10:55,2026-10-02 19:10:55,SYSTEM_ETL,SYSTEM_ETL
16b43072-0358-4d89-958b-84e711a37f67,2041,mei.mansour@nexuserp.com,$2a$10$8.UnVuG9HHgffUDAlk8qfOuVGkqRzgVymGe07xd0P1R6sKz19lZ2O,True,4,2026-10-02 19:10:55,2026-10-02 19:10:55,SYSTEM_ETL,SYSTEM_ETL
92ee95c7-a426-4b7b-8da3-76d613332ac1,2044,ahmed.novak@nexuserp.com,$2a$10$8.UnVuG9HHgffUDAlk8qfOuVGkqRzgVymGe07xd0P1R6sKz19lZ2O,False,4,2026-10-02 19:10:55,2026-10-02 19:10:55,SYSTEM_ETL,SYSTEM_ETL
466eadf4-2951-4520-84c6-c695ef8fb703,2045,salma.jensen@nexuserp.com,$2a$10$8.UnVuG9HHgffUDAlk8qfOuVGkqRzgVymGe07xd0P1R6sKz19lZ2O,True,4,2026-10-02 19:10:55,2026-10-02 19:10:55,SYSTEM_ETL,SYSTEM_ETL
926c42ab-1ea3-4d32-bdbb-f03b30659886,2046,susan.young@nexuserp.com,$2a$10$8.UnVuG9HHgffUDAlk8qfOuVGkqRzgVymGe07xd0P1R6sKz19lZ2O,True,4,2026-10-02 19:10:55,2026-10-02 19:10:55,SYSTEM_ETL,SYSTEM_ETL
8203d402-d237-4390-8ede-f3712cfafe4d,2048,william.davis2@nexuserp.com,$2a$10$8.UnVuG9HHgffUDAlk8qfOuVGkqRzgVymGe07xd0P1R6sKz19lZ2O,True,4,2026-10-02 19:10:55,2026-10-02 19:10:55,SYSTEM_ETL,SYSTEM_ETL
f9a1a639-efd1-43c9-a76f-ee6a44652f4f,2049,jacob.martin2@nexuserp.com,$2a$10$8.UnVuG9HHgffUDAlk8qfOuVGkqRzgVymGe07xd0P1R6sKz19lZ2O,True,4,2026-10-02 19:10:55,2026-10-02 19:10:55,SYSTEM_ETL,SYSTEM_ETL
88f21458-7df7-401a-988d-598690acc7b0,2051,sharon.flores@nexuserp.com,$2a$10$8.UnVuG9HHgffUDAlk8qfOuVGkqRzgVymGe07xd0P1R6sKz19lZ2O,True,4,2026-10-02 19:10:55,2026-10-02 19:10:55,SYSTEM_ETL,SYSTEM_ETL
3a881fcb-fd0b-4e33-8605-4615cf6ea99c,2052,salma.jensen2@nexuserp.com,$2a$10$8.UnVuG9HHgffUDAlk8qfOuVGkqRzgVymGe07xd0P1R6sKz19lZ2O,True,4,2026-10-02 19:10:55,2026-10-02 19:10:55,SYSTEM_ETL,SYSTEM_ETL
42ec1373-8e8a-47ee-ba00-078b3a8b1927,2053,hiroshi.wright2@nexuserp.com,$2a$10$8.UnVuG9HHgffUDAlk8qfOuVGkqRzgVymGe07xd0P1R6sKz19lZ2O,True,4,2026-10-02 19:10:55,2026-10-02 19:10:55,SYSTEM_ETL,SYSTEM_ETL
f2b8c9d6-8edf-44fd-882c-a4f19056e34e,2054,amanda.kim@nexuserp.com,$2a$10$8.UnVuG9HHgffUDAlk8qfOuVGkqRzgVymGe07xd0P1R6sKz19lZ2O,True,4,2026-10-02 19:10:55,2026-10-02 19:10:55,SYSTEM_ETL,SYSTEM_ETL
0b9c4555-5931-4fc7-873d-08dd82f7afa5,2055,richard.mitchell@nexuserp.com,$2a$10$8.UnVuG9HHgffUDAlk8qfOuVGkqRzgVymGe07xd0P1R6sKz19lZ2O,False,4,2026-10-02 19:10:55,2026-10-02 19:10:55,SYSTEM_ETL,SYSTEM_ETL
36e7977c-2e4d-4968-96e4-691e3be25176,2056,cynthia.thomas@nexuserp.com,$2a$10$8.UnVuG9HHgffUDAlk8qfOuVGkqRzgVymGe07xd0P1R6sKz19lZ2O,True,4,2026-10-02 19:10:55,2026-10-02 19:10:55,SYSTEM_ETL,SYSTEM_ETL
34f1580c-9ae3-4a1f-ae9c-9d9ae788fed2,2057,karim.robinson2@nexuserp.com,$2a$10$8.UnVuG9HHgffUDAlk8qfOuVGkqRzgVymGe07xd0P1R6sKz19lZ2O,True,4,2026-10-02 19:10:55,2026-10-02 19:10:55,SYSTEM_ETL,SYSTEM_ETL
67543cb0-129d-4aa1-acd6-2ed40e13c0dd,2060,karen.moreau@nexuserp.com,$2a$10$8.UnVuG9HHgffUDAlk8qfOuVGkqRzgVymGe07xd0P1R6sKz19lZ2O,True,4,2026-10-02 19:10:55,2026-10-02 19:10:55,SYSTEM_ETL,SYSTEM_ETL
4b793069-6958-4161-9f49-89424484d2c9,2061,thomas.laurent@nexuserp.com,$2a$10$8.UnVuG9HHgffUDAlk8qfOuVGkqRzgVymGe07xd0P1R6sKz19lZ2O,True,4,2026-10-02 19:10:55,2026-10-02 19:10:55,SYSTEM_ETL,SYSTEM_ETL
cc2c2c17-f658-4dd7-8279-d8d753cba2d7,2062,thomas.hill@nexuserp.com,$2a$10$8.UnVuG9HHgffUDAlk8qfOuVGkqRzgVymGe07xd0P1R6sKz19lZ2O,True,4,2026-10-02 19:10:55,2026-10-02 19:10:55,SYSTEM_ETL,SYSTEM_ETL
4c6fffeb-f874-4112-b4b2-262ec6ea0695,2064,rayan.martin@nexuserp.com,$2a$10$8.UnVuG9HHgffUDAlk8qfOuVGkqRzgVymGe07xd0P1R6sKz19lZ2O,True,4,2026-10-02 19:10:55,2026-10-02 19:10:55,SYSTEM_ETL,SYSTEM_ETL
677b8569-aebc-4a0e-b77f-be5387946eab,2065,ethan.schmidt3@nexuserp.com,$2a$10$8.UnVuG9HHgffUDAlk8qfOuVGkqRzgVymGe07xd0P1R6sKz19lZ2O,True,4,2026-10-02 19:10:55,2026-10-02 19:10:55,SYSTEM_ETL,SYSTEM_ETL
347f31cd-385b-4f77-9867-c3914f689a4a,2068,diego.anderson@nexuserp.com,$2a$10$8.UnVuG9HHgffUDAlk8qfOuVGkqRzgVymGe07xd0P1R6sKz19lZ2O,True,4,2026-10-02 19:10:55,2026-10-02 19:10:55,SYSTEM_ETL,SYSTEM_ETL
