id,user_id,token,token_type,expires_at,is_used,is_revoked,created_at
f5ec814f-fbeb-4ed6-884e-2cdd08cc484d,c128feaf-f315-4197-9058-c6df404aacb2,5dfbbcf8-2503-4271-9a16-371e68863ab3,ACTIVATION,2026-08-24 22:24:22,False,False,2026-08-17 22:24:22
cf5fcf95-54b3-4118-b4b4-1bdf65d9880e,f9ce836e-f8e8-4a90-a95b-00248e37a464,66b0eef5-850a-4e47-8d6d-f2b9507fec69,ACTIVATION,2026-08-24 22:24:22,False,False,2026-08-17 22:24:22
ad83026e-4e63-43e9-8792-e553d14f5f9a,aa25cecd-e672-4b1c-8cea-3fead4f4e5fc,d28344e8-0362-4a08-88ff-244a2557ea8a,ACTIVATION,2026-08-24 22:24:22,False,False,2026-08-17 22:24:22
f5d8ad6a-7d7f-4fef-895f-8ec4a44d0463,44643764-b99e-4899-9b3a-1c642c57cf1a,22a5e5b9-458f-4c98-acf5-5e77b40b3d5a,ACTIVATION,2026-08-24 22:24:22,False,False,2026-08-17 22:24:22
e98a148e-6e5d-4e5f-b5dc-b484da8b40e9,bf4a18af-eacf-473e-b6b5-45a4b49390a3,daf69b4b-7312-4c76-ac95-a3cf5d319a24,ACTIVATION,2026-08-24 22:24:22,False,False,2026-08-17 22:24:22
b5b08a95-ac8b-4e42-9d99-db5c3b57ec1a,89d5533f-c36e-4b46-9635-285a45169394,cf13ac7a-f7be-4f1d-bac9-b0e7c8bad0b6,ACTIVATION,2026-08-24 22:24:22,False,False,2026-08-17 22:24:22
c3594dc2-7ab6-4b6d-82a5-8c8bec482153,1c4c4110-b91b-4960-afdc-16f242cf3e13,0a0a2a37-cefa-4eb5-8920-049d1f35dc14,ACTIVATION,2026-08-24 22:24:22,False,False,2026-08-17 22:24:22
89de9776-e9d1-4f52-9be1-b7b293e840cc,adfeadb3-bf85-4140-9679-943e5850da26,1f74efe0-38d4-4ad1-960d-4039854fe730,ACTIVATION,2026-08-24 22:24:22,False,False,2026-08-17 22:24:22
cfc22f4f-f351-4478-a9f8-1a53c9f7dc4c,ec61b562-16b3-4138-bf9b-10a55d1380bd,ee741017-09c6-4696-8485-c22a89f4a461,ACTIVATION,2026-08-24 22:24:22,False,False,2026-08-17 22:24:22
8686380e-8944-48e0-a619-cd3364812a61,b0f348d9-3847-4d46-9429-dd700779bfc6,b282a6de-4af8-4aa6-9121-62073975767b,ACTIVATION,2026-08-24 22:24:22,False,False,2026-08-17 22:24:22
ba888cbc-9844-4ef1-9e3e-b4a6a509a549,6e510975-f37c-4dbf-bd29-f5a6342dd48c,315fa639-cc27-484b-9dcd-081d860940c2,ACTIVATION,2026-08-24 22:24:22,False,False,2026-08-17 22:24:22
59989ea5-ba2e-4921-a2d0-a4ac1e89738f,35e7fa9a-4e36-42b8-b68d-54d9c8044549,1608e901-5694-4c2c-8b68-a5dffc456ec8,ACTIVATION,2026-08-24 22:24:22,False,False,2026-08-17 22:24:22
f773f251-35f3-4a3a-8e9f-90b5b272506e,3dfd8117-ec0c-4de7-a98f-fb31302a2167,d4aa7099-b0d0-478a-a676-e1630569bf24,ACTIVATION,2026-08-24 22:24:22,False,False,2026-08-17 22:24:22
d1031edb-6bdc-4422-b004-42d386b2a075,fb1cb315-8054-4817-8323-75ad342c8da3,f54ace3c-d1b1-402e-a590-26e8fe375615,ACTIVATION,2026-08-24 22:24:22,False,False,2026-08-17 22:24:22
7bb66ea7-a94e-42c0-a761-6b1e07b1d820,4192743f-a46c-4556-8207-f8cee73e782d,e01bb940-bc1b-4dae-a6a9-885770360418,ACTIVATION,2026-08-24 22:24:22,False,False,2026-08-17 22:24:22
2fb9a891-fbaa-4a9e-89e6-5c7a29ab88a5,004e7bad-87b1-4d7d-a3ec-c94e3f13f053,832333fc-896b-4f32-a62d-8b6f9d3c5fbe,ACTIVATION,2026-08-24 22:24:22,False,False,2026-08-17 22:24:22
9cd4d043-5c23-4bec-adb2-24bd1de0d1ad,41cee350-796c-4f8c-981b-849b94d397b8,1b485ebb-a10b-4242-9250-f1ecb12352bd,ACTIVATION,2026-08-24 22:24:22,False,False,2026-08-17 22:24:22
d6727889-cab7-4c36-8986-82bdb14f9212,ecd33b65-4a01-4688-937e-975632dad2a8,62536a9c-a7c2-40b9-bce2-8afa3d3617af,ACTIVATION,2026-08-24 22:24:22,False,False,2026-08-17 22:24:22
16b15041-ebbb-48cc-add8-2832a00fd479,ca16bdb5-2731-43b8-9101-5395bb1926b2,e172bf7b-ddbb-4b27-823a-1384fd708407,ACTIVATION,2026-08-24 22:24:22,False,False,2026-08-17 22:24:22
9ed86c11-9da5-42cc-902f-153814ee199c,4091bd14-399e-4540-906b-0ed5ae5c0308,9b90438b-758c-4f36-be1c-10253fe2dcf7,ACTIVATION,2026-08-24 22:24:22,False,False,2026-08-17 22:24:22
dee7faf4-d8cd-403b-a629-c552e92dc086,427b92f1-001a-43c1-86fd-13f88a77e066,50bf57ad-9c9f-45e1-b762-21d1e04ffbd0,ACTIVATION,2026-08-24 22:24:22,False,False,2026-08-17 22:24:22
5bc92624-dcd3-4f33-abd9-383cf0103a84,5750aff5-ca35-4381-bd73-85c0347f5209,aef362b7-6dfa-44b0-859b-55aa5cd4ab5a,ACTIVATION,2026-08-24 22:24:22,False,False,2026-08-17 22:24:22
284d46e4-3b68-469b-a149-6751755e05a9,69813451-e58e-4ade-82ad-9d0d8efb49b1,e04b6021-a2ca-4ab6-abbd-e99454cfa9e3,ACTIVATION,2026-08-24 22:24:22,False,False,2026-08-17 22:24:22
1a7652d9-282a-4326-ac30-54a773ec493e,033ab4f0-3014-41ba-9168-a6afe543fb49,90539483-2b54-4b75-89ea-4d59cc13d07f,ACTIVATION,2026-08-24 22:24:22,False,False,2026-08-17 22:24:22
6261db28-ab2c-41b2-8a19-b575eb8ec064,ef0bb5bf-db1c-4bfd-99ae-d57a84a886d4,526fedc1-286c-480e-ad0a-a809860fbdf9,ACTIVATION,2026-08-24 22:24:22,False,False,2026-08-17 22:24:22
6f552e56-c151-4216-aa05-7d826cf23127,57190c4d-0985-46cb-ac5c-d50465eb1d4b,d40df951-1706-49c2-9c8f-4c7a91f03780,ACTIVATION,2026-08-24 22:24:22,False,False,2026-08-17 22:24:22
41e04b13-b920-4322-8eff-3a18423f0d4b,e5444bd9-20da-483a-8e1b-c7ac57678f56,50792e37-5d0d-4587-8870-0ff7cd34e129,ACTIVATION,2026-08-24 22:24:22,False,False,2026-08-17 22:24:22
554f2cb0-d604-42ae-802d-8f49952c8681,a909973e-db16-4f97-bc8b-1d6ebfd9428e,aaaf6266-fc38-4d34-8fa9-f81444131522,ACTIVATION,2026-08-24 22:24:22,False,False,2026-08-17 22:24:22
a1f1836f-ec94-4e43-a1d7-80b8757fbd39,0fb563bb-50ee-4c43-94ab-a85ce16fb382,b501037d-1dc8-4c5e-9211-19189599c3e0,ACTIVATION,2026-08-24 22:24:22,False,False,2026-08-17 22:24:22
6e89c1e2-f23e-4986-b161-6d7d3f8ca810,def11fb8-bb3f-4625-ab8a-3081752b7003,fed7e63c-2e2e-4054-b649-90d89706f726,ACTIVATION,2026-08-24 22:24:22,False,False,2026-08-17 22:24:22
d326a030-c19a-4615-92bd-6c56879b3d93,633c7871-b501-4c60-a40d-b9e902268d12,83de2857-00d1-4ba2-8ae2-bc43fe1a9c33,ACTIVATION,2026-08-24 22:24:22,False,False,2026-08-17 22:24:22
b993f4ac-e804-405f-8738-b006217b6337,204f479f-ea03-4f11-a295-491407857abf,2c0da0e6-4b40-42fe-a5bc-a8c126a01095,ACTIVATION,2026-08-24 22:24:22,False,False,2026-08-17 22:24:22
44c8b52d-c515-4cba-94e6-844eda08e0b3,87096505-f9ec-43e7-9fba-413bf4f6425c,62dfa2ae-06a1-4915-a18d-e6755ce01587,ACTIVATION,2026-08-24 22:24:22,False,False,2026-08-17 22:24:22
8ddfaee8-d699-448e-b637-e31a8977003b,ec552a15-2946-4163-8333-3aa62fb248d3,716d2472-a910-47f3-ab79-23e214cdc8ed,ACTIVATION,2026-08-24 22:24:22,False,False,2026-08-17 22:24:22
6bc51911-9f62-4340-82b4-731c0ee89fb3,104b8cac-f1a6-4aa5-a575-98c9fb8ca24f,22d53319-3d55-4caf-8035-f2aed9bdec3d,ACTIVATION,2026-08-24 22:24:22,False,False,2026-08-17 22:24:22
773a1e28-98a3-4331-aa11-c8c46c1d3406,7e24e470-1544-4763-927e-a0398b5e7d1c,62f40867-99d2-4ead-a113-0dbafac63d0d,ACTIVATION,2026-08-24 22:24:22,False,False,2026-08-17 22:24:22
6b1e0466-3aa5-4f0c-ab3e-ebefe1f33910,b2be72e1-d156-4cf6-907a-2944d0b1732c,a2d67789-ade7-482b-8cfa-ed12b4dc6f55,ACTIVATION,2026-08-24 22:24:22,False,False,2026-08-17 22:24:22
057bfc7f-6da4-44d9-93ae-4cb2d9d0a72c,74c10138-8326-46ac-a0de-07f0d0f63630,6f264ea8-16bd-4c80-8c15-21c84f49b239,ACTIVATION,2026-08-24 22:24:22,False,False,2026-08-17 22:24:22
25ad81b4-fda7-40ab-9a63-22c7a08a1864,719a83bb-a57a-4a41-9a86-8d10b3246ebf,bd472740-9869-43ca-9486-7dcc73f1ae69,ACTIVATION,2026-08-24 22:24:22,False,False,2026-08-17 22:24:22
3fcc8a44-3dca-4d88-84a1-bf7d9ce2ab60,563ccff1-39c0-4ff7-9efe-5950160ea690,0cf9398d-4d26-4bc8-9bd6-97dad20c132d,ACTIVATION,2026-08-24 22:24:22,False,False,2026-08-17 22:24:22
7d7946e9-8f07-40e6-b9a8-2867f512d10a,cc3ccfed-888a-43fe-a955-c19a61aa2af4,05e63fdb-0c68-4787-ac16-eb56bdb114b6,ACTIVATION,2026-08-24 22:24:22,False,False,2026-08-17 22:24:22
3923720c-4ebf-4dcb-9742-d4bf1b7b8151,6a8d75bc-7182-409b-a555-301e57abc61a,da97d0d7-dd21-4fac-9b06-d0e40ecf5b16,ACTIVATION,2026-08-24 22:24:22,False,False,2026-08-17 22:24:22
f7de6485-e3da-4341-89ff-c99816b3377d,29fd49f3-6a04-42c9-bd18-14e35bc4464a,4230fba2-5c23-4f6b-adf2-8eeffca21208,ACTIVATION,2026-08-24 22:24:22,False,False,2026-08-17 22:24:22
bb83c54d-0693-4f84-a48a-652f3854dda2,8feeb869-fc74-4e79-864b-1cbf3f86d016,afacfcd8-ed76-417d-9d3e-a1fb5552af61,ACTIVATION,2026-08-24 22:24:22,False,False,2026-08-17 22:24:22
cb0099e1-d21d-4c4f-b479-0f66ffc5f8f7,0abc0aa2-5c7c-4280-80ae-9f956776f83c,1e05e9f2-0168-402c-b8f8-faf998aba912,ACTIVATION,2026-08-24 22:24:22,False,False,2026-08-17 22:24:22
db401170-9c1c-4efe-bc17-e924e2688465,90b762b7-40b9-40fc-ad18-8566bffe5512,27c3e459-afc5-4e33-8de9-1246ad9152d5,ACTIVATION,2026-08-24 22:24:22,False,False,2026-08-17 22:24:22
698791f0-de91-4a2a-b614-e9d75d4aff31,66ce2198-230a-4568-a729-2f838355003b,60c66466-b302-4b48-9d15-e00a27306e47,ACTIVATION,2026-08-24 22:24:22,False,False,2026-08-17 22:24:22
8ea53cbe-b41d-4f18-be76-95e764c31156,d7b8d94e-080f-47c5-8050-6a6d6ac8897b,ee76c12a-4ef0-4da5-bd47-f91a22a69756,ACTIVATION,2026-08-24 22:24:22,False,False,2026-08-17 22:24:22
6b17f1fd-af18-47a5-a6fa-e9824688a086,f26967f1-dcd9-4eed-bbfa-41834b9de256,9790463f-a258-4e63-a88d-aafcd7970d52,ACTIVATION,2026-08-24 22:24:22,False,False,2026-08-17 22:24:22
fd1ad1c2-848c-481a-a137-df44a6ec55e8,43ba6da7-f4d7-451e-bf20-3eb81b1a7198,5fe84ffd-9649-4a8d-8739-64d88ef6d6b1,ACTIVATION,2026-08-24 22:24:22,False,False,2026-08-17 22:24:22
71adfda6-9eda-4aa7-bbd4-2507b26e1790,01aaa001-aeee-4baf-94b6-67ae13a16827,a717ce81-bdca-4c6b-8995-d20005767c4a,ACTIVATION,2026-08-24 22:24:22,False,False,2026-08-17 22:24:22
a747f707-0d28-47f7-b186-66f5190b8113,d0f18229-29a2-4d32-b2ad-4191d093a042,77049b95-5daf-4e5d-bfa6-ab007043a2e7,ACTIVATION,2026-08-24 22:24:22,False,False,2026-08-17 22:24:22
96a5e03a-d936-4332-b199-8f1a1d5929e6,27a3e69d-e6a3-44af-af27-61d63e5cd5a0,3a6b363d-2287-4557-88c1-6ad84d9ffb10,ACTIVATION,2026-08-24 22:24:22,False,False,2026-08-17 22:24:22
29b673ff-0ca2-428f-9f86-b77ce8285ddb,a498ce47-4934-4dfd-aad9-b830a7a33eaf,2097d242-e03a-4cd4-9ca8-aed425a729b2,ACTIVATION,2026-08-24 22:24:22,False,False,2026-08-17 22:24:22
5b955d12-2ad7-41f5-9d3d-f9c666b0a310,cd9c49da-d4bc-4399-a15c-72e4f6ea2248,e51dc3f5-f0e0-451c-9459-e1db5f464e8b,ACTIVATION,2026-08-24 22:24:22,False,False,2026-08-17 22:24:22
75b78735-266a-4fd1-80d3-29e1d47d00fe,619eaec2-076f-4dd1-816c-fb5035a4eeee,5a97c1db-1bcc-4c4b-8000-d8674afe767f,ACTIVATION,2026-08-24 22:24:22,False,False,2026-08-17 22:24:22
c5540df4-383a-4df8-a6c0-fd7912d5b478,a13d114b-64cd-4d35-97ad-136acf9738ac,90229f40-939b-4142-8efc-fbdc8c43f6e1,ACTIVATION,2026-08-24 22:24:22,False,False,2026-08-17 22:24:22
3d8f605d-3270-40a2-b77a-8c859e900da2,f3ef0a12-bf7e-4890-9cd9-0c51d88ebc28,6ccbbf13-a577-4c93-a10a-2158a8b44655,ACTIVATION,2026-08-24 22:24:22,False,False,2026-08-17 22:24:22
3d359dde-0071-40bb-871e-9defe6f2b484,e422f509-7f3e-4310-bad8-5947b3f2ec78,5f47970f-d9e5-4c74-b94f-8769bf91efaf,ACTIVATION,2026-08-24 22:24:22,False,False,2026-08-17 22:24:22
dfba9846-7931-48ac-99b6-07fc9024a055,18d631e3-28a9-41eb-985b-40893b5e0f4b,d4a64dfc-0f6f-4239-ba10-34ae75a8e19e,ACTIVATION,2026-08-24 22:24:22,False,False,2026-08-17 22:24:22
c8054250-77b0-44cb-a6d1-bad6231374b4,b105a2c9-fb7d-4263-94af-40aad9a96d15,532d2da3-e17c-4c87-8523-f9e005558206,ACTIVATION,2026-08-24 22:24:22,False,False,2026-08-17 22:24:22
5787042f-1c45-4123-9917-5d44664f259c,99e18094-d69f-447c-9d50-2308139de754,d01f3266-3f95-423c-8aab-c8518b998a27,ACTIVATION,2026-08-24 22:24:22,False,False,2026-08-17 22:24:22
2ae9a80a-aa12-4bdd-a4ac-a23e102c3a31,0fa38455-994f-4d00-aba7-008e54a55d19,53888fe1-234b-48b2-ab09-3b50d83c725d,ACTIVATION,2026-08-24 22:24:22,False,False,2026-08-17 22:24:22
98c1c9fa-8279-4c13-bdab-7acd82c78e0d,1e25c859-c94b-4d93-8c08-c25be05951c6,983ad5c6-8319-43c9-b4cf-2d9dc9971689,ACTIVATION,2026-08-24 22:24:22,False,False,2026-08-17 22:24:22
0a6348da-fa09-4a1d-952d-f9fe24f5a753,21163e8c-ac9f-441f-9439-9b226c32ace9,cf88469d-980b-4486-9f2c-d6baccccf3d2,ACTIVATION,2026-08-24 22:24:22,False,False,2026-08-17 22:24:22
4c7a7946-a68f-4523-821e-eda91540dc4d,7900b3c1-9b14-40b4-9f3e-c01083fb37c3,e706feff-28d1-412e-8764-03256ed8f9e8,ACTIVATION,2026-08-24 22:24:22,False,False,2026-08-17 22:24:22
d485a1c7-fcec-491e-b97c-a1b9138a6b74,90b254ac-16fc-4575-9d0a-1f06bd460e73,810e9d9e-66a0-426d-98cb-98a7c0679e6d,ACTIVATION,2026-08-24 22:24:22,False,False,2026-08-17 22:24:22
d435cb4d-19a7-4a5f-a4c9-2df99618bc4a,e4a2cc6a-978b-432f-af98-09bf855a2267,5f80039f-c4f7-4426-bd7c-1a9f109b0919,ACTIVATION,2026-08-24 22:24:22,False,False,2026-08-17 22:24:22
86fc7c44-951a-41ed-9c24-5df0874ad12f,f5e0a485-4833-480c-95af-fa6846801425,216cde9c-bc2b-4723-98cb-4e5ed432c95a,ACTIVATION,2026-08-24 22:24:22,False,False,2026-08-17 22:24:22
4cc91a1d-9d07-4d10-b1ee-65548af8eb6d,da709ef5-e03a-45c5-80ec-dc6720f7689c,5262bb1a-febf-4187-b43f-30be3f630d87,ACTIVATION,2026-08-24 22:24:22,False,False,2026-08-17 22:24:22
22f71ce3-7e00-4d92-be65-56eab67e11f6,78ce0489-16bc-4768-af3b-f45e61d486c7,4481d7a3-40d0-4e03-82b8-bc528a4d964f,ACTIVATION,2026-08-24 22:24:22,False,False,2026-08-17 22:24:22
87516140-f3a6-4342-bb65-bcca4b0c3431,3ac785f7-faf5-4ed8-890d-24c5083d4d19,308993c5-aa7f-4905-99c4-f61886218d7d,ACTIVATION,2026-08-24 22:24:22,False,False,2026-08-17 22:24:22
e5daa037-8d19-4638-bb85-9e322fe639f2,e6d41375-e5a4-4cb9-aeb3-655d13e26524,1136fb9f-f261-4daa-aa49-4e09ea53e29b,ACTIVATION,2026-08-24 22:24:22,False,False,2026-08-17 22:24:22
00f93a20-19d8-4bc7-8f3a-7c14ac310c56,ccb58cfe-f745-443f-b77e-2cdca1ffa66f,a714667c-d0fb-4fc6-84f8-230ef7d7abb8,ACTIVATION,2026-08-24 22:24:22,False,False,2026-08-17 22:24:22
8607d728-98fe-4b56-8b28-cfaca317a37d,6014a36a-b289-4bd9-813b-b84379e791a0,3aed30d3-ef10-48bb-903f-759c75f6a0fa,ACTIVATION,2026-08-24 22:24:22,False,False,2026-08-17 22:24:22
7d3d1cc8-c81f-44f1-9577-a3d26eb32063,f990b866-4e59-4f3a-8211-7118830db2a7,ec90e66f-4efc-466a-8bf9-f8d49d642a54,ACTIVATION,2026-08-24 22:24:22,False,False,2026-08-17 22:24:22
36011963-29c6-45e1-b88e-46581df47ca9,22b37322-f436-418c-8fa5-e39e2b04bfc0,39ce55c1-316c-498a-8f65-dd145c83e439,ACTIVATION,2026-08-24 22:24:22,False,False,2026-08-17 22:24:22
a3af8ffd-f29d-466e-a370-0090557eddf4,6c30a0ce-131e-4430-bcf2-2af866ae5a91,539c0456-38e9-4876-84ff-4fb8c8e17841,ACTIVATION,2026-08-24 22:24:22,False,False,2026-08-17 22:24:22
0a2d6405-3702-446e-9731-4b11bacd5751,f49e4262-8d48-4a43-8c3b-e1af7ac2bdf0,ffb84bc0-f21b-4f3b-bfa0-e00036c5560b,ACTIVATION,2026-08-24 22:24:22,False,False,2026-08-17 22:24:22
ca4e29e2-c05a-45fa-ba1f-bfd1c2b5b4b4,94ec5a83-39f7-480c-a726-2e090fd06d41,ce4c70d4-77e9-477f-8c01-6fff15326798,ACTIVATION,2026-08-24 22:24:22,False,False,2026-08-17 22:24:22
cd7f2be5-49ae-4b09-9196-ddf0d552493d,305dff85-ae80-468e-bd85-25f4ec5ed7d5,2690604e-65b7-4e56-b497-58684b8c7212,ACTIVATION,2026-08-24 22:24:22,False,False,2026-08-17 22:24:22
26dc5ab6-8cd2-4c4b-95f9-e8662c278992,a11e1f79-25ad-4470-a2b3-9f9318d0c994,f5d80df4-5868-43e9-a6e6-794749486503,ACTIVATION,2026-08-24 22:24:22,False,False,2026-08-17 22:24:22
9c2135cd-9956-4e6d-9fba-59f42d8cddc3,7f3c71e6-0767-42b9-804c-23e85e6415b8,70f450b5-8deb-497e-bd5c-7f3436a0a0ec,ACTIVATION,2026-08-24 22:24:22,False,False,2026-08-17 22:24:22
19d334c7-c23c-408f-9bd3-cf5178025d07,fbb243c8-5da9-4ef6-ab8b-fb0c6670a562,cd0963e6-6051-4a2b-a2e9-dc9c1b15ab27,ACTIVATION,2026-08-24 22:24:22,False,False,2026-08-17 22:24:22
38a87643-886d-4dd7-b6c2-df0add2f66b6,d139164e-2fe0-4f31-b0b8-bd12b3407d07,9f8b0a55-3ff0-44ea-aacb-03c80a362a36,ACTIVATION,2026-08-24 22:24:22,False,False,2026-08-17 22:24:22
0064dde4-1f81-49c1-b6f3-f2ec04ce1ec8,c208560a-4549-429a-a6e4-e629a8275f5d,5f8fb4d1-ce25-41f6-b0ef-dfd2c2d0ac43,ACTIVATION,2026-08-24 22:24:22,False,False,2026-08-17 22:24:22
7c159fa7-aa84-4bf8-941a-09988907f087,3ef77f99-80d0-4daa-99f9-04d8cefa2e0d,ef1a5f89-ccaa-419a-adb8-240c66bda514,ACTIVATION,2026-08-24 22:24:22,False,False,2026-08-17 22:24:22
73683a22-485c-4859-878c-696ddb2b65a1,c6eb19f8-c987-49f9-a727-cbd6caeeeba5,b96c94ac-114a-4de6-889e-378b2ab5fd2c,ACTIVATION,2026-08-24 22:24:22,False,False,2026-08-17 22:24:22
9fbe55af-ef86-480b-bea1-c0c7313d0748,1448c84e-0a85-4337-bb03-9d9aeadb78d0,8dcf8825-bd1f-4202-bb15-9b8c8b735acb,ACTIVATION,2026-08-24 22:24:22,False,False,2026-08-17 22:24:22
0b82a597-7cea-4767-a098-b95494ff24e3,2026579e-7083-4017-9e83-d55ebbae8f68,edf073c5-1a22-4251-b8b1-c478ead14285,ACTIVATION,2026-08-24 22:24:22,False,False,2026-08-17 22:24:22
cfa01f07-0c69-4f09-87cb-4d18a3123c64,e0e5753a-80e9-4e48-a0b7-035f546c86d1,ebec7515-37bb-4946-9fa4-c9df17880122,ACTIVATION,2026-08-24 22:24:22,False,False,2026-08-17 22:24:22
e279fbec-f220-439c-a00e-c67de080c768,dd655271-1c2d-4318-b766-9e8b404e2bee,7a0c1e13-ed56-4f1b-935c-7968ad137cf3,ACTIVATION,2026-08-24 22:24:22,False,False,2026-08-17 22:24:22
9a440f83-8ce6-47dd-9097-a2823d115397,f3baa160-0647-4527-9978-84b8c531270b,ffebcc59-ec01-44aa-a681-61405216678e,ACTIVATION,2026-08-24 22:24:22,False,False,2026-08-17 22:24:22
dbd33ad4-4ee4-4f95-a270-4ab6dcd1a05c,bf38ed9a-affa-4dde-9804-fd1e4afb0fda,33234ce3-e6f4-4393-a812-43bdb9a17c8c,ACTIVATION,2026-08-24 22:24:22,False,False,2026-08-17 22:24:22
e39be588-fdbf-49ba-8c50-e143087a7c33,eac87703-1fdc-4151-a625-8922d3cf5c51,db5c805b-7c1f-416a-81d4-9d2a3ef7805e,ACTIVATION,2026-08-24 22:24:22,False,False,2026-08-17 22:24:22
abf3af6c-c712-4e1e-8a1d-572d1ca61e77,8ef6c316-9990-4e2d-9e73-c946218284d3,5f80d725-1b00-4a7d-8908-a4908475595f,ACTIVATION,2026-08-24 22:24:22,False,False,2026-08-17 22:24:22
e58df858-869b-4d82-bfcb-3a0111aff91b,214bff5e-2ae7-4866-b217-3a80d8db750d,6bf3d4c1-d58d-4775-8e34-0b2b7e6aa0ca,ACTIVATION,2026-08-24 22:24:22,False,False,2026-08-17 22:24:22
d2777b5a-03d5-44ba-b573-bc80e1b3c62a,d68bf39c-73da-4cc0-9210-0a319c2755fe,c1bde2a6-2a1b-45f4-8206-31bbda9bfdab,ACTIVATION,2026-08-24 22:24:22,False,False,2026-08-17 22:24:22
b679d806-be61-43d7-bb27-1c4bd4ab0024,7a65ff28-c8f8-4511-a4b6-0c760046b338,336f82a8-8aa2-4f36-8aa1-8b725a817e90,ACTIVATION,2026-08-24 22:24:22,False,False,2026-08-17 22:24:22
d490f957-ac13-46bc-b325-1a22b43509bd,337d1b31-2dc4-4eb6-824c-c8644de06ace,1e870977-a094-4a9b-9768-8add7323681f,ACTIVATION,2026-08-24 22:24:22,False,False,2026-08-17 22:24:22
d3ed4dea-2698-4175-ab9b-5003c160a63f,406d5e39-8319-4b60-a160-74896fca8dc8,ae574f29-4db0-437b-80c5-690db3185d75,ACTIVATION,2026-08-24 22:24:22,False,False,2026-08-17 22:24:22
fd98e8e2-7c3c-4372-aaeb-0f7fcfa600dd,055742e4-b33d-4c97-b21a-a3eafb6da69a,9e08e3fb-7ca8-43ed-a14b-349e764b00c7,ACTIVATION,2026-08-24 22:24:22,False,False,2026-08-17 22:24:22
b5ba968a-7a65-4e10-8c25-9595c605d33d,1401ab11-669f-4112-b0af-05aa7e66a8c3,a5733f21-763d-4403-86c3-34e7b4962843,ACTIVATION,2026-08-24 22:24:22,False,False,2026-08-17 22:24:22
e868956f-7c1f-427f-854c-5d2828e2a092,acf50c99-5c18-4a41-9750-8be210226cc8,9439e35e-3ebd-42c5-a35d-195340826bcc,ACTIVATION,2026-08-24 22:24:22,False,False,2026-08-17 22:24:22
573dded4-79db-44fa-a61d-bc60513edc8d,9f1fe08c-d778-49bb-ae8e-cd4843300e36,8804eecf-249a-4566-8743-fdc3a9f6788c,ACTIVATION,2026-08-24 22:24:22,False,False,2026-08-17 22:24:22
65a98ccd-7a70-4c9a-94fe-aed08c8c2344,e30deb75-df3c-4f09-891f-1b9e060dab75,78da6ec8-f2de-4bc8-b1c4-cb3716603c06,ACTIVATION,2026-08-24 22:24:22,False,False,2026-08-17 22:24:22
48eb0374-19c0-4adc-b796-9d688c90f30b,c5d992a9-98e8-498c-bfef-35c4933aa5c1,c2e4b516-ba38-461a-a3f4-b9ad41d78bd1,ACTIVATION,2026-08-24 22:24:22,False,False,2026-08-17 22:24:22
2bd133fe-3753-4152-992d-ae8b0b45dc3d,f37123b2-dafe-4def-99dc-6a399c06851f,1d081410-fd36-4450-933a-6bff798befb6,ACTIVATION,2026-08-24 22:24:22,False,False,2026-08-17 22:24:22
f215f7b1-571d-4e06-aed5-37ee8e91a1f0,1026609e-c968-40d2-8ae2-a5fd46203f69,6cbec351-6b73-4820-8a0f-4809f51274a4,ACTIVATION,2026-08-24 22:24:22,False,False,2026-08-17 22:24:22
6a66ef58-46a1-4f5f-8f0a-b0a8c8ff90d0,b8bc657b-a5d3-44c9-a2a8-8bb1324b2c30,3ed24cd7-d1c8-486d-a131-6eaf075407ec,ACTIVATION,2026-08-24 22:24:22,False,False,2026-08-17 22:24:22
2f7653a9-bc0d-4a8c-bb0f-b9d4fce6304a,7a6824fd-691f-46f5-be7a-4722d0e57329,ceefab48-657f-4ed7-a0ae-aaff408deeb9,ACTIVATION,2026-08-24 22:24:22,False,False,2026-08-17 22:24:22
ed9b8589-57ec-47b2-86fc-fe508e42f428,4656f80c-c3dd-4421-b073-c34ed817b8c9,ff8d6df1-c454-4933-b9d0-ab87ee2bfd77,ACTIVATION,2026-08-24 22:24:22,False,False,2026-08-17 22:24:22
68f34552-267b-4ce2-bce6-b8ff9aa75a9e,5b94621f-674e-47e4-9ed9-faa92ffbcbd8,dd7cace9-9209-4303-beb4-c31b4b08ef08,ACTIVATION,2026-08-24 22:24:22,False,False,2026-08-17 22:24:22
db5b4b1c-c7c2-4f31-bb9f-a60cd4bc9885,9991a044-5964-4787-b27d-e3be7ecbdd42,a382c75f-3e63-4f56-9066-8616b896e827,ACTIVATION,2026-08-24 22:24:22,False,False,2026-08-17 22:24:22
19ca5d6b-6a19-47dd-9b78-7fc815780c02,f869771f-e0af-4594-8798-958150505250,adb1b670-9613-4c60-b66f-44bada5ff76d,ACTIVATION,2026-08-24 22:24:22,False,False,2026-08-17 22:24:22
26c271d1-57fe-4a1d-ac54-0532ba3c7ff1,95c0fd4e-23a9-44f1-9a05-58b8a6d6c00e,1af27488-60cd-4cd0-b645-3446f6571c86,ACTIVATION,2026-08-24 22:24:22,False,False,2026-08-17 22:24:22
6894aca8-48ea-40e1-bc90-3202f0cd680d,03752a2f-2fd0-461e-b532-d99bba85b17e,cdc76b00-28ee-46a3-9f36-5f1421635557,ACTIVATION,2026-08-24 22:24:22,False,False,2026-08-17 22:24:22
77fce0dd-a349-4be3-b817-6158b2d3ffec,b19682d6-56e7-4392-8511-10ac1a4eb9ca,3b448c58-78a6-45f5-b222-39dee3e95deb,ACTIVATION,2026-08-24 22:24:22,False,False,2026-08-17 22:24:22
72275d97-d246-4299-a9d0-d4b0a19a336e,4f4acef2-ad09-42ca-9276-951de3cdde0a,c5e9c6ae-d968-484c-b778-3dbb7f869bb5,ACTIVATION,2026-08-24 22:24:22,False,False,2026-08-17 22:24:22
d54fac6b-da63-4c98-8fb8-b3841a96dea6,dc63ed76-c948-4252-9455-38a3e9ee5830,3b395b31-2db9-429f-aba1-d8095be85935,ACTIVATION,2026-08-24 22:24:22,False,False,2026-08-17 22:24:22
7bbc7b0a-c93e-4223-8bce-f651cd32276f,3aaa52f6-fc72-4db1-ae58-b40fc0307554,907423bb-2cd7-4f0e-9cee-9ab336d837ed,ACTIVATION,2026-08-24 22:24:22,False,False,2026-08-17 22:24:22
c9d12595-b23c-4eaa-b98a-1b47cd4d2fa7,84e35116-eefc-4549-bf1d-9e298262479b,c6b2676c-5281-4010-bfb9-74b700ce5801,ACTIVATION,2026-08-24 22:24:22,False,False,2026-08-17 22:24:22
e13f809f-0b5e-4ae3-9ad7-850509a432d0,305ef4ff-ae0e-4847-bb2a-217c6f4c11ce,cf1ac5d8-6a31-4304-8548-c2907eb6eccc,ACTIVATION,2026-08-24 22:24:22,False,False,2026-08-17 22:24:22
7022f327-ae1a-4efd-8f0a-02c0d005e793,13f3ce1f-44de-4b15-8cc0-9e44fd232f90,8304e2b9-c4fa-43b5-bd2d-24bb766c8646,ACTIVATION,2026-08-24 22:24:22,False,False,2026-08-17 22:24:22
44546521-d6a2-4530-bc2c-15b6b0e8fdeb,be15cfa0-0509-48f8-a2db-9fdb5f7f8ef5,01f951e1-cdb5-4343-a063-95b51751741f,ACTIVATION,2026-08-24 22:24:22,False,False,2026-08-17 22:24:22
a14d4517-5c8a-4b36-ad28-87424c916f9b,238cf7b4-9268-4457-bed5-e989b5f3107b,d9dfc978-9410-4685-958a-d29a429748ed,ACTIVATION,2026-08-24 22:24:22,False,False,2026-08-17 22:24:22
45ed4dd2-a1f6-4e29-91d9-7216bdfde219,0150af2e-154e-4912-8a10-18ff71bc03b2,ce94ca23-a495-40d2-9844-4cf107fb021f,ACTIVATION,2026-08-24 22:24:22,False,False,2026-08-17 22:24:22
0b02b9a0-40c1-4c3f-8849-ba6ed2cae97a,28e82406-2a22-44a9-bc23-4d472c7279d1,1e402535-e429-4828-af86-b27ee6d1fabe,ACTIVATION,2026-08-24 22:24:22,False,False,2026-08-17 22:24:22
562cb405-9ee0-430f-8175-abfe98ee161b,0a57388b-2181-4d4a-b81c-f2e10f2628ef,98e3dab5-f1e2-439f-b0ca-fa9ecfd9db23,ACTIVATION,2026-08-24 22:24:22,False,False,2026-08-17 22:24:22
d3b8d559-670c-49b5-b356-1502dbd4a63e,49828938-b59e-46a5-be4a-ddecde277209,75bbb726-37c7-4d70-b8f9-9b87e8647bde,ACTIVATION,2026-08-24 22:24:22,False,False,2026-08-17 22:24:22
6da3a520-8109-42d3-a121-416388ff3f7f,e1dcdf10-7b0c-4d22-95eb-d38276b72270,48789a61-9be7-414c-ae31-4cb2f8c8dd18,ACTIVATION,2026-08-24 22:24:22,False,False,2026-08-17 22:24:22
5de4a443-30c0-4ec4-ac93-4ddd4f06e8e0,23c79e5c-f4dd-4e75-9fec-103e7b739df6,c1967ceb-4399-44a8-aa20-6c877638b114,ACTIVATION,2026-08-24 22:24:22,False,False,2026-08-17 22:24:22
c5d5717f-387f-41eb-91b6-58e5ac8b571e,b4e8630a-b129-4220-9cf1-9cb99b03c034,3fc84281-7a82-49e1-a2b0-c987584d957e,ACTIVATION,2026-08-24 22:24:22,False,False,2026-08-17 22:24:22
44d90105-d2fb-4a45-af7f-81d3b94b842a,239e2f54-fd11-4d8e-9e6e-36e562dfec11,1fff6cc7-f421-4a7b-b751-6d4e44041e16,ACTIVATION,2026-08-24 22:24:22,False,False,2026-08-17 22:24:22
47b6b020-ae55-4217-9e0c-60c19917d81d,47c94e27-40b6-490b-8d30-ce10fc03f027,97ce4033-e03b-4cb9-ac62-05781cb14e56,ACTIVATION,2026-08-24 22:24:22,False,False,2026-08-17 22:24:22
c973d1c1-f33a-4f47-b089-86e01082aaa6,d46a4b51-a286-4dc5-86af-695566dfe5b8,24ce521d-1238-4064-8b80-669d4ff470ff,ACTIVATION,2026-08-24 22:24:22,False,False,2026-08-17 22:24:22
4ea7438d-1ce9-42b2-a105-a8479788ac8e,571750cc-bc56-4199-b2a4-018d22753fda,02f4472a-a3b4-4255-bc78-574c301ffbef,ACTIVATION,2026-08-24 22:24:22,False,False,2026-08-17 22:24:22
2dbcedd4-e49c-4711-9fe5-da69f046d446,24c33bbb-7f7c-4b48-a05a-fa6741a9caf2,e7b7f6dd-9a2c-44df-a492-36a9ab814eff,ACTIVATION,2026-08-24 22:24:22,False,False,2026-08-17 22:24:22
08cc88e3-6b8b-499b-9312-9f03eeb6fc52,0b01ca57-ea94-486b-83a2-f26782614f66,e0f1bd8f-f1f4-416e-aa5c-9dbd5cb80522,ACTIVATION,2026-08-24 22:24:22,False,False,2026-08-17 22:24:22
2e610d6f-9467-4b85-8df0-0d26f7cc147c,b6c7cc75-735a-4619-94ca-4296d6ca9f2a,042d26ed-8605-4d37-ad9a-659d87fc7f8a,ACTIVATION,2026-08-24 22:24:22,False,False,2026-08-17 22:24:22
3b4b9560-946a-415f-a34d-857366b64bea,6aaa2bab-1948-444c-aa07-c4d3d8a1431d,d784382b-5613-4043-9d29-92cbf591fd6d,ACTIVATION,2026-08-24 22:24:22,False,False,2026-08-17 22:24:22
ddb45fe1-fd59-4f4b-a1bd-ff0b40ff7ffd,52ec24bd-0a7c-45fc-b4a9-d4d0c4daa6ad,d7c55664-e12a-4aed-ad6a-ee26cb29e839,ACTIVATION,2026-08-24 22:24:22,False,False,2026-08-17 22:24:22
2e381485-f5d1-41d1-96fc-b069a794aeb7,b92ffe6e-2da6-472b-bc02-22a2ede8a67a,23fe12fa-4cef-48eb-abf5-ea7459488496,ACTIVATION,2026-08-24 22:24:22,False,False,2026-08-17 22:24:22
e4544112-b7f7-44a8-9b60-3cee77146729,1b84fa4f-d148-4787-88c9-861c0edc8619,c3e8296a-588f-47b6-ae0d-35b247fba3ee,ACTIVATION,2026-08-24 22:24:22,False,False,2026-08-17 22:24:22
3ec15c9e-d553-4927-ac20-090f6a4652c8,d4e29822-3f89-4b32-980d-68870ef587b2,fbeb35e9-19d6-489e-b3cf-f418fe7c0451,ACTIVATION,2026-08-24 22:24:22,False,False,2026-08-17 22:24:22
d724f6bf-12d2-4b8d-869b-07f389b58859,2c88a6b2-70a7-4ef9-bfe7-6fa286309206,84647cbe-9bf7-4260-bdfb-e1b8ec70c7d5,ACTIVATION,2026-08-24 22:24:22,False,False,2026-08-17 22:24:22
67f25b3f-497a-4b41-9430-bf17511ad6d3,e539a86b-0eda-4375-bb5b-fed3b59b1011,f3ab55be-d3be-420c-9398-ac28bcabbe7d,ACTIVATION,2026-08-24 22:24:22,False,False,2026-08-17 22:24:22
96289f55-fe5e-4d44-b21c-e776aa472cba,bb425265-b82d-4c4d-9929-ca2dd0e760ad,8d96bfed-30e7-494b-b400-ecbe4349f8e7,ACTIVATION,2026-08-24 22:24:22,False,False,2026-08-17 22:24:22
cb0c5020-49b6-4cb5-9422-f7414530c067,7a0e199d-6167-432e-ad8e-b2b7d0e0920f,843a0bb2-64cf-43fc-8031-d8daff99b9a1,ACTIVATION,2026-08-24 22:24:22,False,False,2026-08-17 22:24:22
141bd9df-dabb-4ee2-be89-063037c86282,f7027331-648f-42b2-a0de-746dad2970c8,58252576-6ede-4966-803f-52de9a27eb38,ACTIVATION,2026-08-24 22:24:22,False,False,2026-08-17 22:24:22
74cf2133-939a-42c8-9b0d-fee05ac233d3,4c09c4e0-3748-4c6d-89f2-4e76c396faa4,bb2262d8-2cc1-4d47-ab96-bdae651890e6,ACTIVATION,2026-08-24 22:24:22,False,False,2026-08-17 22:24:22
931a9a91-c60c-4ad5-acb3-e0843ae166e6,cd9d6025-0513-472b-b145-b3ee3d26a8a1,14159cb5-1a65-4c04-a5c5-d74ea944f042,ACTIVATION,2026-08-24 22:24:22,False,False,2026-08-17 22:24:22
987ca700-7264-49e8-8478-eb63748c0439,d296f319-1204-4aa1-b7a2-445d1ed2a733,b0726036-d8ef-4c20-94dd-8a80e2249e4f,ACTIVATION,2026-08-24 22:24:22,False,False,2026-08-17 22:24:22
1819bdb6-4f2d-4e1a-8926-ac33f23131ed,d5a44ec7-f042-49d0-b5a2-72c067a8bae8,6799d4cb-0688-499c-974b-e64fdd0c5900,ACTIVATION,2026-08-24 22:24:22,False,False,2026-08-17 22:24:22
a1f2fd19-c430-4795-a20f-393f0a04d5c8,58a1b049-4c87-4627-8277-18e10e3c3c74,3161e16b-9329-4161-9ae3-e2027f7def2a,ACTIVATION,2026-08-24 22:24:22,False,False,2026-08-17 22:24:22
f6826d4e-bbd8-4b94-9bd1-a8cf8737b4c3,d371f885-bd3d-47b5-ae77-6f506ec37cce,a55c7433-b77a-455e-91f9-ef28cd5ad16d,ACTIVATION,2026-08-24 22:24:22,False,False,2026-08-17 22:24:22
3591417a-f29a-45b1-a64e-1a7297f2c67e,98bfd461-5ec7-4963-8c5e-d685c259b64c,dcb8e6a4-8759-4a57-887f-dc7428e96a3a,ACTIVATION,2026-08-24 22:24:22,False,False,2026-08-17 22:24:22
b8c1ff23-2ea7-4122-9a75-5aead5e8a972,4ca546d4-8c79-416f-9c96-82cc18a8e860,fd924ea6-95fa-4894-87af-0fa779e8b230,ACTIVATION,2026-08-24 22:24:22,False,False,2026-08-17 22:24:22
bd205ba2-97e3-465a-a2ca-3c9391d8f7b8,59e85e8b-1d6c-470b-9585-1f4e9174923f,2c680515-7a7c-4742-ae49-a21539c302d9,ACTIVATION,2026-08-24 22:24:22,False,False,2026-08-17 22:24:22
f2827052-d5ce-47d4-b17e-6e360b0a7faa,80419ac1-1fbf-4144-827c-7de8397f8882,9ef42c60-9ba0-4d3c-b67d-5b7517f0e106,ACTIVATION,2026-08-24 22:24:22,False,False,2026-08-17 22:24:22
4ea8e682-407d-47d6-96b3-bbb46e70d6af,5e041f53-4e56-4f8d-924d-d823a8a90a12,9122b690-fd1e-42b6-86d5-25775dd842a2,ACTIVATION,2026-08-24 22:24:22,False,False,2026-08-17 22:24:22
c5ce4b31-8dbf-4256-b5b7-9a7786d236d3,b27254ef-8fee-4750-aa30-050ff87a97a5,c4b08c16-a943-41af-964e-36324a6c6b69,ACTIVATION,2026-08-24 22:24:22,False,False,2026-08-17 22:24:22
731a04a6-4c19-4bab-9988-4c5d1ff021a8,89f8db7a-3cd7-41b7-be9a-8bb4ddaaee86,d36a05c7-c5b7-4964-b5b5-9300a9ce2ff0,ACTIVATION,2026-08-24 22:24:22,False,False,2026-08-17 22:24:22
576ff01e-90da-4a23-9177-eca05f32263a,4ddd487f-870d-45dd-a325-06591b7ee80f,1f27bdf1-31dc-4d67-9c9f-ef543ce6933e,ACTIVATION,2026-08-24 22:24:22,False,False,2026-08-17 22:24:22
ea4015bd-6b61-4366-90a4-1406fb417184,89bf99fd-9526-41e5-b374-830da522dfac,80dfae84-9a04-41ed-b747-ddb91224c220,ACTIVATION,2026-08-24 22:24:22,False,False,2026-08-17 22:24:22
80f4ba83-6c9a-45b2-9b9a-719f983417be,fea5471b-3171-43eb-8cc7-71c1a6f7ba80,8826973a-e665-4b7f-9532-34f492f6fc4d,ACTIVATION,2026-08-24 22:24:22,False,False,2026-08-17 22:24:22
d730e1bf-ad47-4263-8711-d248295edcc0,2eb0e88a-7abb-4175-a0ed-92300f14b137,f2471ebb-1c9b-4626-8d5d-511642141495,ACTIVATION,2026-08-24 22:24:22,False,False,2026-08-17 22:24:22
b4af0446-f43b-4e79-ae74-b118b94b6710,f62081e7-72f5-45c2-81b3-c01aeab89463,60bb362c-a6de-45b6-aa39-cd3843545b98,ACTIVATION,2026-08-24 22:24:22,False,False,2026-08-17 22:24:22
864b779a-54a8-480c-9edc-42a6cb80495f,c6203681-b12d-4cd6-a6e9-af38b8c5bb26,f8095ca3-e417-4062-a6f9-b0f7052a22c3,ACTIVATION,2026-08-24 22:24:22,False,False,2026-08-17 22:24:22
36176bcf-3068-4083-8e51-1434f11c8943,0846e72d-fc24-4641-9fc9-0c115ae2fda1,079c63d7-8068-4df4-a4bc-ff69c7c41a6e,ACTIVATION,2026-08-24 22:24:22,False,False,2026-08-17 22:24:22
51130db4-16bf-43b5-85e5-711704ab7375,e00bc581-b6dd-4435-bb9b-7abd49446ff6,f9b0bdb9-15f9-410c-84c8-a0170340443d,ACTIVATION,2026-08-24 22:24:22,False,False,2026-08-17 22:24:22
91a4b500-8241-44a1-8748-b6c544ff1d54,ff5c94a0-bc8f-444c-b671-da5de3b2ae35,034a4c93-8103-404b-974c-bd6bea217a86,ACTIVATION,2026-08-24 22:24:22,False,False,2026-08-17 22:24:22
8e2a5beb-16aa-400d-8d61-27d4517d2f6c,9a22bc81-ec4b-4b86-9b0d-caf53610f255,34a71306-6456-4838-b83b-25854a1c5e3d,ACTIVATION,2026-08-24 22:24:22,False,False,2026-08-17 22:24:22
2355a9a4-6180-47ba-ae03-b87682158b12,39e809ec-0b68-42c9-b28c-7b24224b0907,42866677-caeb-4c27-ae32-66dc653ffd08,ACTIVATION,2026-08-24 22:24:22,False,False,2026-08-17 22:24:22
a762978c-eea0-448b-9c56-b3ddd9bac287,ed567351-c463-4e7d-91e1-bfb358645957,627ee010-e2eb-433d-a65a-ad3cf6ad3934,ACTIVATION,2026-08-24 22:24:22,False,False,2026-08-17 22:24:22
7ea67daa-1a56-4bad-8c2b-45dfe029adcd,f77c50ab-c977-45cf-adce-e5c01037f731,2c677acf-9d19-429c-8944-1cdad6faf7de,ACTIVATION,2026-08-24 22:24:22,False,False,2026-08-17 22:24:22
5c26c2f6-ad39-425a-9db6-5a5bd4ac60b5,691f8705-ea25-4176-a72c-3ebea033f0b1,3b7e7b9d-494c-4a54-ac40-8d0fe6187843,ACTIVATION,2026-08-24 22:24:22,False,False,2026-08-17 22:24:22
e24def10-b8dc-44ae-aa3d-1e0a3d2619e4,adbf5638-c75f-4152-affb-028a6c3340ea,38dceab1-8711-44e7-aeb3-ee5cd2cfc4c8,ACTIVATION,2026-08-24 22:24:22,False,False,2026-08-17 22:24:22
c8f80088-4587-487f-b2a4-8befed9d0472,bdbe5671-e263-4859-b5e6-1c26466bb36a,f468375d-1c01-4c3a-9454-616f944f1728,ACTIVATION,2026-08-24 22:24:22,False,False,2026-08-17 22:24:22
d7c872f1-5380-413b-a861-cec3c3cbb930,9296f1b2-24d7-471e-b16c-ec44f99a20ce,7f93319b-fe47-4616-ba27-8e5d6a2ac92f,ACTIVATION,2026-08-24 22:24:22,False,False,2026-08-17 22:24:22
c966a5d9-b35a-46c4-a837-ba7292bdc1be,4de8507e-db49-4128-baef-ac2d25ee5a69,deff222c-db72-4f46-a689-1e9e984529b7,ACTIVATION,2026-08-24 22:24:22,False,False,2026-08-17 22:24:22
6c9dd0c8-0ba2-43e6-8a87-8a411693bf6c,059ae906-cf18-4e82-931a-f84faeaf3b7c,b1c8aa75-ec9d-449f-aa73-47d83e4d487e,ACTIVATION,2026-08-24 22:24:22,False,False,2026-08-17 22:24:22
f8d02889-ee85-4e7e-85fc-c11316c65a48,e4b1b061-75cf-4b06-9083-0fdf28353d36,8be04e70-3e96-4d9d-9b8a-71d742415a00,ACTIVATION,2026-08-24 22:24:22,False,False,2026-08-17 22:24:22
9347874c-50ec-4cbf-8ec6-90da02caf404,0c9df720-2ebe-4389-9e88-664b7c5e378b,d6488c2c-4324-4d18-abdb-a9dcb103e858,ACTIVATION,2026-08-24 22:24:22,False,False,2026-08-17 22:24:22
a8dac27a-f31c-481e-b64a-5b0a697cdfa7,9317e7f8-a061-4da1-8908-055a23e31ed1,3fc071bd-5608-4edf-82ea-0dda0fbdc1d8,ACTIVATION,2026-08-24 22:24:22,False,False,2026-08-17 22:24:22
4fbeeab8-63d5-40c0-890d-4f94e2ba26d9,f396e197-4a83-4ae4-b437-f6ed1d1baacf,a2b6456f-42b8-40c6-92c6-f1d494ffbe8e,ACTIVATION,2026-08-24 22:24:22,False,False,2026-08-17 22:24:22
739720e6-a76f-4be2-bf3f-15775cea4b34,4745313c-62f4-43eb-8955-35fbc88226c2,706f6a37-03f5-4640-bff7-adda1ee4f3d9,ACTIVATION,2026-08-24 22:24:22,False,False,2026-08-17 22:24:22
77388d27-243e-45e8-9bcf-8766657202fc,c444bf9f-7b35-4ab0-a562-73ff584fe3b3,dd849532-19b6-4b84-8f81-15d5475d11ff,ACTIVATION,2026-08-24 22:24:22,False,False,2026-08-17 22:24:22
fcfc3dcd-1373-424a-ad6e-ce34b7fc2484,e6ac0b12-aaf7-46f5-9938-ebb9e8274f01,34c247d1-470f-455b-ae14-f864278e11ab,ACTIVATION,2026-08-24 22:24:22,False,False,2026-08-17 22:24:22
e84e3c19-cb6a-48f7-9b5c-990a57e9eda2,85b9134d-1f8f-4a88-985c-c871e9c0c50f,5118e583-d0ca-4233-9b7c-9b8140bfdda1,ACTIVATION,2026-08-24 22:24:22,False,False,2026-08-17 22:24:22
4e3a1ddd-55fd-4ad3-a235-a27ffc02a29b,34239057-a21a-4e98-82bf-9e8016132a43,b8a75b12-95af-4926-bf1e-2d9650b04e2d,ACTIVATION,2026-08-24 22:24:22,False,False,2026-08-17 22:24:22
5103ae52-11fa-41fc-843f-40b9ce363e73,d2a40737-43f9-4a4f-9a05-62fe53698430,99bdcbe5-a4d1-4cac-8d36-3c2f0ee7666b,ACTIVATION,2026-08-24 22:24:22,False,False,2026-08-17 22:24:22
a7efb7be-4989-4eed-9164-bfb2564ab70f,dc599dc0-c07c-464f-a757-ae6aae8b7605,96cd5f82-0f5b-4436-868c-a04f62824e99,ACTIVATION,2026-08-24 22:24:22,False,False,2026-08-17 22:24:22
dfac9089-08fa-48e6-9f51-676b7409b36a,00db545a-92f0-4d4e-8cab-397fa1c4a56f,39a22b1d-d816-4f99-a238-18e0cb47bcf7,ACTIVATION,2026-08-24 22:24:22,False,False,2026-08-17 22:24:22
d380c05f-a97c-4fbc-b782-1f2355f62935,21964310-fcea-4fad-9a3e-49a763c3ad25,a75cd69a-dab7-443f-ba11-3e29f4ff269a,ACTIVATION,2026-08-24 22:24:22,False,False,2026-08-17 22:24:22
01d7c8f1-ce28-4ba2-834e-f0d11f91a11a,e0736019-8131-4ac2-add2-586f3e1c57ab,addffeb3-d0b5-4fa6-9844-442a2c1e7f1f,ACTIVATION,2026-08-24 22:24:22,False,False,2026-08-17 22:24:22
d82d6c09-d588-48e4-b620-a6adbd86ef77,8df2192e-899b-4efb-88ee-c8362caa5805,98c246c1-fe76-4e91-9c87-cc6e6cdcec9a,ACTIVATION,2026-08-24 22:24:22,False,False,2026-08-17 22:24:22
064e050b-eb5a-4f0a-b1de-efb86700f994,6f530767-32ac-4421-84bc-7328034d5464,af6a1eb4-ce2c-4f36-bdc0-a1e0fd1c0a16,ACTIVATION,2026-08-24 22:24:22,False,False,2026-08-17 22:24:22
495bc6e2-9140-4897-8965-a7e1aa206bdb,175e4818-bac3-4643-a34b-38f2201c05d1,1debbf60-3d38-43dc-920d-985809158f8e,ACTIVATION,2026-08-24 22:24:22,False,False,2026-08-17 22:24:22
e6d5d2cd-9d02-464c-a2dc-0b05416c7abb,eb9af132-99fc-48ea-b4c3-42a9243a470e,51f6a6ee-0bd9-4599-944d-9aa8877e2397,ACTIVATION,2026-08-24 22:24:22,False,False,2026-08-17 22:24:22
a71cb2df-d71f-4eb5-a28b-65652e10f53c,c1792313-fe73-4f78-b2bd-a60c3dc03211,c982c1b6-164b-4e90-81e2-0163405e65c5,ACTIVATION,2026-08-24 22:24:22,False,False,2026-08-17 22:24:22
fffd5b04-ad7b-4c05-891b-856b08dcaf75,5a569ce0-0def-4015-9f60-2c5069884119,2a61b1a1-de23-4317-a60b-b8767b442979,ACTIVATION,2026-08-24 22:24:22,False,False,2026-08-17 22:24:22
73c0bcf8-092e-4087-a670-5471398b1c04,e0d21723-83d0-4d02-abdb-6e7a21e8f5f1,44ab364d-96aa-40a9-8a04-00cf6cdd6004,ACTIVATION,2026-08-24 22:24:22,False,False,2026-08-17 22:24:22
633294ec-672a-4c1b-a68a-307a434907b7,849f86a6-80af-47e6-93cb-9ba282b4706e,35c87e2a-da5e-4294-bbaa-5bb1a795e539,ACTIVATION,2026-08-24 22:24:22,False,False,2026-08-17 22:24:22
d87f86fb-7e51-4855-83b2-b1f792ac4722,040023bf-56db-4b35-927f-d8c441237e0d,afb30564-c73b-40c8-a584-e9bbe0c18f93,ACTIVATION,2026-08-24 22:24:22,False,False,2026-08-17 22:24:22
075f5a44-f505-4fa2-82e9-d855afba2e6d,d5c57b60-8baa-4106-833b-facaa2db6c8b,aa1a437e-8bcf-4c81-b863-479ca57614fb,ACTIVATION,2026-08-24 22:24:22,False,False,2026-08-17 22:24:22
d24da482-d5b5-41c9-ba6c-98b862465f3d,28c4773f-bba5-406d-98fc-6d6776adaa9f,88cc97de-38a9-4f4d-85dc-f94c96c549ee,ACTIVATION,2026-08-24 22:24:22,False,False,2026-08-17 22:24:22
f06a7b08-731a-43ab-8676-812750b3e8a6,dd7eb685-c42e-45e1-a150-fa974f58e9a7,06453fb0-6957-437b-8048-6baabd43357b,ACTIVATION,2026-08-24 22:24:22,False,False,2026-08-17 22:24:22
02190928-b59c-47ad-a0f2-16c3c6890ac0,5ce45eed-be18-4cae-9742-acd947b13d0a,fd5933d9-c6c4-471a-84f6-599305249017,ACTIVATION,2026-08-24 22:24:22,False,False,2026-08-17 22:24:22
86ddba21-c584-4013-bc2f-cca04a604e36,dc55e422-42ca-4a6c-a461-5b7f9038e56b,f27bce09-90d7-4f07-99f9-0b7c9f6422c5,ACTIVATION,2026-08-24 22:24:22,False,False,2026-08-17 22:24:22
2630a241-d0ea-4faf-ac05-b6021a893435,2b4c55dc-9eb1-465b-9986-37ede02052a6,ec792afa-6fc7-41a9-b972-42538a4c0321,ACTIVATION,2026-08-24 22:24:22,False,False,2026-08-17 22:24:22
d7fafe0f-b59e-4135-b348-21768a7aa5f5,504ed249-26a4-465a-96db-fb6df975c98b,bc57c30c-c506-4b83-b1f5-e703358d041f,ACTIVATION,2026-08-24 22:24:22,False,False,2026-08-17 22:24:22
f32a8175-bbe3-48ad-ba64-14494a9aacc3,35175ade-d71e-4708-892d-ba84d9ceb09a,497d531d-d319-4656-ab19-1257040e4220,ACTIVATION,2026-08-24 22:24:22,False,False,2026-08-17 22:24:22
13f4d33d-50bf-45e8-b2d9-369c356f5056,05859085-4f04-4132-872f-a1c2e750e78a,e1464fb7-ad13-4852-b1b7-48087b6fea7e,ACTIVATION,2026-08-24 22:24:22,False,False,2026-08-17 22:24:22
d49b9238-241d-46f7-b5aa-fbc5f263e70f,899dc3bd-db69-4610-82d9-491e1158270a,6a46cf68-8d73-45c7-8585-152e6d691c2e,ACTIVATION,2026-08-24 22:24:22,False,False,2026-08-17 22:24:22
713b18fb-c19a-4f47-b0cb-15ed087846aa,012bab3b-6198-4261-ab06-75b4575ec951,95270917-1b7b-4abc-9989-a66303e1028c,ACTIVATION,2026-08-24 22:24:22,False,False,2026-08-17 22:24:22
03bd91fb-b9a0-4265-be84-fcc716ca4532,a0abc0df-da6f-4202-8ca0-215360019ec0,21af59c2-2bce-41ec-8bcb-cf3ed8febfb4,ACTIVATION,2026-08-24 22:24:22,False,False,2026-08-17 22:24:22
7c0753fd-eb52-4418-8134-0d45b5a7cd4d,d5539a9a-7323-49ce-9bcd-b979166dbe65,7d9fc115-3c3b-444f-9fed-5190be2a934e,ACTIVATION,2026-08-24 22:24:22,False,False,2026-08-17 22:24:22
b233758f-6314-4a42-b322-2101430424f1,d06ae9cb-d386-421f-b38b-ffcab6e9cf34,3e3becd7-038f-43be-86d3-1a7423af7c3a,ACTIVATION,2026-08-24 22:24:22,False,False,2026-08-17 22:24:22
59e7f1eb-9d99-4013-927f-98d8a59bac34,67e451b3-40c6-41fe-9005-e5f23f2bacb9,cf773087-b096-41c9-bfc6-e87e9ccf2199,ACTIVATION,2026-08-24 22:24:22,False,False,2026-08-17 22:24:22
194abe1e-69db-4f77-9256-093e49e88247,5e7f61fb-33f7-471f-977e-a22241922f12,7aa43eb3-43d1-4739-af29-4c810ee53f3b,ACTIVATION,2026-08-24 22:24:22,False,False,2026-08-17 22:24:22
5aaa00da-fc65-4a7c-a223-e44d966ab233,5e8fd847-b68b-4445-b5ee-10fd963c8af4,61637bcc-dd71-4ef2-a4f0-3e613832e061,ACTIVATION,2026-08-24 22:24:22,False,False,2026-08-17 22:24:22
3e19542c-0eda-4f8c-a848-f03d713e278d,2d3ecac2-1455-4e64-9ae4-389ed2349ff9,75341a3a-a03c-4d77-b897-7334ad3c5f55,ACTIVATION,2026-08-24 22:24:22,False,False,2026-08-17 22:24:22
5d707724-50d3-4a7c-844c-f24cc45f216e,ffdff776-f3ba-41bb-a109-b87e637ac996,f8e9d418-5a3a-4572-ba32-9f81ca6a46fe,ACTIVATION,2026-08-24 22:24:22,False,False,2026-08-17 22:24:22
3c4cf463-0c0d-4f72-9cc9-b17eb8d35dc4,359fe80a-9b0f-4f74-991a-8d48bac0d558,77640580-f1ac-48be-8621-0302c39c43d5,ACTIVATION,2026-08-24 22:24:22,False,False,2026-08-17 22:24:22
f9be8a77-dad3-48ca-ab43-c1925d201d21,1b89ad63-c961-4a92-b16a-f9411e93d738,9b8b9439-25b8-447c-84ae-6e33f1dfadc2,ACTIVATION,2026-08-24 22:24:22,False,False,2026-08-17 22:24:22
ab8ae9fa-4dd4-4eb1-89df-8eb0fdbe95d5,54c035e5-7782-458f-a1eb-ff36d4b700f5,b946f98f-befc-4409-b160-3d73d113e447,ACTIVATION,2026-08-24 22:24:22,False,False,2026-08-17 22:24:22
1cabfc2c-d1c0-4945-8e86-989199230473,bf33e044-147b-4cff-bb09-12e20475ccbd,9f451b6f-7e3f-47fc-93ea-faa6ae78d7a8,ACTIVATION,2026-08-24 22:24:22,False,False,2026-08-17 22:24:22
825aa08d-1ca7-4cc1-8806-207b182eb06d,405efc08-16c7-436a-bebb-922732fbd6ac,4a71b3d9-f88e-4275-87fa-57a5355b1cc1,ACTIVATION,2026-08-24 22:24:22,False,False,2026-08-17 22:24:22
04fcb22e-08b9-40c1-af70-b7c208a72eb9,2f2cb65a-89b1-4f65-a4cc-7f8fdc64de89,8657f36c-7eb0-401b-951d-6d7a5a465742,ACTIVATION,2026-08-24 22:24:22,False,False,2026-08-17 22:24:22
ee116413-86df-4178-8359-9c950e3da425,556b7a20-49c6-4993-81a6-baef976e7fa6,8de345e6-0994-4634-9643-d8571149ec92,ACTIVATION,2026-08-24 22:24:22,False,False,2026-08-17 22:24:22
bdbeef39-a2cb-4df4-8358-308ef70b20d4,048f1b83-804b-4ad4-b848-30ecec209f2e,35fc6fed-c26c-481c-8079-a7e74faa54b2,ACTIVATION,2026-08-24 22:24:22,False,False,2026-08-17 22:24:22
994bab4b-6f3d-4199-9d66-9b3fc557af81,5f96beb2-53bd-438f-a0f6-9af3a10749ea,0ff29a27-28dd-4434-ac4e-4f48b698b899,ACTIVATION,2026-08-24 22:24:22,False,False,2026-08-17 22:24:22
3ebd3989-87b8-464c-b1b3-a1ce4dbe81e5,383cc7a3-8cfd-47f7-a153-ef4c9963bedf,ed6532e4-664a-4f5e-b100-48c5846093ef,ACTIVATION,2026-08-24 22:24:22,False,False,2026-08-17 22:24:22
e4cfd838-24b4-4584-a4d8-d2177260f7dd,2ddfd517-7960-4240-b7aa-e0bd295c2baa,9accb6bf-55be-4a30-801a-08fb2cd93c68,ACTIVATION,2026-08-24 22:24:22,False,False,2026-08-17 22:24:22
d3ee813c-9e59-425e-a5be-c9b9bdd65227,a30900ab-533d-4892-a6f0-3fb86df4270c,ebac8c50-ffe6-4281-aa9e-93615daf6153,ACTIVATION,2026-08-24 22:24:22,False,False,2026-08-17 22:24:22
b4c518a7-aea0-44ae-a47a-960ee9d47d72,f3a22a8e-6449-47ba-a32c-a485bd277eaf,a9a38e05-fdb0-482d-94fc-38ed100e31e1,ACTIVATION,2026-08-24 22:24:22,False,False,2026-08-17 22:24:22
9923b4ca-b82b-4cbb-931a-9ddd7742b7f2,513254d1-0668-485b-b715-78e01baccb15,ff68ce7c-67f8-4f51-8e06-b41e6f042877,ACTIVATION,2026-08-24 22:24:22,False,False,2026-08-17 22:24:22
a990b3ca-98d2-4d7e-ad41-828849f081d2,ed390e1c-5c43-495e-a6b8-b44e7650bc5d,709bc93c-694a-4921-8b67-1a44eb0dda37,ACTIVATION,2026-08-24 22:24:22,False,False,2026-08-17 22:24:22
1b566a95-6f73-4d45-84a4-192e14a36733,432d6a0f-e41e-4382-aa39-99bd98240c69,9122323b-f611-429d-9863-a87539d87f56,ACTIVATION,2026-08-24 22:24:22,False,False,2026-08-17 22:24:22
af7f939d-1686-45a2-941a-871c7ae7864a,dd66e958-8598-4434-bab4-d377f76520bd,980e4e04-8f78-42a0-93d6-85162d404404,ACTIVATION,2026-08-24 22:24:22,False,False,2026-08-17 22:24:22
a742ec84-25e2-4e3e-a0a1-6218d180526b,13dec310-3a57-4d7b-8e40-edef415db233,c927c2ac-736d-468c-b180-1c69c04db58d,ACTIVATION,2026-08-24 22:24:22,False,False,2026-08-17 22:24:22
b4aa0ce6-fe55-4c1a-ab49-2223be94adff,0865f89f-7a86-46ec-b138-ab781f317c0a,d6736bfb-e8b4-4294-aeb0-ae34c53e1a92,ACTIVATION,2026-08-24 22:24:22,False,False,2026-08-17 22:24:22
0cbc0db6-93c9-458f-82ae-72e966621363,2ccd62e0-b5ed-4b93-95e0-257172af85db,fd643b9c-fc9d-4827-b836-4ab0c87b332b,ACTIVATION,2026-08-24 22:24:22,False,False,2026-08-17 22:24:22
ff78275d-6411-457b-858b-d9563e4511e8,80814429-a495-4b2b-8862-c8a760a87634,6d310242-cf37-4bd9-b337-080c706eef65,ACTIVATION,2026-08-24 22:24:22,False,False,2026-08-17 22:24:22
a53e3cd8-99f1-48c1-b4d9-ca034fb4df58,cd4a24ff-d450-4c79-81a4-f7e556b2669c,4d83da4d-f35e-4d13-9144-71f458ab5437,ACTIVATION,2026-08-24 22:24:22,False,False,2026-08-17 22:24:22
00fad8f4-bc9f-418b-ad69-e1646905492f,4be55e56-63f1-47ab-bab8-171ce156b4c8,7d60584b-fd5a-4c44-b383-770da2704543,ACTIVATION,2026-08-24 22:24:22,False,False,2026-08-17 22:24:22
760179cb-5e87-45e0-82e8-ddb37bb7277d,6cc8ce61-e36c-4bcb-9754-6137148279d2,eeb7e994-9f3e-492c-8463-52a13b9513c8,ACTIVATION,2026-08-24 22:24:22,False,False,2026-08-17 22:24:22
dc6f204b-b9ed-422b-a972-aef585f4d3d9,8c79ec66-986c-4542-87f1-3a01542c1b23,3c1468e1-c6cc-426e-b21a-eae5ff1aa897,ACTIVATION,2026-08-24 22:24:22,False,False,2026-08-17 22:24:22
04ea590b-66b3-4a46-87cc-e95ba4eea9f5,f588f02d-ac80-4322-bd82-021116d51e12,1b097d07-3684-4d8e-a20e-a7d4ecba1e71,ACTIVATION,2026-08-24 22:24:22,False,False,2026-08-17 22:24:22
19a27d4f-4625-4051-840e-9a4098f8ce9b,baa0579f-a59b-418d-9be6-65440cd32d6b,c5f578a2-e0e0-41c3-be47-7251bfce9792,ACTIVATION,2026-08-24 22:24:22,False,False,2026-08-17 22:24:22
9db7ce82-95e0-4eb1-af6a-207ec12f4175,f641164c-04db-4072-8d1e-9f383fac5bea,00872d03-ee98-4e0a-9764-e264ba7e2c33,ACTIVATION,2026-08-24 22:24:22,False,False,2026-08-17 22:24:22
fd0c694d-afbd-4be4-ad84-cc3f1770c6a9,49f2c22e-2aa9-4e1d-95e7-a595ccfff456,35d27fcb-5ae9-49f7-a78e-88adeaf89b17,ACTIVATION,2026-08-24 22:24:22,False,False,2026-08-17 22:24:22
38eebf80-6d40-4718-86e6-abaf09db09de,d36afecc-d1b6-4bb4-a972-10a8d65fc496,891d0359-7c43-4da8-a085-4d28bd1bf504,ACTIVATION,2026-08-24 22:24:22,False,False,2026-08-17 22:24:22
68ffa861-a51c-42ce-9bf5-e63eb70c43aa,cd4c0ed0-d462-4a24-b2ab-3a68c831d4c8,3ebe56df-e4f8-46e6-9c68-ade022259435,ACTIVATION,2026-08-24 22:24:22,False,False,2026-08-17 22:24:22
b9c61327-cab1-4ea4-89ab-cab9e8d89b09,fdb09688-c456-45d5-8d70-2b753a448e02,e9b5993c-b31d-46af-8bab-3683259a3700,ACTIVATION,2026-08-24 22:24:22,False,False,2026-08-17 22:24:22
80253816-ebd0-411b-a90d-237dea4601ae,c3933422-d94a-4219-9416-e359ae87ee64,3c6f3ee3-74cf-4b16-ad63-3bb2a51d4659,ACTIVATION,2026-08-24 22:24:22,False,False,2026-08-17 22:24:22
ec3a8115-0cef-42d0-a15f-f50c1bfdfeef,392ad0bb-893f-4c66-a822-d1f028132731,c812ce6c-2739-4d8c-8e58-45e4f2fd3bbb,ACTIVATION,2026-08-24 22:24:22,False,False,2026-08-17 22:24:22
1874e1cf-f2e8-4958-93f0-937ee261e2c3,74ee4fe1-1a48-458e-926e-1c358e218fd4,1aee4b5d-6223-4dde-a615-d3eef2e2ece3,ACTIVATION,2026-08-24 22:24:22,False,False,2026-08-17 22:24:22
a8c3b835-2dfa-4bb9-b9bf-d98fb133a124,e22e7289-7629-41a0-af10-357b92e4aa42,66f0d767-1216-4372-bc2a-567e0c78be56,ACTIVATION,2026-08-24 22:24:22,False,False,2026-08-17 22:24:22
25dc8390-72fc-4970-90a5-f4d903991db9,ef51152e-8e67-4237-823c-065f89f4e4dd,37b99cde-f919-4bf2-9c6e-d66c7b208673,ACTIVATION,2026-08-24 22:24:22,False,False,2026-08-17 22:24:22
9c62327c-0bfe-4ad1-bb47-8864de497c24,67742e35-8931-4ac0-b9e1-8d9be5bd9b80,743a5ef0-6392-4b2c-87d9-8f9272cc2497,ACTIVATION,2026-08-24 22:24:22,False,False,2026-08-17 22:24:22
5c2e34c3-d305-4efb-80cb-88c9b6a29ee6,51f2680f-bb85-4f41-aa7f-c6c655fa03bd,e22c6f5d-c9ee-46d2-8756-41d67e82c2dd,ACTIVATION,2026-08-24 22:24:22,False,False,2026-08-17 22:24:22
f2d0093f-8700-4195-9fa7-619058e69550,70cff13a-1b20-4407-91fd-c1de3279e1c9,c15120a5-3a34-4ec2-9d86-2ef32c8a2885,ACTIVATION,2026-08-24 22:24:22,False,False,2026-08-17 22:24:22
9d539c30-eec5-485c-a91b-b3c86e10d5ac,1040b656-243d-419c-a58d-5db61f859509,caea5ed0-d972-417c-b277-91ce0de828fc,ACTIVATION,2026-08-24 22:24:22,False,False,2026-08-17 22:24:22
8e6280d3-ed08-4cf4-944c-534d0c2596da,5877c61e-a3a3-4e01-b789-64af3dcd5971,c64a89af-e236-4f32-87ff-eed83d401a26,ACTIVATION,2026-08-24 22:24:22,False,False,2026-08-17 22:24:22
0f730725-dc59-4bdd-bacc-e0ec032ff665,986bcdfa-4c68-47c0-b561-aaaabe526f0a,c58d18d8-d2eb-4209-ada6-3ab48a07647a,ACTIVATION,2026-08-24 22:24:22,False,False,2026-08-17 22:24:22
08f9afc6-8039-4db4-af24-a4c740c1efde,2dca3637-6658-4746-b173-9c6d7a8a5aa4,020bc646-e43c-414c-bfde-b5fd43e9114f,ACTIVATION,2026-08-24 22:24:22,False,False,2026-08-17 22:24:22
4641801f-04dc-4805-a15e-da2db011cbae,e051f392-9ba3-46d7-a482-08fc8bff1e2f,e5fcf35b-8f13-4bc5-9019-27c238aac17d,ACTIVATION,2026-08-24 22:24:22,False,False,2026-08-17 22:24:22
0385efa6-e2d7-4113-9bcb-f3fafcc61c15,032ff783-17f2-479a-a9a1-3cc4b5edfd69,b67823fe-06b6-4ad2-a09f-0923cc817f58,ACTIVATION,2026-08-24 22:24:22,False,False,2026-08-17 22:24:22
011a9f7c-071d-45a5-8119-e778379ba42f,53c5bc72-0869-4d80-8bb7-161f9a2508a0,a6654416-3b09-45e6-86d5-299c0d7c7adb,ACTIVATION,2026-08-24 22:24:22,False,False,2026-08-17 22:24:22
4f741f2d-61e1-4599-ae07-4d8670385ff6,662345f0-b6dc-407d-a197-1009a183c872,f535de6d-85f7-4455-8f68-708a4b242c53,ACTIVATION,2026-08-24 22:24:22,False,False,2026-08-17 22:24:22
f545b2d0-b607-4259-8be7-cafeab3d8789,6b46f111-75cb-4598-bb46-46650ddcc8e8,5432dd05-3665-4154-a39c-c034438d5f99,ACTIVATION,2026-08-24 22:24:22,False,False,2026-08-17 22:24:22
244c4c34-dde5-4acf-ba03-b930ed2ba854,dc4d5160-9b60-46be-8ead-25a362d1b166,ae6c3055-4eb5-4048-a7af-3f127322ae0b,ACTIVATION,2026-08-24 22:24:22,False,False,2026-08-17 22:24:22
7fda35e5-3f3f-418d-aade-6b0fd577b29f,5f7ce112-911e-4b71-a4d3-b21b28b2d74c,402ae521-3614-4345-94bf-987d410557fe,ACTIVATION,2026-08-24 22:24:22,False,False,2026-08-17 22:24:22
638e1f9f-c46d-4c42-9880-93b633cac743,7ea3801f-b36b-484a-9029-31ab5122f992,89540d3e-9fb4-42eb-a13c-e2c792753df2,ACTIVATION,2026-08-24 22:24:22,False,False,2026-08-17 22:24:22
f7e0e7cd-e46c-48ff-a7da-942b7f5ac957,1bd8135c-329a-42d3-a098-0351dd3b150a,1d1ab16f-9c65-470e-a6f0-def78d6b2d3c,ACTIVATION,2026-08-24 22:24:22,False,False,2026-08-17 22:24:22
f0d2a2e0-458c-44ba-864d-3361aac976e7,c4867b5f-37bb-41d2-a537-ad4cb994712d,be451ca2-92d2-4ece-80ac-261c78e2f1f9,ACTIVATION,2026-08-24 22:24:22,False,False,2026-08-17 22:24:22
60927058-d761-41d2-9673-cea67825a701,d990173b-7a1c-4e18-a266-ce31a1a1ac5f,f9aa63de-24f9-4a7c-bd02-2d432c52a8c1,ACTIVATION,2026-08-24 22:24:22,False,False,2026-08-17 22:24:22
a0d4b0df-48ec-4a11-bed7-65859cdd9134,6b7f1fea-379b-49bb-aa39-9f645861699a,8c603d6e-2f09-4beb-a62e-a73e70a5ed46,ACTIVATION,2026-08-24 22:24:22,False,False,2026-08-17 22:24:22
b054db8f-6072-448e-9b68-341f3b09be34,7322a104-dc04-481a-8b32-0f84293cdbd4,5844385f-fc4b-4d1c-8ab0-ef688c244d8d,ACTIVATION,2026-08-24 22:24:22,False,False,2026-08-17 22:24:22
bf6eb228-6bed-43fc-8e5d-4f5f6e7527f1,fbe3c9a6-9949-455f-bd85-41112564982f,0a0eb9a0-146c-4a63-8d25-7300a5bb876f,ACTIVATION,2026-08-24 22:24:22,False,False,2026-08-17 22:24:22
a1f2d8fd-1c56-4ad6-8651-7395f00d8e53,de485bc3-4df5-4e00-a348-53a36206f296,3d684a33-4093-44f6-b7e1-b03bcfbccf77,ACTIVATION,2026-08-24 22:24:22,False,False,2026-08-17 22:24:22
cd171150-3b62-4514-862e-d6b522951f71,db48a429-4eff-42d9-89b8-a94f5d4518bb,bae6e385-6c41-4be5-b878-1e67ee87b663,ACTIVATION,2026-08-24 22:24:22,False,False,2026-08-17 22:24:22
5973f33d-0ef6-4dd0-aa95-698323f8c3bd,5708d903-76ff-4829-a80b-39910b81e8b5,a5861cb0-e2ee-4cc6-bbbd-dc0f2444383f,ACTIVATION,2026-08-24 22:24:22,False,False,2026-08-17 22:24:22
ab1f3b42-541c-4331-b208-0d9307221419,23641bd5-dcb5-466a-a5a5-b4bed9e80195,fbf576fb-abee-4bba-9621-f68cd83eccf3,ACTIVATION,2026-08-24 22:24:22,False,False,2026-08-17 22:24:22
a8d1fb8c-1305-4887-8d68-8dd045d62436,9cec794b-1b3a-49af-989f-f9b595a6032e,49bd0ac7-2d15-472c-8fa5-a0ca04c470f2,ACTIVATION,2026-08-24 22:24:22,False,False,2026-08-17 22:24:22
f0874112-02ad-4406-b4bb-51b0f14f1b43,b8ce4e20-e5f2-4d83-a696-7375fa3efe74,dd4b166f-1297-40cf-8d40-44bb9b7aab26,ACTIVATION,2026-08-24 22:24:22,False,False,2026-08-17 22:24:22
54f7a27a-0681-4e61-8f68-cd9e4b82a8e1,3747fd79-73b5-4b5d-9c71-031fbb3967da,bbb5db58-504c-44d7-8688-cdde2c5970c3,ACTIVATION,2026-08-24 22:24:22,False,False,2026-08-17 22:24:22
72995af8-800c-43a5-8840-9024e05a44b8,e2ff6334-9b5a-4460-a225-e85959c72b43,8d817922-237a-497a-866c-7d3e8a46aae9,ACTIVATION,2026-08-24 22:24:22,False,False,2026-08-17 22:24:22
d9c32de5-d0f6-4f37-a369-a100b3f93a01,8de41a0b-4a3a-4d85-a19a-fdfd74392d03,f1ae741a-a03f-4707-8f97-c5c13e524f7b,ACTIVATION,2026-08-24 22:24:22,False,False,2026-08-17 22:24:22
616ceadb-9e93-443a-89ea-5ef60315f4bc,47813dad-d67c-45c3-bee7-fb3afba0e1e2,84945f81-b6c9-4c5a-ab9c-d8878c6b5fec,ACTIVATION,2026-08-24 22:24:22,False,False,2026-08-17 22:24:22
2db61cb9-aac3-4794-a40f-0a5f815a80db,cb124790-fb5d-414f-8e4d-a9bfc434108a,f32f78e4-77d3-4f08-9173-d1ea08cd92e9,ACTIVATION,2026-08-24 22:24:22,False,False,2026-08-17 22:24:22
3a6c0fcf-7b2e-4f85-8770-8ac9be20a370,6f7730e3-1ab4-45f7-bdc4-d978f6eb8315,ee6aee7b-ba22-4f36-9b79-2fbf87941238,ACTIVATION,2026-08-24 22:24:22,False,False,2026-08-17 22:24:22
a0b4fe7b-8197-4409-9d0e-3981630d2013,0b0b0f82-f9ec-40a8-9e01-c555379874ca,45f050d4-61f4-4e92-976f-b17adb188f42,ACTIVATION,2026-08-24 22:24:22,False,False,2026-08-17 22:24:22
e7b527d3-a9f4-4ef0-b7e9-838ae7f5ba98,cf2df9c6-4e18-420a-a687-e90d206424ea,24bc9014-4289-4bb4-aa95-9372f682bc87,ACTIVATION,2026-08-24 22:24:22,False,False,2026-08-17 22:24:22
c9cc0826-4b40-4621-8981-5715415b57d7,61218fdd-4c3e-468c-bb0e-b6df8b46da12,b7de0761-dfb6-47c2-b25c-c27bf140406e,ACTIVATION,2026-08-24 22:24:22,False,False,2026-08-17 22:24:22
17b47006-8857-46a1-851f-95471188c1d0,03ecb6ec-d5ff-489b-ba5a-9a9495aa3dfd,cbaeb902-2540-4bfd-8697-6cb95bd08430,ACTIVATION,2026-08-24 22:24:22,False,False,2026-08-17 22:24:22
523fb206-9f55-4002-960b-7a00dd3385ea,7755ca72-d0b1-4645-8539-d86cffa4ca09,80b5f8cc-9012-4ec6-8389-f86e2990ee8b,ACTIVATION,2026-08-24 22:24:22,False,False,2026-08-17 22:24:22
17f88328-b267-4cfb-9d39-f4ca11b5cc15,96a7e18b-727f-4505-a3e0-95b184a18931,dbee59d8-e48c-4067-82d5-262e06ac911b,ACTIVATION,2026-08-24 22:24:22,False,False,2026-08-17 22:24:22
cf895130-ba73-4a0b-8469-b109a8a96103,e6dbfa76-1c6f-42ba-a1b4-57dafafede5c,52787c72-864b-404a-bb16-e2c33309f9d8,ACTIVATION,2026-08-24 22:24:22,False,False,2026-08-17 22:24:22
690d9a79-7185-486b-b93a-b1cf883ec29f,8cb3244b-9322-48ec-9737-0a4d19544aaf,69835d19-2bf8-4a31-9715-8826fb1c334f,ACTIVATION,2026-08-24 22:24:22,False,False,2026-08-17 22:24:22
6af3738d-0a3a-4643-9262-252a6ae5f976,04d7f1d1-1347-408d-a8a1-e4a192e12df2,7f5103a1-2f8a-4910-a331-9d54a3473cbd,ACTIVATION,2026-08-24 22:24:22,False,False,2026-08-17 22:24:22
d5fa753a-668e-4756-80c7-af888dae582d,9faf7bb7-8db4-4650-8aed-d6ba7728b320,b997cd14-514d-4bc7-92ff-c7fffc837b6c,ACTIVATION,2026-08-24 22:24:22,False,False,2026-08-17 22:24:22
47e54d76-bf93-4d0a-aadd-c7325dc6aeb1,83cd8538-1813-4674-b5ce-8acb594a542b,abfbb450-3fa4-4ee8-a159-38d92671ac94,ACTIVATION,2026-08-24 22:24:22,False,False,2026-08-17 22:24:22
04a78a99-3125-4012-b645-1b565384da52,c9be81e5-cf4d-4c5a-919f-6e26cf03a3a6,ffc4b09e-5fa2-4eca-ba26-ff44ed59951a,ACTIVATION,2026-08-24 22:24:22,False,False,2026-08-17 22:24:22
43451ef4-4f14-4312-8e2d-7aeaad18f1b3,ab5c36af-6061-4145-a052-fa4ae2fc7acd,8584a1d1-c766-4ffe-8300-a8e09317618e,ACTIVATION,2026-08-24 22:24:22,False,False,2026-08-17 22:24:22
f6436ee7-b385-47c5-9607-0d8156a40911,fb431f46-211e-4c62-b0e4-8e4acdeb90da,57ff8eba-a2d8-46f3-a11a-2ac34aeb1d46,ACTIVATION,2026-08-24 22:24:22,False,False,2026-08-17 22:24:22
47ea2206-4c10-4440-b9d8-9a5e2f29a0a7,3b92f457-e425-44f8-b05e-a1e6971e21d7,f4932626-be1a-4a13-a139-063f294566b6,ACTIVATION,2026-08-24 22:24:22,False,False,2026-08-17 22:24:22
7e1cb075-62e1-4616-b3d4-a80f69049b25,5b1eaa90-0181-4fa9-a180-abc703d4c785,ca5036a7-9db3-4419-a01c-c642f0f012ef,ACTIVATION,2026-08-24 22:24:22,False,False,2026-08-17 22:24:22
c1561f62-6c2a-4407-953a-b358a04cd92f,83f94b66-e80d-40cb-bc13-7374523b8a13,c5fc39b1-42ab-4c84-b36b-7c7f60dc71aa,ACTIVATION,2026-08-24 22:24:22,False,False,2026-08-17 22:24:22
868e4ea2-0c70-41ad-985a-595b49e45d7e,99843c21-a4be-4925-9bac-5f7399644e0d,70f90ec9-6cd6-464b-8b76-868456b76522,ACTIVATION,2026-08-24 22:24:22,False,False,2026-08-17 22:24:22
56f3c989-d8da-4023-a8d4-4ec350ac33ad,bc934f09-d849-4712-abe8-1a13569fb91a,1118e271-fe88-4a41-b7fa-aded7d5dc919,ACTIVATION,2026-08-24 22:24:22,False,False,2026-08-17 22:24:22
743e35c7-b7f9-45b3-89c9-9b5c4afa83c0,3b5cb2d7-9ea4-4c44-9b5c-4c14653e0916,aeac0e94-e2fb-41de-96e1-f0145c8a5b78,ACTIVATION,2026-08-24 22:24:22,False,False,2026-08-17 22:24:22
c6521df4-3247-41ca-b615-0a20e67dce22,67b8af7f-3d4a-46fb-bffc-6e697b98ecd7,f8a5519d-9fc1-4373-a843-102d0467663c,ACTIVATION,2026-08-24 22:24:22,False,False,2026-08-17 22:24:22
01f5858a-94ec-4099-9f24-4fc2e80a4c1c,ff617ecf-3f51-49f6-937f-72ddead61fdb,c80b3991-146e-4db8-8103-b998dbffba53,ACTIVATION,2026-08-24 22:24:22,False,False,2026-08-17 22:24:22
56e20aed-a57f-4b86-a8dc-bb9904ba697f,9f6f3827-d470-4489-af2b-2db40bb84494,4260966b-4e6d-467b-9f49-54affcf0079f,ACTIVATION,2026-08-24 22:24:22,False,False,2026-08-17 22:24:22
e2c1308d-85f5-4d83-a3bb-44b81de12a07,f9a9ac7e-df32-4a9e-a117-3be22355eb5d,25d1bb4b-3470-405e-a640-5dd2f451daea,ACTIVATION,2026-08-24 22:24:22,False,False,2026-08-17 22:24:22
34c11533-d59d-4c0f-8146-7f6bd9a38a89,83b9e702-9dd2-4afc-8a33-1e10516d0d4c,0094a08f-926d-42b9-b3db-994f77b36e4f,ACTIVATION,2026-08-24 22:24:22,False,False,2026-08-17 22:24:22
f3833d25-f9a1-4ad0-ad93-3bf4771fe451,db4f38ac-00eb-486c-8140-82c6713000c8,b4349cbd-b3fa-4450-9b23-ce3151a7526a,ACTIVATION,2026-08-24 22:24:22,False,False,2026-08-17 22:24:22
f64e7e1e-9560-449a-84c5-891c15698ccf,22512d4f-3fa9-4ff0-84ac-eaa54e17086f,8df6bdec-2c21-441c-8dd4-60fdd12dbcc6,ACTIVATION,2026-08-24 22:24:22,False,False,2026-08-17 22:24:22
0f2e0ad0-ac61-4323-a193-ce96c8f5bbf5,81f612a6-c6dc-43de-9e83-601070758a2c,794f51b3-401a-4d0a-afe0-40b0ac4f838a,ACTIVATION,2026-08-24 22:24:22,False,False,2026-08-17 22:24:22
f73e0cf0-03bf-4919-bbdb-4338b7001f23,4ed1f6c2-edf4-4411-a0cd-8fb9f929821b,661a36ee-729a-4603-b54d-6ba227308a72,ACTIVATION,2026-08-24 22:24:22,False,False,2026-08-17 22:24:22
314bc738-39e7-4cd6-9c18-68ddf2e160ed,51016c81-dd52-4d49-9839-9186587c6640,87038e92-128b-4c96-aaf3-2f1e09d19d3d,ACTIVATION,2026-08-24 22:24:22,False,False,2026-08-17 22:24:22
f599e5f1-1bb3-4862-a09b-e23d20b85c23,4ad24a00-8212-4de1-b711-49ca482b30f8,a4c956b2-c906-40bc-8d77-2289c6cf49f7,ACTIVATION,2026-08-24 22:24:22,False,False,2026-08-17 22:24:22
d331ca90-0289-4c23-a03a-4d6fd855ffff,251acbcb-9999-4b19-b69b-e5592fee7af2,31d7bdb1-58bb-4a0b-87e6-3adbf50f0ebe,ACTIVATION,2026-08-24 22:24:22,False,False,2026-08-17 22:24:22
3507cdab-1526-4e26-b6b1-a7ce63bd9135,00a707ef-f607-4725-94e3-55e555d29a8b,abe8b903-f7a1-4b9b-aa4c-399391faaa27,ACTIVATION,2026-08-24 22:24:22,False,False,2026-08-17 22:24:22
84a60f38-d295-4122-9cbb-1278d7006229,63b38e09-753d-4f6e-86a1-994075d872ad,430e3955-0787-418a-83d8-d358970b512a,ACTIVATION,2026-08-24 22:24:22,False,False,2026-08-17 22:24:22
fb3bca32-ef39-4e70-9088-2f7742b6f50e,d37cac7b-ce7e-4ee2-a809-797de25c4894,b7adcf70-7b91-4b5e-9c9f-f4b98008b8ec,ACTIVATION,2026-08-24 22:24:22,False,False,2026-08-17 22:24:22
1c3bdf49-afac-47ec-9cef-4a99452117bf,bca66311-c79b-45ce-a2dc-4efd8f443d1f,eeac59ef-503d-4be1-a1cd-6ab527b70fdc,ACTIVATION,2026-08-24 22:24:22,False,False,2026-08-17 22:24:22
d3610512-6fe7-44f3-9339-4892c1a3b5c9,f4919684-78fe-4892-a68b-01155afc8094,ea83c2e5-3830-47bf-82d7-674364d21e3a,ACTIVATION,2026-08-24 22:24:22,False,False,2026-08-17 22:24:22
e3c49b74-206f-4cce-aebf-a1f8d67bd310,a60ec5b9-d342-4033-870c-2c74a40b358e,96c909ad-df09-4adf-93f7-95258f95faa8,ACTIVATION,2026-08-24 22:24:22,False,False,2026-08-17 22:24:22
80294ed3-a820-4651-a126-eed3e07bad19,45271ff6-fdad-474e-88b0-e572483a06bc,ec9617d8-f09a-4d80-a219-71d715e026a4,ACTIVATION,2026-08-24 22:24:22,False,False,2026-08-17 22:24:22
4492d445-b508-44fb-bd39-f00cede73602,a061c1c5-3ad3-429c-a0b5-7fea8893743d,aac4b644-49dd-4548-980e-8aaeac6df74d,ACTIVATION,2026-08-24 22:24:22,False,False,2026-08-17 22:24:22
afc2bcdc-c444-4533-9991-1c034a603227,130d5824-fa47-471b-a187-3d489d038a70,5b9fa72c-4026-4bec-8965-09a6073ebbcb,ACTIVATION,2026-08-24 22:24:22,False,False,2026-08-17 22:24:22
14e6886f-4810-4ba7-b615-2e44e80e7349,762b3011-de4b-406c-9cac-b3cd23081dfd,3d51fd37-3251-414e-b0d8-c1fae2cef77f,ACTIVATION,2026-08-24 22:24:22,False,False,2026-08-17 22:24:22
9fba6243-2749-4594-9b7c-93094a93c3d2,dedfda55-4fee-45a4-895e-fb274f96fa26,a32835aa-7e7a-4c63-80a0-65892bd2844b,ACTIVATION,2026-08-24 22:24:22,False,False,2026-08-17 22:24:22
4b0659c5-ea99-4629-8b49-f5b59adb65df,c89eec5f-cee3-4535-90a4-8d909eade067,f89bf49e-bbb6-4ab4-b08f-7360dc105156,ACTIVATION,2026-08-24 22:24:22,False,False,2026-08-17 22:24:22
281a51df-ab7f-4468-be92-45aad2359587,6400b7d8-9801-4d45-ae29-60f29d9f71d0,bee35ece-f965-443f-930f-b9a25d45e112,ACTIVATION,2026-08-24 22:24:22,False,False,2026-08-17 22:24:22
c33d1423-0a09-4150-96e3-b863d939070d,77cecaf6-89e3-4744-a52b-dacae3c64290,04e14a37-a32f-42ab-b365-9060896263c9,ACTIVATION,2026-08-24 22:24:22,False,False,2026-08-17 22:24:22
0aa86b42-40a4-4573-829b-be634a488423,b4f50ec1-dbb9-4f05-a105-d2ebac1b4482,c466d7ff-40ae-4e8e-9bce-6d781f71a3e8,ACTIVATION,2026-08-24 22:24:22,False,False,2026-08-17 22:24:22
24fffd82-1ceb-4370-8bcd-4a330b1bddd7,a056694f-30ad-45c0-a40c-9aae69f85bc5,da47150e-020b-4f6c-9dde-30c8e9ed6982,ACTIVATION,2026-08-24 22:24:22,False,False,2026-08-17 22:24:22
d6b03c20-bb8b-42b1-971d-97ee17896d12,68584be0-e9dc-4edb-81bc-b0a641bb27fc,c84541f9-0726-4fe8-81e0-0d3db2f11348,ACTIVATION,2026-08-24 22:24:22,False,False,2026-08-17 22:24:22
6ceca8e2-dd48-4ad9-804d-2e622fbe152d,74b705df-480d-4773-b476-6a4b3bc3035c,bfb3ddb6-0279-44b5-8467-93b1d2d6c104,ACTIVATION,2026-08-24 22:24:22,False,False,2026-08-17 22:24:22
774a4a6b-3ec2-43f6-b48d-19da0da8ec75,6adacef8-ac5d-45fd-aba7-f04dd28e4427,0e1afe82-8934-4bf5-aebf-48cd1b18ebc8,ACTIVATION,2026-08-24 22:24:22,False,False,2026-08-17 22:24:22
a876c59f-7bd4-4fd8-99d1-908dc9df8ee1,2057a767-e4f9-4a31-8d53-4f67ec29818e,c59d6aba-0ee9-4727-906d-f8751f0120ca,ACTIVATION,2026-08-24 22:24:22,False,False,2026-08-17 22:24:22
f610a07b-11d1-4fb8-836a-0e7c281940d6,a4e5ca38-7c33-4009-906a-fcdcf4c599b4,dc409eb0-f6a4-48a5-9f3a-a7be4cf62547,ACTIVATION,2026-08-24 22:24:22,False,False,2026-08-17 22:24:22
ab40ee3d-3933-452b-8ed6-ba6852b8dcb4,77bbda3b-280d-4a48-9040-2d32566e841a,28580e51-28dc-4a0f-ab91-4f619b3e967f,ACTIVATION,2026-08-24 22:24:22,False,False,2026-08-17 22:24:22
55171317-a3b8-42c8-81fa-86cc0bb45292,71bb1999-af28-431d-97a1-f74d04fab434,2d9872c8-857c-4a33-bfa6-f4980f82addc,ACTIVATION,2026-08-24 22:24:22,False,False,2026-08-17 22:24:22
08b3d51f-a7c7-4392-8ed0-3eeaf44161b4,69a92951-ced6-4b53-9939-dfbf40579ab9,1c403cee-d272-48cc-93ec-4f8c21150b3a,ACTIVATION,2026-08-24 22:24:22,False,False,2026-08-17 22:24:22
25298ac2-ccdd-478c-815b-e1a5e5a03846,363e5349-88ed-4f53-8a3c-066f67c01e86,9daf19d6-9619-44ed-ae49-0dfc002f0f3a,ACTIVATION,2026-08-24 22:24:22,False,False,2026-08-17 22:24:22
30d2abf2-be8a-48be-86e2-0ada4d781483,ab99942f-8221-49b8-be9f-5f2161152bb5,f8635009-a223-4d60-b951-dff945c6b414,ACTIVATION,2026-08-24 22:24:22,False,False,2026-08-17 22:24:22
520d03f2-5063-4d82-96e9-5912f5c68e63,af869027-95d9-45d0-88b3-f7bec344bd10,074ee9fe-aed3-4415-93f1-cd834c4a6616,ACTIVATION,2026-08-24 22:24:22,False,False,2026-08-17 22:24:22
b2afb6c7-b622-4663-b8f0-5966abc0c704,4b7b5f06-fcf1-4e55-a22f-71cf1ed71ed3,f358d170-132d-4adb-8dfe-b741635d6280,ACTIVATION,2026-08-24 22:24:22,False,False,2026-08-17 22:24:22
c92b7b7f-89d9-43d3-9806-55b2f52e4e04,3c55f6f8-bab3-45d4-a055-4fbae1cf0ae1,2d3af235-421a-47bb-827a-cea1ab136f0f,ACTIVATION,2026-08-24 22:24:22,False,False,2026-08-17 22:24:22
561ec7da-4e97-4863-9ff0-faf610f74800,7181a146-6fae-4541-ae64-1c0396777bd9,124d14f7-2cfb-4dc3-b09c-d0f89893ef2e,ACTIVATION,2026-08-24 22:24:22,False,False,2026-08-17 22:24:22
472b849a-aba7-4d31-ab0b-6e5fe5f86972,16eb21f3-46cf-4c7e-83a9-4da9efb0c4c4,3cdca18a-35d4-4253-9784-6f20a3d9a32b,ACTIVATION,2026-08-24 22:24:22,False,False,2026-08-17 22:24:22
045140d0-b849-4aa0-8f6a-b29e0d98be4f,54aa6a6d-f308-46e5-9ebf-10e9ffdec788,faa07a3e-945d-4f9d-94ff-6b45785394d6,ACTIVATION,2026-08-24 22:24:22,False,False,2026-08-17 22:24:22
57ff991a-1eed-468b-bc83-44039e5ca08b,d394a233-219f-4c73-aef8-3f7a0a3571a0,89fb214d-dcad-4af9-a356-2fb80c640ca9,ACTIVATION,2026-08-24 22:24:22,False,False,2026-08-17 22:24:22
bec181f1-ae0e-4cdf-8ffa-604fa5390632,c90879fd-7e21-487c-9eb0-1951f795ae44,5bc64ca7-66ef-4dff-ba7e-cf00f900f8f6,ACTIVATION,2026-08-24 22:24:22,False,False,2026-08-17 22:24:22
0718ed2f-5115-4624-b797-c2c2cbd6aa5c,fdc6ec6c-6d28-43df-bafd-772bddad8d37,1541f6d6-9f0b-4062-90a4-51dd8f54ea62,ACTIVATION,2026-08-24 22:24:22,False,False,2026-08-17 22:24:22
6c3b6f35-bcba-4c0f-ae55-5ceafd5ae2f5,b8822253-be3f-4940-ba97-3874b389506a,87507869-6506-46bf-9d4b-500c8087a294,ACTIVATION,2026-08-24 22:24:22,False,False,2026-08-17 22:24:22
35e39680-94bc-49a4-ace6-a0616ff774fb,28319a7b-3302-40a3-b2f6-074e541a692b,a904b0f1-40f1-4cf5-92a3-65b9f0a4250e,ACTIVATION,2026-08-24 22:24:22,False,False,2026-08-17 22:24:22
675e3bab-86ea-49e9-be7d-d55301077ced,e32eec9a-66aa-4994-b2e0-de67cc02217b,da63f86f-1a88-4e10-84ac-f7ad2d88a02e,ACTIVATION,2026-08-24 22:24:22,False,False,2026-08-17 22:24:22
a6be1483-d860-441f-93e5-7dbe1b0e89e3,5d5b961d-52b7-4da6-a43c-3814424ed071,9befc346-1d92-490a-ba3e-4abdda5df063,ACTIVATION,2026-08-24 22:24:22,False,False,2026-08-17 22:24:22
1f326247-2db2-4bc7-97d6-15eca597770b,71fc8950-9109-4108-ad9c-1c77cc590325,8fb9ba4c-de97-4556-8f1f-91ec07e3b462,ACTIVATION,2026-08-24 22:24:22,False,False,2026-08-17 22:24:22
66ee0e8f-c8df-4b2a-8764-5035ee0a0ef7,fe2f2f1a-f769-420c-8a2f-6b5b2c97ee06,ffb53746-0932-4343-9aa4-9f8273be0ace,ACTIVATION,2026-08-24 22:24:22,False,False,2026-08-17 22:24:22
5657590a-eb6a-416d-9120-dae43079a2a6,87755acf-a380-4301-a8a6-0725ef6ab207,1f7c3f5e-0214-419c-bd7d-31ff0ca9a62c,ACTIVATION,2026-08-24 22:24:22,False,False,2026-08-17 22:24:22
be2fa4bd-b947-46fe-848b-c5a74c42ef12,abe2fdb5-47e5-490d-8562-045efedc63d2,cdc8b2c5-e247-4c97-bbff-9fabed9e92e5,ACTIVATION,2026-08-24 22:24:22,False,False,2026-08-17 22:24:22
554792d0-b93f-4e62-80df-7b2cfd307468,d29aa78b-8dce-42b3-ad58-e2598afece28,13a1d71c-3a8a-48d8-85d0-a38dfb2ba6b4,ACTIVATION,2026-08-24 22:24:22,False,False,2026-08-17 22:24:22
cc997384-eac4-43f1-a94d-b192b11d5fd4,72673d88-292c-4a10-aed5-229012121c1f,d7acd1e3-eef4-4d30-8674-8af3e50e5944,ACTIVATION,2026-08-24 22:24:22,False,False,2026-08-17 22:24:22
cc7fed1d-80ef-44e6-90a7-3b14fb4e9fb5,272bb4c0-77bb-4085-9ac9-ddcbbe69040f,71d3db94-6858-4055-b437-58ea5ca463ca,ACTIVATION,2026-08-24 22:24:22,False,False,2026-08-17 22:24:22
dde1bc04-ea8e-42ce-a102-770d6dff10aa,d00564f8-3f27-451c-9a15-0321e8105d00,dcfcffab-5181-46b6-898d-9215103cd588,ACTIVATION,2026-08-24 22:24:22,False,False,2026-08-17 22:24:22
8e57ffbd-e3db-4386-97f9-ddcc094690f9,82be8def-6e9b-4a6a-a6f9-d94a119ca4e4,f4a65f17-82e8-4483-ad8b-47b92b02fb7b,ACTIVATION,2026-08-24 22:24:22,False,False,2026-08-17 22:24:22
5a86191f-4c30-446d-a2d6-7650ab6586fc,0f613772-792f-4073-bb77-661ced620524,86657dad-5c07-4ac8-8ce5-a6869eb49b37,ACTIVATION,2026-08-24 22:24:22,False,False,2026-08-17 22:24:22
0ef78a9b-6402-4cd0-8aad-17c74cce2132,868cfca1-4ebd-4207-8f04-39f49cf564d2,ecd654d8-b970-4076-a935-16939d000a86,ACTIVATION,2026-08-24 22:24:22,False,False,2026-08-17 22:24:22
f638e51a-c77c-4202-be7e-8929003948e7,14700d4a-5b8a-4d08-bcda-3114ddb113d5,7a7105ab-dd81-4eed-8f6e-706445a22362,ACTIVATION,2026-08-24 22:24:22,False,False,2026-08-17 22:24:22
0ce75683-c6a0-4474-a09f-9428dc1701a9,fb623faf-e0f1-40af-a209-ddf851ee1aa6,8b0c93ee-bcca-4ae5-bfd7-5efe1619e8b4,ACTIVATION,2026-08-24 22:24:22,False,False,2026-08-17 22:24:22
6c24c3fc-37c0-43ec-878d-f7db9fe036dd,ae87ac7b-0b1d-4681-9e5a-ea47a0bf74b5,7497151a-3369-4e34-b62b-3d32be002c97,ACTIVATION,2026-08-24 22:24:22,False,False,2026-08-17 22:24:22
d4c290b2-d3be-460f-babe-3eec96df9c04,ec5f6376-2f6a-4a1e-b6cc-4f2032e514b8,618df701-a26b-46d8-9280-26495d17fcae,ACTIVATION,2026-08-24 22:24:22,False,False,2026-08-17 22:24:22
8f417c51-71f6-4096-95b4-06280fc91e99,beee4d55-ac18-498b-9a2c-b743955ac383,b5e23e7f-7d3e-45f8-8a47-70a049f1636f,ACTIVATION,2026-08-24 22:24:22,False,False,2026-08-17 22:24:22
ad122f2d-b2f0-4fb5-b383-2f5e48cddd3d,a383aaf7-e371-4b32-91b3-28fadbc899a2,7aa750f8-dde6-4b61-a7b0-d1f242752277,ACTIVATION,2026-08-24 22:24:22,False,False,2026-08-17 22:24:22
02c87027-5eb2-4377-8695-79ff06dcf632,5dd464a7-62a5-4da9-ae97-7057303a0f18,5016bde8-baf9-490a-af08-f237b46ca50c,ACTIVATION,2026-08-24 22:24:22,False,False,2026-08-17 22:24:22
564e01a1-1fa8-4781-94a2-59af1db82bd3,9b30ed30-966b-4c0f-88ec-bb1f5571c200,a187fcbd-b18d-4b5b-ad64-4634b2d23b8e,ACTIVATION,2026-08-24 22:24:22,False,False,2026-08-17 22:24:22
e1f5f793-7f11-42c7-a89a-89be760bb7f7,a9ca0984-0061-474b-9575-180e2778313f,2558d541-70c3-404d-891d-9b4015f27bd7,ACTIVATION,2026-08-24 22:24:22,False,False,2026-08-17 22:24:22
c48213c2-4688-43db-819b-cdf380d032bb,5a0ac0c7-4d73-4999-b452-56889272f100,8a7f5379-14ec-482d-ab1c-194eb504768f,ACTIVATION,2026-08-24 22:24:22,False,False,2026-08-17 22:24:22
07a9bcfa-2889-4868-80c7-67dd57194bcb,440cdb87-430a-463d-9917-9b73c9419b32,9af9d3cf-3296-4233-907b-26d663217fe2,ACTIVATION,2026-08-24 22:24:22,False,False,2026-08-17 22:24:22
5b960320-9026-4ab1-9b86-e25be487b4b1,72ab3e67-2be8-45cc-8b1c-d3974d1191b2,ab5594ea-4643-4109-854d-cba55826d1ff,ACTIVATION,2026-08-24 22:24:22,False,False,2026-08-17 22:24:22
b43e1173-0c5f-412a-8033-18caeeeb8f06,28924874-930c-49e6-91cc-541ad85779b0,844fc9a7-2b7e-4fa7-979a-4296952a5be8,ACTIVATION,2026-08-24 22:24:22,False,False,2026-08-17 22:24:22
7640b518-d8e8-439b-966e-cb1fd2bea13d,7b93dc13-43ee-48c7-b8db-8605b7a1e38f,d03e8ee5-721e-4357-b2bd-61d841ea8a59,ACTIVATION,2026-08-24 22:24:22,False,False,2026-08-17 22:24:22
3662d1d0-ebd9-49a7-a061-36704ed28246,12663a63-2cfb-4d1e-a0d4-e2c5f632df13,5c762281-70a3-49d5-bf19-835b3c912139,ACTIVATION,2026-08-24 22:24:22,False,False,2026-08-17 22:24:22
bf913cc3-798b-4516-ab53-fd18476af85e,af1f8316-1d67-41f4-b109-90ee12e28341,69f667c7-2fb3-48f8-96bd-fc17ee68bdf5,ACTIVATION,2026-08-24 22:24:22,False,False,2026-08-17 22:24:22
b7720a28-36a2-4705-87a6-d15491e2629a,c2a8daf1-cb6d-47a2-94b0-aed09ec7ec78,d5c6ef83-40c9-4ca3-92d9-975503a5e5af,ACTIVATION,2026-08-24 22:24:22,False,False,2026-08-17 22:24:22
70514b37-9cc2-4814-9139-b25d919dc570,b8a70af4-7c73-4364-bad3-838494bb6c92,77c474cc-67a5-4c30-b1d1-3416cbe2645f,ACTIVATION,2026-08-24 22:24:22,False,False,2026-08-17 22:24:22
cefc0b09-e745-454a-8370-d0fb08c0fdc9,175c26f1-3cac-4bf5-9c85-df537556360b,897f93cf-8d7e-46d7-b8d2-7af94f2c84fb,ACTIVATION,2026-08-24 22:24:22,False,False,2026-08-17 22:24:22
113eee15-d934-44f2-a85b-391f193bffed,ddf3a22e-4b2b-482f-b25a-ce349c709f9e,4c3a4f0b-e68a-4998-8fd9-bcde8ea65079,ACTIVATION,2026-08-24 22:24:22,False,False,2026-08-17 22:24:22
a914a987-d171-4380-9744-6a1957e1a5c3,cb006f16-3351-4e04-9cd4-9f27190a617e,86525eb6-459d-4c01-a1c9-43ccce58fc49,ACTIVATION,2026-08-24 22:24:22,False,False,2026-08-17 22:24:22
6629d627-1e0b-49bd-8a61-680059979ac2,3ed14799-76bf-48d1-9597-8310b5ba70b8,219eecf3-fb96-454b-bb07-e6d415aa8d58,ACTIVATION,2026-08-24 22:24:22,False,False,2026-08-17 22:24:22
0c89f786-c281-455f-a08f-0ea9dc5cd26c,59ba5ec9-0efb-4e12-baa5-d55cec182af7,af1b83be-bee1-4084-95a0-a0ef020ab608,ACTIVATION,2026-08-24 22:24:22,False,False,2026-08-17 22:24:22
09c7b152-bad0-4f63-a6d1-8b1a45824876,6025ab73-125c-4d25-b0fe-2e3d1466ed54,de43bee9-ba08-4d44-a482-1630871b626c,ACTIVATION,2026-08-24 22:24:22,False,False,2026-08-17 22:24:22
6906be3f-0b96-4912-aea4-4db394be654c,da0ac658-e78f-49d6-af77-42506e2cf765,d653e263-e6d7-46f6-9c54-eb316bed19af,ACTIVATION,2026-08-24 22:24:22,False,False,2026-08-17 22:24:22
602b96f9-ca09-4466-90c6-3315a3e82331,6c896e63-5a30-47ff-8390-b2ac6a6ac9a2,57914448-bc6b-4ced-9112-d02178071088,ACTIVATION,2026-08-24 22:24:22,False,False,2026-08-17 22:24:22
658d04d4-34b1-4dbe-988e-82c349c7dc39,750e98b4-cc93-4d80-b2f6-22a90f7bdb0f,3e6d5bd6-70f5-4108-9e18-b6ba3db12504,ACTIVATION,2026-08-24 22:24:22,False,False,2026-08-17 22:24:22
e24e500c-1c11-4e5a-9cc8-bfd4ec95f09e,a9f0707a-4889-4531-a03f-cc4ca8149973,a8ce04c6-49a8-47d5-9970-72266f36e4a3,ACTIVATION,2026-08-24 22:24:22,False,False,2026-08-17 22:24:22
8fad64fd-b374-4080-af3e-718b72b29935,40391f69-1259-4ddb-8c14-79d21280af07,9bd66997-51dc-48fd-922a-a7043198fb3d,ACTIVATION,2026-08-24 22:24:22,False,False,2026-08-17 22:24:22
12280097-60c3-4307-8f2a-6dfce7fda8f6,a66fe9c1-c10a-4010-b840-5eb9e2b72118,934f98ac-9393-434f-a728-5ff777747737,ACTIVATION,2026-08-24 22:24:22,False,False,2026-08-17 22:24:22
21d1944a-86c4-4b71-82de-0edab9060740,826f78e5-d104-471b-99fc-738cdc73a7d9,df12e570-5651-4c33-a3f6-12e76ebda876,ACTIVATION,2026-08-24 22:24:22,False,False,2026-08-17 22:24:22
8bb63879-191f-4205-9b46-52d4878c625e,86bc8b17-c1f2-40b7-96f2-352d1f4fa73f,fad934e5-2d5d-4b71-9ce8-023b2ff00de6,ACTIVATION,2026-08-24 22:24:22,False,False,2026-08-17 22:24:22
8ee09385-fa04-4e70-bb4c-9a4bbd73d412,3042dad1-07c3-4640-bd1c-6eca5e6b8326,71847a3a-5b87-4448-892b-270323fdd277,ACTIVATION,2026-08-24 22:24:22,False,False,2026-08-17 22:24:22
7a41d158-132c-46b6-af69-ebdfa82cf3b1,73148aaf-f5f2-47ea-bf23-2f2ca86f1b22,7ab64752-2489-4e76-8144-6fff2a01fe11,ACTIVATION,2026-08-24 22:24:22,False,False,2026-08-17 22:24:22
738e1810-65ec-4fd3-a379-95504e41328d,6ca8a527-3ef3-4102-87e6-97df60dbf559,d1495e84-3493-44a3-94a9-16619a11c1a6,ACTIVATION,2026-08-24 22:24:22,False,False,2026-08-17 22:24:22
91cbce9f-5f32-4668-97d4-dc802f86ffc6,4f2f7aab-369e-4dd6-926c-6843be16fe34,15936430-671f-46a1-a839-0a899659b948,ACTIVATION,2026-08-24 22:24:22,False,False,2026-08-17 22:24:22
b8a2c71a-8dfe-4947-95f1-931dcf9e95cf,797479d1-6032-4ffb-b794-c8ba73798781,1101b3c2-ec14-43f6-8f90-88383d7217d9,ACTIVATION,2026-08-24 22:24:22,False,False,2026-08-17 22:24:22
c5ea9ce2-385f-4018-87b1-8d1249c406b0,a726ddda-f545-443a-80f0-189576a66803,ca27e8c6-d1cf-4169-94db-50b7e2649169,ACTIVATION,2026-08-24 22:24:22,False,False,2026-08-17 22:24:22
7308f877-4d22-4801-93cf-4e102c0bd7aa,68030f6b-6ce9-45e8-809e-a70b56ea2d94,2e078f49-7c48-4020-b124-46e985a37e94,ACTIVATION,2026-08-24 22:24:22,False,False,2026-08-17 22:24:22
a1cb164f-fcf5-4d93-98dc-a8f1f796c082,2712086a-5cd1-4946-a94f-b31c9eb0f7ed,f9dca8f0-5763-4857-bee2-12f627bf1a3a,ACTIVATION,2026-08-24 22:24:22,False,False,2026-08-17 22:24:22
11544bd1-435c-49cc-a3e3-e9a665334811,c292d16d-01b3-4370-bb45-e132bcee8d80,4709f06d-9ce3-4f33-802e-90e9493d500b,ACTIVATION,2026-08-24 22:24:22,False,False,2026-08-17 22:24:22
6b2758d3-125a-498b-9f94-86bf780d7ff1,ecd33f56-f13f-4d55-af30-595cc25c2357,08cb7887-c641-4e92-92c1-5c415f47e0dc,ACTIVATION,2026-08-24 22:24:22,False,False,2026-08-17 22:24:22
ac84ccf6-2e11-4c25-9a92-624898cff6e4,e38ba093-9c66-4173-9e0f-b1fc8e4c79bb,ef9e4097-eec3-4599-80bd-d95d4881355d,ACTIVATION,2026-08-24 22:24:22,False,False,2026-08-17 22:24:22
c8cbce0a-d81f-4536-8670-f9bfb464d585,a503605e-a492-4a8a-8fd1-e07815e392ff,d4e6c5ca-91e7-42fe-82e5-1f1bf0a2acb9,ACTIVATION,2026-08-24 22:24:22,False,False,2026-08-17 22:24:22
af4e0d3d-0691-49ed-97d2-79c1bc78d351,bb124202-aa2b-49b1-94dc-23f625cdaff4,c8894005-6243-43b2-89b8-d1011ab0d297,ACTIVATION,2026-08-24 22:24:22,False,False,2026-08-17 22:24:22
25b4b8ff-e68f-4f47-904c-fa7e88edf76d,0a950a8b-8231-4f63-a3b7-0ff1e3363d19,25aa9819-2216-4d91-92be-bb6e135b43a2,ACTIVATION,2026-08-24 22:24:22,False,False,2026-08-17 22:24:22
b03dd283-1088-4213-89ee-2fdc78732ece,b7731948-e2f2-4781-a5c4-8dc148398eb1,8635d908-66dc-40e7-85c3-df5e28259aab,ACTIVATION,2026-08-24 22:24:22,False,False,2026-08-17 22:24:22
9621182d-4b1c-4dcb-8aa2-e14cf8226a2b,07ca0e90-250d-42ee-92ad-8bf627f5b880,7e81e165-9cf4-482c-ba82-33cbaa26ac46,ACTIVATION,2026-08-24 22:24:22,False,False,2026-08-17 22:24:22
351c870d-354b-4f1e-b5c4-4cf9e150e08e,9aeffe3d-478c-4740-ba99-d1eaa970cb7d,3af25d18-1027-40b3-bb91-37d6929812c9,ACTIVATION,2026-08-24 22:24:22,False,False,2026-08-17 22:24:22
a17b1a38-6da7-4586-b517-f023daa6898b,1505ef56-a2e9-4b9a-80b6-b13ea48a7c05,2d570035-dcea-4879-bda3-ce665a9a5e32,ACTIVATION,2026-08-24 22:24:22,False,False,2026-08-17 22:24:22
b608022d-c853-47a8-8aef-9c095901d34b,2a82e7d6-4d33-4e2e-a033-f283368b2ba5,eca0a71b-8f73-4190-850a-70c22c155743,ACTIVATION,2026-08-24 22:24:22,False,False,2026-08-17 22:24:22
da4864f5-6c11-4bed-8079-6bcd00d64363,4eda40c5-76c1-4291-9432-b7d07b7711b5,6b3fc740-2218-4552-a191-31fc697d1cd3,ACTIVATION,2026-08-24 22:24:22,False,False,2026-08-17 22:24:22
bfc95895-9dee-461a-a741-f8b7da473bf5,3fb76bdc-da26-40ac-abd8-b1c169e50977,6bd62f32-34d8-4efc-b109-9e98d3d956ab,ACTIVATION,2026-08-24 22:24:22,False,False,2026-08-17 22:24:22
f65c90ad-bcfe-4639-9d83-50ee7392c09a,ef7b4576-b4dd-4c93-adc9-ae967b63e8f4,74d184eb-caa9-425b-a0ca-3bac34997e33,ACTIVATION,2026-08-24 22:24:22,False,False,2026-08-17 22:24:22
ec159030-8d6b-4c09-b27f-02bc2ad27881,666d8798-eb97-4ef8-b3a3-aee11fdb683c,0e9eefb5-ab7c-419e-aa19-8884fc149d5c,ACTIVATION,2026-08-24 22:24:22,False,False,2026-08-17 22:24:22
a747d80b-8055-4dd8-af6f-7c6dae95bf71,88ea1e24-68b9-4a76-a30a-22b4e827fbee,a8b21726-dc79-4869-bd80-e35a0de9016c,ACTIVATION,2026-08-24 22:24:22,False,False,2026-08-17 22:24:22
a8c77c46-4665-4025-aa8a-dfbc782db4b6,9d1db9d3-124a-47b9-a95b-18e290f09785,57b4e21b-eeef-4afd-be6b-d96f235c2b03,ACTIVATION,2026-08-24 22:24:22,False,False,2026-08-17 22:24:22
05313941-57ce-4d8c-b876-c1c7020972df,ff2374d8-b5da-41be-8113-8bec557ab95f,e031d5f4-56cc-4c6c-84de-fef51fef1e40,ACTIVATION,2026-08-24 22:24:22,False,False,2026-08-17 22:24:22
16af5036-a90e-4f4e-8b35-8ee4d6b158c8,a20f40cc-87c0-40f2-ac18-99e7b6d7d56e,b378533c-e7af-4b75-a971-1e73c6b33db2,ACTIVATION,2026-08-24 22:24:22,False,False,2026-08-17 22:24:22
0f78770a-2453-469e-a3a4-6f2d942e789f,e7d6cfe0-3b7e-4918-8a83-893293145bec,65fd53a7-51f5-429e-a8ec-4dad1b82bf0c,ACTIVATION,2026-08-24 22:24:22,False,False,2026-08-17 22:24:22
7917fa33-cf54-489c-8dcb-263db8fb7400,04b3ea93-f11c-44d6-9fc9-4a2759236ee7,a392eb9d-e44c-4f75-8306-af97aaa9c9c3,ACTIVATION,2026-08-24 22:24:22,False,False,2026-08-17 22:24:22
03bcb57d-a4ec-4bcc-aaff-b3bf245db9be,1a3ce86a-ccb9-4d0b-a727-902135961d3d,eb06761a-7541-481c-b922-adb0ea3b2599,ACTIVATION,2026-08-24 22:24:22,False,False,2026-08-17 22:24:22
72b81496-26c7-43b5-afd8-0f970eb9fa4a,9d28d25a-9a23-49f4-bb27-aaf32a1eff2c,7a1721a2-3748-4b28-a9db-f59daf757898,ACTIVATION,2026-08-24 22:24:22,False,False,2026-08-17 22:24:22
d46dddff-66fe-4567-9aac-b79dc8830669,a00a6b7f-4bed-4521-9fe9-fcbc93ce10f9,b8a34805-fe0a-4bc2-8f8b-d46743d9da86,ACTIVATION,2026-08-24 22:24:22,False,False,2026-08-17 22:24:22
04b9a7d3-4175-4d7c-bcf0-05a01845164b,6472b55b-3676-439c-8e87-4467deacd823,aa77acac-4b9c-4ebc-a7c7-7ee09a1723c3,ACTIVATION,2026-08-24 22:24:22,False,False,2026-08-17 22:24:22
63c9225e-11e4-4981-91b8-0ae1b1a9628a,41c6a314-fed1-4c7d-b04f-0864c9a5ae29,ae9a5ec1-de51-4c49-9985-f4e826606548,ACTIVATION,2026-08-24 22:24:22,False,False,2026-08-17 22:24:22
6f6e89b9-d60d-4f3b-90cb-12f37231ac03,45ec9e07-5c83-46d8-9b98-71392f786d15,54cacccd-ff4e-409a-a89a-2eb8613b42ff,ACTIVATION,2026-08-24 22:24:22,False,False,2026-08-17 22:24:22
26d89e6a-f421-4f41-8e0b-d4aa69556fd8,608de855-ef44-44e4-945a-59d2b3cbdc1e,2fb53566-d3ef-4100-9375-392d7b4f8df3,ACTIVATION,2026-08-24 22:24:22,False,False,2026-08-17 22:24:22
5d74aa15-40e9-4932-abc9-df2d9077be8c,e151a2ac-2b47-4a3d-b482-2056e610fd5b,247099ba-14c4-48ee-b9a9-3c7f31ed68cf,ACTIVATION,2026-08-24 22:24:22,False,False,2026-08-17 22:24:22
cc15d182-a8d6-48c6-ae0d-cc4fbe811c17,1c6c5fda-4586-456b-a561-748579956a97,6da65412-7bb0-4523-b55a-db03dca0caa6,ACTIVATION,2026-08-24 22:24:22,False,False,2026-08-17 22:24:22
c2becf1b-4403-42d4-8541-b6ea78ee24d2,6dc28b1f-d89c-4826-95f3-e05525cdacc9,c818d9b3-f5f9-46c0-b1cd-6c7a8e4ffc4c,ACTIVATION,2026-08-24 22:24:22,False,False,2026-08-17 22:24:22
7d55e265-9e2e-4e5e-b380-90825a8c9b78,c8e6ab0b-d14b-4cc7-9f55-30143e8cfc51,c0834331-ddf9-4f38-864d-9f80c34c1eea,ACTIVATION,2026-08-24 22:24:22,False,False,2026-08-17 22:24:22
a1ed6168-48a2-41ba-b789-559ed9e39078,3a75163c-dd1b-419e-9248-599d50d620bd,c8ba1d11-395a-483a-9bdf-43b2e859c1a6,ACTIVATION,2026-08-24 22:24:22,False,False,2026-08-17 22:24:22
d9481cf8-1c2e-4147-8eed-1d903d809b8f,bc5a63cc-cac9-4ec6-9148-c4a8e1f1b7a9,e482251c-e30d-4978-8062-085022a37711,ACTIVATION,2026-08-24 22:24:22,False,False,2026-08-17 22:24:22
70957f89-c15e-4bd7-9153-1489bf2a7f72,95d3f1f9-7e39-4d1a-957d-67279353b69e,30eea51e-554e-46f0-864f-e6c82423e5dc,ACTIVATION,2026-08-24 22:24:22,False,False,2026-08-17 22:24:22
76a8b0e5-c514-4186-9867-7b2a543b2758,47197cf6-3016-48d8-8b75-5e2c2aff3cb8,773e51e0-5cf2-48d6-8338-1f350eec0036,ACTIVATION,2026-08-24 22:24:22,False,False,2026-08-17 22:24:22
5c085e66-1c5e-4163-b362-eb166a4cc7ac,2c2414ae-92e5-4327-adc1-b6c5d77d5f34,48bf0117-a894-4f8e-b80b-67de7bd0e447,ACTIVATION,2026-08-24 22:24:22,False,False,2026-08-17 22:24:22
d2fda434-ba11-4136-b8a5-42d39c890fee,992cb577-6627-4d85-bffd-8acce0871622,6d86b01b-b4e1-4a02-ac69-4586d424b700,ACTIVATION,2026-08-24 22:24:22,False,False,2026-08-17 22:24:22
799dfdd8-fed1-45f7-a867-b7da139da942,028ac8ea-c231-48a9-ba43-7835b167f223,0c25faba-8f89-4f57-b12b-3cc97ced00d1,ACTIVATION,2026-08-24 22:24:22,False,False,2026-08-17 22:24:22
71a93bbb-6e83-425f-9999-844be99aa8f0,00167aa5-678d-4ecf-b69a-2abcb506f29c,78c82ea5-56ea-4dad-a688-16ea40a5b777,ACTIVATION,2026-08-24 22:24:22,False,False,2026-08-17 22:24:22
ae3ddce8-9025-4be7-b798-864e82f5f29e,0a749e02-c4fe-445e-ba77-a9cec3d285d1,b3d823b2-c117-4ee2-8f47-7ae8b960dbfe,ACTIVATION,2026-08-24 22:24:22,False,False,2026-08-17 22:24:22
7977c006-3dd5-4b56-bda5-cea11cd68337,94bf05f0-0b27-400c-a84d-0c79468d2df5,64eb42a6-51bf-40e1-9f5f-e290477cc258,ACTIVATION,2026-08-24 22:24:22,False,False,2026-08-17 22:24:22
d5bdbede-66bf-4853-b9f4-c9a1cfa27c8d,87489822-28e1-4cf7-914d-ccff69919271,5a359670-15c6-4c43-a58b-3a1652951523,ACTIVATION,2026-08-24 22:24:22,False,False,2026-08-17 22:24:22
e4ed981d-1595-435e-9141-6e3cf09ca0db,3e3953c8-7194-4bb2-8d19-e44f84f6f231,cc432374-9558-43ba-9167-967d3f984554,ACTIVATION,2026-08-24 22:24:22,False,False,2026-08-17 22:24:22
cc502413-5f83-499c-8bea-11fa795e3500,f195742f-0d89-4923-afc2-1c29d84a9f23,1c99ad08-ffac-4dba-8b05-9a53653052e2,ACTIVATION,2026-08-24 22:24:22,False,False,2026-08-17 22:24:22
474fb9c7-a1f0-4b88-8788-78456d4ace16,00003780-9bfb-4b79-ba4e-b3fc250a78e2,4bb5ce67-382b-4e46-88f9-1106907445b0,ACTIVATION,2026-08-24 22:24:22,False,False,2026-08-17 22:24:22
cf395e97-304f-4e2d-9d68-4d1178469571,3bce036a-9cb1-4249-9cad-4d2e832e0509,6d708f44-1835-4a24-88ff-45bb00547b5d,ACTIVATION,2026-08-24 22:24:22,False,False,2026-08-17 22:24:22
522d75ca-ec0b-412d-889a-ec4fa8db010e,3fbbd1aa-391d-4077-b181-c7a3bdcd35eb,0937c305-7de4-4ec9-b8dc-016604c4c9b1,ACTIVATION,2026-08-24 22:24:22,False,False,2026-08-17 22:24:22
42e02801-694f-46ea-9c4f-0c3842731dc5,b97f325d-e9ac-4dd8-90f1-318362e34f34,3d1e92e2-3365-4a87-aaa7-5777fd9de198,ACTIVATION,2026-08-24 22:24:22,False,False,2026-08-17 22:24:22
ef692096-3a2d-4c72-939f-a3a257e12b3a,24dfedb2-a80f-484c-a3e0-feb8d76ebfa1,95d8ff0a-4889-4f82-b585-8f23fc9204c7,ACTIVATION,2026-08-24 22:24:22,False,False,2026-08-17 22:24:22
3174c3f9-3e94-4810-8e6f-4e8a80b3c226,c49a7fb5-b037-40e1-b205-9b22f8bd7b62,535918bc-b755-4d1b-a149-4e712cbab662,ACTIVATION,2026-08-24 22:24:22,False,False,2026-08-17 22:24:22
2738c526-15c1-4807-b529-887983a89a0c,a88f6227-366f-452a-b5bd-17e9d3f7c8cf,bade862b-7e75-4dd2-864c-d1ee1158a292,ACTIVATION,2026-08-24 22:24:22,False,False,2026-08-17 22:24:22
011222a5-8520-42fa-a53f-74f3747d225e,93a11ab2-f959-4dbe-9683-650536ff2464,6fc6392f-8b2e-434f-9243-5b1d1dd01b22,ACTIVATION,2026-08-24 22:24:22,False,False,2026-08-17 22:24:22
3bc4af41-2ede-4ab0-b143-fab62a13ad89,301fccaa-2b0e-425f-9305-8054c1f16cab,18aeca5e-935d-4037-8acd-2355b0f7e60c,ACTIVATION,2026-08-24 22:24:22,False,False,2026-08-17 22:24:22
bb077307-a6a4-4f11-9ff4-9002b8476920,7535c77f-e26b-4a17-ac53-827ec50593d5,3262cee1-28c6-4ee4-b31a-82dd78ec0a8d,ACTIVATION,2026-08-24 22:24:22,False,False,2026-08-17 22:24:22
ae641662-e06b-48d5-a8c7-2216e0058fc7,1ffd5e13-f0da-4590-8e21-7a6aa1533a1a,a401f716-889f-49fa-9edb-a9d2872d528e,ACTIVATION,2026-08-24 22:24:22,False,False,2026-08-17 22:24:22
bbe537ce-197b-422b-89f1-3aa5192570bf,6eb04b81-2f48-4ead-917e-66d190f93010,ec1afc6e-5ffd-482e-b15b-f531c0467842,ACTIVATION,2026-08-24 22:24:22,False,False,2026-08-17 22:24:22
f4a0dbfa-253a-4a19-83bd-23a91a4fe3cb,53cdeb7d-bb22-4ff8-a74e-61d8587a8cbb,8e977b47-4980-4ae3-939a-60635c750f80,ACTIVATION,2026-08-24 22:24:22,False,False,2026-08-17 22:24:22
b34c6cd5-695e-4eac-93f2-f82c8f44c33b,c46c4090-2f44-4b87-845d-f77249d94f14,5f7f523f-ba70-42f9-bf45-e59c436818a1,ACTIVATION,2026-08-24 22:24:22,False,False,2026-08-17 22:24:22
5e5cbce3-aa98-4f41-987c-d642cfc287e6,07199f21-55f0-4daf-8dce-890503712044,08a100b8-2b47-4652-8624-44a61a697ffd,ACTIVATION,2026-08-24 22:24:22,False,False,2026-08-17 22:24:22
e4c2f6ce-18bc-40ce-a347-a9897fe3cbff,a6209fa3-0e43-4ec0-813f-8c1f5a4294e8,c0276a63-a94d-4e2f-a6d4-419377f23931,ACTIVATION,2026-08-24 22:24:22,False,False,2026-08-17 22:24:22
b1eceb64-4576-4a58-8ce0-c131e8a77f82,ae0bc998-1473-4584-b59e-39ffc43194f2,2a6c6e4f-0b47-4d8a-8453-49bd0c697e4d,ACTIVATION,2026-08-24 22:24:22,False,False,2026-08-17 22:24:22
6d5bbe94-d5e5-4617-936b-f101fd999e5c,40c8c82c-b6e6-4b6f-b75c-4dda6fd693e8,032fcade-5109-46bb-9e38-e9356c49febf,ACTIVATION,2026-08-24 22:24:22,False,False,2026-08-17 22:24:22
0feb20de-3611-4240-a289-7af7393a72ac,5dbd551e-a213-4052-8ca1-bb7a7f5890e0,93cb6f42-c4a5-4e65-ad0f-ae19e660e6af,ACTIVATION,2026-08-24 22:24:22,False,False,2026-08-17 22:24:22
15ec7274-7747-46d9-ae5a-00639ff425fa,b97f7701-33c8-400b-b3f7-08c3fc60f79c,4710c8fd-82ef-4569-bd0b-f05e3018d2aa,ACTIVATION,2026-08-24 22:24:22,False,False,2026-08-17 22:24:22
312d2a2a-7eb7-4dff-9447-b34817e3895b,1dd465aa-08c7-4813-8b92-4e7e80ca3b7f,5cd69e72-3520-4815-bb13-365fc20389a5,ACTIVATION,2026-08-24 22:24:22,False,False,2026-08-17 22:24:22
54d3ed05-745c-4da8-a3d0-6945165a98ad,efeffdd5-176a-4410-b03b-56f7549cae57,c2c353b1-8f21-42a8-90b8-0a43bf117fe0,ACTIVATION,2026-08-24 22:24:22,False,False,2026-08-17 22:24:22
214f2c48-a791-406e-ae29-b15f8dbaa8b2,c084a25a-3149-47f0-9fbd-bfc7e0b70e24,cd41bffe-62fc-4a4f-800b-598f29dcbe72,ACTIVATION,2026-08-24 22:24:22,False,False,2026-08-17 22:24:22
4c8be305-72b6-4b71-8fbc-bc2eb622bb11,e9b4e983-d2b7-4165-b00b-064ae123bda0,88d06473-649e-44e0-9442-d41c73d251a4,ACTIVATION,2026-08-24 22:24:22,False,False,2026-08-17 22:24:22
baf5eb3f-1113-4df6-a234-82ff811c4d49,df7f0535-c2c7-4792-9403-14790cd4358c,255061f1-ed8c-416e-95eb-a8ad5d8b743e,ACTIVATION,2026-08-24 22:24:22,False,False,2026-08-17 22:24:22
84213f8d-6cf5-4c40-9593-5128a8e2ae6c,c1b791a4-c26b-46b5-95ed-dce1f3a07cbc,c629dc42-ac92-4140-90ad-390ff2e4a455,ACTIVATION,2026-08-24 22:24:22,False,False,2026-08-17 22:24:22
0df00ae0-efca-4b0c-bdd0-34081f9e07e0,69f7c241-d7b1-43c6-a037-abe5d3586cea,6f17ceed-b4ba-441f-b5f3-b5ebb696e3ea,ACTIVATION,2026-08-24 22:24:22,False,False,2026-08-17 22:24:22
d6df2e7a-2ab9-421d-a184-1d48a31e72c8,652b3f78-4a6d-4598-b50c-64ed6cb311ce,04493b8a-5cde-40d8-a24d-fb9c06b7d715,ACTIVATION,2026-08-24 22:24:22,False,False,2026-08-17 22:24:22
829842ed-6e35-487a-b99b-21be83cd3296,5fb14554-1663-49da-8016-5b864d2fd0cd,f7ff92b9-611f-4fb2-b806-6b274669c1c1,ACTIVATION,2026-08-24 22:24:22,False,False,2026-08-17 22:24:22
50f54f29-bd58-49f2-b35d-0c82d3fe2b62,8bb049d7-079f-41a0-99c8-2f8827847386,0e58c53d-7b57-467c-a693-ad3efa51d275,ACTIVATION,2026-08-24 22:24:22,False,False,2026-08-17 22:24:22
edfbc0aa-2d70-4e55-bd90-c752c0544a2d,4a0ea221-d978-43f1-9d96-450684bd40d9,d964aa63-f9be-4d49-9212-b476c398a85e,ACTIVATION,2026-08-24 22:24:22,False,False,2026-08-17 22:24:22
7642cfc2-d929-41ec-96b7-a57e8e456cae,01538d03-40ad-492f-8088-2b342bcb394f,0999fa33-027c-4f4c-b4dd-6648f830ec89,ACTIVATION,2026-08-24 22:24:22,False,False,2026-08-17 22:24:22
6b8ad8a6-f155-48dc-ae72-0ec1606dd59c,c87d098f-e477-4db6-b0e9-63250edc2426,d845421e-7db7-4a02-8abc-66bf0311b880,ACTIVATION,2026-08-24 22:24:22,False,False,2026-08-17 22:24:22
cebdee45-e326-40c5-8e20-0b5d1bf6146a,ccd76b0d-227b-4539-aaa8-15c31c7a6f47,fa0affdd-50f1-48d2-b55b-15852c6fe017,ACTIVATION,2026-08-24 22:24:22,False,False,2026-08-17 22:24:22
54c324d3-c127-4071-ba83-9a5b8e98a719,324e4e00-45c9-4fde-b614-c3e29693602f,41cb3611-c142-4a8f-a1d5-eba9558b6d76,ACTIVATION,2026-08-24 22:24:22,False,False,2026-08-17 22:24:22
ba493c61-7130-42db-a857-3657aa91387f,8b150477-0476-4059-85fb-a5c46399b56d,dd413242-2d1d-4332-b0b1-d1cf267fd001,ACTIVATION,2026-08-24 22:24:22,False,False,2026-08-17 22:24:22
84df8585-16a4-4568-ab7e-34c0408bc298,8bb81abc-308a-440d-b738-d61c92924e80,8403a548-2d84-4c35-8e93-f6cb428f12f5,ACTIVATION,2026-08-24 22:24:22,False,False,2026-08-17 22:24:22
5e6f0cfe-7000-452a-9249-1c07f3b22672,e621bdb1-f4c8-4239-92f5-e8d96eef71fd,c831031f-fdb4-43a8-bdd9-01beabdd6046,ACTIVATION,2026-08-24 22:24:22,False,False,2026-08-17 22:24:22
4f916d0e-e487-494c-9800-2e10d71ce749,1242dd20-d5d7-420c-94cb-4d628ca6dfd4,44696a0e-fb24-4252-8bd4-7e51221d8f9d,ACTIVATION,2026-08-24 22:24:22,False,False,2026-08-17 22:24:22
2f11449c-bba7-4fd3-993f-ffd8ee3409a0,5ab7e339-0686-4504-b970-cfb978febae8,6d6798c7-e346-4c32-bdb7-49a71b52feb7,ACTIVATION,2026-08-24 22:24:22,False,False,2026-08-17 22:24:22
a5bd68f4-bcbc-466f-896f-965c2cec0439,2dafa7f1-2e97-4dde-9fa3-85b50456da65,79dabc2a-4e4e-4c8f-b4e7-95f9794318d1,ACTIVATION,2026-08-24 22:24:22,False,False,2026-08-17 22:24:22
c71c5ec3-aee1-4497-b770-cb493ffa5766,f5dd43ec-50bc-482f-a434-3641121a92a5,4b9c921b-9e86-45be-8ce4-40b8485c3029,ACTIVATION,2026-08-24 22:24:22,False,False,2026-08-17 22:24:22
9dfa320e-2378-470e-8a14-ef2f7415bb51,706848f2-1dc5-4fe9-b520-f50a0fcf3e68,3a5f8659-ac00-4157-8760-416cddf9b79f,ACTIVATION,2026-08-24 22:24:22,False,False,2026-08-17 22:24:22
98868dfc-ba78-4e26-adcd-5d4c0fa64c98,be3fe6e2-6b7a-42d2-a49b-fcadda977e0c,c04dfa6b-0118-4905-a732-e2938c5584bc,ACTIVATION,2026-08-24 22:24:22,False,False,2026-08-17 22:24:22
b2418c09-5bb0-45cf-aa13-9d8298ac8d58,73d6b7a6-ec77-49a3-bfcb-18113877ca8f,90156859-a4e4-4a79-86aa-5bd03b97c13c,ACTIVATION,2026-08-24 22:24:22,False,False,2026-08-17 22:24:22
f0c5b056-dde4-4207-8a46-e89b5b25fe59,89b8e960-febb-4576-9259-cb17cd83783e,eb161335-6a1d-4b1c-9a87-693b5f997605,ACTIVATION,2026-08-24 22:24:22,False,False,2026-08-17 22:24:22
96210530-d0a5-4ca7-936b-43ac36e38496,9dcefebb-123d-4c1f-9e77-9ed7cf7996da,403fc318-8645-424e-b0be-193ea5ce1a73,ACTIVATION,2026-08-24 22:24:22,False,False,2026-08-17 22:24:22
8d028290-f264-4050-9142-824651246bc2,067a280b-2f8c-47f6-b3fe-1c64a4075afa,0594ded2-474a-4fdb-a93d-b46abd2ba2ac,ACTIVATION,2026-08-24 22:24:22,False,False,2026-08-17 22:24:22
068e04ec-9df3-4317-8749-1b3e8d3e500a,3c82e3fe-215e-4ffe-b7ed-9e3432cce977,c2f297a4-525c-4ede-b89c-b7eb6b580698,ACTIVATION,2026-08-24 22:24:22,False,False,2026-08-17 22:24:22
905da2db-5bdb-43f3-872f-f02356a8d7bd,f937a604-3390-43b5-93b5-9d077bc79a3a,87e9be07-e2be-4cf8-a4c6-c809e8508e8a,ACTIVATION,2026-08-24 22:24:22,False,False,2026-08-17 22:24:22
4c827b3d-653f-4aa9-b2c6-63c1f54a4038,6591d099-afaa-4193-86b6-c9bb5f40e824,a9d04b10-1d71-41e3-b7a3-195d4b402eba,ACTIVATION,2026-08-24 22:24:22,False,False,2026-08-17 22:24:22
dd6875bf-ff28-490b-80cd-97adf9d75604,d1783b95-83c5-40fc-b972-9d1db4ed2f89,3fe79b6d-54c5-43ca-b1ce-07d29325fd9a,ACTIVATION,2026-08-24 22:24:22,False,False,2026-08-17 22:24:22
6b8eb205-5875-4595-acef-0095ee0e70ad,81b90e27-c04b-4caf-81d5-8f47f4fee404,2b9119ee-15aa-419c-99e2-ecf62b96a5b3,ACTIVATION,2026-08-24 22:24:22,False,False,2026-08-17 22:24:22
15a4eae2-bb76-4014-968e-973384d8e5f8,4d3cac83-9b50-4a82-8462-0b10fefc2d4c,2f7d28d0-90ea-488a-b9a3-ed2db60f46b3,ACTIVATION,2026-08-24 22:24:22,False,False,2026-08-17 22:24:22
8e6e3541-ef50-4e6f-8996-0eef27a5faa9,0ff0b9f9-a349-4253-b924-8c1eb536e7cd,b8573388-7460-44c9-b0a4-e7f61b39f29c,ACTIVATION,2026-08-24 22:24:22,False,False,2026-08-17 22:24:22
0f2fdfa4-17e1-4f8f-bcfe-f21ef2f1d7fa,6d37ba44-afa9-44f2-baaa-0857d36c0435,5f8463eb-9465-4ef0-b76e-b95eb35a0ee2,ACTIVATION,2026-08-24 22:24:22,False,False,2026-08-17 22:24:22
00200fc8-55ae-4420-b538-fd17b36e1e95,1e32caa6-fda3-41da-978c-e2c870056d33,d1644c4a-d8f7-4ea5-8ee4-b6cf1f8fdfbe,ACTIVATION,2026-08-24 22:24:22,False,False,2026-08-17 22:24:22
b39863be-34ba-4c5b-9983-156e062d99a3,fc28b9f4-4023-4bd1-b806-23cca0ab44fc,4f229aa2-4ab2-4600-803d-019d2188886e,ACTIVATION,2026-08-24 22:24:22,False,False,2026-08-17 22:24:22
5057cfde-3067-44f7-949d-fa8282c7d262,d2246998-54eb-4427-83f8-2aa99ef6dc0e,9c83059b-036b-42d8-b220-80ffab660523,ACTIVATION,2026-08-24 22:24:22,False,False,2026-08-17 22:24:22
8e7c727f-0b9c-4244-a35a-6ddd6b91549d,572a8bec-5e38-425c-9494-f80be27ec61c,a0403592-c86e-4aff-a692-3eefdd3a20b3,ACTIVATION,2026-08-24 22:24:22,False,False,2026-08-17 22:24:22
1c321471-c61a-4bb4-82b3-a143cd70658c,1eb72b1b-342b-407a-90df-40f79e26b0ea,35a2e086-c075-40f0-8613-63a04d2bf603,ACTIVATION,2026-08-24 22:24:22,False,False,2026-08-17 22:24:22
caa6be2f-0dfd-4bed-b602-70a9bf909c2f,9a709a0e-2122-4a35-819a-7cf40b52545d,6af70f43-d305-4fec-9b35-340c72f9ef93,ACTIVATION,2026-08-24 22:24:22,False,False,2026-08-17 22:24:22
f1248b94-0b6a-4480-91db-1042523e0dc4,df24217a-1bee-4925-94b9-dc41deb9bab4,31b032fe-9974-4701-9aa1-c6cbd462667a,ACTIVATION,2026-08-24 22:24:22,False,False,2026-08-17 22:24:22
6e492030-6c6f-48b0-a9ec-37d844e2bd57,9bbf9f1f-088a-4db8-8f69-5b28972b42cb,5d054af9-8aad-4a69-8cb8-e19c56f00bad,ACTIVATION,2026-08-24 22:24:22,False,False,2026-08-17 22:24:22
8e5f8be4-9db3-4bc1-a2fc-f6f3549840b3,5529f6fc-0be8-4171-962d-d537ee1ebdc3,afd73f05-97ee-4317-97e4-5b5602b49f50,ACTIVATION,2026-08-24 22:24:22,False,False,2026-08-17 22:24:22
eb4aaa08-1913-4df6-8c83-2ce0aa0a2bca,99fa46c9-5e7c-4a1f-b49a-a7a80b8397d4,d9087e77-7ca9-4e84-8671-75d507e530ae,ACTIVATION,2026-08-24 22:24:22,False,False,2026-08-17 22:24:22
cc3a7269-d56a-442b-9422-4dd4cd1cc653,359569e2-ae81-4274-942f-86db7b6950ad,4c811c17-0785-4f59-b322-6e7ac02bf9c9,ACTIVATION,2026-08-24 22:24:22,False,False,2026-08-17 22:24:22
32f0b1cb-a506-4bbb-bfe0-eb870dfff89a,e82577d4-22f3-4e50-8dbd-8f739431a409,340af734-d846-49d2-a3cf-fffcfccbf444,ACTIVATION,2026-08-24 22:24:22,False,False,2026-08-17 22:24:22
5594a809-4b78-4edd-869d-6e15d6017c8d,d9c0b089-7323-4b76-8264-bdfebdffbfdc,85509450-02c1-4a3a-806b-eeff8e60ae6b,ACTIVATION,2026-08-24 22:24:22,False,False,2026-08-17 22:24:22
db1bc56b-37c2-4ce3-89c0-52f72217a4d9,c9364d76-0a6a-4b95-a749-9453b73efb76,366f11b0-fc09-45db-8623-4ec6b657450c,ACTIVATION,2026-08-24 22:24:22,False,False,2026-08-17 22:24:22
3c9bc5dd-5518-424a-973f-05a146696a93,cb8fc046-21dc-4f9f-9232-cd802a93907b,df2dc142-9055-44d9-8bff-1ea41dfa5c2d,ACTIVATION,2026-08-24 22:24:22,False,False,2026-08-17 22:24:22
ec2d1b56-dff8-4e98-a67a-e59c4d8df879,12b8f7f4-2dd8-4a05-ac62-5f66257b2604,85dbbf61-cbf5-4e56-8444-0816d220bba6,ACTIVATION,2026-08-24 22:24:22,False,False,2026-08-17 22:24:22
f7397360-0f69-4fe7-ae13-c1d44a54f7ce,06db798f-71ac-4722-8edc-72442ac6220a,fb9fc249-a116-44df-aa43-37175f51d91c,ACTIVATION,2026-08-24 22:24:22,False,False,2026-08-17 22:24:22
45e6c661-b126-4076-8ef2-46f8aa5485c8,fbff3a34-fc19-47b8-bce5-b685eb8873ff,e4a943de-daaa-4074-b255-a9e2655f41a3,ACTIVATION,2026-08-24 22:24:22,False,False,2026-08-17 22:24:22
770df3b3-4385-4aa3-8fca-f26dc88ecbcb,5b21fd76-5922-4900-af94-d285a97e3aca,0a12c0a4-2d88-40db-8d74-618417b34f6a,ACTIVATION,2026-08-24 22:24:22,False,False,2026-08-17 22:24:22
cc1ffe22-3cbd-43cb-b936-152df91809f6,7e885baf-5abb-4a4b-8fad-9d9a333289c5,2cba829c-4c8f-40f4-b377-b5c2238bac5b,ACTIVATION,2026-08-24 22:24:22,False,False,2026-08-17 22:24:22
e31792de-52a3-413d-a4c0-baaa96825758,a275911e-9165-4c58-855c-039f5e4871d5,bb86b979-b360-4191-90b6-fd18a231ea2c,ACTIVATION,2026-08-24 22:24:22,False,False,2026-08-17 22:24:22
a70fd8bc-d917-4cc3-bafd-65ac06201be2,c1058b02-45bd-4ea0-b488-ad5bf753421c,e19d6ff9-81d7-4492-a8dc-ac68673263ff,ACTIVATION,2026-08-24 22:24:22,False,False,2026-08-17 22:24:22
acb2d7a2-c9ed-4572-9170-bb466a1d3b71,ce4a1787-763f-47f7-99da-b3279059fccf,cda3fbc2-dbb6-4b95-a0e8-834eca8360fd,ACTIVATION,2026-08-24 22:24:22,False,False,2026-08-17 22:24:22
64d32575-e3f8-4682-9d62-65cf0abb8332,5ef8ea7e-d59b-4e59-9c31-ceb6685b6e09,bb645db6-b18a-41dc-a8b9-feabf56a7cf4,ACTIVATION,2026-08-24 22:24:22,False,False,2026-08-17 22:24:22
e50c78f5-e469-49f6-b09a-ecfbd32644b3,245f5dea-723c-49dd-83f1-3102f52e43c8,2b359b38-e17d-46b7-b6e9-8242dfc95c14,ACTIVATION,2026-08-24 22:24:22,False,False,2026-08-17 22:24:22
658b2af1-0afd-4830-9b99-536b2da13583,64c775e2-ff80-413f-9a08-0beb638857bb,888efcba-37d3-4b25-a771-7d6aec5bdcec,ACTIVATION,2026-08-24 22:24:22,False,False,2026-08-17 22:24:22
86279627-3ee7-4439-aae1-4a93485eef02,dc3cde11-460f-4a21-bc9e-32197a402834,17ba9f86-9fbb-427a-a8e9-0e047e7a0271,ACTIVATION,2026-08-24 22:24:22,False,False,2026-08-17 22:24:22
4bfef55a-3469-4b61-9ff7-66ac91b53346,38bdd5fe-af8b-470d-bbe2-6f1b8d1388e1,531e1503-ec5d-4c01-ab5a-41781dfc1b49,ACTIVATION,2026-08-24 22:24:22,False,False,2026-08-17 22:24:22
d17a3c1c-26c1-4bfd-849a-4a055199780f,16e6082e-40fa-46da-b1c0-0bea64caf7ee,d9948c67-204b-47f1-9b58-3f6e2d38b8b1,ACTIVATION,2026-08-24 22:24:22,False,False,2026-08-17 22:24:22
f5064d3d-b55e-4d13-b2d1-eae1fe047368,9532ce76-433c-4b11-97f2-17a9f8e3b5b8,2b27ca5a-1509-4267-9745-a3aab1b41fc9,ACTIVATION,2026-08-24 22:24:22,False,False,2026-08-17 22:24:22
06c69a4d-391e-4c25-a2af-7f0360bba0e1,1deb5504-c437-4e1d-aced-7399f94e2af3,18b8b90e-cac0-409d-88bf-8c25aaf121eb,ACTIVATION,2026-08-24 22:24:22,False,False,2026-08-17 22:24:22
d26ceb63-970c-47c8-8970-bd1287705c86,d7345762-6349-40fa-a02f-4a22f3517650,41175537-078b-47d5-b01d-00ddb0ca1844,ACTIVATION,2026-08-24 22:24:22,False,False,2026-08-17 22:24:22
c27db638-4d0b-4d1f-93b6-7ba2571882f2,fb4b5b2d-2fe1-49d4-8016-16b60991146d,8ab58d9a-850f-43a7-8636-6ea849e6cefa,ACTIVATION,2026-08-24 22:24:22,False,False,2026-08-17 22:24:22
51676b14-4bca-4869-bbb3-d16246e83125,a9f9e31e-0fdf-4778-91b1-5035a8192123,27b7879f-e95c-4b8b-96c1-900c7f0d06e1,ACTIVATION,2026-08-24 22:24:22,False,False,2026-08-17 22:24:22
11182783-a7c3-4196-9c7d-490f989d9e36,36cd0578-e06a-4ecf-8917-a09d67f8c8c1,602fc7e0-06e1-40ba-894f-a89e6f69b73a,ACTIVATION,2026-08-24 22:24:22,False,False,2026-08-17 22:24:22
b7d808f6-59c6-4ac0-a113-90827acd7dcb,c02027c7-09f6-48e8-8d63-abd29a4ca681,cbb19601-010f-41ab-a261-cff1bf751ae5,ACTIVATION,2026-08-24 22:24:22,False,False,2026-08-17 22:24:22
bba94945-1235-4b5d-a7f4-20c2f2da34aa,60b78433-a690-44cd-974d-b0a22d315143,1aa2a64f-21dd-40e0-9937-0d5299e42913,ACTIVATION,2026-08-24 22:24:22,False,False,2026-08-17 22:24:22
a23b3bad-750a-4cf6-aca8-198f92c8f540,921ffd92-412a-40e3-b20f-f16638490854,d43a3e0f-7fa4-4334-84c9-06b7459e5ea0,ACTIVATION,2026-08-24 22:24:22,False,False,2026-08-17 22:24:22
d41e347e-fdf5-464c-8765-bb47657bf928,2118e7ac-9921-4de0-abce-ff9b7f83ce4b,2f814117-9576-43d2-bb33-3035ec069cc9,ACTIVATION,2026-08-24 22:24:22,False,False,2026-08-17 22:24:22
5d4f9e63-0cdd-412e-b1fb-f870086fb6f0,d2354866-b8be-45f9-be3e-009b02273a15,14451bc5-80da-41ed-9147-e6d386c72819,ACTIVATION,2026-08-24 22:24:22,False,False,2026-08-17 22:24:22
741472c4-ec74-4967-8882-0f129ab67b60,b049dad4-99e6-4f65-a848-7def41384071,bc06b507-59e7-4201-bba5-9dcf5acefae8,ACTIVATION,2026-08-24 22:24:22,False,False,2026-08-17 22:24:22
10dbcca8-719c-4fca-8e96-692a0197162b,63f6d437-7a40-48da-b33f-597d27691dce,194d5ec3-3a20-4ba2-ad8c-0f33929ab03c,ACTIVATION,2026-08-24 22:24:22,False,False,2026-08-17 22:24:22
4a2c6722-44bf-419a-ab9f-d16dd0b8f0fd,7cf3d1fa-05db-4ee0-861e-9a57cd6f730a,2980e31a-614c-45fa-b471-5e1f6fa2cd42,ACTIVATION,2026-08-24 22:24:22,False,False,2026-08-17 22:24:22
8f264b76-06e8-46b7-ab1d-b945a66b6fd1,d80d9489-2d48-4ebe-bc88-8d78ecfab9d9,887ed395-3a60-4aa9-9925-1bf57bfa3dc1,ACTIVATION,2026-08-24 22:24:22,False,False,2026-08-17 22:24:22
13c9bb7c-57d7-49fd-8eb7-aaa147fda2fa,7f0137f6-1797-407e-9528-d6a80a9a4760,3c8f0bdc-b9b3-48d2-b0d9-4bab96a3ddd1,ACTIVATION,2026-08-24 22:24:22,False,False,2026-08-17 22:24:22
b04c2a33-b390-4237-a23c-07460fce79b9,0d592b7d-c9ff-4dfb-b927-57de59697fb2,82ac5e3f-85f0-4f7a-a165-cdc8da90e33b,ACTIVATION,2026-08-24 22:24:22,False,False,2026-08-17 22:24:22
dce16356-99cb-4871-8259-cf19b17947f6,c438aac5-015c-4f17-b8a3-5fac0fcb83ac,91a9b654-a45a-4296-b778-ea6e26a81e94,ACTIVATION,2026-08-24 22:24:22,False,False,2026-08-17 22:24:22
3fbc9f56-3fb5-4349-b693-57779c9d2e5c,b0d11d4d-a5c5-47cd-8dbd-4f2194ff9a26,258aebc1-ff27-40af-a415-b7f6001f8427,ACTIVATION,2026-08-24 22:24:22,False,False,2026-08-17 22:24:22
6b9bdd15-c70b-4c88-ad18-7b995a06ea0c,c8f0dda9-9c73-4acf-a504-82eb0596c95a,73d5a8ac-c0b4-45ea-9c60-8ee9ccd2a38c,ACTIVATION,2026-08-24 22:24:22,False,False,2026-08-17 22:24:22
440cd874-f9a9-4659-aa13-e1ceb49b150e,fe52aae2-59a9-41af-913b-3b77b0a2274b,31f38090-1f91-432f-bdd5-bc2634c5f150,ACTIVATION,2026-08-24 22:24:22,False,False,2026-08-17 22:24:22
4c2b3e4c-37cc-4b0b-b122-04a860118a26,2b6c83f3-b1be-400f-8bee-e7905fd2b6c6,50a928e4-31fa-41d3-8742-72a5dc617b2e,ACTIVATION,2026-08-24 22:24:22,False,False,2026-08-17 22:24:22
f30b7f07-dc9c-4046-990c-c1b1863aeb26,a162c30c-afb7-4c87-b953-4a655551e515,f06fd020-6545-48c5-8124-c12727c8ce4c,ACTIVATION,2026-08-24 22:24:22,False,False,2026-08-17 22:24:22
865411ab-320b-4d2f-b3d1-be3d26444698,c0ad3eee-f88a-416a-992f-c99b3b1f1020,2d87d8b1-d04e-43e1-8d73-7beb9388303d,ACTIVATION,2026-08-24 22:24:22,False,False,2026-08-17 22:24:22
71dcb8f4-17df-4363-8bdc-0147f3cdb1e6,8e7b4abf-556b-4dba-9eee-1eb29568885f,a2072d37-e20b-4811-a4d3-ddb0650de9c2,ACTIVATION,2026-08-24 22:24:22,False,False,2026-08-17 22:24:22
7fb02d77-9cbd-4f87-9aaf-8bc0d5e7b634,ebd616dd-fb2e-4c5b-bbf0-dc3e0d0f5c18,beaa12b1-314d-47a9-87db-c46ea98537e8,ACTIVATION,2026-08-24 22:24:22,False,False,2026-08-17 22:24:22
246cbc29-668e-4bb9-b262-5b7ff8ebe754,b13ebfb6-9a12-40b2-ae68-95f2e5267903,23bf3d06-1923-49b7-9a1e-e34d25a73a6d,ACTIVATION,2026-08-24 22:24:22,False,False,2026-08-17 22:24:22
703f5963-1b44-4190-804b-60f50b932e19,25ad86bc-175d-4efa-98ea-662417fc6fc7,e149f7cf-1ba7-4f61-b8b9-2371fb6938c0,ACTIVATION,2026-08-24 22:24:22,False,False,2026-08-17 22:24:22
380b23e2-ae9c-4de6-9620-415cdd8dcf21,5c20d2d4-437f-4efc-bd71-77e1df96709c,fc65354a-532a-48d3-a2e7-472ab2c9e793,ACTIVATION,2026-08-24 22:24:22,False,False,2026-08-17 22:24:22
8a35ce69-afc8-4412-8e90-a3271fc7ff85,2af3d52e-6c89-4396-b2f6-4b2b8f2639ee,7e54e78b-fba3-4687-b0a9-3ff93caed72e,ACTIVATION,2026-08-24 22:24:22,False,False,2026-08-17 22:24:22
96232fc7-9581-4f5e-9390-b373f045162c,f69a52a5-a826-45d1-ae6f-39bf5aa1820b,ef1c14c6-a80e-4d4c-baa0-b6c977cadc1a,ACTIVATION,2026-08-24 22:24:22,False,False,2026-08-17 22:24:22
c0afde0e-8682-4f9d-9fcd-ef655be46e10,eac3e36c-a4c9-40a3-a0d3-adb572ec03c5,6d6d75cc-8d4a-4825-990b-5e02b8379b57,ACTIVATION,2026-08-24 22:24:22,False,False,2026-08-17 22:24:22
530f51e1-1aa4-4659-a23c-0292ea0989b7,3307f4fe-0fd8-48a6-950a-5f22283fa8bc,ca6f8efc-830c-478a-a5b5-b77243f81e34,ACTIVATION,2026-08-24 22:24:22,False,False,2026-08-17 22:24:22
500c0cf7-59ed-43f6-856c-32a94f05cc24,a0d5a14e-b6e4-4e0b-bb75-c9b613975bf3,1e8dcc93-6816-45ce-b93b-d1469cd3d213,ACTIVATION,2026-08-24 22:24:22,False,False,2026-08-17 22:24:22
c78b91a7-6342-477a-9914-33abbcc0ca6c,9b40e8e8-d88a-49c4-8e68-6c9a8862cd0a,6e19e77c-b87c-4063-a09c-f206643ca809,ACTIVATION,2026-08-24 22:24:22,False,False,2026-08-17 22:24:22
8c670734-5a43-415e-a889-ee0e9a537b2c,495b6177-022e-48b2-a7ac-6b592b9a9f38,f55bcb2e-2c48-4fb6-a61a-c269bc694249,ACTIVATION,2026-08-24 22:24:22,False,False,2026-08-17 22:24:22
394ddaab-0fab-413f-84c8-41335af5b0ea,ec83e31c-d85f-4464-a84a-81fa4335f4ea,e8b4f782-a419-42d3-ade3-0856b4a3b44d,ACTIVATION,2026-08-24 22:24:22,False,False,2026-08-17 22:24:22
a5fba325-9751-4f44-99c6-1bdbd98600e5,8d578fd5-ee4a-40f1-bf36-1151d2642bbb,f969fcd0-2718-4a97-8bd1-b811d7405e9c,ACTIVATION,2026-08-24 22:24:22,False,False,2026-08-17 22:24:22
041d90d4-f45b-4d29-bd95-a16f675085eb,81d59049-4ca9-49a6-acee-395eeba4588c,25ba66af-03fd-4003-b693-45a172915495,ACTIVATION,2026-08-24 22:24:22,False,False,2026-08-17 22:24:22
73c99213-bcf0-4a52-8b77-adff773b2812,3db46e77-b7be-4349-b643-94a1be5bd94b,768fc09a-2442-4e5e-a10e-96725dba5cb0,ACTIVATION,2026-08-24 22:24:22,False,False,2026-08-17 22:24:22
db71415d-059d-4df7-830d-b2f842415269,aa149044-a526-45ae-8f2e-96db3823b052,2177bdf4-92d1-45f9-9aa4-38e6adb6fb80,ACTIVATION,2026-08-24 22:24:22,False,False,2026-08-17 22:24:22
bc7f1be1-7deb-49a6-b47e-ab378a97b1c5,68c00243-dc6d-44d2-a863-e393aa612176,aadabb5c-7668-4ccb-819a-f128e013f053,ACTIVATION,2026-08-24 22:24:22,False,False,2026-08-17 22:24:22
121213df-808f-49c0-b5e0-c69f06fbf842,abc9fcbd-80c5-437f-be20-5dc7589ced7b,b253c63e-817d-4e4a-8da8-41ec08fa46a2,ACTIVATION,2026-08-24 22:24:22,False,False,2026-08-17 22:24:22
fe149fb2-3aaa-43f5-b861-e131eb25873f,d9905edf-b030-4a3b-8c44-ad4da23fe485,df901bb6-5e32-4e57-bc04-5c007655e409,ACTIVATION,2026-08-24 22:24:22,False,False,2026-08-17 22:24:22
9babc704-faee-422d-90c6-ebb753731589,8d74a34c-1912-4380-91f9-3535da8cc824,d1bc54d6-0f05-465b-9e8d-79c1f0a39917,ACTIVATION,2026-08-24 22:24:22,False,False,2026-08-17 22:24:22
75ac5069-f36c-4a5a-a258-628524c8df46,3f5af6eb-69e9-4d58-831f-476f1ab142c1,2e55b18a-110b-4f1c-a09d-f35285df7e14,ACTIVATION,2026-08-24 22:24:22,False,False,2026-08-17 22:24:22
600fa10e-6e76-4cb3-9dc5-d0fa3bdb2b6d,642c7104-ce40-4e8c-a94a-627a89d2c374,5515990c-fcf7-47de-8dba-68c4ced44e88,ACTIVATION,2026-08-24 22:24:22,False,False,2026-08-17 22:24:22
76ef99b7-865c-4ad2-9bb5-29dc8c0afe72,d8cf42f2-4549-4914-9ac6-abfa280df6cf,2e6ffe2c-a775-4c57-bace-20767174453e,ACTIVATION,2026-08-24 22:24:22,False,False,2026-08-17 22:24:22
5c126fd2-6b69-4f62-8777-6cbbdc84248d,b8bb25ec-7389-450a-b7f6-f1d5009132eb,0a62c7cb-5304-4ac1-ab6c-66dbab905f0e,ACTIVATION,2026-08-24 22:24:22,False,False,2026-08-17 22:24:22
4e83cb94-50cd-42a2-a501-d9ee9276dac9,c9b9b02c-d189-424b-85d9-72159365d3b5,96714d00-0737-4976-87cb-b44461781236,ACTIVATION,2026-08-24 22:24:22,False,False,2026-08-17 22:24:22
fa9292de-13cb-4d0f-91d0-956e93e56dbb,7f245f07-ac9c-4f89-81b1-06703d4b2d1a,6d0dc4ab-e6da-4842-929b-074023718664,ACTIVATION,2026-08-24 22:24:22,False,False,2026-08-17 22:24:22
617add4f-4b27-46bf-90a2-727b5663b154,810b1c50-104b-4d74-bd77-460eaf3553b8,e32ae500-5cc8-4e39-810d-06cc8b67d09f,ACTIVATION,2026-08-24 22:24:22,False,False,2026-08-17 22:24:22
edf5ac7c-c33c-442e-b7c2-54c83acdfd5e,337583db-fc42-4369-a313-fd742bf69311,9f8d42ac-10b6-4d45-bd30-1556fb0c5362,ACTIVATION,2026-08-24 22:24:22,False,False,2026-08-17 22:24:22
fd3a4414-2c03-4960-8da6-e44f6d8ebd70,385afb7f-54af-4576-ba0f-4003b6e01f20,859cdb35-bc1b-4e1d-a627-6ebfa49050f4,ACTIVATION,2026-08-24 22:24:22,False,False,2026-08-17 22:24:22
4353b40b-9f80-4924-93cf-6b262a1c722e,8e723f15-89f3-4e25-925c-502b4c8f81b1,f45d90ba-b136-432a-bce8-af7ce7144def,ACTIVATION,2026-08-24 22:24:22,False,False,2026-08-17 22:24:22
e8e9b163-5fe4-4bbb-8090-34864515a461,5ee7acfd-e8cc-418c-a6a9-27cb921c4d4b,ea3dc0b4-178f-4233-81cb-1823a6644d5d,ACTIVATION,2026-08-24 22:24:22,False,False,2026-08-17 22:24:22
066e0807-8717-4ed0-9231-05ee49d76cb9,1d23275b-2fad-4c39-8031-e8108d293028,e17f1903-fba7-4445-a21c-120ebf02aab5,ACTIVATION,2026-08-24 22:24:22,False,False,2026-08-17 22:24:22
5325b943-d204-420a-914e-b89c3306433a,e42be35a-43a7-433b-a3f2-dcd8bff7f54b,61d4e82e-3074-44aa-8590-e277552c15d3,ACTIVATION,2026-08-24 22:24:22,False,False,2026-08-17 22:24:22
e8535dcc-dd1f-4c69-9d53-c1e75dbc8fd2,c62a723c-45ea-4d1f-b07b-8e70b6dd67cb,d267ae5c-ea2b-471c-add5-f126c035fca7,ACTIVATION,2026-08-24 22:24:22,False,False,2026-08-17 22:24:22
5ff05a46-a5d1-48f6-948a-6481a0b0ae28,e8a34461-1d94-47d5-98eb-f518b7e90692,61349f2f-a983-46e8-a6ab-7e6af55033b4,ACTIVATION,2026-08-24 22:24:22,False,False,2026-08-17 22:24:22
9040e227-7e74-4380-970e-18ecc7ea2fa3,c681424c-10a1-4ad9-8ab1-0fe29a36fad1,9087debc-4707-4022-aefc-011f5465f738,ACTIVATION,2026-08-24 22:24:22,False,False,2026-08-17 22:24:22
148b9bbb-744d-48fd-8b73-bb3c5249859d,bbe9c737-b84c-403c-9572-722202372443,514e307c-274a-436a-b392-093128c1c9e5,ACTIVATION,2026-08-24 22:24:22,False,False,2026-08-17 22:24:22
8fafd9e2-5ddc-44a3-ae71-41932eb8eac4,bb9bc60f-dc1d-4f7f-ae15-0c9c03f18b06,ce514deb-c6bb-496e-b1a6-96c4d3627ad4,ACTIVATION,2026-08-24 22:24:22,False,False,2026-08-17 22:24:22
4a9799aa-0554-4103-8190-7e7703d543bd,c8dbca8b-4d32-497f-b1b3-1cacce239e95,bcbdc961-a728-41da-892f-800645008ad4,ACTIVATION,2026-08-24 22:24:22,False,False,2026-08-17 22:24:22
629d08c9-9b84-49b7-b170-ded729b8dfe4,77385fc0-12dd-4767-85ff-3bafea43afd6,bcf31b3a-b339-4701-9774-818560b2154a,ACTIVATION,2026-08-24 22:24:22,False,False,2026-08-17 22:24:22
759e3b63-d900-4b7a-942f-f77b87f0beed,1ab01ac6-89eb-438c-9cc1-c7dc2d03fe25,a0eb8ca2-df99-4bd0-9018-3a568221a6d8,ACTIVATION,2026-08-24 22:24:22,False,False,2026-08-17 22:24:22
a4ba2292-2bc1-418e-8899-ea992ab067c5,7973af0b-8a2b-4c3b-beb7-f8e7bcb1e4b7,5cdb665a-bbb4-4907-b0ad-9673e970013f,ACTIVATION,2026-08-24 22:24:22,False,False,2026-08-17 22:24:22
f7dab6b9-39ea-4f7c-8456-6978776cb55c,da582919-e4e2-4b37-bc68-1c5a8301b9ec,f905a7ad-1645-4d6f-b3ef-53ebfe36f4fa,ACTIVATION,2026-08-24 22:24:22,False,False,2026-08-17 22:24:22
1856456c-a5d8-4c82-b790-ee92b1ca8583,a705f9b5-69a8-4802-a9df-ffc703c0da8a,ab6d0709-687b-4d16-9136-b46c41e114e7,ACTIVATION,2026-08-24 22:24:22,False,False,2026-08-17 22:24:22
1b1f3db6-b6e1-4fe0-a052-f9bcc8464f3c,c2c745a6-24f4-4dcb-bda7-323fff6699a2,d86d0019-5e99-40d7-8347-631ee0cafc23,ACTIVATION,2026-08-24 22:24:22,False,False,2026-08-17 22:24:22
d6a578c5-e8e3-44dd-af2e-a91f5d2864f6,3c0a84b9-da34-4318-9048-3d44476f772b,53957040-4bba-4cfe-a348-8bab24128a49,ACTIVATION,2026-08-24 22:24:22,False,False,2026-08-17 22:24:22
f5a6e8bd-f0e7-426d-b329-bf3eafda7b2b,1face224-b7e7-46b6-a377-a66f48b1f597,1046a3e3-26de-47bc-906e-08b23a1351a7,ACTIVATION,2026-08-24 22:24:22,False,False,2026-08-17 22:24:22
4997f856-8cf3-4ad6-8272-019094499291,1d47e73f-4517-4ead-a2ff-5cc32bb65ff9,9be33aa2-af52-4d8c-a5e4-0cea2f4935c8,ACTIVATION,2026-08-24 22:24:22,False,False,2026-08-17 22:24:22
9a9500c6-1ae3-46e1-ab70-1eaf7aaf4d72,274eff13-d4b8-4237-a498-86d7dcb917ec,ae84e5fa-e290-4e5c-aa29-52c392434ce3,ACTIVATION,2026-08-24 22:24:22,False,False,2026-08-17 22:24:22
23266225-f4d2-465f-9dcc-4ffd6b130b1e,703d500c-1332-41d1-aef3-30de2673e0c6,32bdf112-1965-46ab-8f0c-6f6615b67564,ACTIVATION,2026-08-24 22:24:22,False,False,2026-08-17 22:24:22
e7fe202c-c5d3-4a15-84ec-805d5d1079d0,9a9b593d-ec71-43ae-a088-cdf9d098dc2a,fbcdad86-3410-460b-8749-840c910d0e88,ACTIVATION,2026-08-24 22:24:22,False,False,2026-08-17 22:24:22
91735fd1-97cc-4844-8bb1-da6451f13fb9,03344799-f750-4732-ad26-d48916bd0594,0c23c3de-90a2-4202-b0c2-f3caa2004005,ACTIVATION,2026-08-24 22:24:22,False,False,2026-08-17 22:24:22
77881c6a-7386-48ab-9f69-d9e487930d15,1ea79db4-d4bb-454e-a183-f20c97855a29,f74efbc4-9b69-4012-ab72-d1f157c3054a,ACTIVATION,2026-08-24 22:24:22,False,False,2026-08-17 22:24:22
4ff0909c-a902-4529-a2ec-ea407ab9b819,2b832e25-0173-4f18-af3e-468f09e10e2f,a276ea53-0561-4997-8164-4e49270a5c56,ACTIVATION,2026-08-24 22:24:22,False,False,2026-08-17 22:24:22
e4573bbf-e731-4c09-9ac1-8b16466f62e1,db181c10-28e0-45a4-b1f5-125b45ecb9c0,246d9120-d864-4bcd-a178-7740b2909991,ACTIVATION,2026-08-24 22:24:22,False,False,2026-08-17 22:24:22
dfac82ee-9597-42c0-85bd-d29412a73add,de2489e5-4a13-4928-bc3b-cf82e739039c,e1f1b026-6d07-414c-a968-e9ade98833c1,ACTIVATION,2026-08-24 22:24:22,False,False,2026-08-17 22:24:22
04a1b5ea-9e5c-4c9c-8f16-c54b5808c19b,fb1a15e1-b0aa-4bb4-8e7b-445d5e4e2300,4a73bf55-0d16-44fd-b92e-7886edaaf5bd,ACTIVATION,2026-08-24 22:24:22,False,False,2026-08-17 22:24:22
0e02070f-9643-4bd6-beea-64f5ec9b155e,26196e90-aada-4633-9e6d-d910ba2d236e,5e325683-d39b-4fe5-b5c7-72d3b475e9f7,ACTIVATION,2026-08-24 22:24:22,False,False,2026-08-17 22:24:22
eff09231-cb71-468d-87f3-490d7cb70b39,4306da08-3f43-4424-8d9d-53131472deb0,1a06c36e-e1a8-4119-82c5-9310356630ca,ACTIVATION,2026-08-24 22:24:22,False,False,2026-08-17 22:24:22
ea4ec2ef-610c-4a46-91e0-41e1c8c77c9e,f3ff30a6-a5ef-4a62-b47f-80a4e58ddb30,295a6a05-61a7-4897-a62c-2ebd1ecac385,ACTIVATION,2026-08-24 22:24:22,False,False,2026-08-17 22:24:22
130f80c8-08a8-4914-9453-5a065893974e,2c2e647d-12aa-47c4-b386-d323a288d992,431b565d-f841-4173-a3e4-fb0aed945dd6,ACTIVATION,2026-08-24 22:24:22,False,False,2026-08-17 22:24:22
e97758d0-faa9-4670-9592-dec8d8e6d5d7,7dc51956-5bbc-44df-8506-94e31244c813,de572e79-7561-4ca9-8f6b-8a3315cfdc31,ACTIVATION,2026-08-24 22:24:22,False,False,2026-08-17 22:24:22
90cd40e9-36ff-4637-9a0c-de660dd07cf9,ba49132f-93d1-4ee1-9483-beea08758a15,71d8714f-d96a-4f44-870e-d69283b7866e,ACTIVATION,2026-08-24 22:24:22,False,False,2026-08-17 22:24:22
3e284729-5ad1-489f-a6b8-db04e776f517,a2345795-e367-49fb-8bbc-ce6a7d243b47,722b8c70-a71d-4c2a-b254-6102df393df7,ACTIVATION,2026-08-24 22:24:22,False,False,2026-08-17 22:24:22
e53be135-88a7-4fa6-982a-993a5d9d3c57,b80dc75c-366d-41e9-9c6d-e6125ea21362,654ee367-9eaf-4567-9d7b-34db98522547,ACTIVATION,2026-08-24 22:24:22,False,False,2026-08-17 22:24:22
fb9466df-5970-4db0-9895-9c23013cbd4e,a30f6a5d-2b84-404e-a44a-29fbb8724966,74960310-b045-4371-819f-e3d50eaa5daa,ACTIVATION,2026-08-24 22:24:22,False,False,2026-08-17 22:24:22
8f7862c8-6f7b-433a-b37f-2a1e8e154a12,24097c92-e503-4f68-9110-404ddba87ada,e01dd25e-0b65-46b2-a757-edb2c5c6cb04,ACTIVATION,2026-08-24 22:24:22,False,False,2026-08-17 22:24:22
ecdf07ee-c97a-4744-a8de-8b1e3d558292,aa3191fc-4dcd-4484-a735-4ecf1144f749,769b4912-57a1-4b03-9f9d-ffdd6107cf58,ACTIVATION,2026-08-24 22:24:22,False,False,2026-08-17 22:24:22
92ed9cf5-7af3-4f28-9774-a0b3654b9a85,19dd2067-ae94-4c5a-8790-dd62639a9e4a,585e90eb-ff20-4bde-8d0e-d6c4e7809173,ACTIVATION,2026-08-24 22:24:22,False,False,2026-08-17 22:24:22
498639af-3f24-4741-8915-cc8a92d7e2c3,79bf8ec6-2e49-4f0e-8acd-2756f043a62a,24e13c2d-e011-4d9f-b49f-47b83c52dda1,ACTIVATION,2026-08-24 22:24:22,False,False,2026-08-17 22:24:22
4f2b3cd9-9408-4033-89ab-64f50f89a602,5d2f0e5f-ba4d-439c-ad92-79a8c69228d6,fa1920c1-3b86-40e9-8020-78fb0df3431c,ACTIVATION,2026-08-24 22:24:22,False,False,2026-08-17 22:24:22
a535e7ad-b494-452a-85b5-7b1ff5c6d831,6540b380-4ecc-435b-9e2a-e6d029aeff43,cac263a5-5e2d-4342-a602-0deecf3434fe,ACTIVATION,2026-08-24 22:24:22,False,False,2026-08-17 22:24:22
0d15b462-b47a-47af-b9f2-d11a29658f05,e852c3ae-d145-4590-ada1-a925fac20058,6d443cb2-89b4-44b6-a7d3-6f61c774a068,ACTIVATION,2026-08-24 22:24:22,False,False,2026-08-17 22:24:22
4e8c5ba9-2f88-467d-805d-d6f947cf4333,cf2391a2-a142-4690-842b-050b73491b3c,b75c3726-198c-4147-ba56-5abc48f34a74,ACTIVATION,2026-08-24 22:24:22,False,False,2026-08-17 22:24:22
a033978e-30c0-48c3-a040-e851f0b6633a,255108a7-37c6-4791-92c8-f1c5c56f961a,ef17b3dd-03a9-43e5-9844-8361bc5418e3,ACTIVATION,2026-08-24 22:24:22,False,False,2026-08-17 22:24:22
8573687b-ddf5-4e14-a5f5-46fb5d96112f,c13d55d3-8b0d-4953-a202-4ae178781587,1e98dad5-685a-45f2-b4e2-50d5943576bc,ACTIVATION,2026-08-24 22:24:22,False,False,2026-08-17 22:24:22
a4dd1c39-572c-4b78-ba4f-80ac46906cb2,c7b76298-1e8c-4be0-9428-7897e83f945f,1f698bfe-c97f-4a7b-97c9-491d3da9670e,ACTIVATION,2026-08-24 22:24:22,False,False,2026-08-17 22:24:22
8ce629bc-e5bb-4ebf-b9e7-bd513a43d813,35f34cf5-1f2a-4cf6-8ef9-01d63795db94,a98b69e7-b9ab-415d-add4-8916b3021e34,ACTIVATION,2026-08-24 22:24:22,False,False,2026-08-17 22:24:22
376db132-5f0b-4de9-8f3a-c01798d71122,3a28451a-a3e9-498e-b7c0-49910fcbb9fb,66bfe6e9-30e3-4b71-9f5d-4e610e092cdd,ACTIVATION,2026-08-24 22:24:22,False,False,2026-08-17 22:24:22
bdaa12c4-e396-4c04-87e2-1784b821f080,aadd906c-f6d6-4a42-a3eb-cdf7159b0afe,f3b23b71-fe33-4cbb-95da-72842a8409c7,ACTIVATION,2026-08-24 22:24:22,False,False,2026-08-17 22:24:22
700c033f-d81f-4a73-beed-c54817146ae4,aa7050f0-ad4d-4129-a211-58fa8ff73329,bfe6dd57-cb00-4664-93e7-18ce7b2f2386,ACTIVATION,2026-08-24 22:24:22,False,False,2026-08-17 22:24:22
9758a9bf-bd13-4378-a1f4-dd92249ed89f,4d78a7ba-5aaf-4c94-8332-f18d80e79fed,f2e78a53-01bc-4ce6-9ea9-5b805b7eb8cc,ACTIVATION,2026-08-24 22:24:22,False,False,2026-08-17 22:24:22
0345c556-f820-4287-86ad-de2df841c379,3aef6ea8-a0b3-4a4e-a2e2-e4cc7edf646d,68e63023-5a6a-491a-ae94-93b6ea42aa04,ACTIVATION,2026-08-24 22:24:22,False,False,2026-08-17 22:24:22
62ffc3ea-b389-4e76-a5ee-0a64940b3b35,1312acde-5db5-444e-af44-c707a783a40c,ab620be5-b096-4eeb-b935-7ac64399b145,ACTIVATION,2026-08-24 22:24:22,False,False,2026-08-17 22:24:22
68a44ce9-b60a-439e-9efa-038d7f122508,cb982ea7-67f9-47c7-a775-9c1ad74074e9,c7748769-2c4c-44ec-ab7c-a89a77b66d2c,ACTIVATION,2026-08-24 22:24:22,False,False,2026-08-17 22:24:22
641fe2dc-f1d4-43c7-85a2-8b0b308e610b,4ad9b2b2-f1e0-444a-aab3-78964324288a,d78cecef-1d9c-46e9-bffc-dd7b6ed4e9f2,ACTIVATION,2026-08-24 22:24:22,False,False,2026-08-17 22:24:22
29c25244-a439-409e-98d8-7b278fc12e61,a9fd7bdb-2f22-4e16-9886-c9d2346465e5,17f3575a-0dbe-4e29-ab38-bb358214d3fc,ACTIVATION,2026-08-24 22:24:22,False,False,2026-08-17 22:24:22
a20b545a-8572-4a2f-83e2-f6ce42fbd6e8,2717f6e6-45ee-4357-9f6c-cbeefaa0267c,63f04b01-e923-4479-9911-6b93bfc008c1,ACTIVATION,2026-08-24 22:24:22,False,False,2026-08-17 22:24:22
0025b6e9-4cb1-4043-838c-5986addb6896,ef2f4c7f-a5ea-490a-a36a-1a2cf49aeb45,e6192317-1478-4350-b380-e3440bc58923,ACTIVATION,2026-08-24 22:24:22,False,False,2026-08-17 22:24:22
89450086-60e2-4031-8336-ad569d55ca52,f452466b-5be1-4e6c-a261-96d68e327478,501f9cd3-6278-4be7-a450-301ed8a36362,ACTIVATION,2026-08-24 22:24:22,False,False,2026-08-17 22:24:22
2780764a-0ea1-4d45-b748-d8b3560d3095,c4c9973b-1d6b-4e99-8191-9446161182c5,0ef1e33b-1dae-430b-855f-244a1e94c895,ACTIVATION,2026-08-24 22:24:22,False,False,2026-08-17 22:24:22
98b024ee-8c45-4f20-835f-c8ac95fcb091,337cf884-0f26-41cc-bca9-0b32dd7739ba,fdfe20ea-d770-43ea-a79d-c70987fa4b8f,ACTIVATION,2026-08-24 22:24:22,False,False,2026-08-17 22:24:22
c6ba9428-3f7e-44b5-9b76-401f08781265,b6f97234-7ec6-48be-894c-00fc6d83e72b,7d2e7e16-a9fc-49ea-8d3a-719528c5ada0,ACTIVATION,2026-08-24 22:24:22,False,False,2026-08-17 22:24:22
de3e81a8-b6f4-49ae-9570-5200137a69d6,a7450f1a-c413-4f54-9e78-852bb630f904,19b7bb34-6980-43c3-8004-194890a5a2c5,ACTIVATION,2026-08-24 22:24:22,False,False,2026-08-17 22:24:22
fb1cf962-d214-40d9-aac3-b2365c03d9c0,0ebed95a-b832-47a3-835f-0318ddbba97a,e80d1c2f-1b76-4339-a460-6ce9a5327611,ACTIVATION,2026-08-24 22:24:22,False,False,2026-08-17 22:24:22
e453297f-2336-46ae-a8ab-5542e9bdbda5,948d3c73-67f4-42b9-8c7a-8793210960e5,80a8c104-75b0-445c-bb6f-1152576f5be8,ACTIVATION,2026-08-24 22:24:22,False,False,2026-08-17 22:24:22
7a26ac50-206d-49e2-80ea-6e598f648ea1,e71e9a34-6546-4119-b758-07afd882bf23,f5bcfe8a-7cd0-443a-a353-3edb7f075fdf,ACTIVATION,2026-08-24 22:24:22,False,False,2026-08-17 22:24:22
d39d4c02-9cfb-4070-8c75-7eba03273bf9,6542d7d3-b59c-4633-be13-c4010520a1c3,d1c2c773-796c-4626-9329-28777d049cfd,ACTIVATION,2026-08-24 22:24:22,False,False,2026-08-17 22:24:22
0175ae37-14bc-483c-ba8f-8a21a66be80d,8fefa9de-aff3-41a1-a87b-8bd2ccf9b0ff,cf4eb620-6003-4bcc-84ec-9413269ddcc9,ACTIVATION,2026-08-24 22:24:22,False,False,2026-08-17 22:24:22
358a106a-9e1d-46a6-affb-0126d748e527,6115b82b-9340-40f3-b9ff-c0114abca532,a7c12c32-6783-450d-9237-32aed260f4c6,ACTIVATION,2026-08-24 22:24:22,False,False,2026-08-17 22:24:22
31338c47-b36a-4cc5-a44f-05bc305a9987,52e8cd2a-1458-42d1-98bb-e8ed37ca479b,5d963fcc-0c4b-4ac0-bff7-6e99082e980e,ACTIVATION,2026-08-24 22:24:22,False,False,2026-08-17 22:24:22
aa6f93ca-650a-4dfd-910b-5dbdeb373010,0bf6dc0e-1bb9-49ea-8229-caae8a5ff960,8d9daf0c-4668-44f6-bec8-f6a388555c34,ACTIVATION,2026-08-24 22:24:22,False,False,2026-08-17 22:24:22
f608bc29-1e7f-4a58-a94b-a0d14b8597b7,3de0f990-8b71-4f5e-99ea-5f5663ab320f,21d6fdaf-17c5-4a8d-88f2-d97ae7d44ba1,ACTIVATION,2026-08-24 22:24:22,False,False,2026-08-17 22:24:22
3af73005-3973-44c7-bcdd-ad7693def2c2,c06fc607-60d8-4d15-90f0-2a616ca3f2fa,8356dc59-b083-4df8-8eb8-a56595dfdb0e,ACTIVATION,2026-08-24 22:24:22,False,False,2026-08-17 22:24:22
3c8a69ba-27e8-4570-beb8-5ffc4fd180f1,5dab869d-f8a5-44fd-8481-5034f201edc8,73291c58-43ea-465c-b5d8-754b025b0d3a,ACTIVATION,2026-08-24 22:24:22,False,False,2026-08-17 22:24:22
0d7e0a02-fd60-4054-ae47-14e6b9c42745,04256a38-f0a1-4094-926a-25db539d3616,86d9a2b4-2c35-4bf3-965d-a017d455a2cd,ACTIVATION,2026-08-24 22:24:22,False,False,2026-08-17 22:24:22
d052fdaf-c110-4cfc-a29d-e318728c8f3c,2cd02d24-5a7f-4e48-89aa-6852e02847c6,2f6eab47-b0cd-46f5-abb5-d01f41ddfd05,ACTIVATION,2026-08-24 22:24:22,False,False,2026-08-17 22:24:22
cbee3208-b9c3-426c-9582-fbe2f785a96f,2fc21ee2-adac-4062-8aec-e39d3bd0ff8e,8b462c36-213a-4fb3-9b1c-9f1665e193aa,ACTIVATION,2026-08-24 22:24:22,False,False,2026-08-17 22:24:22
a82d9a53-c657-4be6-a249-bd31d88bab36,2abf05ec-b925-499d-9eb3-99e4b68dd254,66b0927d-7fcc-456f-8407-60bcd1ade96b,ACTIVATION,2026-08-24 22:24:22,False,False,2026-08-17 22:24:22
581684e6-2a4a-42a2-b8f7-7611d0e3f1a3,7feed382-d1df-4ba5-9967-2db288c21470,e7c3419b-023a-4040-9139-d8fdecf7c805,ACTIVATION,2026-08-24 22:24:22,False,False,2026-08-17 22:24:22
18ea7c2e-20fe-4120-855c-57cc4a5890b3,a0d4e6d8-5787-4020-8676-144d06ed0172,572fd93c-a5d6-4261-97f4-c211ac76796b,ACTIVATION,2026-08-24 22:24:22,False,False,2026-08-17 22:24:22
2e54a71d-2591-44a6-87df-5031ed08268f,23e46d1b-fdc2-41ed-8a33-be736087b3e0,f3fc14f0-2a2c-49a1-9538-3f352443883d,ACTIVATION,2026-08-24 22:24:22,False,False,2026-08-17 22:24:22
7a790229-ada8-4255-a965-cb5be2ffa978,0472deb6-67d8-4814-92c1-25384ae42e50,ed362f78-47fb-4ab9-b8be-91600ffdbd9f,ACTIVATION,2026-08-24 22:24:22,False,False,2026-08-17 22:24:22
295fbc59-0fe3-4d7d-b842-4c92c507e67e,42050a21-3d86-48ca-a52c-614705a4e102,21621d6b-60a6-489e-aee0-922fff8c70b4,ACTIVATION,2026-08-24 22:24:22,False,False,2026-08-17 22:24:22
3524e6c6-9aff-4cbf-a658-40125f131958,dcdbc293-ef35-490e-9ec1-be3ff2f64100,c678a54e-e290-41d4-86c0-b827b6cfed2b,ACTIVATION,2026-08-24 22:24:22,False,False,2026-08-17 22:24:22
7a5b7cf2-1a99-4cfc-9fde-8987b3970499,c56561c3-aea2-4baa-a3bf-8080a70d88a8,cfd0f38c-0bf1-4536-ba75-cab568fb80ee,ACTIVATION,2026-08-24 22:24:22,False,False,2026-08-17 22:24:22
2117095e-e5cb-431b-96a4-94abae3df145,efb0cc01-da62-40b1-89d2-dc4f92a10e3b,a126ac41-6c2c-4b44-a86d-e3b3f8b61367,ACTIVATION,2026-08-24 22:24:22,False,False,2026-08-17 22:24:22
e7d7e6c9-8f09-498e-aad0-e0f21f7a1359,f39be0f1-559e-451a-9817-f8ac1d0c569f,deeded4a-6ccf-49f9-87f2-52593cd3d886,ACTIVATION,2026-08-24 22:24:22,False,False,2026-08-17 22:24:22
f300d155-d5d0-4373-9120-6f447aaaafd0,6e36fe98-bb05-4a77-9a5f-11b008c41e93,274fc27e-2acb-4b42-ab77-0ca85d89fcfb,ACTIVATION,2026-08-24 22:24:22,False,False,2026-08-17 22:24:22
a4901ca6-8382-4bc6-a00f-11b03df5a392,733995dc-c3ed-4d0d-9063-83cf896bef30,89505c96-ba37-4d2a-ba41-005f3dba5129,ACTIVATION,2026-08-24 22:24:22,False,False,2026-08-17 22:24:22
018c1097-9e89-45aa-9c4f-b221b5ec3229,25054dd1-916e-4e41-853c-3dfe7f3a9d00,50196e7c-b134-4ee0-93d4-3a8fd69e6439,ACTIVATION,2026-08-24 22:24:22,False,False,2026-08-17 22:24:22
d97d4b0e-6709-4613-ae01-a2c270f64705,6f1491c3-9905-4055-af58-7b95fde244d7,e8ebe5fb-f524-4be8-889b-2fa6c8ddc00f,ACTIVATION,2026-08-24 22:24:22,False,False,2026-08-17 22:24:22
82bdd89d-17ba-43b4-9cf5-4f5b783b1750,0d24806d-161a-4d91-a329-b28078e8d635,ddd98cf9-2c2f-4851-a908-77f94915e985,ACTIVATION,2026-08-24 22:24:22,False,False,2026-08-17 22:24:22
8e4e3695-5e94-4732-9e27-41f6e6bdcb94,2bd53563-3ec2-46a3-99a0-7ff71aa3db6f,6f96df1e-2f38-4317-95f0-606faa9c12fb,ACTIVATION,2026-08-24 22:24:22,False,False,2026-08-17 22:24:22
1242d08a-078f-410b-a6ee-49391201b829,7ecc1ffe-a8c4-4183-9359-9e2eba8edb39,b048ecf0-a984-4847-aebf-ff84d1b9d925,ACTIVATION,2026-08-24 22:24:22,False,False,2026-08-17 22:24:22
9cebff3b-a5de-42ab-b6a4-2eb8c4e0d4ac,fbedbac8-0d64-43cf-9d89-ec54da68e02f,d76c13a1-6222-4b47-886b-be6fd42ad898,ACTIVATION,2026-08-24 22:24:22,False,False,2026-08-17 22:24:22
e4878b96-d809-4a54-9850-ea2c4fd7010d,96a5f6c4-19c5-4c1a-bd72-af7f880ff977,2f3356e4-6de6-4b03-b7f1-d57aa332677f,ACTIVATION,2026-08-24 22:24:22,False,False,2026-08-17 22:24:22
3e50ed68-cfed-49bb-a0ca-1170ce802f64,1c24ebad-af74-4ab9-92a9-26e61a945fd3,e7abaac1-d030-4e2a-881d-90e729926424,ACTIVATION,2026-08-24 22:24:22,False,False,2026-08-17 22:24:22
9262888b-4a3f-41ca-a543-c1209c9e45e1,a767ba11-9df0-4634-80ca-0f3eac75f284,2784babd-f991-4db1-bebf-51f0706e9964,ACTIVATION,2026-08-24 22:24:22,False,False,2026-08-17 22:24:22
60637328-9ba9-4300-a215-fa9fd63dd8aa,8dbb7844-5066-4161-b97c-5b8017d00e67,92f52a9a-ac8b-45bf-84fc-6b1d72c0e4ea,ACTIVATION,2026-08-24 22:24:22,False,False,2026-08-17 22:24:22
dc888da9-f1f2-495b-ab2f-d1bb476a1a17,fd9389af-2d8f-4a96-9f52-d977e59960bb,d4539940-9e73-4e77-9a00-5876b1719951,ACTIVATION,2026-08-24 22:24:22,False,False,2026-08-17 22:24:22
4ed83ccd-3eb0-4e7c-bcfd-4b680a6ca06a,c5897349-af4c-48eb-b76e-6145ef55d9ae,9462e5ee-ab88-48cf-88fd-64375792eee6,ACTIVATION,2026-08-24 22:24:22,False,False,2026-08-17 22:24:22
33413593-fb21-4157-8bc8-884001507f2f,57de0340-10a2-4748-9a06-263f2acfd217,10edf940-c4e5-498e-880d-a7451b776d43,ACTIVATION,2026-08-24 22:24:22,False,False,2026-08-17 22:24:22
22c8e415-7bc5-4ab7-89ac-34bdadbc4923,ae81da4d-215b-4f3f-9683-500f42256257,82f7fe59-bcdc-4ab6-ae97-b40a24a8c95b,ACTIVATION,2026-08-24 22:24:22,False,False,2026-08-17 22:24:22
62c0fd5e-c576-4a94-9a69-6d09521296ea,9463c1e7-40c4-489f-97a3-0a0bc3a25847,54cff648-8584-4d5b-96cd-b49e203799c7,ACTIVATION,2026-08-24 22:24:22,False,False,2026-08-17 22:24:22
b859b145-b660-4eb9-a16c-5a7dec2ee204,b3145e24-3876-4d37-a915-8dddaf178107,a086dbdb-329a-4430-9cb6-9112efe82241,ACTIVATION,2026-08-24 22:24:22,False,False,2026-08-17 22:24:22
8534e704-74e0-4438-b5f1-4dd85bb5e79a,785f6de8-fe5d-420d-89e0-6dd0eaab85f6,4c90f8c1-7592-4b75-8f3e-94745812103b,ACTIVATION,2026-08-24 22:24:22,False,False,2026-08-17 22:24:22
019c7f44-5b9e-4080-9b2f-1171383620f8,e9ae83e5-a6a7-42b2-b3fe-611a772156cd,d5c6511b-1766-4aed-833a-283a21b27bc3,ACTIVATION,2026-08-24 22:24:22,False,False,2026-08-17 22:24:22
5a92c4b4-8a5e-4816-9b2a-097ce7989dde,31283181-9a7e-42a2-beb2-f14ad9f56f1b,902e56ec-d22b-4b9d-b817-9c2c59367091,ACTIVATION,2026-08-24 22:24:22,False,False,2026-08-17 22:24:22
03ca6211-6355-4480-ba46-3004e4ff6442,ccbeeee3-6839-4888-aaa5-94f5ef9f0c02,0e5a3c0e-6add-4a8c-bd9b-a4fda7cffcf5,ACTIVATION,2026-08-24 22:24:22,False,False,2026-08-17 22:24:22
461ae273-5258-40d5-b725-221764f0bc19,b0b80211-bcc8-4454-9ffc-1d4487bcbe1e,c6e30616-b5ec-429b-9fc9-eaf3aaa95232,ACTIVATION,2026-08-24 22:24:22,False,False,2026-08-17 22:24:22
5b438d1c-bc74-426f-aff4-9047649df734,3fafc3a6-0d36-46ad-81ff-8b747c7f59a9,bb068698-398b-4930-b586-20f1db002b39,ACTIVATION,2026-08-24 22:24:22,False,False,2026-08-17 22:24:22
294c894e-d7ab-4b7e-9e79-42bda09bda50,ba8da410-acbe-4167-996c-5ac3fbc06e0d,304269eb-6b38-4fe0-a648-7a76c04a9453,ACTIVATION,2026-08-24 22:24:22,False,False,2026-08-17 22:24:22
c190c7ad-3d3a-485c-a021-4400d27d4d02,155e71ce-f29f-4251-915e-358f002af349,4e567963-34b8-4b71-8528-23367c282290,ACTIVATION,2026-08-24 22:24:22,False,False,2026-08-17 22:24:22
8ebe5748-295a-43fe-91ce-f5ba90ea3e72,3e2d43a2-64a7-4636-b1de-b570e6bfa82d,b3496524-4201-4f52-afc6-5bed186f4524,ACTIVATION,2026-08-24 22:24:22,False,False,2026-08-17 22:24:22
c369dc23-aae6-43bc-87ad-a7d0bd29c190,22802a2e-246b-47bc-8753-bedf7475f8f4,a68effc5-bfcb-4528-a0c9-44e9d759e9e7,ACTIVATION,2026-08-24 22:24:22,False,False,2026-08-17 22:24:22
1d1dc0e2-84f2-480a-9da8-775546ba2a14,f92af59e-904e-439c-955f-ed30fc072d10,e2b640f4-e061-4ea5-a243-bedeb8973ecc,ACTIVATION,2026-08-24 22:24:22,False,False,2026-08-17 22:24:22
3a60505d-4f67-4f20-a312-e2dbba9867e3,6f83c8cb-b5b4-4a7d-b759-75dbb3db9462,3327b4d0-26bf-4aa3-bc06-25af00f714ee,ACTIVATION,2026-08-24 22:24:22,False,False,2026-08-17 22:24:22
d68c71ca-8726-4efa-b910-6a8c825fb1f7,a4670a06-3fa4-4434-a15d-c09a3177df1f,da95437b-a193-4324-b66a-37a9e8551f52,ACTIVATION,2026-08-24 22:24:22,False,False,2026-08-17 22:24:22
8086ee11-72f7-4240-89de-7d1a9561f1dc,bd8fdc88-b779-4bf8-b28b-00d3907daeaa,99e7708c-8b4e-41c5-a0ba-b0c1b2ad266c,ACTIVATION,2026-08-24 22:24:22,False,False,2026-08-17 22:24:22
d1856fc3-fdb6-4a6d-b742-67b6d9349bb4,e0072f61-d35e-49bc-8e9d-c41fbb153c50,21913da6-4d57-4b27-b6a0-3a27db87360c,ACTIVATION,2026-08-24 22:24:22,False,False,2026-08-17 22:24:22
261fec24-3267-4ce1-9367-3595f6b29d3e,a90353cb-20d8-4423-b466-284e110ec955,d9d10732-b641-4b04-a8c5-1d8ee7c46ee3,ACTIVATION,2026-08-24 22:24:22,False,False,2026-08-17 22:24:22
c58d45a8-9fcd-41ec-bc95-2f07166a7fd3,90daf56a-6efa-4f03-92fa-ac860ed6140c,e5e30d58-e24c-4911-a98f-c1de92652949,ACTIVATION,2026-08-24 22:24:22,False,False,2026-08-17 22:24:22
952e9564-4e44-4653-8765-9561b27d515c,d72626ab-ea71-492d-9ce4-5f92efb510cc,08813721-5367-4593-8160-4a2efd688745,ACTIVATION,2026-08-24 22:24:22,False,False,2026-08-17 22:24:22
3f7e17ff-ddf9-47d9-a6b9-723ea094fa29,c1dcbb5d-f167-4896-b631-16c3702222bc,356c7603-799b-4e36-9bfd-6d2afbdada18,ACTIVATION,2026-08-24 22:24:22,False,False,2026-08-17 22:24:22
583fb198-2353-4cf8-a1a3-5d021b1df959,df706fd5-ff33-4615-9a06-e5b6e12230cd,0d6c437f-9d46-4fdb-93dd-a542da9af9dd,ACTIVATION,2026-08-24 22:24:22,False,False,2026-08-17 22:24:22
6114298c-4f42-4d4f-b760-24f5cadc2c36,7a41daa1-dc32-4e90-9d46-66fac6110ea1,d04bb36d-e21e-4cb6-87c0-cd11325a8a1b,ACTIVATION,2026-08-24 22:24:22,False,False,2026-08-17 22:24:22
4b92ca8b-e405-4830-b6c8-ab199e5bd1af,df674653-26ae-439f-bc4e-b272461cbf54,f05f27e7-663e-46dd-9ae3-7f84e2ea6e94,ACTIVATION,2026-08-24 22:24:22,False,False,2026-08-17 22:24:22
ff68dbd0-4034-4250-9116-ab75cb5b1793,60a2e1eb-0a49-488b-855a-2f902e12ed7f,6c28fb4f-010a-412c-ac7d-4b2b035c1c33,ACTIVATION,2026-08-24 22:24:22,False,False,2026-08-17 22:24:22
905a08e7-283b-4fa4-850d-c44fff2bb7f2,c59996da-7806-408f-8b11-222ce64ec1f0,69602d64-bea0-469d-9744-6bf07dd77579,ACTIVATION,2026-08-24 22:24:22,False,False,2026-08-17 22:24:22
1adcdb19-69b0-4c32-996c-1e518ffee1e8,359fc9df-632d-4fed-82de-c1fb5afc31ee,06427029-bfef-448b-b466-6d20c6fa33fa,ACTIVATION,2026-08-24 22:24:22,False,False,2026-08-17 22:24:22
2fd7eb47-8579-4c5e-93db-4c9a6f05c42e,cfb22dac-1012-4650-b717-3217ae8f7e45,31100fee-d959-49fa-a1a6-db6ca7534959,ACTIVATION,2026-08-24 22:24:22,False,False,2026-08-17 22:24:22
660ea521-d5fd-454c-8f1b-b36d217e9648,b3f58b2a-37f2-4b52-b62a-ed8ac5909c71,30e26783-ec47-4d26-ac98-37f41c0a9871,ACTIVATION,2026-08-24 22:24:22,False,False,2026-08-17 22:24:22
b745df29-fa26-44ee-94ee-533e155e371a,23107ba1-8237-461c-8180-49f26e2ae331,c8202a8f-f8f7-4172-9af2-7c9d597fd3c2,ACTIVATION,2026-08-24 22:24:22,False,False,2026-08-17 22:24:22
b6c9f2e6-63c1-4bf7-a4fb-fbf74dec2846,403e14c2-19f0-44aa-85a7-846b66fd4979,d7db6bb1-fd76-49cd-b2a1-c8ff98fc34a6,ACTIVATION,2026-08-24 22:24:22,False,False,2026-08-17 22:24:22
457cd37e-032e-4063-b943-f138345c7bd0,48082bc8-d30f-466c-a48e-a687f9be815d,b73362d7-7566-459a-b768-104f302ba9d3,ACTIVATION,2026-08-24 22:24:22,False,False,2026-08-17 22:24:22
d097c368-d3b6-4bdf-add4-d3b585ce0003,100fb53f-117b-4bdb-b854-2be028ec5123,bcbbd9fa-d367-4e84-9daa-88957272bee5,ACTIVATION,2026-08-24 22:24:22,False,False,2026-08-17 22:24:22
a6935f28-ab3e-4f5a-910b-bac367e9a736,e7cd2ea5-b395-4009-b9bf-fe82108a0ef4,f49cf9f1-7d3b-464f-9961-ec30e0588f4d,ACTIVATION,2026-08-24 22:24:22,False,False,2026-08-17 22:24:22
fb33c793-9733-4d77-ae05-351c3533f5ad,8f115d4b-98d2-4eb4-b348-f2361f18de80,95a45d1d-2c75-41a0-ac5a-f3b06ffe5186,ACTIVATION,2026-08-24 22:24:22,False,False,2026-08-17 22:24:22
57e4392d-9dcf-46f5-958c-93ea18bbda99,735b2af4-a551-4abd-ae73-abbd9f5ba7e5,001d25b0-b1cd-40b5-b1ad-fe3796857d38,ACTIVATION,2026-08-24 22:24:22,False,False,2026-08-17 22:24:22
efc3b879-7399-4e8a-ad57-f7063fd4021b,2771d601-a000-4b09-8ba0-a3494569cff0,5eca996f-fc42-4aa7-abf4-40edd230cfd1,ACTIVATION,2026-08-24 22:24:22,False,False,2026-08-17 22:24:22
665e01b3-054c-44b7-b5bc-3f988753f4e7,a08a8e88-602a-4e4b-a65f-2056a0bc72fb,98738c66-e3c5-4a9f-941e-ed212beb6a6d,ACTIVATION,2026-08-24 22:24:22,False,False,2026-08-17 22:24:22
2dbcd3de-24d3-4c36-8eff-2f0ce349db7a,3e7b64f9-1d30-4390-9ddb-f8d0b3cfa588,ee28374b-0a33-47ad-932a-f8d9b121edd0,ACTIVATION,2026-08-24 22:24:22,False,False,2026-08-17 22:24:22
c1a2dbf8-4684-48d0-9705-c0d20d1b3c0e,fa05125c-3f96-462c-a5b3-3f780aed49f9,26f839f4-9e23-4c41-9b7b-cb2328ab52da,ACTIVATION,2026-08-24 22:24:22,False,False,2026-08-17 22:24:22
673d7a0b-6036-493c-9314-8a9edd861305,fddacc5b-8d52-4068-9479-cdd4298d309d,ce3a7f62-40ea-4e36-b830-fc7a927c73fe,ACTIVATION,2026-08-24 22:24:22,False,False,2026-08-17 22:24:22
5277946c-b958-436e-b673-e3867ef89a2a,a4687918-2df4-4533-b6fd-1152758144a0,74c1a28d-9f74-42bc-baf8-3cfe8453a58a,ACTIVATION,2026-08-24 22:24:22,False,False,2026-08-17 22:24:22
535fe9f2-fdcf-4ab3-a2a1-76ba20483423,6e555289-ca32-4ee7-8787-ead4aafb21ee,be2bc1bb-f416-4c18-ab5f-eaca3f51e3e7,ACTIVATION,2026-08-24 22:24:22,False,False,2026-08-17 22:24:22
7b93dac3-6d49-488d-830d-ba9ac8beee20,4fede5e4-1069-47e1-bd5e-e64aceb6e8b7,2be8e4fc-987b-4beb-80b1-641f1fa47930,ACTIVATION,2026-08-24 22:24:22,False,False,2026-08-17 22:24:22
7b2fc278-7ccc-4ed9-93b0-0a2b50e4dbde,c96b854c-5491-474b-a1db-487fa1579a2a,ae5750fd-105c-42a8-a2ff-9a9cf4c8fe9a,ACTIVATION,2026-08-24 22:24:22,False,False,2026-08-17 22:24:22
af97f580-d28f-4fdc-919e-7b75ed6cbc2a,2fda674b-66b5-4e95-b2f0-8bb8a96d4cda,631d0d1d-14a3-4df5-ab77-7e47fb47f67f,ACTIVATION,2026-08-24 22:24:22,False,False,2026-08-17 22:24:22
4d9d382b-9b70-4f88-a54b-ae583710c038,592081e4-3f41-480b-b523-88daa617a71e,95180c41-db90-4439-946a-67e3e995c440,ACTIVATION,2026-08-24 22:24:22,False,False,2026-08-17 22:24:22
be395681-9df3-46a3-9192-2f8059c98c6c,94b28a5d-bd4f-4a34-a7ae-7982a67cd7fc,79356ac3-f276-4d6a-8335-644805ac4280,ACTIVATION,2026-08-24 22:24:22,False,False,2026-08-17 22:24:22
96ebd911-7145-45d2-ad3e-4e886c1c45db,98e051c2-4820-4b87-91a1-b00998d813ec,91d78ba3-f2b1-4c6f-91f3-68a22c3f1467,ACTIVATION,2026-08-24 22:24:22,False,False,2026-08-17 22:24:22
4368f045-12a6-4ad8-b866-29f235e891ba,df6700d8-abe8-4310-8420-25fc7e88d04d,1ee5872a-ed7f-4c80-8dac-87ad29562023,ACTIVATION,2026-08-24 22:24:22,False,False,2026-08-17 22:24:22
c299a407-0576-4d2d-8556-7d3ad46a8015,8ec9ee88-d594-4ee4-8fd9-52782ad8b077,1678a6c6-907b-4d9e-850a-a3534e0cb80a,ACTIVATION,2026-08-24 22:24:22,False,False,2026-08-17 22:24:22
e5f03dd7-c465-4135-a796-0743df3974cf,93cc2ad6-4f26-4fa4-aa3f-ca1a8a66dc5b,0f38fe7a-dcbe-4ed0-8736-fb1845152b20,ACTIVATION,2026-08-24 22:24:22,False,False,2026-08-17 22:24:22
b2962114-bc39-436e-95cd-4501e28de8e9,b6fb082f-3753-42d0-a75f-8fd436c409fc,63436599-8450-4658-bfec-87f61fcd99d8,ACTIVATION,2026-08-24 22:24:22,False,False,2026-08-17 22:24:22
42ae41c1-6ce9-4827-babb-80c89705371f,d57f2cff-5680-400a-9215-1cbca9eeb717,15413af5-9327-4ecf-a9a3-c779b996aa04,ACTIVATION,2026-08-24 22:24:22,False,False,2026-08-17 22:24:22
62b1d07b-dba7-48f6-9c6b-b47d82705ae0,104440e4-5ca5-43eb-955e-6c0e15de430d,b79bacbb-95e2-4311-85c0-2a194f4266fe,ACTIVATION,2026-08-24 22:24:22,False,False,2026-08-17 22:24:22
af75a4fd-3695-4aab-af96-a073c58536a4,09086759-5ae3-4ff2-9278-7d4426d60fe6,4347e445-44d5-42df-b3a7-bf69fa29d8d8,ACTIVATION,2026-08-24 22:24:22,False,False,2026-08-17 22:24:22
51872918-7fe8-4c99-a224-873412c0e9c8,15339b85-3013-41b6-9ee8-142efecfa7a2,86eed4c8-26ac-49fa-877c-dbe062981046,ACTIVATION,2026-08-24 22:24:22,False,False,2026-08-17 22:24:22
78c13ad0-bad9-443e-af68-8ff1a8df8374,21975831-52f0-4214-9949-e17c35a81a26,25bcd6df-ac3e-41a8-97a8-00cfb008b6fe,ACTIVATION,2026-08-24 22:24:22,False,False,2026-08-17 22:24:22
34bba105-6890-46b0-a400-440143da5eab,9eee8276-dd28-4dc4-9acc-f347c0c3a90e,7ea44ff7-63c0-4915-b421-3d96fc46ff59,ACTIVATION,2026-08-24 22:24:22,False,False,2026-08-17 22:24:22
bbf25bdb-3ef6-4250-a126-2227b58fd176,a198326d-b0f8-4138-9eba-9b8e65e19f6c,a1810117-2b32-4b0a-9083-bf64fd83692e,ACTIVATION,2026-08-24 22:24:22,False,False,2026-08-17 22:24:22
623dc1e2-0da6-4ed5-b8c2-1377bd411a7a,f7421d33-b9a0-4777-983a-71088b59f8f7,429c6eb3-a633-4dba-8c8e-4efe734883b8,ACTIVATION,2026-08-24 22:24:22,False,False,2026-08-17 22:24:22
9d51317e-c9aa-4714-b5cf-4bb77f5bda02,79b76609-3d74-422e-859c-ec798f3a9066,03da7d7e-4583-44b9-abad-3696a6e02f57,ACTIVATION,2026-08-24 22:24:22,False,False,2026-08-17 22:24:22
11d61389-e168-4440-9521-ffc0a4dfdd05,32fa164f-33b5-4023-8933-0229d0ac553a,bfc9a555-2072-47c1-9313-1f64b136ce6f,ACTIVATION,2026-08-24 22:24:22,False,False,2026-08-17 22:24:22
08ee0cef-6fb3-457c-903f-6e0d6ccabb23,8d6c6718-610f-404b-add2-59d54f4b3d43,f70214ee-3429-4032-b95f-8a5f8e97d989,ACTIVATION,2026-08-24 22:24:22,False,False,2026-08-17 22:24:22
85b7f41f-d3ba-412d-979d-ff5e003ff4f1,9addcdca-d4b9-449a-ae99-d1d18de08a44,a14a7849-f44b-494b-b639-72b956719c99,ACTIVATION,2026-08-24 22:24:22,False,False,2026-08-17 22:24:22
6021369a-ecf2-4e87-b85d-c4ce07d161df,cc37428f-b917-4702-a083-2844476fb1c4,7e797c88-e091-4678-8144-7906985139f7,ACTIVATION,2026-08-24 22:24:22,False,False,2026-08-17 22:24:22
475e95cf-0f09-42f1-aad9-7da1bc16fae1,701478b3-dee1-45f1-a376-63b8046b8bde,917e22a2-68db-44a8-9591-d3adcf653330,ACTIVATION,2026-08-24 22:24:22,False,False,2026-08-17 22:24:22
5b108168-ca0f-4dcc-90f3-5ca6e35bbc71,8823ae1c-20dd-47f2-afc1-d3082ebe760d,12930a5f-5654-490e-8fb5-caa5bd80a0f7,ACTIVATION,2026-08-24 22:24:22,False,False,2026-08-17 22:24:22
5de98013-9f62-4658-9809-eda024a36e28,3d0d7a7b-63c9-4253-bd5c-33566e77f736,57823454-121a-4b47-9680-db0a57e83c44,ACTIVATION,2026-08-24 22:24:22,False,False,2026-08-17 22:24:22
c9a234be-58ed-4fd7-820b-77cdc49858f4,9a44f704-9ede-49d9-998e-abd3e3cba9fb,b0d90091-e00d-415f-b3e6-8d759514ebb3,ACTIVATION,2026-08-24 22:24:22,False,False,2026-08-17 22:24:22
3059e839-bb18-4d70-82f7-118c1e598c96,bb412c55-fac6-4190-9f27-9add6ea7ffd6,8f22f32d-3735-407c-98bb-3bad2f064328,ACTIVATION,2026-08-24 22:24:22,False,False,2026-08-17 22:24:22
70d91fed-bc3a-4883-afff-c42a0b52b5c2,6de2c2c7-9216-428f-b3a7-55d5ffeb531e,f0ede0b6-a348-4e1b-8b12-8c0b311bcedf,ACTIVATION,2026-08-24 22:24:22,False,False,2026-08-17 22:24:22
030fd7cf-c6ef-492d-95f7-676ce536dcc4,3db4aae4-613a-4478-b71b-b6b600b06b3a,3162471b-7601-465a-b065-1fec4233bdfe,ACTIVATION,2026-08-24 22:24:22,False,False,2026-08-17 22:24:22
96132a63-3cb9-4904-8597-eb4a97acd735,e85a1f96-e299-4269-9d3f-19f6dbfee44b,a6088f87-9a04-4b40-8297-2c696fb5c3a4,ACTIVATION,2026-08-24 22:24:22,False,False,2026-08-17 22:24:22
725b3f4b-db32-4bb7-941b-c44ee9877809,38d13eaf-2c41-4ebb-8ab7-ec20739a9055,76b305c6-b4ce-4a29-96bd-a0cbf0fd9f16,ACTIVATION,2026-08-24 22:24:22,False,False,2026-08-17 22:24:22
e4a89ac5-d9ed-48a5-bfaa-f5409f71c6a2,b39e5e83-a81c-4c50-aacf-b5c3b2c0cafc,c973927c-e95c-47a0-889c-2af0998134b1,ACTIVATION,2026-08-24 22:24:22,False,False,2026-08-17 22:24:22
ec8d919d-2126-4f32-b59f-1170177b6dde,f0a00229-6ddb-4f91-a2b9-0fdbab2338ed,cd852a87-df7f-4e36-b19e-42aa72f10146,ACTIVATION,2026-08-24 22:24:22,False,False,2026-08-17 22:24:22
9d272e42-9177-4e50-aec7-f24c16b0251d,a6ccdd40-4392-48db-a573-eebc5e222194,59b4a0e4-f5f4-4ad2-87cb-05e962df2d9e,ACTIVATION,2026-08-24 22:24:22,False,False,2026-08-17 22:24:22
74a63ccf-eec5-41d6-8be2-d3a2140cf8d5,32549ae0-8920-467f-8a94-287f2e9a5ba9,a02e2222-7b42-4247-a129-af25127a621a,ACTIVATION,2026-08-24 22:24:22,False,False,2026-08-17 22:24:22
7f8acd3b-1ee3-4d1f-8d36-9934b1dcc9b6,6fc3a6e5-96aa-430b-9dfc-8e49a6227d0d,de53161a-d11c-4280-a7b5-9ce59db6e0e1,ACTIVATION,2026-08-24 22:24:22,False,False,2026-08-17 22:24:22
0a9f81ef-99db-4d14-8162-cea518ae409e,1c4fb337-4053-4065-95df-f8130ca019d3,a3dee852-77f3-4b2e-ae91-4b6a8962bbfd,ACTIVATION,2026-08-24 22:24:22,False,False,2026-08-17 22:24:22
9e91c163-c744-4129-ba33-dfcc37d59197,8fe8218f-220e-4f2b-be42-4774e8024964,e572a307-8094-4642-bf69-898d4141b9cf,ACTIVATION,2026-08-24 22:24:22,False,False,2026-08-17 22:24:22
ae1282cc-ad74-42d2-abe1-1ea8cc333339,b97c62b3-2f7f-42bc-a40b-45f9825d2aa8,1f71afa7-76a2-4ee9-9146-d87fdcc863c0,ACTIVATION,2026-08-24 22:24:22,False,False,2026-08-17 22:24:22
f1f18afc-7934-4853-99d1-d906517f004c,b0684ca3-7cfc-426c-b9d2-6641840b08d3,01fcd5b9-f12a-42b9-b1c9-a917f701d1f4,ACTIVATION,2026-08-24 22:24:22,False,False,2026-08-17 22:24:22
0d341152-9091-4d8e-9566-a4e4138c7734,ba598ba6-ffb6-453d-9534-9647c845a9c8,8e3b2931-9b2b-4fe8-b164-1005397482e1,ACTIVATION,2026-08-24 22:24:22,False,False,2026-08-17 22:24:22
6e0590ea-9a6f-4fbe-885c-093b4e5cac25,9a127dc8-e0ff-48be-ae10-e2943fb0f972,fa520898-2f66-4f94-9606-f5240ae605ac,ACTIVATION,2026-08-24 22:24:22,False,False,2026-08-17 22:24:22
7b2b0fd7-53a8-4121-b7f2-13759a70e72a,81b198c2-4f12-428f-b18b-aab0b1cf8b74,172cccb9-3b49-4ad4-9418-056f22ed1053,ACTIVATION,2026-08-24 22:24:22,False,False,2026-08-17 22:24:22
d56ccc76-808a-4a6f-9622-0fd2f1b9c74c,f07d3fa7-cf20-45cb-a101-1f8d92747318,aecac9a4-ccbb-4096-81bd-454345a9a0c3,ACTIVATION,2026-08-24 22:24:22,False,False,2026-08-17 22:24:22
f2f0c29d-d017-432f-996b-078e705bb6cc,4071dbe4-f3b6-4752-9940-7565f98de9a3,69d96591-5253-4e47-93b9-4118487c9fbe,ACTIVATION,2026-08-24 22:24:22,False,False,2026-08-17 22:24:22
7f929951-5c9d-4d17-a506-490016b69ea5,39619a08-d98f-465b-a608-7e00991da341,c69580de-690b-4f57-b3e5-4c5264316b66,ACTIVATION,2026-08-24 22:24:22,False,False,2026-08-17 22:24:22
12c10add-25fb-477f-be15-55f39d6adb27,104d3cef-4cb9-420d-9fbe-a8ff58374a6a,e2dda94c-ade2-4876-a7df-a8286c39f143,ACTIVATION,2026-08-24 22:24:22,False,False,2026-08-17 22:24:22
f9ca1f52-c253-47ec-9622-2b6a30e55ca0,3e2a8f60-5a11-4305-8486-2a35514c3b01,fd85d76d-a4b0-49b7-b3c8-9ced65e88fbb,ACTIVATION,2026-08-24 22:24:22,False,False,2026-08-17 22:24:22
b84a1d54-a8f8-4220-93f2-1700315cfdc5,8ee817bf-5684-45e2-9568-394b700eaff6,2110e75e-87d8-4040-a302-68a389970a53,ACTIVATION,2026-08-24 22:24:22,False,False,2026-08-17 22:24:22
7b950061-8cc6-4258-adb6-228de80365be,4f91c716-a464-41b1-b194-82ed262f5336,44c7887a-502c-49d8-9118-1692a0138453,ACTIVATION,2026-08-24 22:24:22,False,False,2026-08-17 22:24:22
b1f971be-a7ca-4ff1-9072-b1cb943e413f,13b2c7a5-8590-468a-88ed-524a27269e47,f34df985-0ec2-4d31-b644-d521ba141926,ACTIVATION,2026-08-24 22:24:22,False,False,2026-08-17 22:24:22
24745fbf-0a65-4c89-9084-da543717cd7e,5bfce5ef-45dc-4b3c-b539-e3d3d530062e,672d29f6-eaab-444e-8c43-f79bc38f2fbc,ACTIVATION,2026-08-24 22:24:22,False,False,2026-08-17 22:24:22
40251bbb-952b-4230-a55d-d564bc361713,7ad56ffb-0a90-4ca0-863f-d0b741c9669b,99fcb0e4-eacb-41b4-a1b9-b6ae6796fa78,ACTIVATION,2026-08-24 22:24:22,False,False,2026-08-17 22:24:22
0cce49ae-226b-41d0-8eec-a64f3e6fb981,c2356a29-af98-4afe-946e-e019b6f3d78c,d9b36a4b-40aa-4d4d-b5fc-866488b02942,ACTIVATION,2026-08-24 22:24:22,False,False,2026-08-17 22:24:22
b088fa5b-22b9-4360-927e-d5e3ae94f18b,76a1bf67-b8cd-45bb-a96e-f0b4c1c24af4,f8514cac-5093-4d41-a45f-de8a20b56f7a,ACTIVATION,2026-08-24 22:24:22,False,False,2026-08-17 22:24:22
49ff0856-088e-4cbd-b53f-49bea2e6eb8b,689b7fb0-9be8-4811-abb9-44bf0c5b7bde,7cd4fab3-1af8-47a6-a38b-694408411cdc,ACTIVATION,2026-08-24 22:24:22,False,False,2026-08-17 22:24:22
e3a53bc2-6173-40fb-808e-a14353864994,610bc426-d9e3-429c-a692-4a7d10bd52b5,e30bc6bd-0907-4267-bf6a-a32f81430268,ACTIVATION,2026-08-24 22:24:22,False,False,2026-08-17 22:24:22
f42bc198-ba64-4cdc-b89d-10eb287042a2,2bfccb99-1479-4450-8246-da4e8deeeaf8,c08a8f10-13fe-447f-9b95-bc3df09cccfd,ACTIVATION,2026-08-24 22:24:22,False,False,2026-08-17 22:24:22
182c8e61-8420-47ae-abd5-f0431b25a7f2,f9b915b1-e439-4b51-bd85-389db236e9c2,4f02af0e-202d-448b-a77d-95c3aec2db40,ACTIVATION,2026-08-24 22:24:22,False,False,2026-08-17 22:24:22
581f51d8-09e2-4d56-ba72-0b2aa0273ccc,2a9f9573-2cc3-4174-953c-47ce1aacbd17,ef14995f-09ff-4afe-9492-9c5bbd98b31f,ACTIVATION,2026-08-24 22:24:22,False,False,2026-08-17 22:24:22
512b79b3-00a2-47f5-9f03-65092d0c0604,046fa9e1-43f8-4f8e-a47a-88e772e4c463,27f2e888-aae5-4a9b-a1c6-5b4fdf6fdc17,ACTIVATION,2026-08-24 22:24:22,False,False,2026-08-17 22:24:22
f735298f-b07e-47e0-b0c6-3182a7fad915,68a40ba3-6673-4e69-bfc2-94557405df36,62f36fe9-b1b3-4e3a-8c0e-433658114859,ACTIVATION,2026-08-24 22:24:22,False,False,2026-08-17 22:24:22
64f0aee3-12d2-481f-a4f5-62784417d5a5,68e10da6-3b2f-4380-9e74-7e7f6157450e,816cd674-440f-46f3-9e0f-08f90c4442a7,ACTIVATION,2026-08-24 22:24:22,False,False,2026-08-17 22:24:22
442d8cd2-1286-4641-add7-5754479d5d46,71d409d7-7b1c-471b-9f69-a404563cb3e7,399a152e-e262-4a8a-84a8-8a8c53f038cc,ACTIVATION,2026-08-24 22:24:22,False,False,2026-08-17 22:24:22
ce92be73-f375-4751-bbeb-aa2fa028f328,2c7d20f9-b754-4d88-8c27-4b173c409009,a2c9679b-1408-4f87-9ddc-a45f14de75b9,ACTIVATION,2026-08-24 22:24:22,False,False,2026-08-17 22:24:22
e62e5e67-562c-4bce-9f13-965cd87ab5fa,a1f51f24-8cee-45bb-ba99-3b918f837112,90ffd752-b382-4dbe-80c0-0cec140a0845,ACTIVATION,2026-08-24 22:24:22,False,False,2026-08-17 22:24:22
87129f28-cef8-4cce-be66-85868b519216,47441178-4f8d-466e-bb93-58740d2d2ad3,bb83ee68-b607-4933-a6ee-ffa23db85f6d,ACTIVATION,2026-08-24 22:24:22,False,False,2026-08-17 22:24:22
b82085fe-8f54-4c4a-8e44-0dad5490b28a,3b107d4b-83ae-43ef-b73e-e1236b798449,dc842c3e-c221-4516-8d94-625e912f675a,ACTIVATION,2026-08-24 22:24:22,False,False,2026-08-17 22:24:22
f977e516-797d-461c-9bf8-7911b4150ef1,f5397b78-3d0a-4030-be4c-814e937bc73e,4b8927ba-620c-400d-bd48-788d600dd00b,ACTIVATION,2026-08-24 22:24:22,False,False,2026-08-17 22:24:22
bd03c36b-5236-4fb3-b932-f9f7aca470d5,5cc81cef-57dd-4470-9a03-c6aa21ad792e,08fefa10-6de0-4a62-b46c-79c6b22609d5,ACTIVATION,2026-08-24 22:24:22,False,False,2026-08-17 22:24:22
309f149d-fd54-4eea-b318-9b00a521701a,3f082591-25be-4f87-abb6-fea7b866f026,685578b0-c12f-4894-94da-9b8976205525,ACTIVATION,2026-08-24 22:24:22,False,False,2026-08-17 22:24:22
97e61746-ef93-4549-9854-995332b4b0ee,de2d92a8-baeb-4b5c-9c2d-5253f0d8c1b5,846bf02a-c946-400f-8b09-1383be3e8b44,ACTIVATION,2026-08-24 22:24:22,False,False,2026-08-17 22:24:22
f8a6692e-14a2-4ccc-b219-cbce13ef817c,19a961aa-aff6-4b48-8563-cfdad13c51a9,cffac3a4-2acb-4e78-8245-b70f10a7367b,ACTIVATION,2026-08-24 22:24:22,False,False,2026-08-17 22:24:22
a1f931a2-56cf-46b2-af64-bdf36cf60987,7400c72e-fcab-4ff1-91bd-54d7371f478e,5bde9a82-94a4-47b5-81ea-148761b7061f,ACTIVATION,2026-08-24 22:24:22,False,False,2026-08-17 22:24:22
9f929187-0640-45ca-9c3e-45ede0080418,ab7914d3-1c6b-44ed-85eb-b5cf073d19fe,91e0582c-c64e-4b2b-9c06-f885d46b59e7,ACTIVATION,2026-08-24 22:24:22,False,False,2026-08-17 22:24:22
ce2e252f-76e6-46a4-be1d-1d91f37169da,ff2141b3-0578-41aa-88e1-3d817e139b46,442159de-13bb-4669-8f44-4342b0bf0bb7,ACTIVATION,2026-08-24 22:24:22,False,False,2026-08-17 22:24:22
631da368-a892-4f5f-8dfc-0c8759e72ac3,838185b6-36d5-4090-84b2-a6491b97b123,944ed07e-7425-4ef2-a78a-d08753cbe9ae,ACTIVATION,2026-08-24 22:24:22,False,False,2026-08-17 22:24:22
1a268868-aaa7-4ee1-9903-53b5e7242d00,7008d821-db9b-4fe3-9c82-b07811bdba67,123de492-771f-416a-a96d-6dfd2fd60614,ACTIVATION,2026-08-24 22:24:22,False,False,2026-08-17 22:24:22
afec7863-7e67-4286-a99f-953e7dbf3ad2,a4faa31e-f3be-49ad-a0fb-926107610193,537c3933-8535-401f-953b-47ada5cceea1,ACTIVATION,2026-08-24 22:24:22,False,False,2026-08-17 22:24:22
4cd71b30-45fb-4637-ac4e-255888ac5abb,7bb45f33-3727-4275-9d70-7525550c2e1d,3ddeec5f-322e-4555-9c72-f0a41321bdd9,ACTIVATION,2026-08-24 22:24:22,False,False,2026-08-17 22:24:22
3a8a06ad-0fe9-4652-993c-e6f1434e8b2a,99a46e5f-04c2-4264-a6a7-7f4128f13074,533ca715-0161-42c3-ba83-bdae2885c903,ACTIVATION,2026-08-24 22:24:22,False,False,2026-08-17 22:24:22
f650d61c-1b11-431d-8574-cca5e094be0f,d781cca7-a8aa-4a9d-8d4f-772e667596bd,8fa43166-01ed-4f0a-a731-2e27f621b099,ACTIVATION,2026-08-24 22:24:22,False,False,2026-08-17 22:24:22
ba96428d-041e-495f-a646-a4d01bb7ba90,43188dfd-bc23-40ac-ba64-41739df6bd2e,f6646b53-fd3f-4f1b-b70d-af3305907965,ACTIVATION,2026-08-24 22:24:22,False,False,2026-08-17 22:24:22
72bbd22d-938b-474b-b74f-115b978f8b33,772ef578-12e5-449b-a39f-c4162058c033,c13f7961-b7c7-4a41-8dbc-96b377ce9c23,ACTIVATION,2026-08-24 22:24:22,False,False,2026-08-17 22:24:22
16dde051-d686-4e6d-8390-867b53c6f9fb,b4e8d12a-80fc-4332-aa5a-d8f02ac9b1a1,32cc2289-e25c-422d-b625-53a09d72cc5a,ACTIVATION,2026-08-24 22:24:22,False,False,2026-08-17 22:24:22
c5218196-f3ee-4dc9-b2dc-e5855e906f71,a05dc5aa-9aa1-4db8-a646-bc98b66d7e96,cc83c5eb-75cb-4ae3-8b2e-cd494ce360d0,ACTIVATION,2026-08-24 22:24:22,False,False,2026-08-17 22:24:22
9d3269ea-79e2-4aba-8fb5-0ab9d87d7b55,71e83994-5caa-4b96-896f-26f8b85745e8,006deba7-2d51-49a9-9e12-4d5fdbcc2e8d,ACTIVATION,2026-08-24 22:24:22,False,False,2026-08-17 22:24:22
65861546-a02a-4de8-887b-5831c01b7c7c,f6b7ed18-e636-42b0-b925-1a9890749697,164670cd-267d-4969-b4d4-2d5280bcf093,ACTIVATION,2026-08-24 22:24:22,False,False,2026-08-17 22:24:22
f2bb5349-d330-4528-83ff-cd96c75bca7f,8362d2ae-640c-4f7d-9684-36d5ff56b865,75cb5692-9db1-4076-b62a-1c5b9f1e31e1,ACTIVATION,2026-08-24 22:24:22,False,False,2026-08-17 22:24:22
783a3d92-9d2d-4301-b936-5b44859bd477,6ec9c6fa-c709-4df2-ba8b-ab192e9e17bc,34994f13-7235-484c-92c2-8c2dff4c37f2,ACTIVATION,2026-08-24 22:24:22,False,False,2026-08-17 22:24:22
efb02560-fa1c-40cb-86fa-11e503b8e12e,2d6201e7-57d0-4752-ab22-edea0453de08,fa100e11-579c-474c-8450-a19907428dce,ACTIVATION,2026-08-24 22:24:22,False,False,2026-08-17 22:24:22
1863c2c0-36dd-437e-9f42-91d0ec530d31,ab4b5df5-6496-426d-92a1-683efde51b4c,05c7161e-fdc5-47ac-bccd-d9d1356877e1,ACTIVATION,2026-08-24 22:24:22,False,False,2026-08-17 22:24:22
15b830be-141c-4ad7-920d-51cec2c93d2d,89e29682-34a9-44d1-b800-56d6f5bed5a9,b5e81d6d-cce5-4143-866d-26e86c22076b,ACTIVATION,2026-08-24 22:24:22,False,False,2026-08-17 22:24:22
87954729-1812-4e67-ac08-e2f3ddb6b2d9,2b08e758-0c33-400d-bb39-15c2bd8e6769,61c20b13-bfb0-411f-992c-d2fcf5c10831,ACTIVATION,2026-08-24 22:24:22,False,False,2026-08-17 22:24:22
ddcb7ca2-c397-459d-9c75-e3b47dff101d,e39fc202-cae8-436a-ab57-20485c80c5ad,f4458c5c-d7dc-4d4c-a8a3-9b34e655b5a6,ACTIVATION,2026-08-24 22:24:22,False,False,2026-08-17 22:24:22
8284b65e-6210-435d-825d-54899cae17c4,18c06174-c589-4517-b366-b392a8e6ce53,0d13ce37-866b-4d2f-9767-2c511c83695c,ACTIVATION,2026-08-24 22:24:22,False,False,2026-08-17 22:24:22
8b6074aa-af19-4aaf-b698-eda21b75c3e9,33ef7c66-3e16-4578-9a26-150fbc1e82bc,0c660b9c-0491-40c9-b866-aac21f54afb7,ACTIVATION,2026-08-24 22:24:22,False,False,2026-08-17 22:24:22
239c30c7-990d-4445-8b00-893ce71d3a00,c24f6692-cab0-4167-b51b-ea495bfa0311,cb1ff23e-48c1-4145-9ae6-75498bc38eac,ACTIVATION,2026-08-24 22:24:22,False,False,2026-08-17 22:24:22
8d5a88a1-bf76-4556-8bea-81fba165ab9d,888a1931-bc1f-402b-a085-65a5827a0a92,015c4452-f124-4978-aede-f54f9cd7290a,ACTIVATION,2026-08-24 22:24:22,False,False,2026-08-17 22:24:22
9c6f1644-6d9b-47c6-938f-25da9fcad850,6facd8cc-842d-4754-adf4-98d98d1de1c3,57079262-0872-405f-9682-b85b104a5e84,ACTIVATION,2026-08-24 22:24:22,False,False,2026-08-17 22:24:22
a4d3e62f-9dcb-436c-8535-bd570395ee84,c6e313f5-1682-49e6-a4d8-8705db35a14b,cea86467-5b24-42e0-98b0-acc0ebde5bd1,ACTIVATION,2026-08-24 22:24:22,False,False,2026-08-17 22:24:22
02f5bb08-e194-41f4-ae52-7c30a195666d,776742b2-69be-41d4-baff-fb09dc5c2cf6,61de666b-fb34-4bf0-a564-184cd8c68120,ACTIVATION,2026-08-24 22:24:22,False,False,2026-08-17 22:24:22
efd73cdf-1647-45bf-a3ee-d8c10eb24253,f9c000b5-9f53-49c4-8a9f-383bd095738c,22129310-ba6c-4811-9952-b3feb0437e2f,ACTIVATION,2026-08-24 22:24:22,False,False,2026-08-17 22:24:22
051973a4-701d-4174-bdc0-36c05484be24,f41fc319-9ced-4d64-bc91-b5bc2b39374f,8637da05-b53c-4d52-9f83-c20c1c342855,ACTIVATION,2026-08-24 22:24:22,False,False,2026-08-17 22:24:22
365e39df-d6ef-4d92-b2ce-fbe1deb9795d,2d0776fa-7b13-42fe-b419-24af4c8c7f9c,4bacdcac-6d3a-4d66-a890-f723aa21ab5d,ACTIVATION,2026-08-24 22:24:22,False,False,2026-08-17 22:24:22
d198dd0e-cb4f-4e14-b7c4-38a9d7e6754a,404e8c00-3b8d-4425-8442-eb7aee9d8c4a,2d88d29e-311f-4212-91f2-c6d12af569fe,ACTIVATION,2026-08-24 22:24:22,False,False,2026-08-17 22:24:22
0867f55e-52f1-4182-bfaa-26fe2895c1b5,57b1af27-c1d0-48e3-91d6-e7a7c4187963,91501d3f-553a-44c9-b78c-71e1ec6725b7,ACTIVATION,2026-08-24 22:24:22,False,False,2026-08-17 22:24:22
61756f22-4cdf-45b9-bfb2-556b2e860a16,88b4171f-0d47-4757-8634-36f2c3a38a9a,8941b71a-1d3b-4b8d-a37c-cf3334fd2fa7,ACTIVATION,2026-08-24 22:24:22,False,False,2026-08-17 22:24:22
c906dcd7-84b1-417b-8587-3d2f11df01bb,8721fa2d-a266-4f37-8de6-9f4984782a41,20a46faa-b7d6-4826-beb7-fd0758670264,ACTIVATION,2026-08-24 22:24:22,False,False,2026-08-17 22:24:22
ee24070d-e6e7-4123-9b2d-7fac72a91332,3af5ff38-1df0-4d6e-92e7-cd6aa6c2075d,83b3f189-1adc-4d04-9989-aadd3a1d5aa0,ACTIVATION,2026-08-24 22:24:22,False,False,2026-08-17 22:24:22
b38a7e30-c0ba-4aed-b37d-c694f12eb2d2,c1eb5b57-4972-41a4-85c4-d2bc9ae95f43,709369a7-c94d-4026-851d-ff65f079fe77,ACTIVATION,2026-08-24 22:24:22,False,False,2026-08-17 22:24:22
31b708b9-ea6f-4058-8381-bcacd100b2ea,ec412a3e-e8d1-4b0a-a686-0f67b023ae14,4f6a2038-a1f9-4128-bf93-cf2c3cf30d81,ACTIVATION,2026-08-24 22:24:22,False,False,2026-08-17 22:24:22
bf10fb82-1b85-429c-a1bb-380418dc4e8f,007e61b7-b3f3-40ff-87ba-eb3869ea742a,acf30d45-b8e4-4975-908d-b3827ab40bcd,ACTIVATION,2026-08-24 22:24:22,False,False,2026-08-17 22:24:22
904a8d58-ea38-416f-9f62-cf2e2dfd8ec8,6110e2c8-97f5-4d19-9c81-a633691aadd8,96bf41fe-6ec7-47b9-941b-f0f0022e10e8,ACTIVATION,2026-08-24 22:24:22,False,False,2026-08-17 22:24:22
5f24ef3d-a3fd-45f3-8079-13bb533fdd9a,18201e67-bcd8-4d77-8662-0491323dda79,1de19bba-f08e-4318-9de2-361b971eda9f,ACTIVATION,2026-08-24 22:24:22,False,False,2026-08-17 22:24:22
71880da0-c49d-48b4-aa24-ce25a6494d80,be9ab704-29e2-44a2-a86b-47dd09552653,d0365506-4ed7-4fd7-81e3-a5b30051cae7,ACTIVATION,2026-08-24 22:24:22,False,False,2026-08-17 22:24:22
db20f913-47e8-40b0-87f2-35fe46b482b8,e0a6cb44-32ea-4b6a-b17b-c2320277eab8,698a83e6-14c7-4f4c-bf57-c8fa24a3af0d,ACTIVATION,2026-08-24 22:24:22,False,False,2026-08-17 22:24:22
55590cd9-701d-478e-91c2-b27dca85b270,a593517e-033e-41f9-a141-6366b8f02788,779140e9-d9b3-4305-a8c4-3f0fcb9c0da2,ACTIVATION,2026-08-24 22:24:22,False,False,2026-08-17 22:24:22
8f1bfc9a-8475-45c8-ab89-c4eb9d629069,6703e305-04fa-4a1e-8b1f-efa81a9630fb,5ec104d8-9138-4828-9bc2-4dc40390b5ab,ACTIVATION,2026-08-24 22:24:22,False,False,2026-08-17 22:24:22
4dfd4940-38e5-46ff-84f2-6ad5d8a45ac3,eab9940e-568c-4d33-90f6-5d08b689af57,4d1d430c-b838-4470-b226-e7b648925eb9,ACTIVATION,2026-08-24 22:24:22,False,False,2026-08-17 22:24:22
c4f997d1-d261-4da6-90be-8d9065f0ac7d,8a35fdd5-c2b6-41cf-95f1-6bc3320f9181,e090bc5f-1f98-4006-a23a-c99263983786,ACTIVATION,2026-08-24 22:24:22,False,False,2026-08-17 22:24:22
3a3cb063-6c9b-42fc-9ed9-00ec395a8cbe,c06d8cd9-07c7-4b74-a00a-f0d2d2991cab,9bfbc6fe-6baf-455c-8879-36c79f5f9c65,ACTIVATION,2026-08-24 22:24:22,False,False,2026-08-17 22:24:22
567c25f4-ada5-4342-8d7b-6e676848dec0,4a038e06-4c7a-4bf7-9acc-2b3ce36d73ee,376f1508-9667-4670-bbbf-da34f67e9367,ACTIVATION,2026-08-24 22:24:22,False,False,2026-08-17 22:24:22
67920746-d356-4ed6-bd21-594ebb2af5e1,59b369f6-d6b8-445d-85a7-b7f1993c6b90,0384e59d-5603-4102-b4c3-02135505cab5,ACTIVATION,2026-08-24 22:24:22,False,False,2026-08-17 22:24:22
92fe88fc-28cb-4d0c-88ed-1480b436a230,651827f0-6ba0-418f-8bf0-cf02a75c8e98,f91e4cd7-5ba3-48e8-a879-89914b2f12ae,ACTIVATION,2026-08-24 22:24:22,False,False,2026-08-17 22:24:22
564c2574-ba2b-4480-9cac-2fc8481dc55b,31b0697c-3abd-4655-afb6-8fc1adbc1948,cbb5c55f-00d7-41be-ba18-3a17edd28845,ACTIVATION,2026-08-24 22:24:22,False,False,2026-08-17 22:24:22
e71c9e3a-64ed-4aa8-9ce0-4022869e1ab7,e9bcf26c-92e2-4b0f-9c4d-4a481554447d,72cb953b-1c82-4335-9c5f-56ad18d39f06,ACTIVATION,2026-08-24 22:24:22,False,False,2026-08-17 22:24:22
cefd6823-8ca2-4cf6-ba9e-c1fadeeeadba,23fd0725-a03d-47c5-a651-ade64ac79e5d,000ce236-9cd1-4740-8037-3da0d3937d59,ACTIVATION,2026-08-24 22:24:22,False,False,2026-08-17 22:24:22
bd5bdc09-789e-4685-932f-983876a60c86,6489b249-eedb-4e31-a0ef-be70bbf90389,cb8c7fea-be67-450c-b111-1467bf2475e4,ACTIVATION,2026-08-24 22:24:22,False,False,2026-08-17 22:24:22
e62df55e-a2a1-456b-8f8c-64fba71c4992,0b9584b2-dc84-45d6-a33b-7b7f3b6d031e,bce65091-e13b-4c00-8171-e6e1b1af000e,ACTIVATION,2026-08-24 22:24:22,False,False,2026-08-17 22:24:22
8e30219a-6b13-41aa-b8a9-11669e2d0f3a,62aaf74d-2a53-420f-a14e-f3bf74a6be94,5eaa9bf5-bfc5-4655-b4f4-5fcd794c75aa,ACTIVATION,2026-08-24 22:24:22,False,False,2026-08-17 22:24:22
0a4d8a99-7261-4665-bb68-240f2bccb8cb,0b30a267-f316-4c29-8e6a-7b87fc121048,c9ac8c7c-2982-4d79-9b7f-76c6601746b9,ACTIVATION,2026-08-24 22:24:22,False,False,2026-08-17 22:24:22
2953c529-c2f7-48d1-bcb1-0605961c65ed,3d2d839c-1b29-4c4f-8f41-a576a6fce084,80dbe821-cb0e-49a6-9d5d-23512a62083f,ACTIVATION,2026-08-24 22:24:22,False,False,2026-08-17 22:24:22
d7178653-8699-4b1e-8c46-a206f464dbec,6046a345-39a4-46ce-92b4-6250a4b14b0b,d3b0d8d4-fd88-4065-8528-4b7ee351c2e2,ACTIVATION,2026-08-24 22:24:22,False,False,2026-08-17 22:24:22
86f57d2c-8e92-4fad-9fe4-ae71e6706888,c4a845d8-32c3-49e3-9ae9-3eedbf4bff4b,d07ba023-d19c-4184-8b83-9bda970e4337,ACTIVATION,2026-08-24 22:24:22,False,False,2026-08-17 22:24:22
d32fe78e-7512-40d6-b44c-4d6e648ef3d7,adff8c82-1de4-464a-bc1b-657c7093b8d2,38c26b74-68f0-48c9-8651-c8427197ee00,ACTIVATION,2026-08-24 22:24:22,False,False,2026-08-17 22:24:22
ac29412d-b938-421c-9270-a719ca9aab0f,6ecbe252-d652-4a0d-bd8c-4cadb55700d7,c5eddd81-78dc-4757-bc68-831fdc39a988,ACTIVATION,2026-08-24 22:24:22,False,False,2026-08-17 22:24:22
7e5f0c09-fb6a-4608-826d-36a94a6daeb7,8b7d9d32-8243-4c1e-8753-abe7a8b1ea1c,a6d22271-d174-4e55-92fd-37d83e7e0380,ACTIVATION,2026-08-24 22:24:22,False,False,2026-08-17 22:24:22
fa85f577-24a0-4139-b5a5-db0ae12424e8,95a75053-76a2-454f-854f-d5e9b5126e6e,1e2104c6-7e41-4637-be84-735b05a3e76e,ACTIVATION,2026-08-24 22:24:22,False,False,2026-08-17 22:24:22
e4380c09-42fa-4b9a-85b8-7d5157d3710c,e98437e5-6bb3-4ff4-8879-e63b7923b217,1ba0f675-37ac-4ace-b560-5cb9f7f1af65,ACTIVATION,2026-08-24 22:24:22,False,False,2026-08-17 22:24:22
e6faa78c-2e1f-4363-bb0c-b8136f7abf8a,e7c17527-a7e3-41f3-af95-ad706c14e689,b39f9c45-7fe8-4f2c-ae0c-18c67f9ed1a1,ACTIVATION,2026-08-24 22:24:22,False,False,2026-08-17 22:24:22
48fb78e9-13f0-4e39-b83c-77179b8253c7,e1022112-9d01-44f1-b071-d1f3a2be31db,42646847-02b1-44f7-8c20-1831df281327,ACTIVATION,2026-08-24 22:24:22,False,False,2026-08-17 22:24:22
517a5a46-907f-4b5e-9421-7499501d07b3,f47c80ee-bab1-4322-ba5b-6953d991c4f9,ad0347e6-2c4f-4512-afdb-b2a924b3725d,ACTIVATION,2026-08-24 22:24:22,False,False,2026-08-17 22:24:22
7cff7f3b-5b3b-4828-9e41-f1df05e961d9,acd18df8-b247-4578-8512-74c7887f9246,95eefc64-20f7-4a38-add9-1fce1f9ee39b,ACTIVATION,2026-08-24 22:24:22,False,False,2026-08-17 22:24:22
2b26229f-8831-4271-9337-d4bcf66ea4bd,701c05d4-5b0a-42c6-b602-2ae635859277,2baa6ac2-125b-471a-88e4-92af30b7c500,ACTIVATION,2026-08-24 22:24:22,False,False,2026-08-17 22:24:22
bf9c3979-2740-4928-b4ad-23aa4994d746,d73c2019-80a7-4dbc-a492-bf3c0a875cb5,16dd417e-03f4-4d0f-8271-555d267c4859,ACTIVATION,2026-08-24 22:24:22,False,False,2026-08-17 22:24:22
923f6ce9-b011-4c08-af86-535749de8d5f,661c3c32-eb88-446f-9048-53b6e19a3cb7,aede10e6-5317-4594-89c5-4c6fa205b387,ACTIVATION,2026-08-24 22:24:22,False,False,2026-08-17 22:24:22
cff1854f-9466-4728-b685-3a7f95a25a6d,39952c1b-cab0-4dfb-ab4d-e04e383273a7,3fa4231a-5f0d-4f4b-99ed-2a9da1668a2c,ACTIVATION,2026-08-24 22:24:22,False,False,2026-08-17 22:24:22
abb8de4f-e301-4073-8a71-019195a44277,0b913245-e072-4396-8c93-fdea6b7bd4a3,f0a29feb-4f5b-4f6e-bdf9-c832dcb12b6d,ACTIVATION,2026-08-24 22:24:22,False,False,2026-08-17 22:24:22
6145bf77-4b23-46ea-91d0-b67d1dc1212c,c9550e5c-eb0e-43d6-b5e1-345e7af7b3ae,6b3cbbac-81c2-46b3-923c-ed212c60da94,ACTIVATION,2026-08-24 22:24:22,False,False,2026-08-17 22:24:22
f4c22789-8be0-47d3-84eb-d98f2406fb6d,61e30c90-b873-4e23-9491-d629097f7a00,36d578f4-ca22-44ee-ba27-dd3f5f87f750,ACTIVATION,2026-08-24 22:24:22,False,False,2026-08-17 22:24:22
de631809-e886-4649-860f-ed856f31cf97,dde7acbc-30cf-40e3-bd4f-0f52c88ccc80,a082aa6a-fdbe-40d3-a565-d93211ac7e1a,ACTIVATION,2026-08-24 22:24:22,False,False,2026-08-17 22:24:22
9f6b5cf2-6fa7-4dd3-b83e-c4ba45e3ffd4,6a7c2af1-88db-4806-8888-34fcac1ebe26,a8dd246e-ace7-4685-af30-a0f399f3231d,ACTIVATION,2026-08-24 22:24:22,False,False,2026-08-17 22:24:22
63a36ed2-4aa1-435b-ac55-a6b8221fa464,81c516d6-9f86-48d8-8f1a-1dab39efc159,0a1a1832-8d75-4390-aad6-9bca6bae288f,ACTIVATION,2026-08-24 22:24:22,False,False,2026-08-17 22:24:22
5f135921-38b7-440e-a5bc-645ff9fe6957,3a3d100b-fdb0-4dc1-848f-8e54b3c43664,27beb676-3e80-4390-8c22-1eb78ef34d05,ACTIVATION,2026-08-24 22:24:22,False,False,2026-08-17 22:24:22
18fa4d1a-d354-424b-b00c-cebb534b6c13,cd938973-92f3-499b-93be-2d212b590138,55e6ca38-af5e-43eb-a01b-279f8aa0d9ab,ACTIVATION,2026-08-24 22:24:22,False,False,2026-08-17 22:24:22
2019199f-2af3-4510-8317-a2730fd6aaaa,31ff6f57-7e0b-4a40-950e-b5b1fd919f9e,52eb9993-f1e3-4f7f-8ea7-aea60647526c,ACTIVATION,2026-08-24 22:24:22,False,False,2026-08-17 22:24:22
c92bd098-afd3-46f1-9671-b6abeeeba5f4,6d0710e7-1f15-41ec-bcd5-7d90066247fa,2c63a829-107f-4132-bc89-bd843f701747,ACTIVATION,2026-08-24 22:24:22,False,False,2026-08-17 22:24:22
59f8959f-b1f1-45f5-a504-b235580249a4,a82bf5e2-73db-4d33-aaa5-06029b1ddc79,f7243673-ea98-4470-8b37-6e50f223746d,ACTIVATION,2026-08-24 22:24:22,False,False,2026-08-17 22:24:22
513a7144-2d91-45cb-b971-d27195f5d35b,fcec03f4-522b-45ef-bcbf-43abf821a485,d72066c2-2316-4419-b6a9-8d6488710bcd,ACTIVATION,2026-08-24 22:24:22,False,False,2026-08-17 22:24:22
f6fadf32-df83-4b2c-9e02-dcbd9b26f055,d6d9297b-f85f-4169-954b-fc50d68da0bc,d70b2bd2-da88-4713-be88-86879fd36b53,ACTIVATION,2026-08-24 22:24:22,False,False,2026-08-17 22:24:22
69f38a69-a0c6-4809-9dd3-7e7d6a5846f1,55c300a6-6594-444f-af5e-539a54f7773b,18ec3ad3-6d8a-4556-8669-5e3708e3d058,ACTIVATION,2026-08-24 22:24:22,False,False,2026-08-17 22:24:22
197760c7-2e52-4ea8-9976-2b848063484d,752e68b9-6377-4c13-ae00-91500eca29a0,8d85263e-ebb1-4bb0-8cf3-3e65ede584ed,ACTIVATION,2026-08-24 22:24:22,False,False,2026-08-17 22:24:22
f68465bc-1bb9-4c6d-be06-fb0796baf574,d1a8546d-3cf8-40ff-be46-62748b472f84,c529deb3-76b5-49ee-a856-01c40199ee07,ACTIVATION,2026-08-24 22:24:22,False,False,2026-08-17 22:24:22
6f5a7432-2366-49c6-bc8f-37ece0834737,afe1688c-cefa-446f-a674-503f24a9f396,9622c07f-2e23-41be-83bc-708762afb64d,ACTIVATION,2026-08-24 22:24:22,False,False,2026-08-17 22:24:22
0e0f1f2c-fa42-41df-8661-55cda1288bc8,a00ef5dc-76a2-4818-afac-5ae37406abb9,b51173ee-beb0-48af-aa41-230e8dc609e8,ACTIVATION,2026-08-24 22:24:22,False,False,2026-08-17 22:24:22
7f9bdbd2-b12a-42d4-ad7c-95bf6c5bb50a,64028923-79d6-4bd2-a71a-9188f2dc6597,f286e231-70d7-4719-b10b-24d3d5972d3d,ACTIVATION,2026-08-24 22:24:22,False,False,2026-08-17 22:24:22
25201d9d-1b12-467a-b430-c2cb5db88d38,2c8e60df-5294-4a98-9e2c-520fe2bb85ef,2f99ff04-79ae-4e3b-91cf-374f90c75647,ACTIVATION,2026-08-24 22:24:22,False,False,2026-08-17 22:24:22
e1945e02-bb28-4a5c-88d9-325d7c8101b1,87aa6bc7-4f96-450d-abb4-c901aeebc455,ee07329f-911b-4795-ad3d-7d6efecc50c9,ACTIVATION,2026-08-24 22:24:22,False,False,2026-08-17 22:24:22
31a107cb-73d7-4f38-af9b-70f5dbede1e0,31463f9c-7a87-440d-bd9a-41b4a10b6df4,fbc5f009-97b4-4eb7-9b69-a704d62281e7,ACTIVATION,2026-08-24 22:24:22,False,False,2026-08-17 22:24:22
0cc63e49-8831-4e0c-a700-b0e3615249b5,46c3ca9e-b491-4c27-80df-7999a24e5620,fadadce2-cd6e-4f3d-a12f-b0ee7411b674,ACTIVATION,2026-08-24 22:24:22,False,False,2026-08-17 22:24:22
3b0daaab-f681-468a-a38f-78fbe7ffb776,cfcc4de9-b32e-44c4-929a-a52f22563fcd,d5a303cc-d816-4019-9c3f-3e1bcde11bc2,ACTIVATION,2026-08-24 22:24:22,False,False,2026-08-17 22:24:22
52d37fd5-2680-4707-baf1-01b8c70cdb66,12ea71e7-c13d-4000-ab77-71e75a4b26ab,4fcf8e3b-6fbb-4916-9c58-4a87edac683d,ACTIVATION,2026-08-24 22:24:22,False,False,2026-08-17 22:24:22
ab916370-0eb2-4c86-b133-1c7aa48284ca,9bae8cc9-9d2e-4d39-82d1-9edabddcefe4,ce7f67bc-f011-48a9-8464-9973fcaac8e0,ACTIVATION,2026-08-24 22:24:22,False,False,2026-08-17 22:24:22
933bebaa-1371-4448-be2a-3a48aa281e97,a99f1207-7693-42bf-acc9-2a3b2efea603,578dcf40-a358-4f16-a184-b3ee5936e59b,ACTIVATION,2026-08-24 22:24:22,False,False,2026-08-17 22:24:22
9e5f3700-27ec-40f8-b2ae-84fd93171ee7,f9e8cf99-094b-4624-8e02-5a42a9162433,3d943d1d-0498-475c-832f-62c4b8fb5bd5,ACTIVATION,2026-08-24 22:24:22,False,False,2026-08-17 22:24:22
6fe55822-d37b-426b-aba1-3dab705f19ca,1ba931f9-2497-4406-85dc-7678951f3de4,5ac68bea-a679-45b4-abdc-1e62633e19a5,ACTIVATION,2026-08-24 22:24:22,False,False,2026-08-17 22:24:22
5b236796-a094-4f1e-ade6-a2bd363792ac,bee6264b-e1f9-4a9e-aac4-31dde5444955,460f9a6c-d06b-45dd-a91a-91c6b4e2445b,ACTIVATION,2026-08-24 22:24:22,False,False,2026-08-17 22:24:22
37abf11e-e170-4f04-98b9-eaafd406f857,d8844841-8fd4-4a6a-b05f-0220bc0a9dae,c9e2af2c-3fca-4b5f-bd91-14730dad554e,ACTIVATION,2026-08-24 22:24:22,False,False,2026-08-17 22:24:22
3f6d23bf-1dee-4539-9b57-4c2ada96b582,8207b623-606e-4f3f-8fc3-e487299c62d4,bec2b44e-7a50-431c-b527-e5f48736ddb9,ACTIVATION,2026-08-24 22:24:22,False,False,2026-08-17 22:24:22
cc9ef1fb-1026-47af-855d-481c8c813672,6ddf42de-e19f-454a-8dfc-62ef835f7b75,b3a2d18b-4fe4-491a-9ab7-d1fde7a9ffcc,ACTIVATION,2026-08-24 22:24:22,False,False,2026-08-17 22:24:22
9f6f47c9-8042-4bba-8567-732132f39ae3,3de2d042-7a61-43f4-adb0-034468dc54fe,42d02216-e1df-41ee-b509-ea68d349db04,ACTIVATION,2026-08-24 22:24:22,False,False,2026-08-17 22:24:22
43cb9af9-28e4-4b21-b0ad-6d0320229b07,bf6116db-d435-44bc-a37d-45ef199c41ce,3f1162b8-4cf8-4e33-ba49-054176a785be,ACTIVATION,2026-08-24 22:24:22,False,False,2026-08-17 22:24:22
9c0b634d-9f19-4221-a458-2ef4e1e567f3,bc465924-f00e-4d19-94ba-a6ff28b1caaf,5f15e428-adc2-4687-9356-7f5f22a040b7,ACTIVATION,2026-08-24 22:24:22,False,False,2026-08-17 22:24:22
71188477-aa18-4e3c-ac47-4d8087430375,e29a953d-c29a-467d-a3cc-e3d85f258542,7bd31886-15c7-4b56-9cd5-4ad17befb636,ACTIVATION,2026-08-24 22:24:22,False,False,2026-08-17 22:24:22
a4c73b38-7506-492d-bbee-5d794dc19712,b1eaeeb1-ce87-45f5-ad6d-2cb0478f37eb,ce1c7c23-f9e7-4845-89e9-674f4bec7e03,ACTIVATION,2026-08-24 22:24:22,False,False,2026-08-17 22:24:22
61f9e638-9c95-4a84-bbc8-0d1e7ddeb3d5,70fd2369-e601-433c-b7c6-a678f976e9fd,b58e5ef5-8fec-465c-a19f-4c56fc2d6b2b,ACTIVATION,2026-08-24 22:24:22,False,False,2026-08-17 22:24:22
ac9a72c9-935d-4dcc-87a0-6ffb00b99d57,497dfa6e-2c1e-4343-b3ac-7a9f0a8fdbdd,4eb6c57a-29c8-41ce-95e1-ac801fa3e8b3,ACTIVATION,2026-08-24 22:24:22,False,False,2026-08-17 22:24:22
375ad69b-2088-4426-be09-e17d3f5d1e72,62068f76-23b2-4103-8c81-3cbff5287368,bf886336-141a-4685-ac6a-8ea224146837,ACTIVATION,2026-08-24 22:24:22,False,False,2026-08-17 22:24:22
546fce59-c63d-4e77-93ab-f4be4deb59f7,e88f692c-cc78-4d0c-9018-e48be42ebd33,dda38605-9fb8-4890-9fb4-fcc1ec4119bf,ACTIVATION,2026-08-24 22:24:22,False,False,2026-08-17 22:24:22
e794fa12-f22f-44a9-ad42-67b8c1a3d1c9,3c7e406e-efa6-4d87-a2f6-afd4cf770a72,d9ebc6f7-0b3f-45f6-8fed-7c6eb8714c8b,ACTIVATION,2026-08-24 22:24:22,False,False,2026-08-17 22:24:22
d5b6030a-bf37-49d5-a6f3-8b9a98679a93,f6315b0b-33e4-49e2-b910-2d5c37dbbae9,56f9058d-f7a9-40be-876b-c4633441effe,ACTIVATION,2026-08-24 22:24:22,False,False,2026-08-17 22:24:22
fea127b4-d7ba-49b0-b3cd-43924cd3865e,807e0e6f-4c1b-4dd6-87e1-1bc990fcf240,669f1572-a067-4656-be47-8b5a1c4efa46,ACTIVATION,2026-08-24 22:24:22,False,False,2026-08-17 22:24:22
dc3455ff-12db-40cd-95ca-bdc9b74ffa2e,7c1b83cd-fb8b-4e3a-97e4-0537132ff099,4d512c4e-842c-4a81-bae0-b94507d3999f,ACTIVATION,2026-08-24 22:24:22,False,False,2026-08-17 22:24:22
be5878e5-9209-4e3d-9eaf-d8b3c02b343a,fdf6c72e-5a1e-49c4-82ff-0d4401bcfb5d,1e026cdb-e69f-4c85-a202-707ddfff68b8,ACTIVATION,2026-08-24 22:24:22,False,False,2026-08-17 22:24:22
246141ca-54b2-4c29-8cfd-fd5381802d54,f52e6406-527c-40ef-9438-ad437ac587ca,ddc46a76-abbc-44ff-a874-73ed07fca7ff,ACTIVATION,2026-08-24 22:24:22,False,False,2026-08-17 22:24:22
0f6b69ee-2fd7-4144-87ef-2ffe94932e0e,07a5e614-6756-4749-b0d3-b2ca8ad9e1b6,fa397a2d-c9e9-44f5-90d0-a9ecf8ceffb1,ACTIVATION,2026-08-24 22:24:22,False,False,2026-08-17 22:24:22
b0a18130-bff7-4fef-b02d-bd1044126096,c209e1ea-879f-4420-b6b9-f215a7ac8fec,25fc9a4e-b975-4320-ad8f-7640c904a427,ACTIVATION,2026-08-24 22:24:22,False,False,2026-08-17 22:24:22
38cd308b-ac0a-412b-926f-94a326c65bb6,2d554269-ec73-4218-b559-a57a90945ee7,69263486-d3c9-445d-b3df-58cd0dbffcf3,ACTIVATION,2026-08-24 22:24:22,False,False,2026-08-17 22:24:22
aa66a33d-cf08-4da8-a550-ab784c677f9b,fbb1f0e5-fbd3-4f00-ac8f-ab230d7ed840,b0e12d6d-f6c0-4962-aff4-bb3892095158,ACTIVATION,2026-08-24 22:24:22,False,False,2026-08-17 22:24:22
1f3a00e8-0eac-4a76-846a-4ae117e1b7c3,12b40903-2282-44e5-8873-ce29b0122205,7357ee84-a853-4c32-b6d2-9b7b2556e65c,ACTIVATION,2026-08-24 22:24:22,False,False,2026-08-17 22:24:22
559421a3-a3f4-4d04-8ed1-72e2df4de310,305fbf7b-9188-48c2-b40a-7abc4ab45086,2880ea17-77eb-4513-a7b3-6a8d68c70ddc,ACTIVATION,2026-08-24 22:24:22,False,False,2026-08-17 22:24:22
6a672259-4ecf-4ff5-95c7-49a1f6be0a60,8a6761c2-e119-4275-b246-d0dc7ba05a54,e5084f0d-3048-4b11-a04b-eae4e9b59066,ACTIVATION,2026-08-24 22:24:22,False,False,2026-08-17 22:24:22
746b524c-5334-4607-bcbf-572e3969891f,74e5fb4d-7a0f-4dc9-b32a-65210622eec2,5b341053-8c54-4075-8be9-60eaf1bde884,ACTIVATION,2026-08-24 22:24:22,False,False,2026-08-17 22:24:22
2a42eb1c-45b6-4996-9b92-468bfce9b718,4b00a9e1-0c35-4090-aa40-40c93bf744c0,2e31d7ac-780d-4681-9323-1a649f648723,ACTIVATION,2026-08-24 22:24:22,False,False,2026-08-17 22:24:22
1046c566-fb7a-4228-a01f-10ad9fee6078,9e85fa04-883c-40df-98e6-ba10b1c4261f,50f900d0-987e-45be-8ead-09625deac52c,ACTIVATION,2026-08-24 22:24:22,False,False,2026-08-17 22:24:22
ec3e2a26-a4cc-41a9-bdb7-3764a8c41887,779a0029-4d94-4d47-b6e4-2fd31ffda968,83078ff2-e399-44b9-8835-db65f2938181,ACTIVATION,2026-08-24 22:24:22,False,False,2026-08-17 22:24:22
1b568d6b-7c2d-4b70-b93d-ec5e25368305,8d7c2da4-cebb-4911-bb88-d9daa9c75e90,91d924c4-cca7-435b-a5a5-edaf422a74d1,ACTIVATION,2026-08-24 22:24:22,False,False,2026-08-17 22:24:22
32dee46d-a1b1-4879-b0a4-4001c9b46f56,a6c2d83b-e41c-4fa7-ae1e-1ef7efe66957,72e157ed-4720-4efb-9b99-9b28c4183e97,ACTIVATION,2026-08-24 22:24:22,False,False,2026-08-17 22:24:22
8da0e9c5-30ad-4680-a941-6904370a63df,f9d4143a-89b1-48cf-83b5-9e2c5925a2a2,853e0b13-ab03-43f8-a75d-5f31e6074579,ACTIVATION,2026-08-24 22:24:22,False,False,2026-08-17 22:24:22
196a49f5-8bb7-4088-bcf2-5f62c043874b,8862b453-095e-4414-83a7-72ac884ecab5,3aeb7b3a-a5a1-4c79-8530-7fc01dc6aeb1,ACTIVATION,2026-08-24 22:24:22,False,False,2026-08-17 22:24:22
8ab69937-5bde-48c0-a491-eef570a51a8a,ae8e8954-9e66-47ff-9b6c-f1763528d324,c88382d6-2f23-40d6-ada4-c35be90c2043,ACTIVATION,2026-08-24 22:24:22,False,False,2026-08-17 22:24:22
4212cfb1-d912-41b3-8928-a7ab55d2de01,fef2ea15-6124-4d49-b6c1-34c6b65f6cc1,55b89e04-7b85-4d14-8892-e9607510743d,ACTIVATION,2026-08-24 22:24:22,False,False,2026-08-17 22:24:22
a3be26f5-a4a8-445e-b189-2c2c61489ff0,c283b3e4-1795-4704-87dc-dfb0945c5db6,e03b2717-e722-47c4-b191-1ad6eccec605,ACTIVATION,2026-08-24 22:24:22,False,False,2026-08-17 22:24:22
238a2a1d-b2ea-43b3-b9b9-1a30087daddb,fec5a955-cbfc-4670-a702-5d96419b43d1,bd597148-f0ca-450f-9bcf-972097db1b62,ACTIVATION,2026-08-24 22:24:22,False,False,2026-08-17 22:24:22
dff9e687-3bcb-4dee-a138-69a472c19502,7a6be69b-d1e1-42eb-8857-6449aac057cf,e04ae9e2-8aa9-4d32-b82f-99178ca6359e,ACTIVATION,2026-08-24 22:24:22,False,False,2026-08-17 22:24:22
22e885fc-01ec-4e0a-ac40-bc425f893121,89d5b7b7-1c80-4cf8-9eaf-6580d8a83563,fd5ddc9f-b4a6-4dc0-9df2-24afa229e77d,ACTIVATION,2026-08-24 22:24:22,False,False,2026-08-17 22:24:22
be9fcb3d-825f-462f-9c32-d8d8c3724c34,8d47b95e-18bd-475a-b30a-d15ddf599eea,d56c0826-7776-412a-90db-f6eb905081f9,ACTIVATION,2026-08-24 22:24:22,False,False,2026-08-17 22:24:22
34c750cd-ca73-4e33-9975-082d1a416ce3,8db753e4-56a3-4186-be4f-4db4dc2f202b,eff82d48-c44a-469e-a6ce-28a107a173f2,ACTIVATION,2026-08-24 22:24:22,False,False,2026-08-17 22:24:22
fedacccf-db70-4aea-9362-8e041199e17b,1a9cc990-09ef-4975-bef6-82e8adebf6ca,46938ff2-3bfb-4fc3-bbdd-eaf7ca1416e8,ACTIVATION,2026-08-24 22:24:22,False,False,2026-08-17 22:24:22
1ab566da-4171-4141-ae58-3cef6047840b,8b2acd32-88cf-47d0-9e3e-8f936b8ffb97,295c7603-b234-400d-997f-26d147f58554,ACTIVATION,2026-08-24 22:24:22,False,False,2026-08-17 22:24:22
3a5fdb99-ceaa-41dc-8881-17490dd06e1b,3332dfe4-f2d9-404a-8b92-c1a0b04d87bc,af5a9910-016f-4c7c-acbe-19e54ac304ef,ACTIVATION,2026-08-24 22:24:22,False,False,2026-08-17 22:24:22
b61623df-ac62-414b-86e5-606d3aa0b07b,ea17c106-6c6d-4788-ad91-c8376d67fe09,6f8b189c-424d-4f11-b071-fe542fa2bc9e,ACTIVATION,2026-08-24 22:24:22,False,False,2026-08-17 22:24:22
9c0188fa-088e-406b-9c8e-afece47ed723,d3866cb8-354d-44ff-a1f7-d5f276ae6df6,3209acfc-1bc2-4693-adaf-2a5a49e94258,ACTIVATION,2026-08-24 22:24:22,False,False,2026-08-17 22:24:22
7c1b1e3c-42ac-4127-9af3-cbeb36da65ed,d6dccef2-5e9b-4c55-933a-46a749fa6882,112bc05f-6067-4eaf-ae5f-4c6143977f55,ACTIVATION,2026-08-24 22:24:22,False,False,2026-08-17 22:24:22
a28f81f8-12cc-41f2-8983-43a1b29bc8fd,e3adb73c-07d5-4c17-be81-92ba23b659cf,39405b71-a8ec-4019-8bde-64989dc666d2,ACTIVATION,2026-08-24 22:24:22,False,False,2026-08-17 22:24:22
d84930f0-a574-44ee-9a28-5671aea213a8,68041329-2046-4d66-8db5-bedc3ae0e4da,09d38893-c864-46eb-bad6-0607e0fc6346,ACTIVATION,2026-08-24 22:24:22,False,False,2026-08-17 22:24:22
520bf50f-3aca-48ad-bd6f-1cef86a05336,fd35ef01-ca7c-4591-a5d8-42722f5bd10f,a8df1196-b5d6-4b9c-a965-f4c6dbb7c488,ACTIVATION,2026-08-24 22:24:22,False,False,2026-08-17 22:24:22
19316db7-206f-42a5-8f7d-decaa354acc6,0f33a4e0-1722-4dd2-9ed5-d08cbe5cf4ed,129c38ec-6260-4033-bfe2-4c06781fa024,ACTIVATION,2026-08-24 22:24:22,False,False,2026-08-17 22:24:22
6df23613-e9c9-4597-99a4-666e094ab113,fb76ec17-a8cc-4a06-9c44-bf8413346a60,64b0d8fb-9587-4995-b7b5-70fa8dbd65f6,ACTIVATION,2026-08-24 22:24:22,False,False,2026-08-17 22:24:22
40408b94-2ee5-4022-b5e9-5f6c0f3a9180,19b68228-a98a-4722-96cd-24a4e9c4cfa9,9ed09793-6fd9-47d0-b571-b78f088f7a08,ACTIVATION,2026-08-24 22:24:22,False,False,2026-08-17 22:24:22
bd4bd022-5271-43b0-8c0a-8dccd893b500,de6d0367-3418-45b9-adeb-deb90e2da8a0,8853fdd3-9352-4958-a3ea-9fa7bde633d6,ACTIVATION,2026-08-24 22:24:22,False,False,2026-08-17 22:24:22
4649304c-e596-43fa-a208-2ef656ddeafc,505c0632-9c7a-4ce2-9ddf-888248f51eac,f6c53605-878f-4165-9067-4942407614db,ACTIVATION,2026-08-24 22:24:22,False,False,2026-08-17 22:24:22
9efe2cf9-d8b6-4d42-b9e1-39cb3ad57b35,e94e3aa2-f1c0-4711-8ad9-f321bd7dfbe1,12e6331e-f5e2-4016-b558-3ec4533eb0b7,ACTIVATION,2026-08-24 22:24:22,False,False,2026-08-17 22:24:22
3e2880e0-179e-40e2-8b5f-425a19007ba4,ab32d9e9-4f1f-42b7-818f-9fd86f044b1f,81746606-d203-41f2-8adc-526897612205,ACTIVATION,2026-08-24 22:24:22,False,False,2026-08-17 22:24:22
903d4a68-374f-48da-9bb3-4e84c297cded,58b581b3-eba1-4a07-8150-90f87e50c6b7,99ee225e-4958-4685-9ad4-d2dc79671350,ACTIVATION,2026-08-24 22:24:22,False,False,2026-08-17 22:24:22
ec8202a2-2566-4897-949c-d3490360d236,8ab2391d-803d-455c-9915-516f34f5aea5,60f82e8c-368c-49ae-8228-3b9796d18310,ACTIVATION,2026-08-24 22:24:22,False,False,2026-08-17 22:24:22
bbc4e396-badf-4ac9-bdd7-7398920a7d21,3b18831d-34df-429d-a8f5-26f8e9dd02fb,f9f21c41-d1de-432f-a729-aaa3c397946b,ACTIVATION,2026-08-24 22:24:22,False,False,2026-08-17 22:24:22
8a5cb979-4f3a-42af-9d00-42692fe9bb75,7dcd78e0-3554-4bd1-9379-feb33604b191,f37c10ec-65c1-4a35-92d3-18ff4414a1ba,ACTIVATION,2026-08-24 22:24:22,False,False,2026-08-17 22:24:22
ec9031b4-4641-4011-bed9-21e191421558,d3a32169-7fa3-41e2-9ef8-3478aa0ad1f8,b5ed4663-1123-43d0-8b13-08d1655cb520,ACTIVATION,2026-08-24 22:24:22,False,False,2026-08-17 22:24:22
a7a22917-386c-437b-b1ac-1fbaaa4bc2a6,672d8a08-7f3b-42bf-ab31-62c9642e54a9,96b1722e-02c0-4064-b5f6-dc2c6ff3ad8c,ACTIVATION,2026-08-24 22:24:22,False,False,2026-08-17 22:24:22
4eb376e2-e66f-4614-8460-68010cb9caa2,9b151229-02a1-48d5-b6c3-639db2925d68,560db41b-7183-4d11-a0d7-bb6f8dea202b,ACTIVATION,2026-08-24 22:24:22,False,False,2026-08-17 22:24:22
6e4f0fbd-85db-4d96-82c3-99e4a4107abb,16cefd20-3961-40e0-9ace-6cf7ba7e0c47,b8b32159-c691-48b6-95c3-65601a74926e,ACTIVATION,2026-08-24 22:24:22,False,False,2026-08-17 22:24:22
e2c41f6f-cf30-439f-ad69-df26247647c8,33958ebc-218c-447d-ba95-fceeb5029e38,75594164-b419-47c2-a33f-0a552260db57,ACTIVATION,2026-08-24 22:24:22,False,False,2026-08-17 22:24:22
3dc4da23-a948-4671-8010-e2968d9ea113,51c542d2-7006-48af-8256-1040623e71cd,3b73fd71-9276-40e4-a539-ebd905cb2d86,ACTIVATION,2026-08-24 22:24:22,False,False,2026-08-17 22:24:22
07ede7f1-3aed-43ff-8261-9af5e79fbb99,cb8139f2-ae08-40cf-96b2-b143b70b552f,70c3b916-1af1-48c6-922e-313d0a5d9704,ACTIVATION,2026-08-24 22:24:22,False,False,2026-08-17 22:24:22
a7157374-76e9-4cda-8408-fa3a9924a8b4,34a35264-4e81-45ac-bfbe-20e366932338,6b31abee-d177-41af-82bb-b40e49d2b35c,ACTIVATION,2026-08-24 22:24:22,False,False,2026-08-17 22:24:22
344bbeeb-f60c-405d-9979-d94f6eaf8053,9cfbc978-ce16-4b29-9b57-6abca1b0b666,5fb8340b-463d-44f9-96da-1c4eb9a770e7,ACTIVATION,2026-08-24 22:24:22,False,False,2026-08-17 22:24:22
0a15d205-c5c9-4dbe-8c0c-6c995c0cba2b,8e5b7635-38e2-44d4-b8b9-409be74c55f0,4491b3ff-27b4-4838-8595-1d1fea539ab4,ACTIVATION,2026-08-24 22:24:22,False,False,2026-08-17 22:24:22
e17ff132-bd61-4870-89fb-3e3137f1c828,62e0710f-40f5-41f1-ba07-55b6ece7d54c,35bc7d3e-494f-4ca6-bbb6-b151c5bd6373,ACTIVATION,2026-08-24 22:24:22,False,False,2026-08-17 22:24:22
17237a45-041d-40c3-a35e-e7630cfbf076,69bcee13-4956-44ed-953e-3a616e668630,63587b76-2492-4e1b-b178-15e1cf35bf47,ACTIVATION,2026-08-24 22:24:22,False,False,2026-08-17 22:24:22
084acd21-fc16-4b11-818d-dc4fe2056d4a,9e4376de-1aed-457d-a8a8-1e7895771cb2,1acd4322-1f3a-4daf-945d-2bf1876d8c6c,ACTIVATION,2026-08-24 22:24:22,False,False,2026-08-17 22:24:22
58367dd4-1bf7-41e4-93b9-6f1969cff77b,73efe0fe-6590-49ee-80bb-57258cdb1f70,dae9b022-52a8-4f66-b31b-437a6f78a0a6,ACTIVATION,2026-08-24 22:24:22,False,False,2026-08-17 22:24:22
63fe209c-1c96-43dc-957f-2ef310d1e0e5,9cbd8fff-e90d-4877-92cb-3771324be312,48f9cbac-89c3-46a6-a0fc-703aad783af1,ACTIVATION,2026-08-24 22:24:22,False,False,2026-08-17 22:24:22
23cf33c3-9641-4977-bfa3-75e7d3ed5282,5766798b-5991-4831-969a-3594bf9bdf98,733b3945-8b51-4a23-a8df-fe48f8edc445,ACTIVATION,2026-08-24 22:24:22,False,False,2026-08-17 22:24:22
251155ef-d804-42a5-b724-d90d75eefcdd,80f16fa9-681f-44f3-af30-d54ceddeca95,2cd62362-13e5-447f-a9bf-1b7f4dbcfdd8,ACTIVATION,2026-08-24 22:24:22,False,False,2026-08-17 22:24:22
7f92bd8e-142e-4592-8a31-4647f352a741,c231eef0-7929-47dd-9b1a-6a8ea630f049,00f8fda8-1fb1-4081-8d7d-0a11a748c297,ACTIVATION,2026-08-24 22:24:22,False,False,2026-08-17 22:24:22
41e1e304-2f73-4171-85ee-078531202193,f37a58c2-f966-4194-bbaa-7cd5ce824a9e,306b4aac-4624-4f0b-b2d4-f5af1e6507c3,ACTIVATION,2026-08-24 22:24:22,False,False,2026-08-17 22:24:22
095f2643-7900-46fd-8e2f-43ad397407eb,1b465328-d2e5-4ea5-afdb-6c400c13a01c,fef948d1-9188-410d-8d71-04f6791abe17,ACTIVATION,2026-08-24 22:24:22,False,False,2026-08-17 22:24:22
d8f2b33e-5213-40df-b88a-c5eda5e99fd8,bf020a6d-ae6a-4978-8601-8c5ee0a30517,d1f8a431-476f-4fb8-b793-89db9706dad9,ACTIVATION,2026-08-24 22:24:22,False,False,2026-08-17 22:24:22
fb2a18cb-42ab-4267-9b94-3dd4fa022d5e,7d33c776-d141-4d27-bed3-aab405b74109,d578af0b-465e-45bc-83b0-fed9388c82eb,ACTIVATION,2026-08-24 22:24:22,False,False,2026-08-17 22:24:22
61fc4d84-3f1e-4ae9-9c1b-9ec0b2fd36e5,a6e24f2c-46aa-4d8f-a93c-0dd2ca40e800,3bb00ac2-4a2e-4b4c-8877-a53f77816507,ACTIVATION,2026-08-24 22:24:22,False,False,2026-08-17 22:24:22
68e04b70-9e80-449e-b56c-0ad5279c8aa1,4b10cb76-2892-4180-bb3a-715e042f880e,d0db74c5-a8e0-4e45-8f41-5218a556596f,ACTIVATION,2026-08-24 22:24:22,False,False,2026-08-17 22:24:22
8c90ac9c-2e4d-4887-a739-bdb0fe1dd205,e84c3b50-777a-4f6b-903d-b39000cad986,5330f02f-9bab-4450-b734-f30b80766328,ACTIVATION,2026-08-24 22:24:22,False,False,2026-08-17 22:24:22
56ea454f-3bf3-4716-8762-91cbcee78cd5,427de4f0-0651-4865-90e4-506a2dd36221,58274516-87a0-4b60-adf9-7750237ebd49,ACTIVATION,2026-08-24 22:24:22,False,False,2026-08-17 22:24:22
8d90b0ef-9a2b-47f5-95ea-122213e97f8a,2724d546-0377-4611-815c-7f6ba2a20993,02c4bd62-41f8-4c62-bbd0-eeaf7349673b,ACTIVATION,2026-08-24 22:24:22,False,False,2026-08-17 22:24:22
e3a9f38f-e6ce-4c42-855b-b63775b43416,ed48136f-94c9-4f7d-bf5f-484ec237b76d,608a170d-b8b1-4881-9096-9e8e8d8baabd,ACTIVATION,2026-08-24 22:24:22,False,False,2026-08-17 22:24:22
14d160c7-8a96-4407-8613-c34e2c7fd3c7,d430b68e-e9e3-46df-b62f-e592e98dd22e,a9e19a7f-f698-42f1-8ea0-1187c5b0c5db,ACTIVATION,2026-08-24 22:24:22,False,False,2026-08-17 22:24:22
375f3d29-d0f7-4863-98a6-b25e1777659a,c03117ec-2b04-48fd-8ea9-9400e990e9d7,a5150327-c9ca-46ce-9e5f-4863c2527b0f,ACTIVATION,2026-08-24 22:24:22,False,False,2026-08-17 22:24:22
3af2d299-b887-4bce-a431-f45fe1ec47f3,00de1af8-9320-4f8a-bfde-b7558d36cedd,b4fb56b5-6564-410f-a545-06841dcf1275,ACTIVATION,2026-08-24 22:24:22,False,False,2026-08-17 22:24:22
5014f2f3-b3f3-4b48-bf83-dad271e36b4f,6324278d-7dab-459e-babb-6ef41bdbee69,fdac58df-4ba8-4ebe-8bca-753b8e20e354,ACTIVATION,2026-08-24 22:24:22,False,False,2026-08-17 22:24:22
99c4becd-241f-43ad-8821-032c82c09bd5,b3abd371-d391-4d20-a348-5af4fbefc36c,1f0ce531-f245-405a-b58e-1a056d87166f,ACTIVATION,2026-08-24 22:24:22,False,False,2026-08-17 22:24:22
154cda13-4342-4b31-922a-73ec4aaf980f,615a4953-4346-4923-9730-27495191e56d,34d9edfc-f015-4919-9cd9-3855d37ace6a,ACTIVATION,2026-08-24 22:24:22,False,False,2026-08-17 22:24:22
a397f382-dd2d-4651-89dc-e612e97da3f6,4978d541-92ee-4d83-808e-15d1a69ff119,d4526c14-619f-4ebd-9d51-56137723ada1,ACTIVATION,2026-08-24 22:24:22,False,False,2026-08-17 22:24:22
7632b86c-82d7-4af0-8d6e-e2f8306e26bb,78ab98c5-e88b-483a-92b3-9211be489589,35de958f-a8f6-4f4c-b2d9-f5d466f436b1,ACTIVATION,2026-08-24 22:24:22,False,False,2026-08-17 22:24:22
b2f55b8e-4633-430c-9127-aff04fbdb287,6540e210-a1ed-4fc8-accf-99ae618b839f,38dbf66c-f384-430b-82b4-21b6b5003944,ACTIVATION,2026-08-24 22:24:22,False,False,2026-08-17 22:24:22
786986f0-f60f-4ede-8ba1-29334f5c54cf,e6dd4761-5554-4720-b6eb-6787de6e10b8,5232ff8d-b73d-497c-96dd-fc2fedc25ac2,ACTIVATION,2026-08-24 22:24:22,False,False,2026-08-17 22:24:22
b59a5ba2-36e4-46e1-bac5-5862efaf4edb,e4e77435-a6e4-497e-8863-01d5e0350b8b,fc3d02b8-938e-4247-88f3-ad3ac4f4d725,ACTIVATION,2026-08-24 22:24:22,False,False,2026-08-17 22:24:22
af67e46f-a3a6-4a3c-bcbc-7f1a58dc1b22,d96ff225-7934-4f84-86ad-70e9851d2742,27fe5cad-2eb8-4885-b88c-01ad5d811ac9,ACTIVATION,2026-08-24 22:24:22,False,False,2026-08-17 22:24:22
816d04d8-b8cf-4c94-b173-1bad9edaaf4f,bf11746c-52fc-4909-b2d2-ba87a87db7f1,ea16ccda-1670-4f39-aac6-e75dbd2828e7,ACTIVATION,2026-08-24 22:24:22,False,False,2026-08-17 22:24:22
c9ca7d32-5772-4ef9-aa5c-40ee873b7efa,d639d847-f0eb-4cce-90da-19d95c07852b,3769e775-c32e-4449-96a0-2556daf03560,ACTIVATION,2026-08-24 22:24:22,False,False,2026-08-17 22:24:22
89ccfe54-c3a2-448a-b902-123629b6b104,239cc637-5dbf-4a73-8888-141f35e23eec,5191965f-c62b-4291-85e8-f28518f21a64,ACTIVATION,2026-08-24 22:24:22,False,False,2026-08-17 22:24:22
9448087b-7d51-41e2-a25c-ad0956f81423,2f5afbdf-a18c-4b80-ae81-7a3202f38db0,8c0b1aba-37b9-4a9b-b406-ed4c98ba5c96,ACTIVATION,2026-08-24 22:24:22,False,False,2026-08-17 22:24:22
37d83860-5ae5-42fc-b058-edfcefb6d9ec,81fde92e-f725-452b-8ba4-91e8ebebcd52,09ae0027-5061-449d-8a3b-7ab008c7695b,ACTIVATION,2026-08-24 22:24:22,False,False,2026-08-17 22:24:22
db57547a-9019-4bef-99d7-f36ef5999570,6433c10b-1f17-4aa1-a760-35ec421e6a24,6d106b3a-7808-455b-af32-664930ed0390,ACTIVATION,2026-08-24 22:24:22,False,False,2026-08-17 22:24:22
91e874b0-d822-4f27-acca-35d2ef99bfa0,b589fb54-1f65-4e7a-abc5-21642079be9f,4169f2fe-5f7c-4d73-8e24-0b6ab9155761,ACTIVATION,2026-08-24 22:24:22,False,False,2026-08-17 22:24:22
2d7c3a4c-c25f-4e3a-9c00-7a80348aca63,404fa0f0-1ac4-45b3-bd58-ba218b25353a,f0c8a86e-ac1b-446d-94f3-d428f9b8b0a5,ACTIVATION,2026-08-24 22:24:22,False,False,2026-08-17 22:24:22
3cd57495-b79c-4a41-85f1-738fda33a429,31ec57d9-9885-4118-9241-249fc3171a88,616a618d-71a8-4b34-80b4-18bfda863920,ACTIVATION,2026-08-24 22:24:22,False,False,2026-08-17 22:24:22
f1a8c909-cfbd-4f52-a559-6b6d0cecaa37,b879b9e5-f7c5-4201-8622-050480429904,caab64ff-88c9-45eb-94d0-2c845c21fe50,ACTIVATION,2026-08-24 22:24:22,False,False,2026-08-17 22:24:22
10ea959c-2fa9-4c4f-8f54-212e380d3502,6af72b47-e770-4d4a-bf84-8837859e1f33,0c744044-ee66-4852-9ea9-a74a942cd4e2,ACTIVATION,2026-08-24 22:24:22,False,False,2026-08-17 22:24:22
975af0a9-2e86-49e0-bab1-cda1f4b4c2dd,da459936-d80d-413d-875c-e4cdab9334c1,7415b905-3ab3-4f6f-9d41-a2024125d3dd,ACTIVATION,2026-08-24 22:24:22,False,False,2026-08-17 22:24:22
f3382e5d-b708-485e-80d6-f5144867d9bd,67c3b89a-7786-4867-a086-0862ac4a5aec,d008e089-d3c8-48db-85a8-57bdbaf2e148,ACTIVATION,2026-08-24 22:24:22,False,False,2026-08-17 22:24:22
8e3cb216-55f4-4e1d-8cbe-dbed679c0814,09f910e4-5430-4e9d-a0ec-1efa49fe5b05,f63daed3-3d36-4440-8c06-aae6ce9c9f27,ACTIVATION,2026-08-24 22:24:22,False,False,2026-08-17 22:24:22
2c647970-3017-429c-8606-93bc95b31b05,7b1e2bfc-5784-476d-9fd3-a2e0c3431813,1ffb15b2-e347-4e2e-a34a-09cd57c9a0d1,ACTIVATION,2026-08-24 22:24:22,False,False,2026-08-17 22:24:22
7bcffe16-1b40-4d8e-b1cc-0a18883213eb,80856eac-d62c-4900-ae92-19719cfdb824,a71f63d3-4345-4839-a591-0381c32340e7,ACTIVATION,2026-08-24 22:24:22,False,False,2026-08-17 22:24:22
aa7a7a90-d07a-4126-bbd9-426e28cbf0c3,e3097a28-b894-46e5-987d-5d9eb77901bc,8665c01a-425a-424d-b910-af5d8d700bb1,ACTIVATION,2026-08-24 22:24:22,False,False,2026-08-17 22:24:22
d60df6ff-5f5e-4e8d-9d9f-b92cdee39855,885347d4-c12a-4ac9-9372-5d58dd3513d5,81f0b11e-a8d1-44f6-a2b4-cb648b654a56,ACTIVATION,2026-08-24 22:24:22,False,False,2026-08-17 22:24:22
457a7362-10fc-43c1-88c8-b4e58007580b,fb7fc5fa-18b2-49c9-8855-b0f744a3d4c3,b910fca8-4ccc-4fec-851b-1d15ae3a8ea8,ACTIVATION,2026-08-24 22:24:22,False,False,2026-08-17 22:24:22
40290e83-007b-43f9-8c94-91778cc8c2ce,883f7e50-fa43-457d-a9b2-575e1ad9b46e,579818aa-1658-4341-a98b-28f7dc591456,ACTIVATION,2026-08-24 22:24:22,False,False,2026-08-17 22:24:22
556b24c0-ccb9-44e5-99ce-93fa23850c9b,983b42dd-8042-4ec6-b827-5793f0310d8a,6efaee8a-0f27-4e8d-b4a7-a8541ea415d3,ACTIVATION,2026-08-24 22:24:22,False,False,2026-08-17 22:24:22
8c1f9305-a047-4920-9d0f-0562836fc956,0128ccf1-809e-452e-b90a-e575663137d4,85fe5f42-d2ac-4783-b322-e31f028dfdc6,ACTIVATION,2026-08-24 22:24:22,False,False,2026-08-17 22:24:22
e8eef539-ab8a-4d23-8067-23cad1fea514,490b7b0f-b4a4-4798-a4ee-1cd685557005,921979ae-a6c0-409d-a1db-03372e02be0e,ACTIVATION,2026-08-24 22:24:22,False,False,2026-08-17 22:24:22
04a41c61-3b33-456f-8aca-9d7842ef70d6,c87f9a14-a4fd-4ac7-80b0-db752f662bf0,b46dcaef-313f-4040-a3cc-cbd75651fe00,ACTIVATION,2026-08-24 22:24:22,False,False,2026-08-17 22:24:22
98fd5f4a-c419-434d-80f4-d265810aa607,b4f8e7a6-03c3-43c4-86cb-109fb3f3818e,8ce0df16-3183-4503-91df-b19e9385dcae,ACTIVATION,2026-08-24 22:24:22,False,False,2026-08-17 22:24:22
a523e40f-aeae-41be-903b-a86639ac0700,91b7f604-86bf-4257-8ee6-07c8cbd6e646,3dcee52b-ad4b-4f1e-874c-be288e8cb597,ACTIVATION,2026-08-24 22:24:22,False,False,2026-08-17 22:24:22
a9a8e9f4-88ab-4948-a12f-ec955fec4249,0a5faa3c-abe2-4ec8-b090-6b51354a2938,87054d22-9683-48a4-888b-fc2d2d04aa11,ACTIVATION,2026-08-24 22:24:22,False,False,2026-08-17 22:24:22
91298d0b-3005-4f5d-abc9-3db97da200df,09ed58b7-9474-46b8-8d15-ab5480e72d1a,d02afdc7-48d0-4b9e-b0ba-77d5a071a1f1,ACTIVATION,2026-08-24 22:24:22,False,False,2026-08-17 22:24:22
4a72678f-6228-4796-90bd-3fd9b78c1306,9754f3b8-1ed6-411b-ae8d-56377461c273,360c503c-1786-421f-ba42-0edc0d6c1698,ACTIVATION,2026-08-24 22:24:22,False,False,2026-08-17 22:24:22
eee61fc6-47b8-42bb-a8b8-422b87819cee,28c3de21-69a1-48a2-a2ed-79b6f556f096,529a99a1-77db-4a41-beab-9464bbbf1add,ACTIVATION,2026-08-24 22:24:22,False,False,2026-08-17 22:24:22
d60599cf-8e56-451c-8541-e51a42ea628d,269e803e-9c7f-4727-8bbb-99ae3dfefc8d,d96ce1e8-f4f8-4c1c-a95c-c9c70ab98bc4,ACTIVATION,2026-08-24 22:24:22,False,False,2026-08-17 22:24:22
ed162ca1-918e-4a7a-8a14-094f2504c072,fea79ff7-65a8-455b-986b-592858207617,83eaa87e-7764-4cbf-b5bd-ec5fb946a21c,ACTIVATION,2026-08-24 22:24:22,False,False,2026-08-17 22:24:22
b5362dfd-7c18-4d5e-864a-5f2a5aea330a,9cb53d04-4b0d-4087-ad55-fb780684bd3d,6dd6fa30-a5f6-481d-9352-0b6189c76f0d,ACTIVATION,2026-08-24 22:24:22,False,False,2026-08-17 22:24:22
3e5fbaf8-a5cf-49df-beb2-dccadf289eae,2d429c3c-e60f-4642-a921-2b9e32543871,07925f3c-f650-482c-aa1b-ebd7546fb2eb,ACTIVATION,2026-08-24 22:24:22,False,False,2026-08-17 22:24:22
0a243b55-543f-478c-aca9-aac809ad8ecf,c00bd1bf-4445-4040-9287-078f096ccfdc,ce94da4d-5fb2-4a87-ad0a-665aba764ad4,ACTIVATION,2026-08-24 22:24:22,False,False,2026-08-17 22:24:22
339a5d58-8dd4-4fef-a33f-ac263ce6d718,eb1dbd5a-185e-4f0e-a81d-e021233f6a28,689e7b6c-6125-45f9-b29f-9e5b33ab2362,ACTIVATION,2026-08-24 22:24:22,False,False,2026-08-17 22:24:22
13520b85-cf32-4651-b58d-4054e647015d,4073a297-2dda-4caa-b2a9-21a9df225dea,521e743a-ad7e-4ee9-a816-b47df0ef7e9f,ACTIVATION,2026-08-24 22:24:22,False,False,2026-08-17 22:24:22
b2b38f0a-9493-4a24-bc2f-d815b2009400,4b7c22df-745e-4732-9700-ca11dd338234,21847f2f-d7b2-41b8-b2a9-27b36a506555,ACTIVATION,2026-08-24 22:24:22,False,False,2026-08-17 22:24:22
31bf9371-b559-46b7-90cd-99979be4ad7f,016b69e4-c488-499a-935b-f5d9d70460fa,6bf2fa35-a616-462d-bbc1-f99ee1c9ff94,ACTIVATION,2026-08-24 22:24:22,False,False,2026-08-17 22:24:22
c06166ed-2f0b-4dc8-a0af-5c351848a8d0,b5d2eaaf-63f9-4723-bdc9-78c93e2aaf63,2f5e52d7-5828-47dc-a8e1-6955cf98f6eb,ACTIVATION,2026-08-24 22:24:22,False,False,2026-08-17 22:24:22
a8c9d6b6-b999-40e8-aa3d-e6a9ec67eb35,03829d06-7440-4a28-826d-d4af497463c1,71709e81-9a2c-4895-8b84-48e6521d00db,ACTIVATION,2026-08-24 22:24:22,False,False,2026-08-17 22:24:22
fdf1e911-92ed-45f5-b3da-f6ec6caf3110,57dafb58-282b-4961-a6b0-f6dc740eff8f,99588e83-4005-449e-b69e-97256ac3b136,ACTIVATION,2026-08-24 22:24:22,False,False,2026-08-17 22:24:22
f9ea8628-6b46-4008-b07d-9261ff7552f5,df711555-ad70-4e59-a706-537d4d0dc429,a7ebf59b-5033-42f6-bf39-1f57221a9256,ACTIVATION,2026-08-24 22:24:22,False,False,2026-08-17 22:24:22
2aaf4349-b2d6-413f-91a8-e23fef6ea7d3,f5ad21c3-bf8d-434e-a2f7-f0dedc0ae774,4726c0c0-5306-4e3f-a239-1c87f05a83c9,ACTIVATION,2026-08-24 22:24:22,False,False,2026-08-17 22:24:22
2b78fd02-baad-4612-ab94-452ccde18ab6,eac70e01-736a-4422-90be-571d11badfbb,670e9fa3-32fa-444e-b63e-de3b1c7b5fe3,ACTIVATION,2026-08-24 22:24:22,False,False,2026-08-17 22:24:22
1450e1ae-a079-461a-9e0d-704857a6b8ec,72ee661c-7791-4f47-a0af-32129f087fd4,5b3f875b-9965-407d-888e-bdbef4d23955,ACTIVATION,2026-08-24 22:24:22,False,False,2026-08-17 22:24:22
da559d57-5014-4d82-af60-116b1422f2ed,0c95c450-cacc-473f-8629-dc94f61e0ab8,df9cffd9-43ea-40de-9e39-ad5b1eed8894,ACTIVATION,2026-08-24 22:24:22,False,False,2026-08-17 22:24:22
be60d44b-1cc9-4f16-8c85-0c8e6171576c,62912a6f-9cf0-46bc-bdb3-28ae8f6cd853,89ec0dac-11c4-40df-9503-e2b2271235a6,ACTIVATION,2026-08-24 22:24:22,False,False,2026-08-17 22:24:22
5749adc4-1c9a-45b1-961d-0490d72f1c87,a102ebfc-d076-4b7b-bd78-dd43796fa63e,ee4fb2e8-e111-4258-a46d-9304348b7a9a,ACTIVATION,2026-08-24 22:24:22,False,False,2026-08-17 22:24:22
6a06f77b-5f95-4451-8c97-62dfcf5be8b8,ec31b413-62f4-4def-8d8a-a5a2ae4e1a7a,434c97cc-24e4-4223-8254-e47ab4e89c17,ACTIVATION,2026-08-24 22:24:22,False,False,2026-08-17 22:24:22
b2e892e8-3f18-4475-884c-5a4449f05a6e,e65db274-2eed-4697-96ca-c0129252bd49,d0ea3794-e5df-4d92-8693-9e2c19b18f61,ACTIVATION,2026-08-24 22:24:22,False,False,2026-08-17 22:24:22
0bca160a-363b-451e-b427-36b97e2e449d,e1decf9c-e8f8-4a32-b872-2c2c08977ca8,439f3d78-e556-4a64-85c4-4c277a8dbf88,ACTIVATION,2026-08-24 22:24:22,False,False,2026-08-17 22:24:22
9a5b1779-edbc-4545-82b3-559abc17facd,9873062b-7b4b-4789-83d9-0e04f56dc2ee,c2e82b1a-da6b-4011-a492-b512f1707f2e,ACTIVATION,2026-08-24 22:24:22,False,False,2026-08-17 22:24:22
fe19e1ce-f110-40b0-947f-74c4611c4997,ccdc49d6-45b9-460a-835c-63c8b49a209d,aa7d23f1-b0a3-4ac7-9da9-25ef281d0041,ACTIVATION,2026-08-24 22:24:22,False,False,2026-08-17 22:24:22
bb2cb2ce-b23f-47da-bfde-8141bda0c5a6,ea5e12b5-0e54-4a38-8618-9fa516873993,e611711b-b3fd-408d-be4e-b87de887fdda,ACTIVATION,2026-08-24 22:24:22,False,False,2026-08-17 22:24:22
c85c8251-9917-48a7-b8d4-88baf9a00f5a,7f609b49-24e9-480f-a05d-2d956769d7e6,82329472-9fcd-4be7-b7cd-367104d49048,ACTIVATION,2026-08-24 22:24:22,False,False,2026-08-17 22:24:22
2dfc196a-d462-4a9d-84d5-9b5f8cf302dc,4f9c2ed0-125c-4510-8a28-0f3eab81b380,b34f3523-694a-4194-9683-b0cefea23573,ACTIVATION,2026-08-24 22:24:22,False,False,2026-08-17 22:24:22
6d47e85c-1018-4dbd-a456-82b4f4382207,3e989171-9bd0-4f75-aecb-e575e6c866b8,e8243e48-fbb9-411c-8792-5408779102ac,ACTIVATION,2026-08-24 22:24:22,False,False,2026-08-17 22:24:22
b15eb11d-7f3d-4b21-abc5-cbf9f01d90ca,2804d363-3a20-4860-9e5b-4844a6a5049a,2c57eefa-9f4e-4005-b100-1e4d71c1287e,ACTIVATION,2026-08-24 22:24:22,False,False,2026-08-17 22:24:22
13c9aa95-2022-45e0-b651-a435649b07ed,8f61af08-d3bc-48d0-bf7a-cec129cc3ba5,fcf5865d-2189-4502-ac3d-8ea497bfa4f8,ACTIVATION,2026-08-24 22:24:22,False,False,2026-08-17 22:24:22
fae6adf8-7cad-4236-b57f-823f63c283b3,10e65742-69cc-4ed0-a4cd-988e96d247ef,82cb6b59-cbab-4e9a-9bb3-1d5e76851fe2,ACTIVATION,2026-08-24 22:24:22,False,False,2026-08-17 22:24:22
bde26854-472a-481a-99ec-b8edc128e7b0,7f6a9bfc-4d82-4c22-9193-db4223fb7c72,c5b8bf51-49ad-49a2-879d-38116626aadc,ACTIVATION,2026-08-24 22:24:22,False,False,2026-08-17 22:24:22
a316de6f-e30d-41d9-baab-284c138630bf,55cdbcc6-de61-4b0c-8d89-ab7b9a2b902e,caa7d776-3fb5-4f07-971e-414718890fef,ACTIVATION,2026-08-24 22:24:22,False,False,2026-08-17 22:24:22
b3800e69-47df-480f-b3ed-8b7145026a33,033cd4ed-f5ae-411c-9cdf-56709d286f07,7ec3f597-98d4-4958-8548-fad1f706833d,ACTIVATION,2026-08-24 22:24:22,False,False,2026-08-17 22:24:22
d4fb393d-45ff-45c4-9c10-9938dcb2898a,7919bb01-c368-402b-b4c3-6ca1cb861e76,be68f5d2-8a79-487e-9abe-f14901bd8497,ACTIVATION,2026-08-24 22:24:22,False,False,2026-08-17 22:24:22
49278a69-f106-4e66-988d-595af45bc3e4,fa8541e5-77e8-490d-af70-237d677f3709,702b0588-75ba-42ea-ad01-b23502a87ea5,ACTIVATION,2026-08-24 22:24:22,False,False,2026-08-17 22:24:22
639bad51-e056-4800-84f2-88718be0d5ff,3cdf556f-a719-4130-ac0e-acc9413e3eca,c21081c3-95f4-409a-92a1-19bdaf49b8a3,ACTIVATION,2026-08-24 22:24:22,False,False,2026-08-17 22:24:22
8cc034e3-97ac-4b1e-86b3-38b7de303d44,6aa8be8b-d89f-4200-885a-00c1c415c0e3,d652880c-acd0-4cc5-b924-f41b49db337a,ACTIVATION,2026-08-24 22:24:22,False,False,2026-08-17 22:24:22
2abc2a5e-8a9a-4d9b-a0a3-d95f34d86ec2,bf903c23-c36c-4c2b-b412-49d9e77d0c6c,a19716e3-07a0-42a5-9628-80783319a11b,ACTIVATION,2026-08-24 22:24:22,False,False,2026-08-17 22:24:22
d39365c0-7437-4b22-9dc1-f1beaca408f6,7f04bee8-ca1a-4d36-885b-76948de277ab,1f071a93-ffea-4414-b419-3cb0df8caa7f,ACTIVATION,2026-08-24 22:24:22,False,False,2026-08-17 22:24:22
5b0e09b5-5bcc-42b3-8b5a-131710446d7a,a505dfb6-e3c2-450c-821f-2a970447c23c,2d12ffc6-0a8a-4502-8e60-f66e1496f3ae,ACTIVATION,2026-08-24 22:24:22,False,False,2026-08-17 22:24:22
54579168-930f-4865-a061-2ffa5086fff1,b188b191-a076-45ad-9aaa-c0c7a4a301d4,e5fb28a0-58df-4d63-9e02-94500db54a39,ACTIVATION,2026-08-24 22:24:22,False,False,2026-08-17 22:24:22
f4355d71-742e-40f3-a805-3b7500edd47e,55b075a7-0d99-46b7-ae86-625bcdee87fd,151fa9c9-84db-4d4f-a8ef-876bff3af7b2,ACTIVATION,2026-08-24 22:24:22,False,False,2026-08-17 22:24:22
d62bae82-7613-4597-8759-d1b4011eace1,72ea669f-2c6a-4000-8a94-ea0a90c8477f,9e1fffcd-da25-4d55-a15e-e666d7aedb05,ACTIVATION,2026-08-24 22:24:22,False,False,2026-08-17 22:24:22
623c00fc-09ee-4755-a212-de61bf3f9efd,204d871c-ede3-4ac8-b7f7-dd81f76205ca,fbc66698-48e0-4627-88bf-aaf24c15d4f0,ACTIVATION,2026-08-24 22:24:22,False,False,2026-08-17 22:24:22
9c6e1595-dd9a-47aa-837c-a0dc400211bb,2917e13b-1a8c-4218-85c4-495440369d61,13c663ba-d5b8-4019-888c-62d8aec877d1,ACTIVATION,2026-08-24 22:24:22,False,False,2026-08-17 22:24:22
8ef9a43a-c5ad-436b-a457-b6e7258f3f35,7710a5e2-11a7-4bc7-b06a-cf95fcece8c4,3168f2ea-0448-45b8-b5f1-6f4ef7c70c9d,ACTIVATION,2026-08-24 22:24:22,False,False,2026-08-17 22:24:22
363e145d-61db-443a-a6fb-19649896b2d4,bc045bcd-a333-45cc-b19c-e5fbfb65b420,38a64aae-41cf-41b8-af16-1e96c7ae37b7,ACTIVATION,2026-08-24 22:24:22,False,False,2026-08-17 22:24:22
00458a28-a383-4fd6-910c-1526271da5a2,e9b3735f-deb8-411f-95b2-7829e4d0b347,caffe0bc-7e83-439e-a4a0-a0e716dd93ac,ACTIVATION,2026-08-24 22:24:22,False,False,2026-08-17 22:24:22
2b71d0d2-8b91-40bb-8053-c3b3e3f4ca8c,e1fc3ab9-5187-4961-b520-8958d95fb1ae,3cec406a-6682-4406-99e8-dbe96c54bc1d,ACTIVATION,2026-08-24 22:24:22,False,False,2026-08-17 22:24:22
87165214-d8e7-4374-8d7c-d289eeaef785,bde734c0-6c5e-4012-8734-7711b387a208,ddd38bf9-fe39-47b4-a01d-40ad02c9a2d5,ACTIVATION,2026-08-24 22:24:22,False,False,2026-08-17 22:24:22
131ac7cb-abb4-4e7b-b87e-0af58ae2cd93,5ad6a8fe-1e05-40ce-92e9-3432264827cc,d93cb02f-6541-4a5a-9ef8-458deef666bc,ACTIVATION,2026-08-24 22:24:22,False,False,2026-08-17 22:24:22
715a3e41-581a-41a7-81b8-1f3dbbd94691,ac498ff2-dde1-48de-86a7-d18fb0e2dfb2,dec7e789-0939-4680-bf7b-5ea8bc9bb694,ACTIVATION,2026-08-24 22:24:22,False,False,2026-08-17 22:24:22
a00b837d-705a-4f99-a6fd-8f24ca96e02d,9e0ebdb0-0c2f-4bd0-9a2a-8be2d4b43073,b868a0ea-8a0f-42b4-ad45-c42391cce1a0,ACTIVATION,2026-08-24 22:24:22,False,False,2026-08-17 22:24:22
153171d5-1297-4812-b7ea-5e7ac0704d8a,e3eb9b86-0634-4b3e-96bb-0173612bde97,08dfc807-dd91-4278-aab7-56fec6771f08,ACTIVATION,2026-08-24 22:24:22,False,False,2026-08-17 22:24:22
1d01cc96-8f3a-4384-96e7-23699949e5cd,c9368712-455b-4c9b-b6f6-3fc1a6a3fecd,d993fa18-4eba-45d8-9ec2-e9b003eb39d1,ACTIVATION,2026-08-24 22:24:22,False,False,2026-08-17 22:24:22
61e6fbe6-2336-4bbb-82e5-56db12d7ffb4,0b48aa35-0a82-4bef-babd-36d848a3436b,cdbb18bb-249d-4dc8-95ef-751417c204a9,ACTIVATION,2026-08-24 22:24:22,False,False,2026-08-17 22:24:22
7dbe1253-ee28-4646-9798-102e6ee3d797,33c7bf61-2db0-48dc-9792-8cae5e1125f2,a1e5af48-2ed3-42bb-bebd-7542d87355a0,ACTIVATION,2026-08-24 22:24:22,False,False,2026-08-17 22:24:22
63079a11-f7a6-45fc-a9e6-9e9c335b0b5c,7b4a0b7d-f1fc-4503-9de1-84d7c19f71bf,d08bcd01-ed9c-422d-9713-d7ae1bf83422,ACTIVATION,2026-08-24 22:24:22,False,False,2026-08-17 22:24:22
2ac31cfb-f6a7-4427-bfc4-8de7f1c652ad,ccaee301-5ca9-4ff1-9ef8-33fcbb875f1e,d2787258-bddb-45db-8ff6-10f1fb27daa5,ACTIVATION,2026-08-24 22:24:22,False,False,2026-08-17 22:24:22
b80a62ee-035a-44c8-ace1-0b37abf16818,7901ef24-dc68-4b76-9e26-b4058d3b6e21,9e83dba9-e39e-4303-9ca0-b98963213f48,ACTIVATION,2026-08-24 22:24:22,False,False,2026-08-17 22:24:22
020bca80-06ec-4ef9-ad21-5d95f2b09d39,8b901b2c-c436-41f3-8e1d-4282de5c606f,57b30afc-7e6e-4c83-b7b1-f87a168fe40a,ACTIVATION,2026-08-24 22:24:22,False,False,2026-08-17 22:24:22
e0b3d268-8271-485a-ac5b-5862d0280872,9a4356f0-49b3-4484-a29b-4c0551ee6a6c,d843c809-15ba-4610-8418-7f9c3c88f3ca,ACTIVATION,2026-08-24 22:24:22,False,False,2026-08-17 22:24:22
24921a70-b151-43c9-b50f-0690a93d4be7,8577aa6b-0aec-4be6-89e6-462842d5d1de,9d9e5f3f-0dac-43f1-b7da-6602ab416964,ACTIVATION,2026-08-24 22:24:22,False,False,2026-08-17 22:24:22
5b3e1a38-93e0-4183-9dfa-873b4276a06e,9cb9d1ed-027a-4f18-9ff1-eed8bbf31696,dc1a695d-26ef-45a7-a410-6120f06dc67d,ACTIVATION,2026-08-24 22:24:22,False,False,2026-08-17 22:24:22
70ed4323-5a7f-449b-9a3f-75366df1e5e6,6242b79e-3aa3-4e5f-9e30-4e818c0b57bb,2c918f2a-1b5c-4b21-a872-f7bfe64ccf57,ACTIVATION,2026-08-24 22:24:22,False,False,2026-08-17 22:24:22
1564cffe-f8cf-4dd1-af42-b47ba426609e,3a12ed7f-242d-4464-b599-ff3a677cac18,9bdd2b34-80fe-42ec-b98e-b7d9ea35a466,ACTIVATION,2026-08-24 22:24:22,False,False,2026-08-17 22:24:22
590fd50f-0c65-4138-8a84-709fa735d19b,d7901fc9-142e-4a75-9f05-2572b64b3e6c,486e2280-b597-4131-b204-31773d4bcc6b,ACTIVATION,2026-08-24 22:24:22,False,False,2026-08-17 22:24:22
48aaf04d-44df-4217-a351-9ee3ee1668c8,74e6c9da-1834-477e-a7d9-f1217249711b,91879813-5e37-4d53-b918-a289e86574ac,ACTIVATION,2026-08-24 22:24:22,False,False,2026-08-17 22:24:22
d0cde5a2-f6fd-4136-8c89-2352fc8962b5,470b8382-291f-49c3-92b0-1e8335999887,d1f8ee0e-8040-48da-8e2c-d8b5229a4fd5,ACTIVATION,2026-08-24 22:24:22,False,False,2026-08-17 22:24:22
94c404e7-92d8-4326-b0f7-9dc823df3dec,812e908c-fb9b-4e20-a9ed-8d5fa9581204,90a42ea4-7be2-44b8-a62c-de43a0cf7b25,ACTIVATION,2026-08-24 22:24:22,False,False,2026-08-17 22:24:22
3c60ec77-b842-44fa-a24c-653d2adc45de,880eddd9-73ec-4ee1-800a-10cf1b7f75a1,91a6cd85-8cc6-4341-af06-ff262a98e11f,ACTIVATION,2026-08-24 22:24:22,False,False,2026-08-17 22:24:22
7850f326-0d10-4659-adb0-1e208972bca8,fa977d90-e4d9-4955-b3d3-d03f1c085b20,61c38259-ac4c-4c50-b148-554bf8870214,ACTIVATION,2026-08-24 22:24:22,False,False,2026-08-17 22:24:22
9f613ffd-d772-44b3-a28b-e02f0f56cff6,294a5c5c-a549-421a-a7e2-13485f7912e2,424fe9ae-6f16-4e9a-954d-a7a2d43ae906,ACTIVATION,2026-08-24 22:24:22,False,False,2026-08-17 22:24:22
620990b5-cd53-4cc1-b145-3403dd8e6c09,14238cf7-ebe8-4e26-87d0-87d1da3ae7b5,a422c317-f00f-4b4e-87b1-9df9e0cfcb92,ACTIVATION,2026-08-24 22:24:22,False,False,2026-08-17 22:24:22
46a3a82b-8982-421d-ba37-e9624f3c8d8f,0576252a-98df-4a04-8cd1-191ef9aef980,6e896eee-7f87-495d-a793-8090391875e8,ACTIVATION,2026-08-24 22:24:22,False,False,2026-08-17 22:24:22
ace91cb4-9c30-4af4-bc8d-8cdef25246d0,64dbb478-40f6-4240-913d-036c77cc1904,458f1999-6b93-49e3-81af-bbf481599d03,ACTIVATION,2026-08-24 22:24:22,False,False,2026-08-17 22:24:22
d2b9431d-337d-42ab-b7b9-a6ffcaec38fc,68255280-38c4-44a1-84bf-5a88cadf3a5f,029410a4-5c4a-4b2f-86a3-b8d8ec521f63,ACTIVATION,2026-08-24 22:24:22,False,False,2026-08-17 22:24:22
4efe540b-40bd-41b4-b548-bd310f53dd64,e9407c08-2b66-4143-a912-1ee2b55c974f,2e30cae1-15bc-4552-93d4-26286ca0083e,ACTIVATION,2026-08-24 22:24:22,False,False,2026-08-17 22:24:22
37609727-18cf-4433-b860-c1f072ef5624,461b8e28-ac8d-469d-b02a-6fd7ce31bcb7,e7f5f991-95d4-4e09-a022-6053e9a77c9e,ACTIVATION,2026-08-24 22:24:22,False,False,2026-08-17 22:24:22
15e05157-16e1-49b7-a748-eeed15d007f0,64855882-2037-4259-be39-0195827023c4,b42f0c79-03f5-43e4-8bbf-e94415f25516,ACTIVATION,2026-08-24 22:24:22,False,False,2026-08-17 22:24:22
16a6a2c4-e0e3-4382-afd9-473b970eb046,61a49473-f172-4e76-a4ce-31f4df906de0,4e8e0205-f227-4b77-a7ac-c648fee2c6fb,ACTIVATION,2026-08-24 22:24:22,False,False,2026-08-17 22:24:22
94787706-44c0-4dd8-877f-b3c40abc1565,2a13812c-d3e9-4b2a-83fa-6a72152c9417,7cd766ef-b6ae-45ff-b6a6-71f0096ef71f,ACTIVATION,2026-08-24 22:24:22,False,False,2026-08-17 22:24:22
a856d672-02c8-49f1-b550-e4fef417e5f3,4a7643ff-d237-4672-9228-289c03b3428e,aa82d0be-d2b5-49c0-8a98-7ecb5ed15f05,ACTIVATION,2026-08-24 22:24:22,False,False,2026-08-17 22:24:22
d4941f6a-862f-4e81-920a-535cf07be5c3,4e62f474-e5c4-490c-aa80-8236b03527f5,24252c5e-826c-44a1-9ae3-7b97e8cee38e,ACTIVATION,2026-08-24 22:24:22,False,False,2026-08-17 22:24:22
aab4cba3-9878-4e07-9f33-07536abd653f,6bc3ba39-2429-4a9c-ab25-1e3008bdfb71,46804d78-fbd6-466c-a4bf-713cc4547527,ACTIVATION,2026-08-24 22:24:22,False,False,2026-08-17 22:24:22
28de3d70-f9d0-4547-84ce-a4017f739ebd,75998c06-3b6f-4928-8e6f-f4befbe1cc3b,212613ad-b8f4-4675-b732-08e2de636b9a,ACTIVATION,2026-08-24 22:24:22,False,False,2026-08-17 22:24:22
6da5c14f-f8f6-4300-bbbf-35abd8067101,f65094fd-e5e2-418c-b4cc-b55eb4fbeea2,ea0ea020-df53-42f2-b550-fcdb0e691b1c,ACTIVATION,2026-08-24 22:24:22,False,False,2026-08-17 22:24:22
7c874388-4a6b-4c93-91ff-28410bfedbc9,dd44ecfc-93c9-4bdf-8ed4-3d8f8e5a48f0,7f36756f-7896-4561-be4c-fb98f2f79af3,ACTIVATION,2026-08-24 22:24:22,False,False,2026-08-17 22:24:22
960e63d2-360a-40ee-996e-73b573db86a1,11fe1733-d8b1-4d15-8c7d-6113ec2ccbf9,74291ff2-7858-4d75-8b41-0dfc9ef76155,ACTIVATION,2026-08-24 22:24:22,False,False,2026-08-17 22:24:22
63c7edf9-8b03-47b7-b3c3-405a8a4d15ea,3214c84a-a6db-4c89-a730-611b5380ebeb,b82cbe68-cefd-4ef9-a7d0-8d41cceb975f,ACTIVATION,2026-08-24 22:24:22,False,False,2026-08-17 22:24:22
af86a130-1b66-4be4-a283-7f79c73c0101,ab47ed33-32f3-4ce9-8292-cd4f01b38a4c,34707f28-6c6f-41e1-8192-fb26316f6c05,ACTIVATION,2026-08-24 22:24:22,False,False,2026-08-17 22:24:22
6e27ee7f-0127-4041-b8b1-b3ad4091135a,5a6e2964-c98d-4164-910d-3c58b15899af,8458eb24-26b5-4c0e-acde-1f7be3c04c92,ACTIVATION,2026-08-24 22:24:22,False,False,2026-08-17 22:24:22
6ecf0055-530c-4773-82c1-bc8db82eec94,02c60f68-d9a0-4ea7-acff-4fb12de0ba1e,f8f4b2c5-ed73-46c0-aa5e-8f0527c7cdda,ACTIVATION,2026-08-24 22:24:22,False,False,2026-08-17 22:24:22
c5ee38e7-a688-469a-ab2e-f8e285179566,2614907e-cf7d-475e-a733-88b6ed55ee67,30ce8abc-0803-4dec-a3e9-82f1a59bc579,ACTIVATION,2026-08-24 22:24:22,False,False,2026-08-17 22:24:22
0054e2db-af0f-4c08-a1d9-51432f93d4be,bc6c57e2-0dfe-48fc-bd37-57210c2a49c8,f2e36f90-d17d-4b9f-8b7b-c32f59679e2d,ACTIVATION,2026-08-24 22:24:22,False,False,2026-08-17 22:24:22
747bb6f3-6151-4ef4-9440-ebb9de7fd6b4,e01b7213-243c-4c04-90bf-0de13be29731,b3064822-c2ed-456c-80e2-b0de7ef3bae8,ACTIVATION,2026-08-24 22:24:22,False,False,2026-08-17 22:24:22
95b55afe-c08f-487c-8493-7d0756ad85de,3e48eebc-61d6-4f54-afbe-79135b41ea18,7a916c0d-0b2e-49e3-9284-e932e4313d27,ACTIVATION,2026-08-24 22:24:22,False,False,2026-08-17 22:24:22
316cddad-9f7b-43e9-83e9-6dea0c2966f1,2894b33a-f85c-4c4e-a570-c54d457eb3f5,39146166-70f6-4571-9c7b-0b2e458de2d2,ACTIVATION,2026-08-24 22:24:22,False,False,2026-08-17 22:24:22
4732cd28-1613-49fb-ad5b-c3307b01917b,af0f771e-c76e-4163-83b6-7bdd3e064971,9b9695dd-4c05-4800-aae4-5c6cacc41b4b,ACTIVATION,2026-08-24 22:24:22,False,False,2026-08-17 22:24:22
97b7c84e-bc06-4b5f-a24e-717d2853490e,29e1e4fa-2f10-4948-b6e6-aa37d8598839,07ac9dda-30ac-4329-9232-14f34d282434,ACTIVATION,2026-08-24 22:24:22,False,False,2026-08-17 22:24:22
a16cfc99-9c65-4495-9720-c4f7116237a1,4d1a40e1-32b2-40b1-b680-d5901856eede,3ebff9b1-4202-410c-be8a-3ecf6cdc2ec9,ACTIVATION,2026-08-24 22:24:22,False,False,2026-08-17 22:24:22
2cd55cd9-aef0-40fc-8ebb-e19e36252952,6265e640-ebeb-4fa1-a64b-b1fdea43ccfc,9e668dca-0735-452f-a127-7748a44f0f0d,ACTIVATION,2026-08-24 22:24:22,False,False,2026-08-17 22:24:22
c8e486d8-be76-4920-81a8-c568288f6fbb,8442e24b-63fb-481d-b229-047dfe037d47,838a1cf2-1e58-4e56-a39d-83b05b1e588f,ACTIVATION,2026-08-24 22:24:22,False,False,2026-08-17 22:24:22
981a1374-ab84-491c-b86b-ac1de6c1965b,c2750ac7-2666-41f2-b096-80d14258f61e,07ade671-e83b-4499-bdd9-b704767ecaee,ACTIVATION,2026-08-24 22:24:22,False,False,2026-08-17 22:24:22
3ca3b84a-7591-4ed8-92f2-bcd965e6e947,3fcf7421-cfad-4b81-984a-ae8a87b798a3,bb7988f1-5a5a-47da-a7a6-57c26893e378,ACTIVATION,2026-08-24 22:24:22,False,False,2026-08-17 22:24:22
13288599-5cfc-4b24-8832-80aa674e8d0c,8f5c30ec-851c-47b6-a933-eeae84d3edde,45b56ba7-2af7-45f9-8d6d-5233a354599f,ACTIVATION,2026-08-24 22:24:22,False,False,2026-08-17 22:24:22
25e6f43e-ccf7-4af5-bd7f-64bda13a1ee0,313be6c7-b1f5-437b-991d-cd43c12ec8a9,55a9a123-9c64-4303-8743-f2c42ae682dc,ACTIVATION,2026-08-24 22:24:22,False,False,2026-08-17 22:24:22
419fb395-2e76-42d6-a0bd-c312abfdb63c,af4742a0-0fbe-481d-ab30-0dc6ab458436,b8fc7f46-3619-4b01-8f67-7a7ec77b52e8,ACTIVATION,2026-08-24 22:24:22,False,False,2026-08-17 22:24:22
5ca3f875-b3d1-4c43-a226-566f4bc48306,2b894d9a-d456-4d21-ba60-d52b7583d027,54115cd3-b39e-4d46-866f-9a3081bf4e6b,ACTIVATION,2026-08-24 22:24:22,False,False,2026-08-17 22:24:22
32b3cd5c-89f5-4dd5-80bb-29b4dcf1cd6d,2604973f-652d-4e2b-b768-2df12a0b73d5,ebbbf608-bdea-4d41-af74-f18f6604ca9e,ACTIVATION,2026-08-24 22:24:22,False,False,2026-08-17 22:24:22
284c03c0-935e-4973-ba11-ddf281cc5e0a,7afe539a-04c6-4283-9852-fa2af1de4ee7,09ac1b58-ce94-42f7-a4f5-d54902f140d5,ACTIVATION,2026-08-24 22:24:22,False,False,2026-08-17 22:24:22
fee2373a-739f-4dae-b86e-233c684ea5ed,820ae11e-3b98-4834-9faa-15b93e99e608,5f9a8a3b-8039-4c93-9cd6-54bc4ce05ad3,ACTIVATION,2026-08-24 22:24:22,False,False,2026-08-17 22:24:22
32370a7f-238b-44f1-8f1f-938a16375b8a,cf8fb51e-e0cd-4cad-bc07-274a5b1fdbff,a1dd7a8a-2dce-467a-b00e-d1b01258d867,ACTIVATION,2026-08-24 22:24:22,False,False,2026-08-17 22:24:22
a3115463-8fc7-47f3-8562-0d0f7d160d8e,b8cf892a-0d18-45e6-81aa-b12cc36f4ac5,bdb6f31d-7ed8-4dcf-986b-bf26aaf4488d,ACTIVATION,2026-08-24 22:24:22,False,False,2026-08-17 22:24:22
269f1178-c2d7-4862-8e22-a5bd7c15d6cd,a2ca8d0f-7d63-49ee-aa3d-ce2bb348ddcb,3b03309f-c982-4932-8a60-5a0df6bfd24b,ACTIVATION,2026-08-24 22:24:22,False,False,2026-08-17 22:24:22
e33c9be3-3e68-495e-a9d8-35da48247963,fa028c96-0646-40e2-8b7f-4720d65ebba4,b143b341-be90-4988-a964-d2579213d5c1,ACTIVATION,2026-08-24 22:24:22,False,False,2026-08-17 22:24:22
92967fba-162b-4834-919f-abda60e4ca0f,9f77c1aa-7e5a-4e6a-b1cf-02554c3e8a1a,1df9562d-0a1d-4483-acbc-8a4630be917f,ACTIVATION,2026-08-24 22:24:22,False,False,2026-08-17 22:24:22
e827a531-e656-489e-985d-0d01b3ec2916,3b88759e-e8fe-4bbc-8e6c-f7ff57b36b22,bd8b4a0f-e1fe-4088-b058-25b15734a955,ACTIVATION,2026-08-24 22:24:22,False,False,2026-08-17 22:24:22
ca28d6ad-0e25-4fb3-8b62-4caad11850ef,35d4004a-bb22-4637-a014-9825b7b1a95f,559c567c-a7a9-4a2e-87d1-572e8869b180,ACTIVATION,2026-08-24 22:24:22,False,False,2026-08-17 22:24:22
18d1026f-ff7c-48c4-b547-8e3fba4615d2,6a78f37e-b0dd-4185-91f5-03ef116469b6,17d503cc-87cb-43b6-adc7-420572ad6f0a,ACTIVATION,2026-08-24 22:24:22,False,False,2026-08-17 22:24:22
c9df4a59-d647-4998-941a-b97065c8bcb7,559f4e06-5414-499e-9481-562fabb65637,78fff33b-ea9d-4380-aa93-1a391185ac47,ACTIVATION,2026-08-24 22:24:22,False,False,2026-08-17 22:24:22
04d1ee55-9b6a-40b3-823e-e4d3165c96a2,109cb80e-24aa-4c07-855a-054728b51fa9,c2e551bd-d0fc-4b35-a340-3ce23fd78e98,ACTIVATION,2026-08-24 22:24:22,False,False,2026-08-17 22:24:22
4cc5d424-c813-4d9a-a4d9-5f52004daa23,310a644b-be49-4c40-b14f-c65758b8d816,faa7eabc-b60c-4ea3-a36b-c7e06d2dfb75,ACTIVATION,2026-08-24 22:24:22,False,False,2026-08-17 22:24:22
d346a568-1b11-4276-813c-f6959552d812,cbd15312-729b-49cb-8717-5b57408bca1a,cd4750a7-f03d-427d-ade3-9977baa7b77a,ACTIVATION,2026-08-24 22:24:22,False,False,2026-08-17 22:24:22
dc70aba9-8cac-4146-b7eb-4db2c9ad5492,1a3fe76b-6520-4286-925e-8c0575949e40,8ea9eeeb-e0d6-4fda-aa43-bd3bb36e8b7b,ACTIVATION,2026-08-24 22:24:22,False,False,2026-08-17 22:24:22
262e71e2-0a2f-45cf-ae17-b6615715084a,6175d810-7b3a-4af3-a77e-50c4221d59b0,b0754b11-0799-4090-9482-1fc8e11b644b,ACTIVATION,2026-08-24 22:24:22,False,False,2026-08-17 22:24:22
c591f60a-5f5e-4952-a541-17a5c3c01da7,4aee76f6-0aca-4d7b-ab72-ba7df1e96053,3a1fe110-e06d-4b0c-bd0c-78557a45e72e,ACTIVATION,2026-08-24 22:24:22,False,False,2026-08-17 22:24:22
77013dc4-aca4-4ea9-84c3-7efb84d1c7e2,ea75c050-ed79-44ac-801c-081adfe1c35c,e30bccf1-18b4-49a9-bc65-a980044207d5,ACTIVATION,2026-08-24 22:24:22,False,False,2026-08-17 22:24:22
2e91962b-28f9-4a5f-815f-0d7d91eda242,fb02b9ae-f775-4a78-859e-eb6814ad351e,cf98456b-fac2-4762-87ed-df442248ea09,ACTIVATION,2026-08-24 22:24:22,False,False,2026-08-17 22:24:22
1004e358-6f75-48e3-bfe4-b8908aa50b0d,5a87a751-54d7-4483-bc99-72662d09b484,49544697-5d23-48e0-a8fa-83cd7dd64def,ACTIVATION,2026-08-24 22:24:22,False,False,2026-08-17 22:24:22
2681324b-32a5-446f-a80e-eb7bd397c712,16c4dd24-c377-4fa3-beca-657c1b0f51ee,b5352945-8b04-4bf1-902d-15bf20c0c7b6,ACTIVATION,2026-08-24 22:24:22,False,False,2026-08-17 22:24:22
5f5f9388-4e06-4c47-aca3-b52f9d1ae833,d468e339-9c34-408c-87d5-c2921c6ef7eb,36fd4b0c-7cd1-4afe-a0bc-0ab43cb67c97,ACTIVATION,2026-08-24 22:24:22,False,False,2026-08-17 22:24:22
44ea1b1b-2022-483a-bb4f-dd8b7a2cd318,924f6f6b-2a5e-44ac-ae4f-6807ca520dc6,e70e8ad5-1169-422e-ad55-56bdff9ff11b,ACTIVATION,2026-08-24 22:24:22,False,False,2026-08-17 22:24:22
734d92e8-84f7-459c-ae69-322cbdcf6e27,9deb85de-4e79-4f37-9703-d9babcf0c316,25801db2-c871-414d-8a7b-f9eb2ea39f44,ACTIVATION,2026-08-24 22:24:22,False,False,2026-08-17 22:24:22
2be3e203-aa32-45fd-b0bd-b74a77bac7ed,0a24871b-2b0e-4c99-93f8-d37146ffa0e8,221960f7-2ab8-4444-b663-33d45f340a03,ACTIVATION,2026-08-24 22:24:22,False,False,2026-08-17 22:24:22
86221aa3-d37d-420a-9046-19f9d2eb30b5,698ced0e-e06b-4c6f-8235-274752770a6b,681061a1-ec5e-4da4-90fb-ea6be9ccb6d7,ACTIVATION,2026-08-24 22:24:22,False,False,2026-08-17 22:24:22
ed763d6b-eb9d-4f6a-a7e6-70d4bbfaac0e,e3399979-5e76-441c-a5b1-51504d15926c,d85cbc96-e41d-413c-bb4c-a71c86a5c39f,ACTIVATION,2026-08-24 22:24:22,False,False,2026-08-17 22:24:22
46e57e03-9cb3-47dc-a424-500cd87e8ed5,e5346f75-b264-498e-9c0f-acd5edb73ad6,cc6c2fe0-c7ec-4332-8b34-7d2bd50425c2,ACTIVATION,2026-08-24 22:24:22,False,False,2026-08-17 22:24:22
2eebda94-91ae-4277-99b8-2245230e7721,c6f71c29-b39c-4879-abf2-3ae4ff5451d6,e6250f58-ba61-46a1-a9d4-960ee21dfefa,ACTIVATION,2026-08-24 22:24:22,False,False,2026-08-17 22:24:22
6bfc9fdd-8d26-48d3-b1e4-712a5b4eae02,52ece94d-26db-489e-85f6-ade039e9a628,928305cc-22ad-4c2b-be30-15ece316ca60,ACTIVATION,2026-08-24 22:24:22,False,False,2026-08-17 22:24:22
e894f2b2-5960-47f9-8fd0-8eee9f7c2440,5ed4d282-670b-42e9-abe6-bf9fa328573e,d93e6c9b-aac2-426b-88e9-0aaadda86a48,ACTIVATION,2026-08-24 22:24:22,False,False,2026-08-17 22:24:22
380297a6-2dea-4911-a25b-6b7f98309688,856574d5-90f7-4b74-90c1-0cec3cfbb29f,d638692d-86e7-40fb-9071-ff58931917ce,ACTIVATION,2026-08-24 22:24:22,False,False,2026-08-17 22:24:22
6af5f813-3aa3-4f22-84f2-20615c09f37e,d8a96e61-8ae9-4de9-b317-a7565465bcc4,2819fccc-2112-4dcd-b172-4d82ec0d3ff2,ACTIVATION,2026-08-24 22:24:22,False,False,2026-08-17 22:24:22
e30b9a93-5cfb-431d-8305-75a20dd2865c,32a38cab-67d3-4a06-96d5-bfd618dd85de,a547bebd-1714-4d44-bf0f-ed58799b40a3,ACTIVATION,2026-08-24 22:24:22,False,False,2026-08-17 22:24:22
5bcd007d-57b9-4934-b2c7-a92154873fde,21bb9f9d-5e3f-4732-9a63-b4eafeb857e0,e4e823bf-a1c7-4490-911c-df0476244bab,ACTIVATION,2026-08-24 22:24:22,False,False,2026-08-17 22:24:22
ec3ac8fc-5769-44d1-a0b3-1faa13ffbfe3,c3b140c4-7495-454f-862b-020dab85110e,7a0b7bce-103c-4c0d-81e8-5746fbc1231a,ACTIVATION,2026-08-24 22:24:22,False,False,2026-08-17 22:24:22
fd66fc52-721d-4426-8e02-cd4c8aeb0a07,e16e4603-bb61-4de3-99f0-fd34c54c09db,2de53b41-13a3-4d59-92a1-f06d4b969ace,ACTIVATION,2026-08-24 22:24:22,False,False,2026-08-17 22:24:22
49625ff0-e427-46d1-afd1-94f7456069ba,cb2d21d1-9baa-4159-8844-c643d8e6dd77,1f325c2d-6d4a-4930-9624-6a764de5a552,ACTIVATION,2026-08-24 22:24:22,False,False,2026-08-17 22:24:22
98cb74fa-603b-44f4-9d76-50f3776d3be6,2501ab65-fb96-4fe3-8b9f-21cb8625795c,0a258027-f4f2-4451-b21d-16622eafcf3f,ACTIVATION,2026-08-24 22:24:22,False,False,2026-08-17 22:24:22
a04055a9-7178-42bb-b82e-ddc2d18243ec,ff7932cc-40d4-4ef6-abb3-1a63c36326c3,41b06619-7aa2-44a8-b5a7-2c14e4652282,ACTIVATION,2026-08-24 22:24:22,False,False,2026-08-17 22:24:22
8f87270e-fa94-4d43-8323-ba24fe721c36,24b55521-7571-44d2-b45b-015e05b24866,4956c19e-bbbd-4e4f-a6b7-ce9fcecad3e3,ACTIVATION,2026-08-24 22:24:22,False,False,2026-08-17 22:24:22
287592ea-5af0-4dd4-8b1d-7edb177f1ca3,60e1cfc0-9cae-4d0f-bcac-ec6a65e5761b,3703d78d-0d67-4ef1-a901-fa95d49a6926,ACTIVATION,2026-08-24 22:24:22,False,False,2026-08-17 22:24:22
86f0619b-bbac-4596-8224-172474b7c9b3,09e4c89a-167e-4ea3-a79a-a5ed28ca466c,88c9e720-9f20-4293-8709-7e121519b162,ACTIVATION,2026-08-24 22:24:22,False,False,2026-08-17 22:24:22
a61c9766-d630-485d-9749-bbde6e9cb346,1f881b8a-05c7-477a-a18f-f338962dadc7,34bfe3d5-49bd-4599-a043-1d9cfb4783b6,ACTIVATION,2026-08-24 22:24:22,False,False,2026-08-17 22:24:22
f81c48e6-0c19-4de8-aad8-c084f8ae0160,57cbf801-e442-4955-94ba-9ee43c33003d,529428b6-7f84-4395-b698-94f966bf9cde,ACTIVATION,2026-08-24 22:24:22,False,False,2026-08-17 22:24:22
5d11784e-ed96-4114-b106-eebabde90741,182b0d3e-3125-40fc-9fbe-2a8cd9dddb6a,4acd669a-b537-40c8-b440-ee6d3eb4db9d,ACTIVATION,2026-08-24 22:24:22,False,False,2026-08-17 22:24:22
894da487-2bc4-4aa1-9991-67a613765d15,2c319686-5f20-4988-84f8-69617ce3c1c1,664a6380-060c-47e2-ba69-201bbfeacfaf,ACTIVATION,2026-08-24 22:24:22,False,False,2026-08-17 22:24:22
7f29bfb8-b95e-4d51-ba1c-d01bd8a8f78b,f1997bee-6048-4e17-a79e-7214bfedc5d8,f6b8dcc6-02e0-42b7-a12a-0b4d8ea22755,ACTIVATION,2026-08-24 22:24:22,False,False,2026-08-17 22:24:22
543a527b-7bcf-43bc-8730-a01ee531b0a7,15a5e66f-d6ec-4f8a-84df-e93b755ea9a3,94a9e326-eaf3-42c9-afd1-a3a1ccc19391,ACTIVATION,2026-08-24 22:24:22,False,False,2026-08-17 22:24:22
7a81b524-cb3d-405c-8a6e-189403771a76,3e8afc3a-d9c5-448f-888f-0505a46115a9,13cb11c7-4b8b-4dcc-8ce2-80bfa3d0c571,ACTIVATION,2026-08-24 22:24:22,False,False,2026-08-17 22:24:22
51e577ec-99b6-4896-8397-0f8ce40ae22c,c3b256bd-eeb9-4b47-9922-fb5f3c7a83a0,dd30b693-3c64-4758-81fb-1c952d472e99,ACTIVATION,2026-08-24 22:24:22,False,False,2026-08-17 22:24:22
7d876e02-881a-49b3-9d6e-e43430dfec81,5c437fb9-0124-409e-9890-58afb6aa4226,f15e985f-7f40-432d-96c1-92f19453d36b,ACTIVATION,2026-08-24 22:24:22,False,False,2026-08-17 22:24:22
54927908-c39c-49c2-afe5-7d70f4767dbb,d6fdb5a9-46a3-4e08-a69a-9b96fcbd945a,5d81588f-9f9c-4e59-a586-4870592bd691,ACTIVATION,2026-08-24 22:24:22,False,False,2026-08-17 22:24:22
a008f661-d0d4-41a0-a326-f80d8ecc70df,fefa191a-4880-45b4-afe0-1277ad3949f1,a6490b5e-6544-4d67-b750-88cc4882e6f0,ACTIVATION,2026-08-24 22:24:22,False,False,2026-08-17 22:24:22
dc89bace-2e4e-48b8-91ff-268120ca3dd6,77ff3510-e51b-46fd-a3d3-66538189017e,853ff431-23d6-41dd-9d75-ba64f4afc4d8,ACTIVATION,2026-08-24 22:24:22,False,False,2026-08-17 22:24:22
858bf644-dcfc-437f-9da7-2cd0e6406e6f,77e259d0-e6bd-4590-b9d3-ba3bf83c2973,bf2d7f3b-99fa-4b44-9e28-dda3c07203d3,ACTIVATION,2026-08-24 22:24:22,False,False,2026-08-17 22:24:22
e4af1c70-9b77-42ed-aec4-32cefe67103b,33338e2f-5002-4f0f-86aa-597b0df2f46f,a925f98c-5e78-475f-a0b2-e2fcb4c4b071,ACTIVATION,2026-08-24 22:24:22,False,False,2026-08-17 22:24:22
cc2ba627-0f48-4646-8937-a43bcc0f5a26,eafcee9f-bf16-487b-900a-f133a8b22c0c,59c4eb07-06d5-4e65-a65d-8318145ebd06,ACTIVATION,2026-08-24 22:24:22,False,False,2026-08-17 22:24:22
6843a68d-34ef-45de-9064-da69d364acf6,e7cbca79-d695-4cba-a4ac-1d404619e1ab,a9e72dfb-e8ed-41a4-a145-44ce16587258,ACTIVATION,2026-08-24 22:24:22,False,False,2026-08-17 22:24:22
4457a585-4816-4d87-8826-f037b3108975,39cfe51c-5075-43b1-a1ce-1cb93498b74a,def7fcb9-6848-46a5-80ef-f4457231e7ce,ACTIVATION,2026-08-24 22:24:22,False,False,2026-08-17 22:24:22
ca4dd090-a959-4b83-accc-0a97dce4924a,cd7eabe5-dd88-413c-9e1c-72f189f4921f,090d0f50-d48d-4591-9ff8-c857fa1d7ed7,ACTIVATION,2026-08-24 22:24:22,False,False,2026-08-17 22:24:22
167df41b-befd-4da0-85b3-3a4478d7f9d9,a46f6c11-7bfd-4a44-8907-3bb62f34f4e8,ecd77042-ff02-4785-aea9-2540a41f46cf,ACTIVATION,2026-08-24 22:24:22,False,False,2026-08-17 22:24:22
02232cdb-05ea-4db0-a2d5-332994d8de43,6fcfc761-9d35-4954-86ac-f1ab9519f835,f66bd898-f179-4e1b-b58a-086d72aa9aea,ACTIVATION,2026-08-24 22:24:22,False,False,2026-08-17 22:24:22
2ee7a3a2-870c-4eb6-a2b0-040030b748a3,ba983d7b-f6c2-4859-9764-8186e5ac1a1f,22a6fcf9-d083-45d3-abb6-c7d538933bbe,ACTIVATION,2026-08-24 22:24:22,False,False,2026-08-17 22:24:22
c3fe65e5-a4bc-44d6-a9f9-97dcce5b0d9d,6a8d73d1-2d0e-437f-876f-17589d747d54,e313bbd9-7fe8-4e63-8980-ed683b3ddbdd,ACTIVATION,2026-08-24 22:24:22,False,False,2026-08-17 22:24:22
4d547b90-c584-4b5a-8a90-913f73cf65ce,06cf22ca-d3d8-4b29-83db-5d18daa31251,daeaec7b-c2ed-4432-b386-b4af53e9422e,ACTIVATION,2026-08-24 22:24:22,False,False,2026-08-17 22:24:22
4be8878f-390e-48af-83c2-70f12f30e49e,23aa0e33-775d-4079-8819-ba8d04348840,de3689e0-349f-432d-8ddb-4202fca22eda,ACTIVATION,2026-08-24 22:24:22,False,False,2026-08-17 22:24:22
6bac1ce8-f7d4-4092-8c97-ad18b0e3c1bf,3efead37-de62-4ba8-a801-82df420cfab4,81f6fb04-c100-4cfc-8bb6-5dc979161227,ACTIVATION,2026-08-24 22:24:22,False,False,2026-08-17 22:24:22
0be8b67f-fcbe-4687-a0ca-bc5235f14062,c57ae0f0-83cc-4665-aa11-77a0e9504c10,82b12fa8-e8b3-4d8e-b33c-1dc5941601e3,ACTIVATION,2026-08-24 22:24:22,False,False,2026-08-17 22:24:22
0e2af527-8105-4aa2-853e-e81d7c43c414,04cc565a-d6ce-4e69-a73a-a24c969d71e6,f23b7e56-1c7c-4727-a0a1-245c4f9ba93e,ACTIVATION,2026-08-24 22:24:22,False,False,2026-08-17 22:24:22
53d5d654-0456-46e4-928e-a34050d71806,79a57310-b698-4d00-bc3d-acb40428d859,cfd94827-ebad-4680-b4af-8f861a19eabc,ACTIVATION,2026-08-24 22:24:22,False,False,2026-08-17 22:24:22
7ae35db0-9b84-4f3d-8b5c-231507053ec1,a7baa60c-42c7-4142-b332-6248184802fe,5c17265e-218f-429e-928a-6d9d707b1ef1,ACTIVATION,2026-08-24 22:24:22,False,False,2026-08-17 22:24:22
f66154ff-f5eb-4ca6-b233-305e200a88ee,f676128b-9ada-4849-b606-281a2bcc7167,f30b0187-904d-4488-bf85-61c2c0c32c11,ACTIVATION,2026-08-24 22:24:22,False,False,2026-08-17 22:24:22
6d8571f3-3d79-4efd-a8f5-c155da4d77b4,7f7b5218-fb8d-4490-b31e-ccd05899f2d0,01b0dae6-2099-4c75-ab71-b3fd829d93cf,ACTIVATION,2026-08-24 22:24:22,False,False,2026-08-17 22:24:22
7c60338c-129b-4b02-a3c6-090ea94696a7,6ad743d3-994d-4e2a-90e9-b94f7716498a,98106f2a-db58-40eb-bc2a-a19ea7226168,ACTIVATION,2026-08-24 22:24:22,False,False,2026-08-17 22:24:22
16ee9f3b-ab66-440e-99e4-e1b74a146f2a,ce0b7589-cad6-4604-98c2-ce1092860f21,21130e49-09a1-4468-b85c-7a86e0c7f507,ACTIVATION,2026-08-24 22:24:22,False,False,2026-08-17 22:24:22
1743f2fe-2326-43e2-8e19-8b2a0785e733,648e18cb-7b7c-41eb-a90f-4a3c195c65fe,6007ee50-a085-478c-95f9-276b62d86574,ACTIVATION,2026-08-24 22:24:22,False,False,2026-08-17 22:24:22
2f64e33a-cef4-47c4-accb-029f8714b8f0,3b049bc2-33b7-40b8-b475-4f100d9eab9a,cdc1e17b-2180-432d-afe5-62ae00ce9eb2,ACTIVATION,2026-08-24 22:24:22,False,False,2026-08-17 22:24:22
b9fdc14b-0014-46d8-b3ac-639be9e15c9e,c7beeefb-e228-4bda-b1ea-581acdedbc6b,9702656d-9e0a-415f-afdd-7c5d2fb11f53,ACTIVATION,2026-08-24 22:24:22,False,False,2026-08-17 22:24:22
3959b3b0-4460-4842-b02d-4d23f91022df,4ed117dc-f599-4682-8cad-d2719fb561b9,cbf270ed-9e77-4675-9237-2e047575bab0,ACTIVATION,2026-08-24 22:24:22,False,False,2026-08-17 22:24:22
bd957abf-84cb-4da0-8bc3-e91a0c7bf199,2f87e5f2-ca88-4b61-beec-3699e603d949,23e90b1b-28d5-45af-bab2-03df1ef6b97f,ACTIVATION,2026-08-24 22:24:22,False,False,2026-08-17 22:24:22
9fd8bf9c-fc6b-430b-a1d3-8ad7fc612a1d,43e56ae8-a460-4c3c-84a0-0621b791adaa,f2e9c658-4737-46db-a0c4-61412b2adac4,ACTIVATION,2026-08-24 22:24:22,False,False,2026-08-17 22:24:22
dcf7fe1c-8225-4633-b099-770f54da7b75,7293e54d-0cc3-406b-beca-fcd12092ece8,543e7de6-c3db-4465-b169-2c77a3c8b955,ACTIVATION,2026-08-24 22:24:22,False,False,2026-08-17 22:24:22
069b381b-c9ba-433d-87e9-7d562c5d451f,4818e7d0-b6be-47b8-a1e5-5ca8f66e3f54,02afa080-c735-49d1-99c8-4b63d6ed672c,ACTIVATION,2026-08-24 22:24:22,False,False,2026-08-17 22:24:22
dc6d776f-b375-4756-a79b-455bd42b1a04,6c193927-ca6a-41f6-84d8-a1439519942d,9baff211-c66f-4433-9e51-9ac3ee0903c5,ACTIVATION,2026-08-24 22:24:22,False,False,2026-08-17 22:24:22
c8e6bf78-3b76-4cd5-8bab-588bb418fed2,a8f215f3-6c61-484b-a773-f8e98108f397,4cb1c7ec-361e-4c07-a92b-2f2437b8e6c7,ACTIVATION,2026-08-24 22:24:22,False,False,2026-08-17 22:24:22
64c4b2c5-1ef8-41d1-801c-587fab2ae7f0,ae015384-8bf7-4fe2-a50b-1a7ea477d0a8,f547da4e-14c7-4b92-a0d3-124be61f4ee5,ACTIVATION,2026-08-24 22:24:22,False,False,2026-08-17 22:24:22
54bb4b10-0ad9-470b-9348-c39aef77077d,7fbbec16-1880-41a8-b0e7-f39f4d967ed0,e260eb65-499f-47e3-b02a-16d5a81a1d5c,ACTIVATION,2026-08-24 22:24:22,False,False,2026-08-17 22:24:22
394c48e6-ecd3-483a-8f31-d038dd8380c1,1ce7b3b2-49f2-444f-b781-a923638b35b1,44588ee6-abfa-4493-b4d5-3fb0959b0c0f,ACTIVATION,2026-08-24 22:24:22,False,False,2026-08-17 22:24:22
127cf6a4-ae8e-466e-966b-cb160e61a293,b528ebec-51db-4f51-8da1-946637f963b9,a994f4bc-7cde-4588-a129-4c03fb24c1de,ACTIVATION,2026-08-24 22:24:22,False,False,2026-08-17 22:24:22
2508e74f-91fe-4ed2-b16c-5cd770316d3d,f2e5b9bd-ea2e-4ad8-b2cf-8245b581218c,7979bd30-22f7-4ee2-8368-8833262bcabf,ACTIVATION,2026-08-24 22:24:22,False,False,2026-08-17 22:24:22
434bc1cc-79a9-4767-9220-923c9fde0f06,a1229e82-52f8-4080-b29f-86d674d2b839,0e92363f-4b73-4578-9196-28495ec8f242,ACTIVATION,2026-08-24 22:24:22,False,False,2026-08-17 22:24:22
b74ab114-18bd-4f7a-926c-dde7ef5493a5,4127287d-528a-4261-9563-102693a78eb1,6ad4067d-07b1-4dfd-9714-2543567bdb0c,ACTIVATION,2026-08-24 22:24:22,False,False,2026-08-17 22:24:22
fac9da75-f03d-4117-b7c4-6fc864111f1b,581ee9a9-3e16-485c-b5b2-43113be1eb75,329b93eb-5f3b-468e-9e1e-c497a33c99b1,ACTIVATION,2026-08-24 22:24:22,False,False,2026-08-17 22:24:22
eecddfb7-07eb-49c5-ae76-09822f5b766c,7ee617bd-10be-4ceb-9a46-0558aef714b3,b06d3b2e-7fe7-4811-a3e3-7211efa7c45a,ACTIVATION,2026-08-24 22:24:22,False,False,2026-08-17 22:24:22
b42b77df-a8e9-462e-ab1c-deb2d56d8f97,dcc4d1df-b692-4c9f-ad33-9b691c7f3523,0b5f0f00-2842-45f1-94e1-f808b8e481d3,ACTIVATION,2026-08-24 22:24:22,False,False,2026-08-17 22:24:22
bbb25d70-1157-4d7b-96cb-3862202c30df,6b4d2f1d-69a7-4c3f-aad8-7dff17bb037a,2e46bd75-b7fb-4974-af59-223c1f2541a2,ACTIVATION,2026-08-24 22:24:22,False,False,2026-08-17 22:24:22
4c9499af-5e35-42ef-98b2-3218894dfd69,1ca0b56e-b785-4d6e-bbc6-e0aaae19edee,ca679d82-c722-4ed6-891d-a9f60b7eec45,ACTIVATION,2026-08-24 22:24:22,False,False,2026-08-17 22:24:22
4034e39f-bbcd-45bb-8371-d3b945bbeee9,920b71a2-1056-41b0-8ef2-3e7f95c1ae54,9ae03283-ecfe-4b69-9ae3-98feb3356282,ACTIVATION,2026-08-24 22:24:22,False,False,2026-08-17 22:24:22
f7009de3-64e0-41d9-91be-6b4841097453,bb6fb2d8-4850-42cb-b112-27a4bd8b1d43,a7ab0c54-62fa-4a1f-8296-0e8719bd4e76,ACTIVATION,2026-08-24 22:24:22,False,False,2026-08-17 22:24:22
49ce1617-1562-45ca-a003-8c0e7a7f3866,c236770b-3aca-4e92-add4-f3460eea2120,cec0218e-6522-43ba-9b82-24478e63db4b,ACTIVATION,2026-08-24 22:24:22,False,False,2026-08-17 22:24:22
05da8b3c-e92b-4ede-85ca-d834ee98bf11,b1afbb11-85f8-4e57-8a23-6b7a72b3d6d4,7323a51f-af4c-4a10-ac70-0400d645866c,ACTIVATION,2026-08-24 22:24:22,False,False,2026-08-17 22:24:22
93b9a4e7-9bbc-4ce5-9ef5-1eb20cae4189,3a032275-87d9-4cda-9645-5ab69ae0d43b,3a37742f-57f3-4d8d-9f5e-2de92e2acfa1,ACTIVATION,2026-08-24 22:24:22,False,False,2026-08-17 22:24:22
6afdaaf7-409b-4592-bbd2-91e75d3e76e6,6438cddc-3366-4b6b-bf65-03df90eeac6f,6756531a-50dc-4027-873a-afe543cc27f8,ACTIVATION,2026-08-24 22:24:22,False,False,2026-08-17 22:24:22
47fa2b6a-6d30-47bd-8c9f-ecd7ac67bc67,651f00c2-f4d9-4798-bef8-69c0185b08b3,17d9e5c3-9011-439c-ab48-63fd19826600,ACTIVATION,2026-08-24 22:24:22,False,False,2026-08-17 22:24:22
69cf11a6-4aa2-479d-8f80-2debdca93557,5bc5c6f4-fc99-4e02-b6c4-1080cb17f6b5,9cc64386-3e65-4f26-90b7-3141703bee40,ACTIVATION,2026-08-24 22:24:22,False,False,2026-08-17 22:24:22
38233378-c242-4df5-a43f-a6f75539f545,151db3fe-1a3d-4b3c-8859-cb0c61ed9bef,13c6c1f3-221c-4d9a-934e-b956cd1731f6,ACTIVATION,2026-08-24 22:24:22,False,False,2026-08-17 22:24:22
044e4487-7522-4f7a-8ade-d6645c343d45,07c2c25e-e0f3-4e67-af5f-1c2a7714edcc,f7d09655-34d3-442e-9ecb-73a8fcbe1b03,ACTIVATION,2026-08-24 22:24:22,False,False,2026-08-17 22:24:22
f19afe21-3f19-4229-a8c1-b2bcb209c4be,94ef4c2b-8918-47b8-af8f-bf2be8a72b6c,b05b7736-b8e4-4aea-8e2b-41c4024249bd,ACTIVATION,2026-08-24 22:24:22,False,False,2026-08-17 22:24:22
f1faa18e-1dce-44b9-87d4-478ad643e48b,c9684408-1121-4cff-b985-3c76cb93e97d,e90d513b-ba1c-4dfb-87cd-1f9d57a5a4ec,ACTIVATION,2026-08-24 22:24:22,False,False,2026-08-17 22:24:22
3747054b-a3bd-4d8c-9321-4327647529c9,fced9338-766b-4df8-b13a-3a0a3f0e779a,b6d8e35a-8cd9-45a1-b4a3-efa632daa624,ACTIVATION,2026-08-24 22:24:22,False,False,2026-08-17 22:24:22
4817278b-a229-4e34-90d1-6401914a72a2,bc7ea225-96b6-4b13-aaed-26e587c00d11,9c8f62e2-3ae1-4c60-9908-681b28593e23,ACTIVATION,2026-08-24 22:24:22,False,False,2026-08-17 22:24:22
7319796b-b024-450f-90d0-62f319208d06,62bd6510-f8aa-4924-ba69-f344cce461e1,2797bb87-3e74-4add-a14f-b4956c6adc29,ACTIVATION,2026-08-24 22:24:22,False,False,2026-08-17 22:24:22
7a9eae87-1e51-48bf-9cf5-43b8cb0c4ad6,2871157b-f7f1-4ed4-b637-dd8cfb0ef82f,d39e6d32-41d5-490a-a284-5aee381fa46a,ACTIVATION,2026-08-24 22:24:22,False,False,2026-08-17 22:24:22
31a1c0f2-8309-4e8e-bbcc-c5f34ad6c2b1,f2637c9f-1365-44b1-9aeb-4ee18680a7a7,12c3a05b-e0b2-422d-8ea1-27d67ba9bfc8,ACTIVATION,2026-08-24 22:24:22,False,False,2026-08-17 22:24:22
0c6432cd-65cf-41a1-af21-a840e687d2ec,a5d4a4a6-a4d9-491d-b6f7-f1a69ab379ef,b2471cea-b358-48ab-9403-6554af6be73e,ACTIVATION,2026-08-24 22:24:22,False,False,2026-08-17 22:24:22
b2832c0e-d236-4431-b230-d46683fa7938,2dab2aaa-44dc-4381-b33c-a8a9d8832418,4fef7a54-a417-42c0-8921-2b7f320c6658,ACTIVATION,2026-08-24 22:24:22,False,False,2026-08-17 22:24:22
9c35771d-1c16-4520-b9c3-103d7214d277,610b40cf-3500-4efa-9055-7dae40c9a81c,8c49b1f3-4017-4c50-9e84-d05ee4d309b2,ACTIVATION,2026-08-24 22:24:22,False,False,2026-08-17 22:24:22
13a0255f-16df-4468-90af-586089972489,078da7a5-a581-4c06-be3d-993a6ecf2f07,731e3d15-8de6-4623-988d-8e862564140d,ACTIVATION,2026-08-24 22:24:22,False,False,2026-08-17 22:24:22
92839547-860d-4fa9-92f7-ca1e334958ce,390f1066-6643-4613-a1a5-047fbed5a081,7ba1f61a-0571-473d-b7f3-a3cd05fdff39,ACTIVATION,2026-08-24 22:24:22,False,False,2026-08-17 22:24:22
07c97405-b4cd-4c14-8a56-2bca63bfa5df,bc8b2db8-26c8-4911-b053-5cd1f1e93e25,435768f5-38dc-4273-b0a5-981945202fb2,ACTIVATION,2026-08-24 22:24:22,False,False,2026-08-17 22:24:22
bdcfb617-b550-4f05-b9e5-3184bfec6784,39248735-704e-44cb-8506-448eca2503ee,dbba1df7-5c9f-4198-95f1-e153b7f6cd18,ACTIVATION,2026-08-24 22:24:22,False,False,2026-08-17 22:24:22
026a4eeb-23c4-47ac-97b3-c9616fabeccd,fcc11ebf-e761-49d2-85ae-2acb7d77cc62,e56b8d34-0f37-4cfa-9a71-81900e0ae730,ACTIVATION,2026-08-24 22:24:22,False,False,2026-08-17 22:24:22
a3b0a32b-8427-45b8-9e35-5f6cd78b6ccf,86a903c7-d7c4-4267-952e-9b5308815ece,f4031f7f-e014-43c3-965f-6d4db220bd98,ACTIVATION,2026-08-24 22:24:22,False,False,2026-08-17 22:24:22
7e7335fa-7e8a-4f51-b0d4-9d46345bd004,537a0d00-1538-48f3-9047-5ae07647241c,bc3bb107-4d89-4887-86a2-b0512a35531c,ACTIVATION,2026-08-24 22:24:22,False,False,2026-08-17 22:24:22
723314c0-4040-4a6f-bd18-66116f2581d5,62d6ad3e-1393-4617-8ac1-dc42b07abded,126c7558-6f20-4fd5-a988-50bc9e3ef0d7,ACTIVATION,2026-08-24 22:24:22,False,False,2026-08-17 22:24:22
26c766d6-1ee6-41af-80f6-b2b7d5d56a7c,e2b2e1ae-7fca-4a6a-afdb-23e4e554fda6,db270bda-986a-45f4-9776-7fb08db51506,ACTIVATION,2026-08-24 22:24:22,False,False,2026-08-17 22:24:22
7ffb1a7d-e7cb-4e7c-9d87-f58a1203e309,98a3e773-dd2c-4a12-9238-f71a66879fb9,0b16013d-9cca-41a2-8986-735fcd3cd421,ACTIVATION,2026-08-24 22:24:22,False,False,2026-08-17 22:24:22
b7d8de7d-109c-4507-a51d-d1addf289744,a4854cdd-c4d2-4584-8093-be7b2533bd6d,79139e3f-0406-4887-afb7-f3ba14bc9303,ACTIVATION,2026-08-24 22:24:22,False,False,2026-08-17 22:24:22
0d8897a3-660e-4a82-9a44-7475f3f49be4,c1699d44-a854-4d66-8fa8-3f28bce7fed7,dd16a81d-8e7f-439d-a451-e9c1e446e5ff,ACTIVATION,2026-08-24 22:24:22,False,False,2026-08-17 22:24:22
d8bfad0d-ee8e-4d3c-9ebf-9d5d2d0f46c2,7fd4a0d1-8188-4d43-9fb1-57b534ee835d,051c2a56-f526-48e7-a4a2-743039c85959,ACTIVATION,2026-08-24 22:24:22,False,False,2026-08-17 22:24:22
8598785a-ee56-4291-b1bb-f23a1801dc12,cfb01f33-3c4d-44ea-87fd-d5fea5d9f87d,772cd5d2-67a8-4de7-9c08-20eb386a2aba,ACTIVATION,2026-08-24 22:24:22,False,False,2026-08-17 22:24:22
aa1898b2-d819-47f4-8f95-c2a3f1c0d2ea,9fc52dc0-cadf-401a-bd72-87d80c78d0a7,0ccedc2e-37dd-4d51-af0f-60438841c7c0,ACTIVATION,2026-08-24 22:24:22,False,False,2026-08-17 22:24:22
0cb2285d-6d8a-4907-a198-f4e4b3f5923a,2ee22574-580d-4936-b0d5-f2b6dd0f2f63,96f17fa2-64db-4439-b656-ada7854b995f,ACTIVATION,2026-08-24 22:24:22,False,False,2026-08-17 22:24:22
08ca0fb4-7b9a-4443-bfd5-fc477521dbd2,e17c3492-ab25-4aa6-aedc-28717efc2044,d9e20737-6cd5-445d-8d14-06b0fff8d589,ACTIVATION,2026-08-24 22:24:22,False,False,2026-08-17 22:24:22
77c88851-f5a1-4fef-a608-b995165abef7,066e8dc1-1c5b-41ba-801a-646c62bbee08,8bdfb105-6c9b-41be-9fcf-45ff6b0e9a0f,ACTIVATION,2026-08-24 22:24:22,False,False,2026-08-17 22:24:22
c03d2ec2-f7db-468b-b1dd-200596d1673c,a9e57e90-ca68-4847-9254-8a0504e85b6d,900583ae-3010-4d72-a580-18816ab43033,ACTIVATION,2026-08-24 22:24:22,False,False,2026-08-17 22:24:22
fae10ec1-4625-43a8-8064-fda15e69c7a5,751e1985-77fb-409a-b01a-de6cfb7d2ef7,ad5b6908-f47c-4b24-af30-2659fd620c0f,ACTIVATION,2026-08-24 22:24:22,False,False,2026-08-17 22:24:22
63b963d2-c258-4137-a5c8-44e9dd167610,4b3608bd-1f8f-4191-8824-cf9305ef8080,27133c5b-de9c-48ef-993d-ae4763c7bdbf,ACTIVATION,2026-08-24 22:24:22,False,False,2026-08-17 22:24:22
58ad8899-7eb8-4470-8fd2-d4105ed90a91,61036715-e897-4ed0-b2be-c8f6ef91aa32,b28caf7a-da26-4521-a646-304495efa593,ACTIVATION,2026-08-24 22:24:22,False,False,2026-08-17 22:24:22
5f9a82bc-ec81-4e43-b036-f57968dfa314,088396f1-e136-456e-b36a-2fdb7018295e,50b185e1-e763-4cb6-870e-f0126fff4f97,ACTIVATION,2026-08-24 22:24:22,False,False,2026-08-17 22:24:22
1f219684-4efb-406f-87d4-241e57f6e24b,831d55e9-d169-4624-92f7-edda9924e6f6,d3c294a9-810d-4f58-851e-6c2cd3a0807f,ACTIVATION,2026-08-24 22:24:22,False,False,2026-08-17 22:24:22
fd2a2f7f-fa63-4160-ab70-69dd5fdeb7fb,09bb9fce-90a5-4202-8bb3-5db0a5a8cee7,ffcc0bc9-2500-4961-8a22-327b1f2253f9,ACTIVATION,2026-08-24 22:24:22,False,False,2026-08-17 22:24:22
949bc20b-17be-46c4-946c-e9a903b74352,3e22a201-65de-4ca7-965c-1400f7a09f30,bd3f25f2-91fc-4ad5-852f-7cfde844c354,ACTIVATION,2026-08-24 22:24:22,False,False,2026-08-17 22:24:22
35c5e4f4-8d78-41a0-8339-2f2d68699d2d,13283207-681b-4d1d-9e6f-3b0bbe1715a2,805cac16-0c26-4942-9f97-f78cd8aa92b2,ACTIVATION,2026-08-24 22:24:22,False,False,2026-08-17 22:24:22
80c485eb-1a66-4741-9650-5a01ea22c326,6019ad60-26da-44c6-8817-efc86d6deffb,2e405fd7-f7c3-4c85-ae9b-ab2ecd45b073,ACTIVATION,2026-08-24 22:24:22,False,False,2026-08-17 22:24:22
fe893903-7ad4-4c38-8845-eda0f8d35728,f58f9860-388f-4efc-a917-80e1de02925f,9fa0f613-674e-4d88-8cb8-10b5af71d208,ACTIVATION,2026-08-24 22:24:22,False,False,2026-08-17 22:24:22
68d8b328-a23f-45d1-bb5b-b92e95a55ab5,fac60c7d-398e-4df5-bca6-fde9e6d9203b,31e5f3bd-5836-468d-8ce5-f17170a97763,ACTIVATION,2026-08-24 22:24:22,False,False,2026-08-17 22:24:22
98e91245-09b8-425a-96a6-2426e74cf13f,590d3a9b-b087-4af0-bdda-8945d6507e77,fe83ccdc-3962-4fd5-afdc-24978ab586e7,ACTIVATION,2026-08-24 22:24:22,False,False,2026-08-17 22:24:22
6b489769-07a3-46ae-99b1-23b911d85099,485068b3-5105-4787-9332-da823771fa9a,c8b63cd1-bea0-447c-96e7-3821b62bcae7,ACTIVATION,2026-08-24 22:24:22,False,False,2026-08-17 22:24:22
15d03690-ae60-4c75-8c29-43f3236c5272,82788147-aa4f-488d-8ee9-f23434adc8e7,b6a30296-8148-43fb-a84a-baf73c820de0,ACTIVATION,2026-08-24 22:24:22,False,False,2026-08-17 22:24:22
6f2b2667-f331-4a95-a928-8129eff1d199,94026edf-f040-47b6-809f-f3512397fc75,69c95939-23e2-441d-9317-6abd059caed5,ACTIVATION,2026-08-24 22:24:22,False,False,2026-08-17 22:24:22
11e501ed-bf7a-4fa1-a103-8153231017d0,42bc715c-a76b-4dc2-984f-009ee22d713c,1296ff5f-1ede-4d46-a9d3-78fd5f4cee91,ACTIVATION,2026-08-24 22:24:22,False,False,2026-08-17 22:24:22
1e25bf8f-4182-401d-b169-825663fe22d4,c6c12d9c-1834-4141-a265-21e0564a40ad,17a73d85-d212-4752-b53e-97b61391cbea,ACTIVATION,2026-08-24 22:24:22,False,False,2026-08-17 22:24:22
0fd79b17-d3a1-412a-8428-1eb9b37efcdf,3af6511b-0e5f-4ac8-b164-920340d4f466,879b9df7-3106-419c-9d31-fe7a080536b2,ACTIVATION,2026-08-24 22:24:22,False,False,2026-08-17 22:24:22
776cbc01-8480-4838-8158-612dd3939f6d,cc0360b6-8c2d-4a28-ac65-4db359e5312e,90d38320-9723-4358-a1d7-61a7e62862fb,ACTIVATION,2026-08-24 22:24:22,False,False,2026-08-17 22:24:22
09e354ce-3590-4fce-b7d7-959a7f03e334,1129166f-1e31-4796-bc13-851f7e5262d3,0d6dcfa7-a4b5-46e5-94f1-e05c6fcafd1d,ACTIVATION,2026-08-24 22:24:22,False,False,2026-08-17 22:24:22
8eaa9c3d-65f7-4980-9a29-c6ef5d04c2cb,51c53fa3-7af2-482f-95e9-1b611696cc3f,c9b136d3-3928-4c9c-989a-fed8999a5141,ACTIVATION,2026-08-24 22:24:22,False,False,2026-08-17 22:24:22
e5d303cb-e1e0-4aa8-87cf-64b7eb1cd71a,bfdc051c-8734-4a6e-b2ca-899a1095987d,0b9f7a46-34c4-4978-8efa-8e58e9ef2645,ACTIVATION,2026-08-24 22:24:22,False,False,2026-08-17 22:24:22
cb702013-b058-4286-9444-748fa3982184,6f723314-7cd9-4513-9f95-034422927d8a,b3883ebb-c019-4c0a-9413-15ba54b475b3,ACTIVATION,2026-08-24 22:24:22,False,False,2026-08-17 22:24:22
0ab931ac-2984-44a1-997d-7167b9a2c586,ceaf82c0-0404-4eb8-9280-85ef2c22333a,d250e664-156d-478b-aa0d-509819f12f24,ACTIVATION,2026-08-24 22:24:22,False,False,2026-08-17 22:24:22
c0f18617-12c8-4731-a5de-2aaab12670b4,2ae13320-940f-4ead-a401-94143c57a903,3e96bd83-b050-4193-8ac1-23823aed30f5,ACTIVATION,2026-08-24 22:24:22,False,False,2026-08-17 22:24:22
69ea53b2-ba1f-4c5b-b8c8-bfd8178f2dfa,5aec9689-4c94-4ff8-8818-469b4b78a29b,5743b154-8212-46b4-9ee1-bb9f39c0d72c,ACTIVATION,2026-08-24 22:24:22,False,False,2026-08-17 22:24:22
3ce1ce51-f2dc-429f-a4d8-83e36c62c984,e4f248bd-8e53-4c14-a9e7-1b0578cf9e68,b4c9ebc7-3de7-4b43-a838-46a3b9c0d6c3,ACTIVATION,2026-08-24 22:24:22,False,False,2026-08-17 22:24:22
05394b08-4ca1-47b2-9d65-a3ee7355f8a3,c71d2bb5-de46-4139-a45a-873d1f068215,b2836471-4106-46d5-925a-fa144584315d,ACTIVATION,2026-08-24 22:24:22,False,False,2026-08-17 22:24:22
2ffb0128-894c-4ad6-add6-1134452d9ad2,d9e18e82-4c64-4552-9234-1ff6a6fb9e93,de5b6ce8-f1d9-4a23-a86f-c0cd68c5022f,ACTIVATION,2026-08-24 22:24:22,False,False,2026-08-17 22:24:22
2f41d5aa-bb5a-4cf2-9ca5-4603f0eed26c,dfef071f-c114-4638-97f4-0c7ab9f79144,a980b79d-67b9-4933-ab49-199b2426adc1,ACTIVATION,2026-08-24 22:24:22,False,False,2026-08-17 22:24:22
75728c7c-f28b-4721-b626-a576fb3d0cbc,878916ac-8e60-4cf2-82e2-fced5d9a2f73,80cc2ffe-fdf9-48e1-9ced-958e97858c8e,ACTIVATION,2026-08-24 22:24:22,False,False,2026-08-17 22:24:22
bce69bd4-1691-41b4-a58e-26f36425cf3f,d467ac26-6222-4d91-98e2-73a90bb272cc,b9541853-fae7-4a87-bea7-670a3a581028,ACTIVATION,2026-08-24 22:24:22,False,False,2026-08-17 22:24:22
84daca0d-269e-45ca-b09c-76311b0c2b7b,63bada58-e8be-49cd-9a29-8a3cb8c70a70,b8554b60-01c5-49ba-8dca-a8d0d7f461dc,ACTIVATION,2026-08-24 22:24:22,False,False,2026-08-17 22:24:22
ce4bf6bb-4ee6-4b95-a5ff-c38170d1df15,4d1e3496-8d9d-4c3d-9c08-3c30628ba184,88ff1c9d-0066-427e-8921-74dc46332b58,ACTIVATION,2026-08-24 22:24:22,False,False,2026-08-17 22:24:22
f28b0314-14e1-4aeb-88ae-0b7a06e37578,edfebb3f-6f69-4b48-8a7c-34705f5d9d28,b4b24585-3ef3-44ea-8c8e-1e16bba83b11,ACTIVATION,2026-08-24 22:24:22,False,False,2026-08-17 22:24:22
4f4eab3d-1b32-476c-89f1-59c0d79ae609,d6313312-9641-4093-8013-570a3005a3a5,b9fbca71-17de-4320-846b-9b2999c81976,ACTIVATION,2026-08-24 22:24:22,False,False,2026-08-17 22:24:22
0ba23950-5883-440b-b69e-13015b1f9ca7,62eaab16-3f80-4fb3-961f-1aa0145df855,217947f5-409c-4da5-99cc-72869af98a28,ACTIVATION,2026-08-24 22:24:22,False,False,2026-08-17 22:24:22
29623b47-229a-4375-867a-f66a9432ddad,e1877fe1-3b79-410e-823e-98cc7b7bbb07,d0ac5cbd-f9c1-4292-aa48-b624d713aea6,ACTIVATION,2026-08-24 22:24:22,False,False,2026-08-17 22:24:22
cc767575-99d2-4f86-9f2b-7f6361121ad7,0689a95f-79d7-481e-85a6-0c2e513fe033,52a1dfa4-be22-449e-9a67-a48a0e8e36bc,ACTIVATION,2026-08-24 22:24:22,False,False,2026-08-17 22:24:22
454d1739-ec40-4c6b-b609-4666487220d3,cc6de37e-0a04-4b40-8bff-58dc1fe8de99,82c1ba1d-3fbf-48d4-80fb-30cc96448f00,ACTIVATION,2026-08-24 22:24:22,False,False,2026-08-17 22:24:22
0dee5588-fd64-44f8-ac03-217fc4aeb441,f68fbd67-d673-4e89-a6b4-46f28d6718e3,2bfbbb8a-3824-4013-a32e-aee35b0cd2ef,ACTIVATION,2026-08-24 22:24:22,False,False,2026-08-17 22:24:22
7e2811ad-a99f-4837-8fb0-328ddac0074d,8db48438-42d0-4c69-9d04-cd14933c6ef8,2dd43882-9432-4e90-b22b-67612ef4f718,ACTIVATION,2026-08-24 22:24:22,False,False,2026-08-17 22:24:22
61daea63-0007-43c4-90ca-9fd9409e29dd,87b61623-a6fa-456b-bbeb-56080979c9ba,77416679-49fd-4bd3-ab6b-f70cac1add62,ACTIVATION,2026-08-24 22:24:22,False,False,2026-08-17 22:24:22
cbd07dd2-6471-44c6-947a-45f3277410a1,134a28da-40af-4913-8058-eceaa702d061,4df57875-a807-410b-80bc-8f530100ccd5,ACTIVATION,2026-08-24 22:24:22,False,False,2026-08-17 22:24:22
d90ba9d9-360d-4c47-8d75-d8f60d3e3c5f,55fe001e-01d4-4a74-ba5c-edf067eb079f,b996b6b2-0cc8-4c13-ae74-071eb2b07211,ACTIVATION,2026-08-24 22:24:22,False,False,2026-08-17 22:24:22
2650cb49-7c1f-4415-af06-77f2788598ad,56b70ef2-e9b2-49f4-b994-e76f061bedb1,33f7bf0b-d0ec-42db-82f0-120ee0d9954f,ACTIVATION,2026-08-24 22:24:22,False,False,2026-08-17 22:24:22
cd196d3b-9aba-428c-951c-0da2e258b924,4104794c-30b6-4d9b-bf9d-c7429092d477,207cb643-5ea3-4b95-8926-5cc240e34b4c,ACTIVATION,2026-08-24 22:24:22,False,False,2026-08-17 22:24:22
3c1d7c84-8f4a-4296-8e77-c938853126d6,58812d91-6505-4e5c-8cb7-608d00685642,b7e4e64c-bc14-43c0-bf15-8663e70b572a,ACTIVATION,2026-08-24 22:24:22,False,False,2026-08-17 22:24:22
bd955b26-0a33-4278-8a49-58eb07934973,2563f899-a2fa-4bb1-97e9-1b9781ac07b9,bb5256a2-7848-4a8b-b8b8-027b4d30bf63,ACTIVATION,2026-08-24 22:24:22,False,False,2026-08-17 22:24:22
54e11b3a-9936-463a-8186-a789dc0c143b,776cc5be-2bfc-460a-b136-7b26732744b3,6fa465e1-d448-4238-9b81-ca344358251a,ACTIVATION,2026-08-24 22:24:22,False,False,2026-08-17 22:24:22
cd1a0b44-c794-4755-a18a-d7c309916311,62a05c7d-46cb-40cd-899b-7b507a71093f,2b1446da-5dff-47ad-bfcb-78fa8692a0ee,ACTIVATION,2026-08-24 22:24:22,False,False,2026-08-17 22:24:22
13e02c77-2770-4d65-9d9a-ace2cf1380a1,f7d2eda8-21fb-4898-93fe-f3a89d02d1c2,b310ab48-6d93-45af-97fa-4ca32c2a03f4,ACTIVATION,2026-08-24 22:24:22,False,False,2026-08-17 22:24:22
5853d462-97a1-4305-9d44-f8fc1bf5e9db,dafe4f89-77bf-44c4-8421-8fbbff3f4605,3d7ab035-c741-4ab9-a17c-d767767b268c,ACTIVATION,2026-08-24 22:24:22,False,False,2026-08-17 22:24:22
7e6ef0ee-1477-4a58-baa7-91c445c06074,4e4df372-10a5-4307-bf46-f73b5ddd2de1,bc6e1ef0-f011-43bc-ae8d-652e02532d98,ACTIVATION,2026-08-24 22:24:22,False,False,2026-08-17 22:24:22
628514d5-2f6d-4267-ac36-f8c9cca5cd05,6d0427f1-d28a-4db1-9df1-da14dc2e58f1,9889334b-871c-43d2-964c-c6c357a455e4,ACTIVATION,2026-08-24 22:24:22,False,False,2026-08-17 22:24:22
a0ebddf4-7709-4d87-9d65-de11630771d7,7bf8f261-1d5a-4791-9d55-e52b63b8f0af,b1100c05-c59a-4e63-9a25-efa337120ab6,ACTIVATION,2026-08-24 22:24:22,False,False,2026-08-17 22:24:22
1d16710c-f107-485c-baff-9c57c3562fec,ace81dca-c743-494e-9938-6550753d57d1,4fa52b96-eaf7-40a6-bbd8-16aa717d5d37,ACTIVATION,2026-08-24 22:24:22,False,False,2026-08-17 22:24:22
4d3f4f6c-e37b-4878-a2ea-57191d84f98e,69185803-745a-4072-b339-d716f2b071d0,295377ce-a537-434c-9636-67544e466963,ACTIVATION,2026-08-24 22:24:22,False,False,2026-08-17 22:24:22
951d7443-8ed8-455f-82ad-566f2beaad8e,a9603d3e-e2d2-499c-b592-bd28638ab65c,8827c4c0-1313-4aeb-8195-65db88978439,ACTIVATION,2026-08-24 22:24:22,False,False,2026-08-17 22:24:22
9350de13-366f-4cb8-a7cf-0932dcf07a6e,2d4ffe38-8c35-4210-98b6-8569dc17f2fc,69a6204a-7203-4759-ac3d-6a0b60bb6222,ACTIVATION,2026-08-24 22:24:22,False,False,2026-08-17 22:24:22
0b9624d6-2698-4ce7-9aec-d101101df2ab,823379c6-fcdf-460f-9ead-dc5a3e4e155d,12396521-3b6d-452b-a15d-05b36024f07a,ACTIVATION,2026-08-24 22:24:22,False,False,2026-08-17 22:24:22
cc507cab-69f2-4f81-b5c0-217b9c4faf3a,85e644ba-7369-492c-b101-bea3ddac8762,57e2bddc-5222-444f-84a2-9b2fcfa13b1d,ACTIVATION,2026-08-24 22:24:22,False,False,2026-08-17 22:24:22
2d2b0839-8c77-43a5-8db0-cc7d9cf0f19c,283491bd-cdc6-4f02-bc50-c874af4ffc16,306ad58c-4cb6-46bf-9122-e58db3971902,ACTIVATION,2026-08-24 22:24:22,False,False,2026-08-17 22:24:22
61fb1c38-4faa-47a6-b973-dc49c6a54b8a,2468633a-319a-4225-91d6-4000c49f6f2f,1879afca-d0e8-4411-a1e5-56188e373e73,ACTIVATION,2026-08-24 22:24:22,False,False,2026-08-17 22:24:22
309fdfe2-f921-4c9f-9e86-259ca2873f27,a2673733-af94-4c4a-b462-0ed8a0c85d96,e9c93833-092c-433c-bdeb-0bb0d201c27b,ACTIVATION,2026-08-24 22:24:22,False,False,2026-08-17 22:24:22
8431483f-1528-4d27-b8b6-8d36030013f9,5c6430fb-0bee-4884-ad22-36e948629658,32789d17-6266-47a5-9c51-b882412bdede,ACTIVATION,2026-08-24 22:24:22,False,False,2026-08-17 22:24:22
225d3ad4-f784-4b19-92ac-0a9f4ae96cce,100b9011-1adf-47ec-ae61-e96ce295718b,a0d24cc7-ad75-4007-aea5-c4bd269b2d2b,ACTIVATION,2026-08-24 22:24:22,False,False,2026-08-17 22:24:22
f00f6ad7-3b25-4a1c-b01c-a63cd0e6d626,8b2f6d0a-7505-4a0c-9ad4-e83e3d7c1e82,1b288730-ae9a-490d-afb6-f3be7a5ebaf5,ACTIVATION,2026-08-24 22:24:22,False,False,2026-08-17 22:24:22
688a428d-d325-447b-91fb-3857a64e6d31,d5737803-b200-4c63-8ae1-d22dbb59ccba,2384640a-fcb4-41b9-ac29-890def7a7923,ACTIVATION,2026-08-24 22:24:22,False,False,2026-08-17 22:24:22
c808c679-2536-4df2-b02a-bf9987d9c4af,e427363b-d571-4ade-8839-e9fc9d112be6,69784fd2-78c0-49c9-93dc-57bc1165f86f,ACTIVATION,2026-08-24 22:24:22,False,False,2026-08-17 22:24:22
a75bd772-27a4-4496-b6e3-3af67a4d7f73,86ba8b8a-6979-47e3-b6e5-4613389df1b3,1c1d0b11-f168-418a-aec5-536b0f335f80,ACTIVATION,2026-08-24 22:24:22,False,False,2026-08-17 22:24:22
006e5dce-68df-4210-b519-1bf8cf5fbda7,bf6bb7ea-35ca-4b58-b51d-b39286269279,17aefab5-8b89-4b6c-a27d-1a78b90332da,ACTIVATION,2026-08-24 22:24:22,False,False,2026-08-17 22:24:22
0c638a5a-2315-46f4-8f45-ba69f866f813,85893e56-1672-4b93-9e4e-e5ba0e309708,0f29c561-38e6-4276-9303-96e18ab8eae9,ACTIVATION,2026-08-24 22:24:22,False,False,2026-08-17 22:24:22
b8d41c7c-0fb2-42df-99a9-e02dba2eef0c,0f10e146-9b65-48ac-b201-f31adb3e4246,13cfffa4-5ac1-4a36-b837-da515febc653,ACTIVATION,2026-08-24 22:24:22,False,False,2026-08-17 22:24:22
9e210b57-02f6-4984-a618-e38db3f4b1a7,8dc0fb59-973a-4188-adad-42363496c925,065824a9-a4e7-4381-94d0-a3692a83cce7,ACTIVATION,2026-08-24 22:24:22,False,False,2026-08-17 22:24:22
3f562832-c1f5-4d41-9fe6-4ca4206a2996,401bfc3f-0862-4e99-8e6e-77a724e891ec,00387ca2-aa96-4c6d-bdb9-4e9495cce9d8,ACTIVATION,2026-08-24 22:24:22,False,False,2026-08-17 22:24:22
48426a55-f84f-4da6-8bcc-fc912c7faed5,42ef8496-fe09-4e9f-80fb-0d293ab3da73,32557b72-38e9-4648-94a6-9f256b20022e,ACTIVATION,2026-08-24 22:24:22,False,False,2026-08-17 22:24:22
5a4826b3-5ac9-4a4a-a420-edfc237d2ce9,0268dd69-6617-4aa1-82b6-9d0d15ebdd51,b3a44b20-32c9-4ede-8b50-3d070f31d15b,ACTIVATION,2026-08-24 22:24:22,False,False,2026-08-17 22:24:22
941ebc87-2290-49e5-9d47-f9f464223871,21ed000e-f421-4322-9924-aa60c1bc1c8f,89057646-4559-49bb-a690-a4136f71c9d2,ACTIVATION,2026-08-24 22:24:22,False,False,2026-08-17 22:24:22
f4da8e4e-2190-47ef-b12c-d537011955fd,4512d6a7-24f5-464e-a8ec-3295e9e49012,9f54e100-6558-4dad-a850-1c8cfbb68f7f,ACTIVATION,2026-08-24 22:24:22,False,False,2026-08-17 22:24:22
64f72a8d-8578-4b8c-9fe3-fc246e440f66,94a8417b-83d4-49d1-b230-850916610cfd,594d4d4e-4856-43a2-b6e1-8fddf862ba86,ACTIVATION,2026-08-24 22:24:22,False,False,2026-08-17 22:24:22
138cd72d-e28e-44df-bced-41ab10b59dfa,a3e5ad64-f6ae-4912-8a45-f742be1f2d2f,4185a41e-35af-471c-8311-6c7e54a63bf7,ACTIVATION,2026-08-24 22:24:22,False,False,2026-08-17 22:24:22
ca6fc84e-3411-4405-b546-a46ca0593bef,214e5810-3c7c-4b45-8202-b41ce6c08bf0,5b559fb8-40b9-49da-94c1-220894a87565,ACTIVATION,2026-08-24 22:24:22,False,False,2026-08-17 22:24:22
18e7d2d5-1922-4a60-9299-63f1e990cffc,58d7d2be-6a35-4133-ae7e-6329c92b77b1,7f537325-ad51-4771-a781-9dee24dfe77e,ACTIVATION,2026-08-24 22:24:22,False,False,2026-08-17 22:24:22
8f9559ee-1255-40be-816b-e69d28e845fb,8f8ac459-aa4c-491b-8570-e93dbc790c63,5132d988-fb8a-4cba-9336-ce9f8d153c55,ACTIVATION,2026-08-24 22:24:22,False,False,2026-08-17 22:24:22
60869042-81f1-4bad-aed4-622ab2428564,cc01de7c-a6bb-468e-bdbe-890593f8a33d,8614621c-6d93-470f-926c-f685c85093ab,ACTIVATION,2026-08-24 22:24:22,False,False,2026-08-17 22:24:22
dc8b3fcb-e616-4680-a562-7cf61cd173a0,cb0ffd4f-6c96-49dc-8a94-f614213f857b,1aced39f-50d0-4707-b26b-c6f3297e7514,ACTIVATION,2026-08-24 22:24:22,False,False,2026-08-17 22:24:22
5fe09b82-ba48-4adb-9eba-c6bcc9fa4097,4295048b-f7e4-4a2c-b8ce-fe5c2dd88f65,d5724db4-4787-4650-ac35-49905476d5b3,ACTIVATION,2026-08-24 22:24:22,False,False,2026-08-17 22:24:22
3ef4c959-1c69-40f0-8266-910cab255ef8,8073f80e-5539-48c9-83dc-0b06229a87b5,cd1a2a57-ef41-4797-b608-be96fc89a438,ACTIVATION,2026-08-24 22:24:22,False,False,2026-08-17 22:24:22
5c7bab9c-d091-41e7-a44e-def79df04f39,20cf2bfe-a4df-45a4-a3d2-615dbb7b06df,6b865e0b-a977-4e0a-b171-f455c01a2b5d,ACTIVATION,2026-08-24 22:24:22,False,False,2026-08-17 22:24:22
2d712ded-1151-4567-9e75-14f0abf266c4,a13c5821-4e6b-4a4b-8ad6-6556ca055d8a,339cf594-03b2-4730-8eef-70f003b2e25a,ACTIVATION,2026-08-24 22:24:22,False,False,2026-08-17 22:24:22
b077f3bb-cc67-414d-b716-22bb63b127eb,d4c77e7a-bba5-46ea-89c6-64873af9e544,cea8dbe3-d0bf-4ea7-a395-ae52b39c4e3a,ACTIVATION,2026-08-24 22:24:22,False,False,2026-08-17 22:24:22
3bfc3fe5-8d32-459e-ae64-67fd77b410f7,8f252c02-7d57-4f7d-bbef-b0291a054417,961c25b2-5da1-4877-8a05-3b22e849c166,ACTIVATION,2026-08-24 22:24:22,False,False,2026-08-17 22:24:22
16cee6cb-3273-4e5c-a819-7c7cc0c141f4,bfb1f332-38d4-4e60-b3c3-d116d9f06c05,fee71356-c37e-48cd-98e9-31d96806bcae,ACTIVATION,2026-08-24 22:24:22,False,False,2026-08-17 22:24:22
ce9325ad-a219-499b-b0f6-71c3f6a302cc,3eb64930-e6fa-40d7-a97a-bb0366492538,3cc33b9c-dce5-4198-972b-54ee775eb073,ACTIVATION,2026-08-24 22:24:22,False,False,2026-08-17 22:24:22
88701164-74c1-4da6-8639-da5729fdcac7,908474d3-8862-498b-a67d-ce4d1e976d55,eae8b9c0-2b72-4e68-a08f-b238ddff627e,ACTIVATION,2026-08-24 22:24:22,False,False,2026-08-17 22:24:22
5bd7d255-fd48-4dc7-b202-2abbb52e2866,78d9b7e5-97dc-4f94-ac80-55e835eef6f3,44fe484f-4a10-4c91-8ff8-359ff7babb38,ACTIVATION,2026-08-24 22:24:22,False,False,2026-08-17 22:24:22
e9961d1b-cbe1-4011-9b5e-484172ec6187,5591da7f-de8a-4727-8db2-556cb447a89c,702c3ac2-38bf-42b8-a2cc-ff4ce9ade334,ACTIVATION,2026-08-24 22:24:22,False,False,2026-08-17 22:24:22
975478fa-4bbe-4037-9282-046e6e20aa91,22bcdc50-5f4a-4064-8c91-96fa1565c878,7d378427-9fee-47e0-bbba-1ecd7b211c83,ACTIVATION,2026-08-24 22:24:22,False,False,2026-08-17 22:24:22
9e9bb61a-cf63-46f4-ac12-3ba4a5ced243,f86ece55-8a12-4d4f-93bd-3600bdc386db,ee50c0b1-bc49-495f-a95c-2691e9175893,ACTIVATION,2026-08-24 22:24:22,False,False,2026-08-17 22:24:22
645aad0c-fcda-488d-a7f4-6d6f8715232e,31fb1916-dda8-420c-b81c-523b3f12a3dc,32bf275a-8cc5-4955-9872-fd7309500485,ACTIVATION,2026-08-24 22:24:22,False,False,2026-08-17 22:24:22
3ab3bdc9-0b8e-4b8a-926b-8e3342a61c24,7b7014d3-1e80-45a3-9327-bbdcb5f52e00,d8975b08-0cbc-4f31-a956-b964639e67ee,ACTIVATION,2026-08-24 22:24:22,False,False,2026-08-17 22:24:22
ac724e7c-8536-4268-be7f-d478e30eed66,fb01517e-9edc-4d67-bde0-c96664a02505,94c28d8f-d4c2-48fe-9146-93ae2c07d7ca,ACTIVATION,2026-08-24 22:24:22,False,False,2026-08-17 22:24:22
bd1dca0c-d447-4828-b787-b40fabba0be2,de48a947-e3e2-487f-81ac-07f162db2d60,5f71c141-936c-48bc-b756-0ba6e76e81f8,ACTIVATION,2026-08-24 22:24:22,False,False,2026-08-17 22:24:22
5f5652ea-367d-4367-9276-f82b0d8be51c,9d35b276-305a-44df-a57d-3e08b5199e0d,69b94176-7c99-4872-85b2-947f84ef96fd,ACTIVATION,2026-08-24 22:24:22,False,False,2026-08-17 22:24:22
52431b49-471a-40e3-a4e8-f2609a4249cd,372a42de-c4fb-4cfb-b67c-853ff6ce06d4,fc0b58ad-915d-435e-8a91-e81940c3df97,ACTIVATION,2026-08-24 22:24:22,False,False,2026-08-17 22:24:22
f1e053f4-13b2-4a72-8be1-93985d31a203,437d5a31-91b4-4be0-917a-70b46f26040e,b76d8737-25fe-4393-8dbf-1609ae905f11,ACTIVATION,2026-08-24 22:24:22,False,False,2026-08-17 22:24:22
47441d9a-559b-4dfe-a981-d427cbde7c3a,30a41e32-d35e-4116-9ae2-02744fa5e222,fc4a12fe-1f62-4973-bc6a-fd75fa0df570,ACTIVATION,2026-08-24 22:24:22,False,False,2026-08-17 22:24:22
b62f4386-1bb4-49a2-8016-1998bbaa2364,b025956e-624a-4b43-98ee-dacc03dab3b9,3f324375-b284-49c3-9af3-df78260c5c5a,ACTIVATION,2026-08-24 22:24:22,False,False,2026-08-17 22:24:22
997d89d0-8d54-4147-a3e0-d6d3d121c7bb,a59ce354-049b-4069-8c97-6a01176b096c,0d67caa1-8b96-4764-8db4-4dd0650dd0eb,ACTIVATION,2026-08-24 22:24:22,False,False,2026-08-17 22:24:22
3e38e81c-e17a-4d4d-bdec-1934ac72ad2a,eeab1cf5-b6d8-48d8-8de5-97a93f932d54,cb4def9d-68ea-48c8-91d1-a339b5ec3b37,ACTIVATION,2026-08-24 22:24:22,False,False,2026-08-17 22:24:22
bb975a6b-3c05-4844-9630-b1fa861f7cfc,3160f4c1-6315-4678-a8ea-6a8d00f9131d,d6f5d334-ad29-4d05-bc4c-3f459b43b0e1,ACTIVATION,2026-08-24 22:24:22,False,False,2026-08-17 22:24:22
45e72dbc-8969-4175-8f9b-33b9c229be0d,a3c4a687-6c97-4259-8023-0c2c0e150f96,9823627e-75d3-4dfd-b40a-aad5e6b381da,ACTIVATION,2026-08-24 22:24:22,False,False,2026-08-17 22:24:22
1d75e427-da74-4b2e-afa7-490e58ee21eb,d7415f49-d4ac-4084-807a-977b548c32c4,ca33665e-dae8-4a30-b407-272150a2a444,ACTIVATION,2026-08-24 22:24:22,False,False,2026-08-17 22:24:22
7cbd867f-7ee0-432d-b9ce-6a73e46f79ff,bd02dd4a-7f50-4e6b-9dec-4ce368608cea,957aa1bf-ac36-4273-9067-5e9f7fac5c9b,ACTIVATION,2026-08-24 22:24:22,False,False,2026-08-17 22:24:22
ec92b1cb-96bb-49f3-b392-57b162e6319d,d3cb08aa-bcc2-4644-b30a-3cf6c3958f11,074d907f-3e35-4062-8f61-00e96d565b13,ACTIVATION,2026-08-24 22:24:22,False,False,2026-08-17 22:24:22
f9f9a47d-43b3-491f-b65e-e275e7d2b1af,37825dfe-3e11-4e88-8c04-0cec5efba0c5,3f9d39c0-7f97-4d6c-9083-24f41be36615,ACTIVATION,2026-08-24 22:24:22,False,False,2026-08-17 22:24:22
2e3ecf2e-a2c8-461c-8330-d1bab5c8e67a,bffa6401-202f-4e83-aa4f-05bcf9e1d1ba,65d8c81a-90f0-4725-9493-c5b82c7642ab,ACTIVATION,2026-08-24 22:24:22,False,False,2026-08-17 22:24:22
6870199e-c752-4d75-9fe6-77ee144dced9,a83b5d67-8b66-48c6-8aec-a6d495943959,43c7bbdc-1f8c-4b53-887f-0acd3eb75385,ACTIVATION,2026-08-24 22:24:22,False,False,2026-08-17 22:24:22
59e38182-48b2-47ca-8eda-7cca8992927b,7bb748bf-96eb-4fa4-bd7c-0fc96b88c1fc,cd0b2ccc-71eb-47d3-bd4e-6509206cd77a,ACTIVATION,2026-08-24 22:24:22,False,False,2026-08-17 22:24:22
0bd42a8a-4b9c-4b9e-9979-e0b4af4f3dd8,330d72de-6d67-4418-99b2-f56165b29a50,62570cae-1dc8-4b6b-88d4-33f6c5c4fd12,ACTIVATION,2026-08-24 22:24:22,False,False,2026-08-17 22:24:22
b7745c16-b304-4eba-90f7-6e88d1a5a242,1498eea7-cfef-498d-87ff-c0f261568ee7,eea61e29-1e6e-4728-8cd8-64acd462af17,ACTIVATION,2026-08-24 22:24:22,False,False,2026-08-17 22:24:22
95d66dbf-bdeb-479e-ac8b-b02d6fd7e124,212d4a18-87ca-4777-8608-8440925cef90,c132d3b6-a301-4baa-bd03-8fcc829ba9c5,ACTIVATION,2026-08-24 22:24:22,False,False,2026-08-17 22:24:22
acc4ace0-9f85-43d7-ad79-9c6069bdc78b,59971500-f06f-4960-b9dc-78e789515495,e634cf4b-8eca-43c2-b63a-5ab69446d368,ACTIVATION,2026-08-24 22:24:22,False,False,2026-08-17 22:24:22
bdf55b83-1834-451d-84a0-db32fa602763,6e3db14c-5adc-409e-b2d0-1cd19a92ba4b,7dc101b6-8441-40d7-a1af-92c217c4388b,ACTIVATION,2026-08-24 22:24:22,False,False,2026-08-17 22:24:22
d5cf0642-a141-43c8-9022-bf31694d8ac3,a0ba8284-618d-4161-9b01-09b0a17f014a,9f818391-a97f-43e1-afb0-6767631f8837,ACTIVATION,2026-08-24 22:24:22,False,False,2026-08-17 22:24:22
0f09ad96-adf5-44fa-ac03-5e774f7b926e,7193bb10-46ce-4c75-b51d-58db0bb82001,09ce2bd6-06ba-4cdf-bff2-5f9c5c603929,ACTIVATION,2026-08-24 22:24:22,False,False,2026-08-17 22:24:22
a16655b5-dbca-48c3-9bf1-e1ba040ee63a,006080d1-2d25-487d-b54f-b6a491028e0c,34f8ffd1-521c-4583-9bf6-bee813952179,ACTIVATION,2026-08-24 22:24:22,False,False,2026-08-17 22:24:22
3c0d452b-60ff-4035-9805-e7ef139e85da,83e758a1-af9e-454d-a802-b01369f0cccf,244f2cc5-ee1b-4cee-b037-d88eaab1a238,ACTIVATION,2026-08-24 22:24:22,False,False,2026-08-17 22:24:22
27b1daf2-c218-4382-a1f4-f893a49d1bdf,6724af46-3548-41b2-ab32-f948ebba0412,2985b741-aa95-49d7-bdd0-9ba1fc664681,ACTIVATION,2026-08-24 22:24:22,False,False,2026-08-17 22:24:22
723a2605-b49f-4830-8435-04422c967e4b,5886e96f-ba5a-4551-abb7-30c4165b4240,c2cfd5a5-6e06-40c5-91d8-8aa32bbac6c0,ACTIVATION,2026-08-24 22:24:22,False,False,2026-08-17 22:24:22
50652b0a-924d-43be-b608-31d3e043b1b7,75cf406b-fc64-4af6-a568-01bfea58a255,32e21c90-d4d1-4853-962c-d5afdafd29a8,ACTIVATION,2026-08-24 22:24:22,False,False,2026-08-17 22:24:22
1830a441-5d3d-41ed-b9c3-84d585f4754c,08e479fd-0405-4472-91e9-587299ffa0fd,888bf617-0ca8-4e30-90b5-cd5eab877fcc,ACTIVATION,2026-08-24 22:24:22,False,False,2026-08-17 22:24:22
7ba1fc5b-38d9-4df3-834e-b5d67d347067,2104a53e-604b-498c-ba6c-00c87399bb12,75afa312-18db-4084-a9dc-7a11afd0294e,ACTIVATION,2026-08-24 22:24:22,False,False,2026-08-17 22:24:22
cd51f2f4-17a4-46fc-8004-acfc0bdc0e01,0d733288-db21-4beb-9449-9126daf7b226,a696fd20-c9d7-45ee-be68-f368d0d4e17c,ACTIVATION,2026-08-24 22:24:22,False,False,2026-08-17 22:24:22
c9f87a0f-85a3-4ab7-bbd9-192d205d5441,e0a1e320-f9d1-4ddc-86cf-211ec4d32218,b5566db0-c366-402e-bee6-4b526614f934,ACTIVATION,2026-08-24 22:24:22,False,False,2026-08-17 22:24:22
08b01e29-ce63-4b29-9d65-687a3e1dae60,5349e21d-040d-4b62-a4b5-011e2ea40b88,b6669d39-c363-4971-b809-1c65060b2fa2,ACTIVATION,2026-08-24 22:24:22,False,False,2026-08-17 22:24:22
db46342f-2eaa-445d-9782-428d4283f13a,4b89b114-95d4-4d6e-ba17-0299468f2c85,a4fabec8-35d5-495e-b193-ae9a37f2c38d,ACTIVATION,2026-08-24 22:24:22,False,False,2026-08-17 22:24:22
cb8ed931-0258-4128-8d9c-eaad8f52eea1,571b1e02-61d1-422c-a582-d2d6369e4cbb,4929053a-3ad4-4505-85e9-9c966abe66db,ACTIVATION,2026-08-24 22:24:22,False,False,2026-08-17 22:24:22
d143daec-d17d-4406-bd01-85cc531925a0,4c78c8d0-b268-461d-b526-7f469eb5e739,b51ddaee-53be-4829-a984-22df534c1bba,ACTIVATION,2026-08-24 22:24:22,False,False,2026-08-17 22:24:22
303a1678-48e2-4ef9-8cb9-6b7c3514afe0,fa3b8eac-824e-4183-8fe8-78b275c9b690,4e6bb876-5948-43a2-a878-bf92b07bf334,ACTIVATION,2026-08-24 22:24:22,False,False,2026-08-17 22:24:22
b2298167-e680-4e13-bb37-f7306aa4809e,03487cb2-1892-4a77-b76a-ae8ed75a16b5,24e964a2-6bdb-4ce9-8453-5f09861027ec,ACTIVATION,2026-08-24 22:24:22,False,False,2026-08-17 22:24:22
88b4ae46-2263-4598-a6ef-b2ddcd84c858,64fb0ff0-1040-47f1-a8a3-260941b2f2f5,f30d2b38-ed62-46a7-bd36-5f4603ade1d6,ACTIVATION,2026-08-24 22:24:22,False,False,2026-08-17 22:24:22
d447cc1f-7618-4f05-ad38-e435e1306987,1a5360b3-8bf1-4c22-962f-e83531473fdb,e3fa7e7d-e68a-4c5c-b363-519749553fe1,ACTIVATION,2026-08-24 22:24:22,False,False,2026-08-17 22:24:22
ed9abd88-ea8e-4a55-8e31-6f03a6a1c6e1,d8fc33d2-c76d-4832-886f-6c7fad7a68a5,39b01625-c3f0-4c3d-9dc9-ade824fc4de2,ACTIVATION,2026-08-24 22:24:22,False,False,2026-08-17 22:24:22
31147f21-8d27-4a78-8126-ebe87b004762,38ea5883-85f4-47a5-83a9-c4f502d2ddb0,d591f7ef-b59e-4045-8b02-882250fd0698,ACTIVATION,2026-08-24 22:24:22,False,False,2026-08-17 22:24:22
8d350540-48fc-4d9f-82f9-f13d25973ca9,f7820d36-64b1-4c58-8e3a-a1842a8a76bf,36231093-929d-4424-9b55-56d24217a501,ACTIVATION,2026-08-24 22:24:22,False,False,2026-08-17 22:24:22
9de18e65-40c4-415d-9220-e43f47750b80,555beb52-443d-4559-9b4e-6b096d31f867,0655ea2d-1918-434b-8f89-950ee1277492,ACTIVATION,2026-08-24 22:24:22,False,False,2026-08-17 22:24:22
884539c3-9a16-4fd3-a4da-7e895e3aaf3e,d37368e8-d8ba-4cb3-8434-da1ff7cd7433,59aef821-9581-4094-a277-95da88ca7c52,ACTIVATION,2026-08-24 22:24:22,False,False,2026-08-17 22:24:22
dab0126f-e6c0-4ab7-bce2-6bc4b6c73440,22551edf-8ae2-4332-b475-00ad06f47063,c13c5aed-fd16-4033-8665-3e4546166d95,ACTIVATION,2026-08-24 22:24:22,False,False,2026-08-17 22:24:22
ad5fc3e6-7445-4eb5-9014-fdbc62cc04ba,a285915e-b199-422e-a45a-c86cbdcdba87,37f964f6-a4bd-4ca4-910d-af0ea5f259fb,ACTIVATION,2026-08-24 22:24:22,False,False,2026-08-17 22:24:22
c6c6064e-824b-4b68-ba84-aad3c533199f,0a288368-a4f9-446f-ab3a-4040a3704167,271e06f6-846d-470e-a923-f10fb6851e2b,ACTIVATION,2026-08-24 22:24:22,False,False,2026-08-17 22:24:22
2538f97c-a696-48dc-9357-fd4709213337,f3fe6c8e-21f2-4e8a-b21b-ba6cbe6d54a8,ce8b2fe8-8be4-4c19-8394-e3b39db18c5a,ACTIVATION,2026-08-24 22:24:22,False,False,2026-08-17 22:24:22
c7aaeb83-3269-4ce7-88e1-99fa5eecfde1,13da8a46-338b-4eac-b626-7eaf23cbf59c,e216926e-1cbf-48a4-a96c-e83b8b8d62f3,ACTIVATION,2026-08-24 22:24:22,False,False,2026-08-17 22:24:22
439646d1-4073-4d70-a714-81218a1483b0,bd272daf-f3d4-43a0-94bd-7097900fba74,a1584e6f-346f-4d00-9173-35ab2e463193,ACTIVATION,2026-08-24 22:24:22,False,False,2026-08-17 22:24:22
d38732cc-c742-4e49-ab4a-e6f538fa92bf,72a3cee5-629b-4a54-b1fe-1133db89374a,fc095d0b-a3e6-4498-b1ff-e3a5d5233833,ACTIVATION,2026-08-24 22:24:22,False,False,2026-08-17 22:24:22
bb7ac23b-a77f-48a2-9557-71b0fa8a41d1,281aa8db-51a4-449f-a3f9-785f290f6cdb,0744af60-5dda-4fe8-8ebb-6ad980e2168e,ACTIVATION,2026-08-24 22:24:22,False,False,2026-08-17 22:24:22
d344ca8e-f165-459f-8440-7a7f7b81ffa7,740e29bb-cfd3-4389-8a64-66d660b0405a,45b8ca0f-e81b-40f9-8a04-8d7feda38d12,ACTIVATION,2026-08-24 22:24:22,False,False,2026-08-17 22:24:22
080db178-d424-4e60-9c37-457b497b8c8f,a3cb74db-676d-4b07-8691-fba253086578,c2dd6dff-2d64-4a21-878d-95c64474237e,ACTIVATION,2026-08-24 22:24:22,False,False,2026-08-17 22:24:22
f9491ef6-1f29-4a8d-8af9-91c1767e99c8,5d096e6d-4d00-4e4b-91f3-f8c475dc56cf,5d4abd19-5740-48e6-ac27-515ea9d6e8c2,ACTIVATION,2026-08-24 22:24:22,False,False,2026-08-17 22:24:22
f6f3a4d6-512f-496e-9a8d-b489bb4e31a3,5cbeaf5e-beca-4b74-867c-499fb89a646d,a11bdfba-98c4-41b6-b5e3-0d04fdc505fa,ACTIVATION,2026-08-24 22:24:22,False,False,2026-08-17 22:24:22
37b5293f-ab31-4256-85a1-4b856b697011,de473412-65ba-43dd-9042-8c4afba0b905,6a360e23-f9c2-49e7-a24f-afbcbaaebdb0,ACTIVATION,2026-08-24 22:24:22,False,False,2026-08-17 22:24:22
5ac0e277-ddbb-46c9-8951-3e01e6e8392f,f3c05e5a-fda8-4ab4-9708-f57ff5ef3a01,c611c5c4-c3ef-479f-b7a9-cca7657c8e5d,ACTIVATION,2026-08-24 22:24:22,False,False,2026-08-17 22:24:22
a3bc9667-9b6f-4b5e-a2e6-5f9895805029,d3dc193f-569b-48d9-b32e-c2c287a021c1,d77d97ae-e728-4e85-971f-e2b9ab4f8899,ACTIVATION,2026-08-24 22:24:22,False,False,2026-08-17 22:24:22
185ad1d9-dea9-4680-8f58-d804ddf510fe,a007b1ef-1f63-4cd2-82bd-d36de0dfa7ed,ced187e1-31f6-4a43-b26c-be94d75369d8,ACTIVATION,2026-08-24 22:24:22,False,False,2026-08-17 22:24:22
d39b3781-ccf5-4c66-b7af-fe844c84415e,e09e9e67-b0cc-490f-bfe6-721bbfee560c,d6bf4f6e-318b-4e68-958d-d2995bb0a385,ACTIVATION,2026-08-24 22:24:22,False,False,2026-08-17 22:24:22
3894d16c-bb5c-4486-ba5e-85c4d0ca7813,757f4d88-7956-4a21-aebd-5cc9ff993866,a4388e61-7c7d-40d1-be74-f49e9271ce31,ACTIVATION,2026-08-24 22:24:22,False,False,2026-08-17 22:24:22
8cc24743-8df5-4f07-9f98-fb9ab5885896,aa14b519-b13f-45b8-9414-62f303d2074f,ded8cf61-32f7-4c54-9867-437ae048a9cf,ACTIVATION,2026-08-24 22:24:22,False,False,2026-08-17 22:24:22
45d0646a-5b07-4cf6-8d04-24c4dbd4ad1c,f49e5745-a038-4ba1-9b25-2ed805f0cff3,ac03e1ca-0d88-44a3-a058-75eee36cb4b3,ACTIVATION,2026-08-24 22:24:22,False,False,2026-08-17 22:24:22
48275c73-3a3c-476e-8627-9e6f9b48a1a2,4f291bc5-6b73-4a79-976f-c756f45bf4da,8ff6fe07-fa10-42bc-9ffc-9ab0aff469bd,ACTIVATION,2026-08-24 22:24:22,False,False,2026-08-17 22:24:22
a602f204-18bd-4fd8-9ac8-bbe6a3392109,cf58bca3-1dc7-404e-83db-20c4581f732c,0308f176-11b8-4099-8dca-e8af241f6e0a,ACTIVATION,2026-08-24 22:24:22,False,False,2026-08-17 22:24:22
1bba3d8a-ab10-4ae8-ba3d-d0eece04d80a,1e7c53c8-ab3a-44d2-955b-58e4ca300dcd,4cfdbadf-4280-47f5-a75a-f5c6df453ab9,ACTIVATION,2026-08-24 22:24:22,False,False,2026-08-17 22:24:22
b31bbdb2-b208-48cf-8943-79ccf3768a51,b1288137-8e32-4118-a1ab-1e2e9f4dbafe,72d4ada8-dec1-4821-8422-f797e715666a,ACTIVATION,2026-08-24 22:24:22,False,False,2026-08-17 22:24:22
56a5639b-82f8-4ced-bb58-9130780e4292,6e376f77-abe9-4bed-828d-86bcd550c2c2,08e97c5e-11d6-43ea-89d2-693e68557e5f,ACTIVATION,2026-08-24 22:24:22,False,False,2026-08-17 22:24:22
51900e14-8038-496c-b6e8-163fc24d0d22,d946de1e-59d8-4540-b50c-753bab21f5bb,6b55de02-1ba5-498c-850d-cbc4e10ab743,ACTIVATION,2026-08-24 22:24:22,False,False,2026-08-17 22:24:22
45b60ece-338f-4650-9413-4de5811d5437,59c05f46-2429-43c4-9bd0-0e5d7c7f869b,ec446d2e-5763-4ff2-a53c-c30ac57bb19d,ACTIVATION,2026-08-24 22:24:22,False,False,2026-08-17 22:24:22
82cfa91e-f626-47ab-b108-685dca1c6a06,78f7a7d2-e0b5-4cee-a71e-aa2dc7d76648,fa2c82da-8d00-48aa-a77b-6a34de5d43df,ACTIVATION,2026-08-24 22:24:22,False,False,2026-08-17 22:24:22
fd8a7bd9-0ffc-43ca-bbec-c7046dd5ed12,9fab1d82-09df-494a-9460-dfd127255771,21e22f88-2b0f-4229-88ee-2327fa8290e9,ACTIVATION,2026-08-24 22:24:22,False,False,2026-08-17 22:24:22
62225779-b36f-4d69-a9a5-bcc2d62f55cf,6e2d4f0f-a619-494f-ba6a-ca1616124532,ced1508f-68ba-4f2f-9991-1483f595ffbb,ACTIVATION,2026-08-24 22:24:22,False,False,2026-08-17 22:24:22
8f0356a0-d20a-443d-9cfe-de882748cfad,40547d2f-88ff-4ede-894b-56f4a0c6bd40,54c223b8-085c-4a08-949f-e6fa4c58c8ad,ACTIVATION,2026-08-24 22:24:22,False,False,2026-08-17 22:24:22
2dfeaae5-50cb-4ab6-a6be-acc60b260a1a,18358a0e-e6a4-490c-b02f-f723f9567c44,717cdd93-8dd6-4686-9105-216665ca6a83,ACTIVATION,2026-08-24 22:24:22,False,False,2026-08-17 22:24:22
ce350ae2-2798-427b-bc81-04a36efe0696,e94de166-afc2-4797-bfaa-be9a8e7b50a1,738a3ae7-913f-4891-9279-3d8699ec5088,ACTIVATION,2026-08-24 22:24:22,False,False,2026-08-17 22:24:22
591f9d7b-9a73-4edd-a5bd-d612fc884d49,1c086f6c-f2b6-4446-b34d-fdae4b6736a8,d5f59179-0a82-417d-889d-e151982df376,ACTIVATION,2026-08-24 22:24:22,False,False,2026-08-17 22:24:22
95e416c3-395a-4e99-825e-accc269b3112,bd6ec9f1-e0bc-42f8-9d4b-bccd1b3d0bcf,146ffee1-184f-4a44-b2ff-89a3b07a2981,ACTIVATION,2026-08-24 22:24:22,False,False,2026-08-17 22:24:22
b7b18807-8543-4ba6-9472-df05a2a51327,7aa68165-e4cc-44f6-8a9b-744dcefdbfae,c91232ae-d705-42b9-8f73-97edf0495d71,ACTIVATION,2026-08-24 22:24:22,False,False,2026-08-17 22:24:22
0825bcb4-5bd8-4b1f-98ca-a0997a60b329,83c1f3ea-342a-44a5-bfd1-9389ab3047c5,d38ff5be-33f3-4509-ae95-d7a243dd2bb1,ACTIVATION,2026-08-24 22:24:22,False,False,2026-08-17 22:24:22
ec4b8d7c-a3b9-468c-82f5-3262611e18f5,99f15a7f-8686-4cde-b2b6-3a26548d8b56,b8b0ad30-63f3-4cce-84a8-88769860eff4,ACTIVATION,2026-08-24 22:24:22,False,False,2026-08-17 22:24:22
3d477351-aee4-4502-bcc6-e66bb1aed943,11fec0db-c36f-4ab2-81f7-7d22747a6891,fa064c07-73a4-4aed-bef9-871aad15e13f,ACTIVATION,2026-08-24 22:24:22,False,False,2026-08-17 22:24:22
59a32e66-5639-4a6d-b74a-7e6d902e2c82,2f29f866-22a3-49c5-9299-4921ec86f7bd,b27b66ca-b0dd-436c-bd07-6d7539165702,ACTIVATION,2026-08-24 22:24:22,False,False,2026-08-17 22:24:22
01c01058-8436-417c-81d2-33f80929878c,612c1506-446e-4fda-88c0-48e7774594c2,cf263328-04de-4566-9837-bab71863d555,ACTIVATION,2026-08-24 22:24:22,False,False,2026-08-17 22:24:22
5d9eb777-2d1b-4761-8fcb-d1464b5b6213,2d60d0fb-3b80-4022-a304-e59dacd11427,c8502b12-4731-4bf2-af62-27423bf75f36,ACTIVATION,2026-08-24 22:24:22,False,False,2026-08-17 22:24:22
b0af2f18-eb23-40fc-95bb-95c36c4f30d5,2d194c5e-790f-40c0-af03-15502dee723f,f946904f-252c-4cfc-81c6-a687d45236f7,ACTIVATION,2026-08-24 22:24:22,False,False,2026-08-17 22:24:22
7b357fe7-09ef-4aab-adef-e1c86ba8e092,6fa82de3-d363-4fa1-8072-bfcd669f3de5,5e981845-0af9-4ceb-9df3-e95323fe2f7d,ACTIVATION,2026-08-24 22:24:22,False,False,2026-08-17 22:24:22
c850c0ad-f5fb-4fa4-8561-c3bebb6898b5,4e7a6a3c-6a31-4dd9-affc-55e7c07105a4,ffd9a38d-3476-4c34-b14b-5f0e0681eab4,ACTIVATION,2026-08-24 22:24:22,False,False,2026-08-17 22:24:22
f3601224-3d93-4fdf-b5c8-524a5bb4d96c,865202cd-c124-4cff-bb1d-7c82e19708c0,71db7a84-31c3-4d88-afd5-a4945350a1d2,ACTIVATION,2026-08-24 22:24:22,False,False,2026-08-17 22:24:22
4a88063f-9802-4642-8618-936397bcf250,04b2aba8-9c12-4c61-b8b4-bbcbf8a7973e,8c19a776-802f-4d3f-8d75-5f9e3beea45e,ACTIVATION,2026-08-24 22:24:22,False,False,2026-08-17 22:24:22
b81204f6-7b41-4646-bca5-681eebff6cb0,6d6b5785-e20c-40b9-b0dd-a95e348ff90c,fd52d643-82ef-4d7c-b5b6-6e26a68df1e5,ACTIVATION,2026-08-24 22:24:22,False,False,2026-08-17 22:24:22
be736994-d466-4583-81cf-d429b702b67e,798d8d76-5327-4615-aa21-5567f464a03e,36353fe9-2a3e-46a8-8d30-0b865034973e,ACTIVATION,2026-08-24 22:24:22,False,False,2026-08-17 22:24:22
4f5216c6-ac41-42f9-8129-e0fb715db182,a2f64aef-b861-49a6-9ae4-ff284bda0570,305428e9-cd6a-474f-910e-00a654158156,ACTIVATION,2026-08-24 22:24:22,False,False,2026-08-17 22:24:22
29f0d653-e8e1-4965-88f9-9bce156a49fa,37f45c46-09d4-4470-8dfb-b82e997514f5,e0c25360-cd28-406a-8c7e-f78a0288cd13,ACTIVATION,2026-08-24 22:24:22,False,False,2026-08-17 22:24:22
a51800f9-27a5-4245-b53e-82fa93adb481,057f5344-0ad3-440b-8287-5aec92251d98,e1685384-d927-4526-a62e-16b3a348b322,ACTIVATION,2026-08-24 22:24:22,False,False,2026-08-17 22:24:22
9581358d-08f6-4512-b203-56f5e9e942fe,4ec15225-1b84-44fc-9ba1-5a8c5dd6ea5c,9b00bd20-fe44-42fd-8cde-a4cd73fa618a,ACTIVATION,2026-08-24 22:24:22,False,False,2026-08-17 22:24:22
f1bb505e-2226-4c41-ac12-c55801df8ea7,4fb878a3-b5b0-4876-ae0b-560f9bc769ec,67b91d14-4c78-4ab8-b794-88bd240d0ac8,ACTIVATION,2026-08-24 22:24:22,False,False,2026-08-17 22:24:22
2f7c3f9e-61df-4d1e-acea-3aec15063564,f11a621a-ed55-42fe-9ba8-7120dcdbb75c,ecd35b2f-38a7-4575-b0db-42c032644cbd,ACTIVATION,2026-08-24 22:24:22,False,False,2026-08-17 22:24:22
67df2a56-cc48-43a0-a78d-ccd985bee351,06041d01-04f7-4a3a-a5d8-0f86da6739bd,6a149a7d-7128-4e4b-949f-c1933d5900f3,ACTIVATION,2026-08-24 22:24:22,False,False,2026-08-17 22:24:22
70857ae9-729a-4f89-8c6f-74a1f7f30f6c,8da297ac-3189-4cf3-9a89-8d159baf6e97,aa0893d7-4edd-4063-b06b-2324c72491bc,ACTIVATION,2026-08-24 22:24:22,False,False,2026-08-17 22:24:22
d7b573ee-29bb-4172-9484-40f526b75885,18385c8c-e774-43fe-9d10-4ad4ed3a19e0,e71ab3d7-d977-4c5b-af85-774cf3fd3a4c,ACTIVATION,2026-08-24 22:24:22,False,False,2026-08-17 22:24:22
aa6cc317-cc4d-4e90-b794-68b30f4cc125,19423601-9077-4815-9fe5-920a7cf3550e,3792299b-de45-4e73-9a83-14157a023cd9,ACTIVATION,2026-08-24 22:24:22,False,False,2026-08-17 22:24:22
133866d4-743e-429a-bffb-9d8f2792edbd,961a5dfd-2bd3-4ccb-846e-350f9bc3e420,3a87fb2a-f442-4a9b-8049-22e7405e57ea,ACTIVATION,2026-08-24 22:24:22,False,False,2026-08-17 22:24:22
0384588e-3e74-4f50-8cf4-b339e9fa016a,2a26b021-5bba-4858-8d3c-1ef2742f997a,81be2954-a34a-43ef-9702-b965ad1d6df4,ACTIVATION,2026-08-24 22:24:22,False,False,2026-08-17 22:24:22
c003c97b-85a3-45fc-85cc-b9ab6ea12480,204cb72b-7ae6-4aa3-bab1-207f355f354d,50cf1ec5-6022-475a-881b-b7d5b128bb52,ACTIVATION,2026-08-24 22:24:22,False,False,2026-08-17 22:24:22
4c886100-a2be-49f7-a52b-65bde7e8ffc2,0e4f9b22-3c5b-4756-80fe-b0441be7a863,e714d513-1626-4dd7-a5e4-fa51ba4f26e4,ACTIVATION,2026-08-24 22:24:22,False,False,2026-08-17 22:24:22
d5cc4d67-47b8-4f55-b0ea-252d669455b3,624b6651-56de-497d-9eb7-dc07079014b9,a46e24be-187d-4afe-99c6-ae41f9cf70e4,ACTIVATION,2026-08-24 22:24:22,False,False,2026-08-17 22:24:22
9728cbb5-8ad8-47b5-8bb5-b3202153da82,3b11b82f-2ef5-4b90-b10a-f2939c22f6e0,2a328b24-30c3-4e60-9d39-05ed2468db02,ACTIVATION,2026-08-24 22:24:22,False,False,2026-08-17 22:24:22
20aed60a-74e5-445a-9634-e5493fde4492,5fa2bab8-135d-4a71-bb68-89c7411ab1e6,e62b5366-7be3-4a35-bd77-32ae9c206e9b,ACTIVATION,2026-08-24 22:24:22,False,False,2026-08-17 22:24:22
5b3c68dd-4a56-489a-b446-103cfe543b9f,f0ca5403-7e2a-439c-8842-3247334615a2,cba57aaa-8cba-4160-ac6a-6c1ccbf3f925,ACTIVATION,2026-08-24 22:24:22,False,False,2026-08-17 22:24:22
ee2216e5-83d1-417a-ac64-7f22b17fd904,9aea978d-e20e-49a1-b6b0-e80060d26754,4d3f2f3a-f309-4bfe-b607-d1d9d23b323f,ACTIVATION,2026-08-24 22:24:22,False,False,2026-08-17 22:24:22
7ad9d4b0-0b0b-4d8b-bbc3-2cedd0702e69,f89d672a-9c26-4317-b713-e9b084823978,078c1869-2c6e-4450-8d09-0fcd508034f0,ACTIVATION,2026-08-24 22:24:22,False,False,2026-08-17 22:24:22
d0da8a3b-d060-445f-bedc-1e9a6be5efbf,59d5e48e-d7d2-476a-91c6-d13f9fd53bb7,f6c94c3e-312b-468a-8066-2ef300e7b1ab,ACTIVATION,2026-08-24 22:24:22,False,False,2026-08-17 22:24:22
74b7c318-19d6-42d2-bde1-3164088e7011,4624b657-8c08-445a-80d3-bfc80acd8959,887bd63c-3691-4809-a23d-c7050b074649,ACTIVATION,2026-08-24 22:24:22,False,False,2026-08-17 22:24:22
c79d0675-0835-43fd-9789-3bd4cbf9a1ad,b782ebdc-b0fe-48fe-915f-d7d712e38c1b,e82eb479-fa96-4373-87d1-2029c6410203,ACTIVATION,2026-08-24 22:24:22,False,False,2026-08-17 22:24:22
a9eb0264-0fcf-418d-bb2f-643dc3958854,08641116-2c44-45af-9140-e7e2d00024d8,c311e39f-15eb-4d72-86c8-c5d1c48f8b7c,ACTIVATION,2026-08-24 22:24:22,False,False,2026-08-17 22:24:22
092847d6-7653-4edd-8af9-52218173ccb7,bee15c56-38a8-4344-9763-7c0364f1a753,c9b79dc7-16a2-4fec-8c68-cf5636cf081a,ACTIVATION,2026-08-24 22:24:22,False,False,2026-08-17 22:24:22
06337242-c25d-4841-81dc-0a786a762066,d14e7899-d0f2-4a47-af3b-ea42e5113fe7,6346e6a7-5bb8-44a9-a2f9-a5d5391c2466,ACTIVATION,2026-08-24 22:24:22,False,False,2026-08-17 22:24:22
c53dfe1a-7ab1-44d3-925f-cab894c655f6,2c39e3b1-8d3a-4ad1-85e4-aff605f7ea8e,613e16d3-1e01-4bf1-a8fe-bb181436f7d3,ACTIVATION,2026-08-24 22:24:22,False,False,2026-08-17 22:24:22
4ca46bce-a408-428d-98ec-f8c6418c9ed4,6a11c4a7-665b-4308-a2c6-7d574b0b04c3,4d5ab7ea-1754-4fb7-ab2f-043b8df5646a,ACTIVATION,2026-08-24 22:24:22,False,False,2026-08-17 22:24:22
a73fa59b-688d-44c8-a670-c46d21039dc3,7bd779a4-c295-40e2-92b1-2f26983b3b80,eb21b525-ea2c-4ed6-a3e2-f18dc0ab38e1,ACTIVATION,2026-08-24 22:24:22,False,False,2026-08-17 22:24:22
